solid OpenSCAD_Model
  facet normal 0 0 -1
    outer loop
      vertex -97.0362 -76 5.6
      vertex -97.0362 -73 5.6
      vertex -96.0362 -75 5.6
    endloop
  endfacet
  facet normal -1 0 0
    outer loop
      vertex -97.0362 -76 5.6
      vertex -97.0362 -73 7.6
      vertex -97.0362 -73 5.6
    endloop
  endfacet
  facet normal 0 1 0
    outer loop
      vertex -97.0362 -73 5.6
      vertex -97.0362 -73 7.6
      vertex -96.0362 -73 5.6
    endloop
  endfacet
  facet normal 0 0 -1
    outer loop
      vertex -97.0362 -73 5.6
      vertex -96.0362 -73 5.6
      vertex -96.0362 -75 5.6
    endloop
  endfacet
  facet normal -1 0 0
    outer loop
      vertex -97.0362 -76 5.6
      vertex -97.0362 -76 7.6
      vertex -97.0362 -73 7.6
    endloop
  endfacet
  facet normal 0 0 1
    outer loop
      vertex -97.0362 -76 7.6
      vertex -96.0362 -75 7.6
      vertex -97.0362 -73 7.6
    endloop
  endfacet
  facet normal 0 0 1
    outer loop
      vertex -97.0362 -73 7.6
      vertex -96.0362 -75 7.6
      vertex -96.0362 -73 7.6
    endloop
  endfacet
  facet normal 0 1 0
    outer loop
      vertex -96.0362 -73 5.6
      vertex -97.0362 -73 7.6
      vertex -96.0362 -73 7.6
    endloop
  endfacet
  facet normal 0 0 -1
    outer loop
      vertex -97.0362 -76 5.6
      vertex -96.0362 -75 5.6
      vertex 97.0362 -76 5.6
    endloop
  endfacet
  facet normal 0 -1 0
    outer loop
      vertex -97.0362 -76 5.6
      vertex 97.0362 -76 7.6
      vertex -97.0362 -76 7.6
    endloop
  endfacet
  facet normal 0 0 1
    outer loop
      vertex -97.0362 -76 7.6
      vertex 97.0362 -76 7.6
      vertex -96.0362 -75 7.6
    endloop
  endfacet
  facet normal 0 0 -1
    outer loop
      vertex -96.0362 -75 5.6
      vertex 96.0362 -75 5.6
      vertex 97.0362 -76 5.6
    endloop
  endfacet
  facet normal 0 -1 0
    outer loop
      vertex -97.0362 -76 5.6
      vertex 97.0362 -76 5.6
      vertex 97.0362 -76 7.6
    endloop
  endfacet
  facet normal 0 0 1
    outer loop
      vertex -96.0362 -75 7.6
      vertex 97.0362 -76 7.6
      vertex 96.0362 -75 7.6
    endloop
  endfacet
  facet normal 0 0 -1
    outer loop
      vertex 96.0362 -75 5.6
      vertex 96.0362 -73 5.6
      vertex 97.0362 -73 5.6
    endloop
  endfacet
  facet normal 0 1 0
    outer loop
      vertex 96.0362 -73 5.6
      vertex 96.0362 -73 7.6
      vertex 97.0362 -73 5.6
    endloop
  endfacet
  facet normal 1 0 0
    outer loop
      vertex 97.0362 -76 5.6
      vertex 97.0362 -73 5.6
      vertex 97.0362 -76 7.6
    endloop
  endfacet
  facet normal 0 0 -1
    outer loop
      vertex 96.0362 -75 5.6
      vertex 97.0362 -73 5.6
      vertex 97.0362 -76 5.6
    endloop
  endfacet
  facet normal 0 0 1
    outer loop
      vertex 96.0362 -75 7.6
      vertex 97.0362 -73 7.6
      vertex 96.0362 -73 7.6
    endloop
  endfacet
  facet normal 1 0 0
    outer loop
      vertex 97.0362 -73 5.6
      vertex 97.0362 -73 7.6
      vertex 97.0362 -76 7.6
    endloop
  endfacet
  facet normal 0 0 1
    outer loop
      vertex 96.0362 -75 7.6
      vertex 97.0362 -76 7.6
      vertex 97.0362 -73 7.6
    endloop
  endfacet
  facet normal 0 1 0
    outer loop
      vertex 97.0362 -73 5.6
      vertex 96.0362 -73 7.6
      vertex 97.0362 -73 7.6
    endloop
  endfacet
  facet normal 0 0 -1
    outer loop
      vertex -97.0362 -76 10.4
      vertex -97.0362 -73 10.4
      vertex -96.0362 -75 10.4
    endloop
  endfacet
  facet normal -1 0 0
    outer loop
      vertex -97.0362 -76 10.4
      vertex -97.0362 -73 12.4
      vertex -97.0362 -73 10.4
    endloop
  endfacet
  facet normal -1 0 0
    outer loop
      vertex -97.0362 -76 10.4
      vertex -97.0362 -76 12.4
      vertex -97.0362 -73 12.4
    endloop
  endfacet
  facet normal 0 0 1
    outer loop
      vertex -97.0362 -76 12.4
      vertex -96.0362 -75 12.4
      vertex -97.0362 -73 12.4
    endloop
  endfacet
  facet normal 0 1 0
    outer loop
      vertex -97.0362 -73 10.4
      vertex -97.0362 -73 12.4
      vertex -96.0362 -73 10.4
    endloop
  endfacet
  facet normal 0 0 -1
    outer loop
      vertex -97.0362 -73 10.4
      vertex -96.0362 -73 10.4
      vertex -96.0362 -75 10.4
    endloop
  endfacet
  facet normal 0 0 1
    outer loop
      vertex -97.0362 -73 12.4
      vertex -96.0362 -75 12.4
      vertex -96.0362 -73 12.4
    endloop
  endfacet
  facet normal 0 1 0
    outer loop
      vertex -96.0362 -73 10.4
      vertex -97.0362 -73 12.4
      vertex -96.0362 -73 12.4
    endloop
  endfacet
  facet normal 0 0 -1
    outer loop
      vertex -97.0362 -76 10.4
      vertex -96.0362 -75 10.4
      vertex 96.0362 -75 10.4
    endloop
  endfacet
  facet normal 0 -1 0
    outer loop
      vertex -97.0362 -76 10.4
      vertex 97.0362 -76 12.4
      vertex -97.0362 -76 12.4
    endloop
  endfacet
  facet normal 0 0 1
    outer loop
      vertex -97.0362 -76 12.4
      vertex 97.0362 -76 12.4
      vertex -96.0362 -75 12.4
    endloop
  endfacet
  facet normal 0 0 -1
    outer loop
      vertex -97.0362 -76 10.4
      vertex 96.0362 -75 10.4
      vertex 97.0362 -76 10.4
    endloop
  endfacet
  facet normal 0 -1 0
    outer loop
      vertex -97.0362 -76 10.4
      vertex 97.0362 -76 10.4
      vertex 97.0362 -76 12.4
    endloop
  endfacet
  facet normal 0 0 1
    outer loop
      vertex -96.0362 -75 12.4
      vertex 97.0362 -76 12.4
      vertex 96.0362 -75 12.4
    endloop
  endfacet
  facet normal 0 0 -1
    outer loop
      vertex 96.0362 -75 10.4
      vertex 96.0362 -73 10.4
      vertex 97.0362 -73 10.4
    endloop
  endfacet
  facet normal 0 0 1
    outer loop
      vertex 96.0362 -75 12.4
      vertex 97.0362 -73 12.4
      vertex 96.0362 -73 12.4
    endloop
  endfacet
  facet normal 0 1 0
    outer loop
      vertex 96.0362 -73 10.4
      vertex 96.0362 -73 12.4
      vertex 97.0362 -73 10.4
    endloop
  endfacet
  facet normal 1 0 0
    outer loop
      vertex 97.0362 -76 10.4
      vertex 97.0362 -73 10.4
      vertex 97.0362 -76 12.4
    endloop
  endfacet
  facet normal 0 0 -1
    outer loop
      vertex 96.0362 -75 10.4
      vertex 97.0362 -73 10.4
      vertex 97.0362 -76 10.4
    endloop
  endfacet
  facet normal 0 0 1
    outer loop
      vertex 96.0362 -75 12.4
      vertex 97.0362 -76 12.4
      vertex 97.0362 -73 12.4
    endloop
  endfacet
  facet normal 1 0 0
    outer loop
      vertex 97.0362 -73 10.4
      vertex 97.0362 -73 12.4
      vertex 97.0362 -76 12.4
    endloop
  endfacet
  facet normal 0 1 0
    outer loop
      vertex 97.0362 -73 10.4
      vertex 96.0362 -73 12.4
      vertex 97.0362 -73 12.4
    endloop
  endfacet
  facet normal -3.2036171633249614e-15 -0.9510565162951491 0.3090169943749615
    outer loop
      vertex -113.88448574240115 -4.046677002614965 84.14672510128898
      vertex -113.67361879046526 -4.016291709344491 84.24024141815975
      vertex -114.00991594248094 -3.9680793691654674 84.38862374381742
    endloop
  endfacet
  facet normal 4.594940018922225e-16 -0.9510565162951535 0.30901699437494723
    outer loop
      vertex -114.00991594248094 -3.9680793691654674 84.38862374381742
      vertex -114.28321685203652 -2.679550780603167 88.35430696801528
      vertex -114.28321685203652 -3.7192840648626397 85.15433695599674
    endloop
  endfacet
  facet normal -1.056187852514651e-14 -0.951056516295154 0.3090169943749464
    outer loop
      vertex -114.00991594248094 -3.9680793691654674 84.38862374381742
      vertex -113.67361879046526 -4.016291709344491 84.24024141815975
      vertex -114.00991594248094 -2.430755476300339 89.12002018019462
    endloop
  endfacet
  facet normal 3.399590157991613e-14 -0.951056516295153 0.3090169943749492
    outer loop
      vertex -114.28321685203652 -3.7192840648626397 85.15433695599674
      vertex -114.44909058008734 -2.9372411472870983 87.56121756878349
      vertex -114.44909058008734 -3.4615936981787083 85.94742635522854
    endloop
  endfacet
  facet normal -5.753780820209595e-17 -0.951056516295153 0.3090169943749492
    outer loop
      vertex -114.44909058008734 -3.4615936981787083 85.94742635522854
      vertex -114.44909058008734 -2.9372411472870983 87.56121756878349
      vertex -114.50469898115757 -3.1994174227329033 86.75432196200602
    endloop
  endfacet
  facet normal 2.6390085133962065e-15 -0.9510565162951536 0.30901699437494723
    outer loop
      vertex -114.28321685203652 -3.7192840648626397 85.15433695599674
      vertex -114.28321685203652 -2.679550780603167 88.35430696801528
      vertex -114.44909058008734 -2.9372411472870983 87.56121756878349
    endloop
  endfacet
  facet normal -1.3726572425109896e-14 -0.9510565162951539 0.30901699437494634
    outer loop
      vertex -114.00991594248094 -3.9680793691654674 84.38862374381742
      vertex -114.00991594248094 -2.430755476300339 89.12002018019462
      vertex -114.28321685203652 -2.679550780603167 88.35430696801528
    endloop
  endfacet
  facet normal 1.8068248007032837e-15 -0.9510565162951536 0.3090169943749471
    outer loop
      vertex -113.67361879046526 -4.016291709344491 84.24024141815975
      vertex -113.63386410575643 -2.1951121910143243 89.84525563996527
      vertex -114.00991594248094 -2.430755476300339 89.12002018019462
    endloop
  endfacet
  facet normal 2.269172906311618e-15 -0.9510565162951538 0.3090169943749471
    outer loop
      vertex -113.67361879046526 -4.016291709344491 84.24024141815975
      vertex -113.1614956930506 -1.9766528466890296 90.51760436753733
      vertex -113.63386410575643 -2.1951121910143243 89.84525563996527
    endloop
  endfacet
  facet normal 5.561848818366641e-15 -0.9510565162951539 0.3090169943749469
    outer loop
      vertex -113.67361879046526 -4.016291709344491 84.24024141815975
      vertex -112.60089305887013 -1.7791153432742348 91.12556228977174
      vertex -113.1614956930506 -1.9766528466890296 90.51760436753733
    endloop
  endfacet
  facet normal -3.711343895691922e-15 -0.9510565162951535 0.30901699437494806
    outer loop
      vertex -113.67361879046526 -4.016291709344491 84.24024141815975
      vertex -111.96164826971426 -1.6058796022211084 91.6587270780613
      vertex -112.60089305887013 -1.7791153432742348 91.12556228977174
    endloop
  endfacet
  facet normal -3.9827067535604876e-16 -0.9510565162951536 0.30901699437494745
    outer loop
      vertex -113.67361879046526 -4.016291709344491 84.24024141815975
      vertex -111.25469898115757 -1.4599097350890915 92.10797613505717
      vertex -111.96164826971426 -1.6058796022211084 91.6587270780613
    endloop
  endfacet
  facet normal 2.0629151525408797e-16 -0.9510565162951536 0.3090169943749473
    outer loop
      vertex -113.67361879046526 -4.016291709344491 84.24024141815975
      vertex -104.04774969260089 -1.6058796022211084 91.6587270780613
      vertex -104.75469898115757 -1.4599097350890915 92.10797613505717
    endloop
  endfacet
  facet normal 2.440630851914578e-15 -0.9510565162951538 0.30901699437494684
    outer loop
      vertex -113.67361879046526 -4.016291709344491 84.24024141815975
      vertex -110.49214129153066 -1.3437033267753034 92.46562268483878
      vertex -111.25469898115757 -1.4599097350890915 92.10797613505717
    endloop
  endfacet
  facet normal -3.3170965795823988e-15 -0.9510565162951532 0.3090169943749489
    outer loop
      vertex -113.67361879046526 -4.016291709344491 84.24024141815975
      vertex -109.68702277432396 -1.2592487011444984 92.72554729578101
      vertex -110.49214129153066 -1.3437033267753034 92.46562268483878
    endloop
  endfacet
  facet normal 1.937596363671466e-15 -0.9510565162951539 0.30901699437494656
    outer loop
      vertex -113.67361879046526 -4.016291709344491 84.24024141815975
      vertex -108.85311923058791 -1.2079909002564655 92.88330258572591
      vertex -109.68702277432396 -1.2592487011444984 92.72554729578101
    endloop
  endfacet
  facet normal -4.4321619365440527e-16 -0.9510565162951535 0.30901699437494773
    outer loop
      vertex -113.67361879046526 -4.016291709344491 84.24024141815975
      vertex -108.00469898115757 -1.1908069592957453 92.93618931792452
      vertex -108.85311923058791 -1.2079909002564655 92.88330258572591
    endloop
  endfacet
  facet normal 4.855549904893451e-16 -0.9510565162951536 0.30901699437494723
    outer loop
      vertex -113.67361879046526 -4.016291709344491 84.24024141815975
      vertex -107.15627873172724 -1.2079909002564655 92.88330258572591
      vertex -108.00469898115757 -1.1908069592957453 92.93618931792452
    endloop
  endfacet
  facet normal -1.4655040160418822e-15 -0.9510565162951533 0.3090169943749483
    outer loop
      vertex -113.67361879046526 -4.016291709344491 84.24024141815975
      vertex -106.32237518799118 -1.2592487011444984 92.72554729578101
      vertex -107.15627873172724 -1.2079909002564655 92.88330258572591
    endloop
  endfacet
  facet normal 2.391677254205706e-15 -0.9510565162951542 0.30901699437494545
    outer loop
      vertex -113.67361879046526 -4.016291709344491 84.24024141815975
      vertex -105.51725667078449 -1.3437033267753034 92.46562268483878
      vertex -106.32237518799118 -1.2592487011444984 92.72554729578101
    endloop
  endfacet
  facet normal -1.5183707607005794e-15 -0.9510565162951531 0.3090169943749488
    outer loop
      vertex -113.67361879046526 -4.016291709344491 84.24024141815975
      vertex -104.75469898115757 -1.4599097350890915 92.10797613505717
      vertex -105.51725667078449 -1.3437033267753034 92.46562268483878
    endloop
  endfacet
  facet normal 1.6224988424888077e-15 -0.9510565162951545 0.30901699437494434
    outer loop
      vertex -113.67361879046526 -4.016291709344491 84.24024141815975
      vertex -102.124912219914 -2.3521578428508434 89.36191882272306
      vertex -102.37553385655872 -2.1951121910143243 89.84525563996527
    endloop
  endfacet
  facet normal -5.879462958579259e-16 -0.9510565162951534 0.3090169943749482
    outer loop
      vertex -113.67361879046526 -4.016291709344491 84.24024141815975
      vertex -102.37553385655872 -2.1951121910143243 89.84525563996527
      vertex -102.84790226926455 -1.9766528466890296 90.51760436753733
    endloop
  endfacet
  facet normal -1.910823976896686e-15 -0.9510565162951528 0.30901699437495017
    outer loop
      vertex -113.67361879046526 -4.016291709344491 84.24024141815975
      vertex -102.84790226926455 -1.9766528466890296 90.51760436753733
      vertex -103.40850490344502 -1.7791153432742348 91.12556228977174
    endloop
  endfacet
  facet normal 1.2311735997800583e-15 -0.9510565162951541 0.3090169943749458
    outer loop
      vertex -113.67361879046526 -4.016291709344491 84.24024141815975
      vertex -103.40850490344502 -1.7791153432742348 91.12556228977174
      vertex -104.04774969260089 -1.6058796022211084 91.6587270780613
    endloop
  endfacet
  facet normal -0.8968727415326775 -0.1366747216975148 -0.4206415409164507
    outer loop
      vertex -113.88448574240115 -4.046677002614965 84.14672510128898
      vertex -114.00991594248094 -3.9680793691654674 84.38862374381742
      vertex -113.88448574240115 11.170227258107492 79.20245319128982
    endloop
  endfacet
  facet normal -0.946930129495108 -0.0993302574414711 -0.3057070980709953
    outer loop
      vertex -114.00991594248094 -3.9680793691654674 84.38862374381742
      vertex -114.28321685203652 -3.7192840648626397 85.15433695599674
      vertex -114.00991594248094 11.248824891556989 79.44435183381826
    endloop
  endfacet
  facet normal -0.9807852804032304 -0.060286224941064455 -0.18554192201955874
    outer loop
      vertex -114.28321685203652 -3.7192840648626397 85.15433695599674
      vertex -114.44909058008734 -3.4615936981787083 85.94742635522854
      vertex -114.28321685203652 11.497620195859817 80.2100650459976
    endloop
  endfacet
  facet normal -0.9978589232386037 -0.02021067841741469 -0.062202072240420216
    outer loop
      vertex -114.44909058008734 -3.4615936981787083 85.94742635522854
      vertex -114.50469898115757 -3.1994174227329033 86.75432196200602
      vertex -114.44909058008734 11.755310562543748 81.00315444522937
    endloop
  endfacet
  facet normal -0.9978589232386037 0.02021067841741464 0.06220207224042023
    outer loop
      vertex -114.50469898115757 12.017486837989553 81.81005005200686
      vertex -114.50469898115757 -3.1994174227329033 86.75432196200602
      vertex -114.44909058008734 -2.9372411472870983 87.56121756878349
    endloop
  endfacet
  facet normal -0.8968727415326773 -0.1366747216975149 -0.420641540916451
    outer loop
      vertex -114.00991594248094 -3.9680793691654674 84.38862374381742
      vertex -114.00991594248094 11.248824891556989 79.44435183381826
      vertex -113.88448574240115 11.170227258107492 79.20245319128982
    endloop
  endfacet
  facet normal -0.9469301294951096 -0.09933025744146927 -0.30570709807099056
    outer loop
      vertex -114.28321685203652 -3.7192840648626397 85.15433695599674
      vertex -114.28321685203652 11.497620195859817 80.2100650459976
      vertex -114.00991594248094 11.248824891556989 79.44435183381826
    endloop
  endfacet
  facet normal -0.9807852804032292 -0.060286224941066634 -0.18554192201956438
    outer loop
      vertex -114.44909058008734 -3.4615936981787083 85.94742635522854
      vertex -114.44909058008734 11.755310562543748 81.00315444522937
      vertex -114.28321685203652 11.497620195859817 80.2100650459976
    endloop
  endfacet
  facet normal -0.9978589232386037 -0.020210678417414318 -0.06220207224041924
    outer loop
      vertex -114.44909058008734 11.755310562543748 81.00315444522937
      vertex -114.50469898115757 -3.1994174227329033 86.75432196200602
      vertex -114.50469898115757 12.017486837989553 81.81005005200686
    endloop
  endfacet
  facet normal -0.9978589232386037 0.02021067841741464 0.06220207224042023
    outer loop
      vertex -114.50469898115757 12.017486837989553 81.81005005200686
      vertex -114.44909058008734 -2.9372411472870983 87.56121756878349
      vertex -114.44909058008734 12.279663113435358 82.61694565878433
    endloop
  endfacet
  facet normal -0.9807852804032298 0.060286224941065544 0.18554192201956154
    outer loop
      vertex -114.44909058008734 12.279663113435358 82.61694565878433
      vertex -114.28321685203652 -2.679550780603167 88.35430696801528
      vertex -114.28321685203652 12.53735348011929 83.41003505801612
    endloop
  endfacet
  facet normal -0.946930129495108 0.09933025744147134 0.30570709807099516
    outer loop
      vertex -114.28321685203652 12.53735348011929 83.41003505801612
      vertex -114.00991594248094 -2.430755476300339 89.12002018019462
      vertex -114.00991594248094 12.786148784422117 84.17574827019544
    endloop
  endfacet
  facet normal -0.9807852804032298 0.060286224941065523 0.18554192201956152
    outer loop
      vertex -114.44909058008734 12.279663113435358 82.61694565878433
      vertex -114.44909058008734 -2.9372411472870983 87.56121756878349
      vertex -114.28321685203652 -2.679550780603167 88.35430696801528
    endloop
  endfacet
  facet normal -0.9469301294951096 0.09933025744146953 0.3057070980709905
    outer loop
      vertex -114.28321685203652 12.53735348011929 83.41003505801612
      vertex -114.28321685203652 -2.679550780603167 88.35430696801528
      vertex -114.00991594248094 -2.430755476300339 89.12002018019462
    endloop
  endfacet
  facet normal -0.8968727415326883 0.13667472169750836 0.4206415409164296
    outer loop
      vertex -114.00991594248094 12.786148784422117 84.17574827019544
      vertex -114.00991594248094 -2.430755476300339 89.12002018019462
      vertex -113.63386410575643 -2.1951121910143243 89.84525563996527
    endloop
  endfacet
  facet normal -0.8314696123025395 0.1716806435719098 0.5283786903729177
    outer loop
      vertex -113.63386410575643 13.021792069708132 84.9009837299661
      vertex -113.63386410575643 -2.1951121910143243 89.84525563996527
      vertex -113.1614956930506 -1.9766528466890296 90.51760436753733
    endloop
  endfacet
  facet normal -0.7518398074789719 0.20374906203592558 0.6270751339428656
    outer loop
      vertex -113.1614956930506 13.240251414033427 85.57333245753816
      vertex -113.1614956930506 -1.9766528466890296 90.51760436753733
      vertex -112.60089305887013 -1.7791153432742348 91.12556228977174
    endloop
  endfacet
  facet normal -0.6593458151000757 0.2323312775585909 0.7150421481129695
    outer loop
      vertex -112.60089305887013 -1.7791153432742348 91.12556228977174
      vertex -111.96164826971426 -1.6058796022211084 91.6587270780613
      vertex -111.96164826971426 13.611024658501348 86.71445516806214
    endloop
  endfacet
  facet normal -0.5555702330195983 0.25693824050783615 0.7907745928817431
    outer loop
      vertex -111.96164826971426 -1.6058796022211084 91.6587270780613
      vertex -111.25469898115757 -1.4599097350890915 92.10797613505717
      vertex -111.25469898115757 13.756994525633365 87.16370422505801
    endloop
  endfacet
  facet normal -0.44228869021899875 0.27714891892525084 0.8529766651221634
    outer loop
      vertex -111.25469898115757 -1.4599097350890915 92.10797613505717
      vertex -110.49214129153066 -1.3437033267753034 92.46562268483878
      vertex -110.49214129153066 13.873200933947153 87.52135077483962
    endloop
  endfacet
  facet normal -0.321439465303172 0.29261750249965696 0.9005840701325302
    outer loop
      vertex -110.49214129153066 -1.3437033267753034 92.46562268483878
      vertex -109.68702277432396 -1.2592487011444984 92.72554729578101
      vertex -109.68702277432396 13.957655559577958 87.78127538578184
    endloop
  endfacet
  facet normal -0.19509032201612192 0.3030793194773967 0.932782232013863
    outer loop
      vertex -109.68702277432396 -1.2592487011444984 92.72554729578101
      vertex -108.85311923058791 -1.2079909002564655 92.88330258572591
      vertex -108.85311923058791 14.008913360465991 87.93903067572676
    endloop
  endfacet
  facet normal -0.06540312923014609 0.3083553652694146 0.9490202312893391
    outer loop
      vertex -108.85311923058791 -1.2079909002564655 92.88330258572591
      vertex -108.00469898115757 -1.1908069592957453 92.93618931792452
      vertex -108.00469898115757 14.026097301426711 87.99191740792536
    endloop
  endfacet
  facet normal 0.06540312923014609 0.3083553652694146 0.9490202312893391
    outer loop
      vertex -108.00469898115757 -1.1908069592957453 92.93618931792452
      vertex -107.15627873172724 -1.2079909002564655 92.88330258572591
      vertex -107.15627873172724 14.008913360465991 87.93903067572676
    endloop
  endfacet
  facet normal -0.8968727415326884 0.13667472169750838 0.4206415409164297
    outer loop
      vertex -114.00991594248094 12.786148784422117 84.17574827019544
      vertex -113.63386410575643 -2.1951121910143243 89.84525563996527
      vertex -113.63386410575643 13.021792069708132 84.9009837299661
    endloop
  endfacet
  facet normal -0.8314696123025395 0.1716806435719098 0.5283786903729177
    outer loop
      vertex -113.63386410575643 13.021792069708132 84.9009837299661
      vertex -113.1614956930506 -1.9766528466890296 90.51760436753733
      vertex -113.1614956930506 13.240251414033427 85.57333245753816
    endloop
  endfacet
  facet normal -0.751839807478979 0.20374906203592255 0.6270751339428582
    outer loop
      vertex -113.1614956930506 13.240251414033427 85.57333245753816
      vertex -112.60089305887013 -1.7791153432742348 91.12556228977174
      vertex -112.60089305887013 13.437788917448222 86.18129037977258
    endloop
  endfacet
  facet normal -0.6593458151000758 0.2323312775585909 0.7150421481129695
    outer loop
      vertex -112.60089305887013 -1.7791153432742348 91.12556228977174
      vertex -111.96164826971426 13.611024658501348 86.71445516806214
      vertex -112.60089305887013 13.437788917448222 86.18129037977258
    endloop
  endfacet
  facet normal -0.5555702330195985 0.2569382405078361 0.790774592881743
    outer loop
      vertex -111.96164826971426 -1.6058796022211084 91.6587270780613
      vertex -111.25469898115757 13.756994525633365 87.16370422505801
      vertex -111.96164826971426 13.611024658501348 86.71445516806214
    endloop
  endfacet
  facet normal -0.4422886902189987 0.27714891892525084 0.8529766651221634
    outer loop
      vertex -111.25469898115757 -1.4599097350890915 92.10797613505717
      vertex -110.49214129153066 13.873200933947153 87.52135077483962
      vertex -111.25469898115757 13.756994525633365 87.16370422505801
    endloop
  endfacet
  facet normal -0.32143946530315826 0.2926175024996577 0.9005840701325349
    outer loop
      vertex -110.49214129153066 -1.3437033267753034 92.46562268483878
      vertex -109.68702277432396 13.957655559577958 87.78127538578184
      vertex -110.49214129153066 13.873200933947153 87.52135077483962
    endloop
  endfacet
  facet normal -0.19509032201613716 0.3030793194773966 0.9327822320138598
    outer loop
      vertex -109.68702277432396 -1.2592487011444984 92.72554729578101
      vertex -108.85311923058791 14.008913360465991 87.93903067572676
      vertex -109.68702277432396 13.957655559577958 87.78127538578184
    endloop
  endfacet
  facet normal 0.8968727415326939 0.13667472169750478 0.4206415409164186
    outer loop
      vertex -102.37553385655872 13.021792069708132 84.9009837299661
      vertex -102.37553385655872 -2.1951121910143243 89.84525563996527
      vertex -102.124912219914 -2.3521578428508434 89.36191882272306
    endloop
  endfacet
  facet normal 0.8314696123025396 0.17168064357190974 0.5283786903729175
    outer loop
      vertex -102.84790226926455 13.240251414033427 85.57333245753816
      vertex -102.84790226926455 -1.9766528466890296 90.51760436753733
      vertex -102.37553385655872 -2.1951121910143243 89.84525563996527
    endloop
  endfacet
  facet normal 0.751839807478972 0.20374906203592497 0.6270751339428656
    outer loop
      vertex -102.84790226926455 -1.9766528466890296 90.51760436753733
      vertex -103.40850490344502 13.437788917448222 86.18129037977258
      vertex -103.40850490344502 -1.7791153432742348 91.12556228977174
    endloop
  endfacet
  facet normal 0.32143946530317197 0.29261750249965623 0.9005840701325305
    outer loop
      vertex -106.32237518799118 -1.2592487011444984 92.72554729578101
      vertex -105.51725667078449 -1.3437033267753034 92.46562268483878
      vertex -105.51725667078449 13.873200933947153 87.52135077483962
    endloop
  endfacet
  facet normal 0.5555702330195983 0.25693824050783615 0.7907745928817431
    outer loop
      vertex -104.75469898115757 -1.4599097350890915 92.10797613505717
      vertex -104.04774969260089 -1.6058796022211084 91.6587270780613
      vertex -104.04774969260089 13.611024658501348 86.71445516806214
    endloop
  endfacet
  facet normal 0.4422886902189987 0.27714891892525084 0.8529766651221634
    outer loop
      vertex -104.75469898115757 -1.4599097350890915 92.10797613505717
      vertex -104.75469898115757 13.756994525633365 87.16370422505801
      vertex -105.51725667078449 -1.3437033267753034 92.46562268483878
    endloop
  endfacet
  facet normal 0.19509032201612192 0.3030793194773976 0.9327822320138628
    outer loop
      vertex -107.15627873172724 -1.2079909002564655 92.88330258572591
      vertex -106.32237518799118 -1.2592487011444984 92.72554729578101
      vertex -106.32237518799118 13.957655559577958 87.78127538578184
    endloop
  endfacet
  facet normal 0.6593458151000757 0.23233127755859087 0.7150421481129695
    outer loop
      vertex -104.04774969260089 -1.6058796022211084 91.6587270780613
      vertex -103.40850490344502 -1.7791153432742348 91.12556228977174
      vertex -103.40850490344502 13.437788917448222 86.18129037977258
    endloop
  endfacet
  facet normal 0.3214394653031577 0.2926175024996585 0.9005840701325349
    outer loop
      vertex -106.32237518799118 -1.2592487011444984 92.72554729578101
      vertex -105.51725667078449 13.873200933947153 87.52135077483962
      vertex -106.32237518799118 13.957655559577958 87.78127538578184
    endloop
  endfacet
  facet normal 0.6593458151000755 0.23233127755859093 0.7150421481129696
    outer loop
      vertex -104.04774969260089 -1.6058796022211084 91.6587270780613
      vertex -103.40850490344502 13.437788917448222 86.18129037977258
      vertex -104.04774969260089 13.611024658501348 86.71445516806214
    endloop
  endfacet
  facet normal 0.44228869021899836 0.27714891892525084 0.8529766651221635
    outer loop
      vertex -105.51725667078449 -1.3437033267753034 92.46562268483878
      vertex -104.75469898115757 13.756994525633365 87.16370422505801
      vertex -105.51725667078449 13.873200933947153 87.52135077483962
    endloop
  endfacet
  facet normal 0.5555702330195983 0.25693824050783615 0.7907745928817431
    outer loop
      vertex -104.75469898115757 -1.4599097350890915 92.10797613505717
      vertex -104.04774969260089 13.611024658501348 86.71445516806214
      vertex -104.75469898115757 13.756994525633365 87.16370422505801
    endloop
  endfacet
  facet normal 0.8968727415326891 0.1366747216975074 0.42064154091642786
    outer loop
      vertex -102.124912219914 12.864746417871613 84.4176469127239
      vertex -102.37553385655872 13.021792069708132 84.9009837299661
      vertex -102.124912219914 -2.3521578428508434 89.36191882272306
    endloop
  endfacet
  facet normal 0.8314696123025395 0.1716806435719098 0.5283786903729177
    outer loop
      vertex -102.37553385655872 13.021792069708132 84.9009837299661
      vertex -102.84790226926455 13.240251414033427 85.57333245753816
      vertex -102.37553385655872 -2.1951121910143243 89.84525563996527
    endloop
  endfacet
  facet normal 0.751839807478979 0.20374906203592305 0.627075133942858
    outer loop
      vertex -102.84790226926455 13.240251414033427 85.57333245753816
      vertex -103.40850490344502 13.437788917448222 86.18129037977258
      vertex -102.84790226926455 -1.9766528466890296 90.51760436753733
    endloop
  endfacet
  facet normal 0.19509032201613757 0.30307931947739575 0.9327822320138599
    outer loop
      vertex -107.15627873172724 -1.2079909002564655 92.88330258572591
      vertex -106.32237518799118 13.957655559577958 87.78127538578184
      vertex -107.15627873172724 14.008913360465991 87.93903067572676
    endloop
  endfacet
  facet normal 6.473396797817363e-15 0.9510565162951494 -0.30901699437495994
    outer loop
      vertex -113.88448574240115 11.170227258107492 79.20245319128982
      vertex -114.00991594248094 11.248824891556989 79.44435183381826
      vertex -107.56523494968171 12.080812282567882 82.0049457302699
    endloop
  endfacet
  facet normal -1.6347399988346277e-14 0.9510565162951536 -0.30901699437494723
    outer loop
      vertex -114.00991594248094 11.248824891556989 79.44435183381826
      vertex -114.28321685203652 11.497620195859817 80.2100650459976
      vertex -114.00991594248094 12.786148784422117 84.17574827019544
    endloop
  endfacet
  facet normal 2.2613097888936745e-14 0.9510565162951533 -0.30901699437494856
    outer loop
      vertex -114.28321685203652 11.497620195859817 80.2100650459976
      vertex -114.44909058008734 11.755310562543748 81.00315444522937
      vertex -114.28321685203652 12.53735348011929 83.41003505801612
    endloop
  endfacet
  facet normal -3.940472837549663e-14 0.9510565162951538 -0.3090169943749468
    outer loop
      vertex -114.44909058008734 11.755310562543748 81.00315444522937
      vertex -114.50469898115757 12.017486837989553 81.81005005200686
      vertex -114.44909058008734 12.279663113435358 82.61694565878433
    endloop
  endfacet
  facet normal -5.5021280321423716e-15 0.9510565162951538 -0.3090169943749468
    outer loop
      vertex -114.44909058008734 11.755310562543748 81.00315444522937
      vertex -114.44909058008734 12.279663113435358 82.61694565878433
      vertex -114.28321685203652 12.53735348011929 83.41003505801612
    endloop
  endfacet
  facet normal 4.083021839710727e-15 0.9510565162951531 -0.30901699437494845
    outer loop
      vertex -114.28321685203652 11.497620195859817 80.2100650459976
      vertex -114.28321685203652 12.53735348011929 83.41003505801612
      vertex -114.00991594248094 12.786148784422117 84.17574827019544
    endloop
  endfacet
  facet normal 9.389277724137847e-16 0.9510565162951535 -0.30901699437494734
    outer loop
      vertex -114.00991594248094 11.248824891556989 79.44435183381826
      vertex -113.63386410575643 13.021792069708132 84.9009837299661
      vertex -107.56523494968171 12.080812282567882 82.0049457302699
    endloop
  endfacet
  facet normal -1.6706742407963553e-15 0.9510565162951536 -0.3090169943749472
    outer loop
      vertex -114.00991594248094 11.248824891556989 79.44435183381826
      vertex -114.00991594248094 12.786148784422117 84.17574827019544
      vertex -113.63386410575643 13.021792069708132 84.9009837299661
    endloop
  endfacet
  facet normal 3.1024593011222484e-16 0.9510565162951532 -0.30901699437494856
    outer loop
      vertex -113.63386410575643 13.021792069708132 84.9009837299661
      vertex -113.1614956930506 13.240251414033427 85.57333245753816
      vertex -107.56523494968171 12.080812282567882 82.0049457302699
    endloop
  endfacet
  facet normal 1.7234636669280774e-15 0.9510565162951538 -0.30901699437494656
    outer loop
      vertex -113.1614956930506 13.240251414033427 85.57333245753816
      vertex -112.60089305887013 13.437788917448222 86.18129037977258
      vertex -107.56523494968171 12.080812282567882 82.0049457302699
    endloop
  endfacet
  facet normal 1.863032651381901e-15 0.9510565162951539 -0.3090169943749465
    outer loop
      vertex -107.56523494968171 12.080812282567882 82.0049457302699
      vertex -112.60089305887013 13.437788917448222 86.18129037977258
      vertex -111.96164826971426 13.611024658501348 86.71445516806214
    endloop
  endfacet
  facet normal 2.914567549659278e-16 0.9510565162951534 -0.3090169943749478
    outer loop
      vertex -107.56523494968171 12.080812282567882 82.0049457302699
      vertex -111.96164826971426 13.611024658501348 86.71445516806214
      vertex -111.25469898115757 13.756994525633365 87.16370422505801
    endloop
  endfacet
  facet normal -1.5142029380691632e-15 0.951056516295153 -0.30901699437494884
    outer loop
      vertex -107.56523494968171 12.080812282567882 82.0049457302699
      vertex -111.25469898115757 13.756994525633365 87.16370422505801
      vertex -110.49214129153066 13.873200933947153 87.52135077483962
    endloop
  endfacet
  facet normal -1.9085531422493904e-15 0.951056516295153 -0.30901699437494917
    outer loop
      vertex -107.56523494968171 12.080812282567882 82.0049457302699
      vertex -110.49214129153066 13.873200933947153 87.52135077483962
      vertex -109.68702277432396 13.957655559577958 87.78127538578184
    endloop
  endfacet
  facet normal 3.762803389666957e-15 0.9510565162951536 -0.30901699437494734
    outer loop
      vertex -107.56523494968171 12.080812282567882 82.0049457302699
      vertex -109.68702277432396 13.957655559577958 87.78127538578184
      vertex -108.85311923058791 14.008913360465991 87.93903067572676
    endloop
  endfacet
  facet normal 4.639158021117171e-16 0.9510565162951533 -0.30901699437494784
    outer loop
      vertex -107.56523494968171 12.080812282567882 82.0049457302699
      vertex -108.85311923058791 14.008913360465991 87.93903067572676
      vertex -108.00469898115757 14.026097301426711 87.99191740792536
    endloop
  endfacet
  facet normal -3.717251431058552e-16 0.9510565162951534 -0.3090169943749479
    outer loop
      vertex -107.56523494968171 12.080812282567882 82.0049457302699
      vertex -108.00469898115757 14.026097301426711 87.99191740792536
      vertex -107.15627873172724 14.008913360465991 87.93903067572676
    endloop
  endfacet
  facet normal -1.3599004121603066e-15 0.9510565162951539 -0.3090169943749469
    outer loop
      vertex -107.98405911953094 10.009294415215457 75.62946929295494
      vertex -107.56523494968171 12.080812282567882 82.0049457302699
      vertex -102.12146142740046 12.862584066819666 84.41099188048972
    endloop
  endfacet
  facet normal -8.240060707651035e-16 0.9510565162951534 -0.30901699437494795
    outer loop
      vertex -107.56523494968171 12.080812282567882 82.0049457302699
      vertex -107.15627873172724 14.008913360465991 87.93903067572676
      vertex -102.12146142740046 12.862584066819666 84.41099188048972
    endloop
  endfacet
  facet normal 3.4522103441229222e-12 0.9510565162957876 -0.30901699437299635
    outer loop
      vertex -102.124912219914 12.864746417871613 84.4176469127239
      vertex -102.12146142740046 12.862584066819666 84.41099188048972
      vertex -102.84790226926455 13.240251414033427 85.57333245753816
    endloop
  endfacet
  facet normal -1.9203673040123716e-14 0.9510565162951494 -0.30901699437496066
    outer loop
      vertex -102.124912219914 12.864746417871613 84.4176469127239
      vertex -102.84790226926455 13.240251414033427 85.57333245753816
      vertex -102.37553385655872 13.021792069708132 84.9009837299661
    endloop
  endfacet
  facet normal -5.585035549085822e-15 0.9510565162951525 -0.30901699437495056
    outer loop
      vertex -102.12146142740046 12.862584066819666 84.41099188048972
      vertex -104.04774969260089 13.611024658501348 86.71445516806214
      vertex -103.40850490344502 13.437788917448222 86.18129037977258
    endloop
  endfacet
  facet normal -1.0068919737459734e-14 0.9510565162951515 -0.3090169943749535
    outer loop
      vertex -102.12146142740046 12.862584066819666 84.41099188048972
      vertex -103.40850490344502 13.437788917448222 86.18129037977258
      vertex -102.84790226926455 13.240251414033427 85.57333245753816
    endloop
  endfacet
  facet normal -0.06540312923014648 0.3083553652694146 0.9490202312893391
    outer loop
      vertex -108.85311923058791 -1.2079909002564655 92.88330258572591
      vertex -108.00469898115757 14.026097301426711 87.99191740792536
      vertex -108.85311923058791 14.008913360465991 87.93903067572676
    endloop
  endfacet
  facet normal 0.06540312923014613 0.3083553652694146 0.9490202312893391
    outer loop
      vertex -108.00469898115757 -1.1908069592957453 92.93618931792452
      vertex -107.15627873172724 14.008913360465991 87.93903067572676
      vertex -108.00469898115757 14.026097301426711 87.99191740792536
    endloop
  endfacet
  facet normal -4.854666882385223e-15 0.9510565162951515 -0.3090169943749534
    outer loop
      vertex -102.12146142740046 12.862584066819666 84.41099188048972
      vertex -107.15627873172724 14.008913360465991 87.93903067572676
      vertex -106.32237518799118 13.957655559577958 87.78127538578184
    endloop
  endfacet
  facet normal 4.611976650428997e-15 0.9510565162951553 -0.3090169943749422
    outer loop
      vertex -102.12146142740046 12.862584066819666 84.41099188048972
      vertex -105.51725667078449 13.873200933947153 87.52135077483962
      vertex -104.75469898115757 13.756994525633365 87.16370422505801
    endloop
  endfacet
  facet normal 4.087802457570119e-15 0.951056516295155 -0.30901699437494307
    outer loop
      vertex -102.12146142740046 12.862584066819666 84.41099188048972
      vertex -106.32237518799118 13.957655559577958 87.78127538578184
      vertex -105.51725667078449 13.873200933947153 87.52135077483962
    endloop
  endfacet
  facet normal 1.3922485075081061e-15 0.9510565162951543 -0.30901699437494523
    outer loop
      vertex -102.12146142740046 12.862584066819666 84.41099188048972
      vertex -104.75469898115757 13.756994525633365 87.16370422505801
      vertex -104.04774969260089 13.611024658501348 86.71445516806214
    endloop
  endfacet
  facet normal -6.1464615129659165e-15 -0.9510565162951576 0.3090169943749348
    outer loop
      vertex -113.88448574240115 -43.99105068701141 97.12543886503677
      vertex -113.67361879046526 -43.96066539374094 97.21895518190755
      vertex -114.00991594248094 -43.91245305356192 97.36733750756521
    endloop
  endfacet
  facet normal 5.0391347550162216e-15 -0.9510565162951536 0.30901699437494756
    outer loop
      vertex -114.00991594248094 -43.91245305356192 97.36733750756521
      vertex -114.28321685203652 -42.62392446499962 101.33302073176307
      vertex -114.28321685203652 -43.66365774925909 98.13305071974455
    endloop
  endfacet
  facet normal -4.196794574614305e-14 -0.9510565162951545 0.30901699437494495
    outer loop
      vertex -114.28321685203652 -43.66365774925909 98.13305071974455
      vertex -114.44909058008734 -42.88161483168355 100.53993133253128
      vertex -114.44909058008734 -43.405967382575156 98.92614011897632
    endloop
  endfacet
  facet normal 2.100076253899759e-16 -0.9510565162951534 0.30901699437494784
    outer loop
      vertex -114.00991594248094 -43.91245305356192 97.36733750756521
      vertex -113.67361879046526 -43.96066539374094 97.21895518190755
      vertex -114.00991594248094 -42.37512916069679 102.09873394394239
    endloop
  endfacet
  facet normal -0.8968727415326759 -0.1366747216975158 -0.4206415409164536
    outer loop
      vertex -113.88448574240115 -43.99105068701141 97.12543886503677
      vertex -114.00991594248094 -43.91245305356192 97.36733750756521
      vertex -113.88448574240115 -28.774146426288958 92.18116695503761
    endloop
  endfacet
  facet normal -0.9469301294951098 -0.09933025744146946 -0.3057070980709902
    outer loop
      vertex -114.00991594248094 -43.91245305356192 97.36733750756521
      vertex -114.28321685203652 -43.66365774925909 98.13305071974455
      vertex -114.00991594248094 -28.69554879283946 92.42306559756605
    endloop
  endfacet
  facet normal -0.9807852804032292 -0.060286224941066634 -0.1855419220195644
    outer loop
      vertex -114.28321685203652 -43.66365774925909 98.13305071974455
      vertex -114.44909058008734 -43.405967382575156 98.92614011897632
      vertex -114.28321685203652 -28.44675348853663 93.18877880974537
    endloop
  endfacet
  facet normal 3.970738143252158e-14 -0.9510565162951543 0.30901699437494484
    outer loop
      vertex -114.44909058008734 -43.405967382575156 98.92614011897632
      vertex -114.44909058008734 -42.88161483168355 100.53993133253128
      vertex -114.50469898115757 -43.14379110712935 99.73303572575381
    endloop
  endfacet
  facet normal 1.424354230377434e-15 -0.9510565162951534 0.30901699437494756
    outer loop
      vertex -114.28321685203652 -43.66365774925909 98.13305071974455
      vertex -114.28321685203652 -42.62392446499962 101.33302073176307
      vertex -114.44909058008734 -42.88161483168355 100.53993133253128
    endloop
  endfacet
  facet normal 1.0353825332933907e-14 -0.9510565162951534 0.3090169943749479
    outer loop
      vertex -114.00991594248094 -43.91245305356192 97.36733750756521
      vertex -114.00991594248094 -42.37512916069679 102.09873394394239
      vertex -114.28321685203652 -42.62392446499962 101.33302073176307
    endloop
  endfacet
  facet normal 3.684282044240043e-15 -0.9510565162951534 0.3090169943749482
    outer loop
      vertex -113.67361879046526 -43.96066539374094 97.21895518190755
      vertex -113.63386410575643 -42.13948587541077 102.82396940371305
      vertex -114.00991594248094 -42.37512916069679 102.09873394394239
    endloop
  endfacet
  facet normal 4.133927567947597e-15 -0.9510565162951534 0.3090169943749481
    outer loop
      vertex -113.67361879046526 -43.96066539374094 97.21895518190755
      vertex -113.1614956930506 -41.921026531085474 103.49631813128511
      vertex -113.63386410575643 -42.13948587541077 102.82396940371305
    endloop
  endfacet
  facet normal -7.404687584668367e-15 -0.951056516295153 0.3090169943749489
    outer loop
      vertex -113.67361879046526 -43.96066539374094 97.21895518190755
      vertex -112.60089305887013 -41.72348902767068 104.10427605351953
      vertex -113.1614956930506 -41.921026531085474 103.49631813128511
    endloop
  endfacet
  facet normal -3.320773758616501e-15 -0.9510565162951533 0.30901699437494834
    outer loop
      vertex -113.67361879046526 -43.96066539374094 97.21895518190755
      vertex -111.96164826971426 -41.550253286617554 104.6374408418091
      vertex -112.60089305887013 -41.72348902767068 104.10427605351953
    endloop
  endfacet
  facet normal -6.177865255144274e-16 -0.9510565162951536 0.30901699437494756
    outer loop
      vertex -113.67361879046526 -43.96066539374094 97.21895518190755
      vertex -111.25469898115757 -41.40428341948554 105.08668989880496
      vertex -111.96164826971426 -41.550253286617554 104.6374408418091
    endloop
  endfacet
  facet normal -1.9163518745438424e-16 -0.9510565162951534 0.30901699437494773
    outer loop
      vertex -113.67361879046526 -43.96066539374094 97.21895518190755
      vertex -110.49214129153066 -41.28807701117175 105.44433644858657
      vertex -111.25469898115757 -41.40428341948554 105.08668989880496
    endloop
  endfacet
  facet normal -6.1877447169994546e-18 -0.9510565162951536 0.3090169943749475
    outer loop
      vertex -113.67361879046526 -43.96066539374094 97.21895518190755
      vertex -104.75469898115757 -41.40428341948554 105.08668989880496
      vertex -105.51725667078449 -41.28807701117175 105.44433644858657
    endloop
  endfacet
  facet normal 1.8293972797845101e-16 -0.9510565162951536 0.30901699437494723
    outer loop
      vertex -113.67361879046526 -43.96066539374094 97.21895518190755
      vertex -104.04774969260089 -41.550253286617554 104.6374408418091
      vertex -104.75469898115757 -41.40428341948554 105.08668989880496
    endloop
  endfacet
  facet normal 3.096049333979999e-15 -0.9510565162951538 0.3090169943749467
    outer loop
      vertex -113.67361879046526 -43.96066539374094 97.21895518190755
      vertex -109.68702277432396 -41.203622385540946 105.70426105952879
      vertex -110.49214129153066 -41.28807701117175 105.44433644858657
    endloop
  endfacet
  facet normal -6.17317574571069e-15 -0.9510565162951526 0.3090169943749506
    outer loop
      vertex -113.67361879046526 -43.96066539374094 97.21895518190755
      vertex -108.85311923058791 -41.152364584652915 105.8620163494737
      vertex -109.68702277432396 -41.203622385540946 105.70426105952879
    endloop
  endfacet
  facet normal -5.967053841031423e-16 -0.9510565162951535 0.30901699437494756
    outer loop
      vertex -113.67361879046526 -43.96066539374094 97.21895518190755
      vertex -108.00469898115757 -41.135180643692195 105.9149030816723
      vertex -108.85311923058791 -41.152364584652915 105.8620163494737
    endloop
  endfacet
  facet normal 3.3241587007311034e-16 -0.9510565162951536 0.3090169943749471
    outer loop
      vertex -113.67361879046526 -43.96066539374094 97.21895518190755
      vertex -107.15627873172724 -41.152364584652915 105.8620163494737
      vertex -108.00469898115757 -41.135180643692195 105.9149030816723
    endloop
  endfacet
  facet normal 5.0988197749996706e-15 -0.9510565162951546 0.3090169943749438
    outer loop
      vertex -113.67361879046526 -43.96066539374094 97.21895518190755
      vertex -106.32237518799118 -41.203622385540946 105.70426105952879
      vertex -107.15627873172724 -41.152364584652915 105.8620163494737
    endloop
  endfacet
  facet normal -1.7399928890676835e-15 -0.9510565162951531 0.30901699437494906
    outer loop
      vertex -113.67361879046526 -43.96066539374094 97.21895518190755
      vertex -105.51725667078449 -41.28807701117175 105.44433644858657
      vertex -106.32237518799118 -41.203622385540946 105.70426105952879
    endloop
  endfacet
  facet normal -1.5046053820011057e-15 -0.9510565162951525 0.3090169943749506
    outer loop
      vertex -113.67361879046526 -43.96066539374094 97.21895518190755
      vertex -102.124912219914 -42.29653152724729 102.34063258647085
      vertex -102.37553385655872 -42.13948587541077 102.82396940371305
    endloop
  endfacet
  facet normal 2.399509654599745e-15 -0.9510565162951545 0.3090169943749444
    outer loop
      vertex -113.67361879046526 -43.96066539374094 97.21895518190755
      vertex -102.84790226926455 -41.921026531085474 103.49631813128511
      vertex -103.40850490344502 -41.72348902767068 104.10427605351953
    endloop
  endfacet
  facet normal -9.659537282750513e-16 -0.9510565162951528 0.30901699437494984
    outer loop
      vertex -113.67361879046526 -43.96066539374094 97.21895518190755
      vertex -102.37553385655872 -42.13948587541077 102.82396940371305
      vertex -102.84790226926455 -41.921026531085474 103.49631813128511
    endloop
  endfacet
  facet normal 1.4738629116527813e-15 -0.9510565162951541 0.30901699437494584
    outer loop
      vertex -113.67361879046526 -43.96066539374094 97.21895518190755
      vertex -103.40850490344502 -41.72348902767068 104.10427605351953
      vertex -104.04774969260089 -41.550253286617554 104.6374408418091
    endloop
  endfacet
  facet normal -0.8968727415326776 -0.13667472169751466 -0.42064154091645034
    outer loop
      vertex -114.00991594248094 -43.91245305356192 97.36733750756521
      vertex -114.00991594248094 -28.69554879283946 92.42306559756605
      vertex -113.88448574240115 -28.774146426288958 92.18116695503761
    endloop
  endfacet
  facet normal -0.946930129495108 -0.09933025744147123 -0.30570709807099483
    outer loop
      vertex -114.28321685203652 -43.66365774925909 98.13305071974455
      vertex -114.28321685203652 -28.44675348853663 93.18877880974537
      vertex -114.00991594248094 -28.69554879283946 92.42306559756605
    endloop
  endfacet
  facet normal -0.9978589232386037 -0.020210678417414276 -0.0622020722404193
    outer loop
      vertex -114.44909058008734 -43.405967382575156 98.92614011897632
      vertex -114.50469898115757 -43.14379110712935 99.73303572575381
      vertex -114.44909058008734 -28.189063121852698 93.98186820897718
    endloop
  endfacet
  facet normal -0.9978589232386037 0.02021067841741465 0.06220207224042027
    outer loop
      vertex -114.50469898115757 -43.14379110712935 99.73303572575381
      vertex -114.44909058008734 -42.88161483168355 100.53993133253128
      vertex -114.50469898115757 -27.926886846406894 94.78876381575465
    endloop
  endfacet
  facet normal -0.9807852804032298 0.06028622494106553 0.18554192201956157
    outer loop
      vertex -114.44909058008734 -42.88161483168355 100.53993133253128
      vertex -114.28321685203652 -42.62392446499962 101.33302073176307
      vertex -114.44909058008734 -27.66471057096109 95.59565942253212
    endloop
  endfacet
  facet normal -0.9807852804032303 -0.06028622494106444 -0.1855419220195587
    outer loop
      vertex -114.44909058008734 -43.405967382575156 98.92614011897632
      vertex -114.44909058008734 -28.189063121852698 93.98186820897718
      vertex -114.28321685203652 -28.44675348853663 93.18877880974537
    endloop
  endfacet
  facet normal -0.9978589232386037 -0.020210678417414644 -0.06220207224042026
    outer loop
      vertex -114.50469898115757 -43.14379110712935 99.73303572575381
      vertex -114.50469898115757 -27.926886846406894 94.78876381575465
      vertex -114.44909058008734 -28.189063121852698 93.98186820897718
    endloop
  endfacet
  facet normal -0.9978589232386037 0.020210678417414644 0.06220207224042026
    outer loop
      vertex -114.44909058008734 -42.88161483168355 100.53993133253128
      vertex -114.44909058008734 -27.66471057096109 95.59565942253212
      vertex -114.50469898115757 -27.926886846406894 94.78876381575465
    endloop
  endfacet
  facet normal -0.9807852804032298 0.06028622494106554 0.18554192201956157
    outer loop
      vertex -114.28321685203652 -42.62392446499962 101.33302073176307
      vertex -114.28321685203652 -27.40702020427716 96.38874882176391
      vertex -114.44909058008734 -27.66471057096109 95.59565942253212
    endloop
  endfacet
  facet normal -0.9469301294951098 0.0993302574414692 0.3057070980709904
    outer loop
      vertex -114.00991594248094 -42.37512916069679 102.09873394394239
      vertex -114.00991594248094 -27.15822489997433 97.15446203394325
      vertex -114.28321685203652 -27.40702020427716 96.38874882176391
    endloop
  endfacet
  facet normal -0.8968727415326883 0.13667472169750775 0.4206415409164301
    outer loop
      vertex -113.63386410575643 -42.13948587541077 102.82396940371305
      vertex -113.63386410575643 -26.922581614688315 97.8796974937139
      vertex -114.00991594248094 -27.15822489997433 97.15446203394325
    endloop
  endfacet
  facet normal 0.896872741532694 0.13667472169750447 0.42064154091641875
    outer loop
      vertex -102.124912219914 -42.29653152724729 102.34063258647085
      vertex -102.124912219914 -27.079627266524835 97.39636067647169
      vertex -102.37553385655872 -26.922581614688315 97.8796974937139
    endloop
  endfacet
  facet normal -0.946930129495108 0.09933025744147095 0.30570709807099483
    outer loop
      vertex -114.28321685203652 -42.62392446499962 101.33302073176307
      vertex -114.00991594248094 -42.37512916069679 102.09873394394239
      vertex -114.28321685203652 -27.40702020427716 96.38874882176391
    endloop
  endfacet
  facet normal -0.8968727415326884 0.13667472169750755 0.42064154091642963
    outer loop
      vertex -114.00991594248094 -42.37512916069679 102.09873394394239
      vertex -113.63386410575643 -42.13948587541077 102.82396940371305
      vertex -114.00991594248094 -27.15822489997433 97.15446203394325
    endloop
  endfacet
  facet normal -0.8314696123025396 0.17168064357190882 0.5283786903729176
    outer loop
      vertex -113.63386410575643 -42.13948587541077 102.82396940371305
      vertex -113.1614956930506 -41.921026531085474 103.49631813128511
      vertex -113.63386410575643 -26.922581614688315 97.8796974937139
    endloop
  endfacet
  facet normal -0.7518398074789788 0.2037490620359222 0.6270751339428585
    outer loop
      vertex -113.1614956930506 -41.921026531085474 103.49631813128511
      vertex -112.60089305887013 -41.72348902767068 104.10427605351953
      vertex -113.1614956930506 -26.704122270363023 98.55204622128596
    endloop
  endfacet
  facet normal -0.6593458151000756 0.23233127755859093 0.7150421481129694
    outer loop
      vertex -112.60089305887013 -41.72348902767068 104.10427605351953
      vertex -111.96164826971426 -41.550253286617554 104.6374408418091
      vertex -111.96164826971426 -26.3333490258951 99.69316893180994
    endloop
  endfacet
  facet normal -0.5555702330195983 0.2569382405078362 0.7907745928817431
    outer loop
      vertex -111.96164826971426 -41.550253286617554 104.6374408418091
      vertex -111.25469898115757 -41.40428341948554 105.08668989880496
      vertex -111.25469898115757 -26.187379158763083 100.1424179888058
    endloop
  endfacet
  facet normal -0.4422886902189982 0.2771489189252509 0.8529766651221636
    outer loop
      vertex -111.25469898115757 -41.40428341948554 105.08668989880496
      vertex -110.49214129153066 -41.28807701117175 105.44433644858657
      vertex -110.49214129153066 -26.071172750449293 100.50006453858741
    endloop
  endfacet
  facet normal -0.3214394653031577 0.29261750249965696 0.9005840701325353
    outer loop
      vertex -110.49214129153066 -41.28807701117175 105.44433644858657
      vertex -109.68702277432396 -41.203622385540946 105.70426105952879
      vertex -109.68702277432396 -25.986718124818488 100.75998914952964
    endloop
  endfacet
  facet normal -0.1950903220161366 0.3030793194773958 0.9327822320138602
    outer loop
      vertex -109.68702277432396 -41.203622385540946 105.70426105952879
      vertex -108.85311923058791 -41.152364584652915 105.8620163494737
      vertex -108.85311923058791 -25.935460323930457 100.91774443947455
    endloop
  endfacet
  facet normal -0.06540312923014609 0.30835536526941454 0.9490202312893391
    outer loop
      vertex -108.85311923058791 -41.152364584652915 105.8620163494737
      vertex -108.00469898115757 -41.135180643692195 105.9149030816723
      vertex -108.00469898115757 -25.918276382969736 100.97063117167315
    endloop
  endfacet
  facet normal 0.06540312923014609 0.30835536526941454 0.9490202312893391
    outer loop
      vertex -108.00469898115757 -41.135180643692195 105.9149030816723
      vertex -107.15627873172724 -41.152364584652915 105.8620163494737
      vertex -107.15627873172724 -25.935460323930457 100.91774443947455
    endloop
  endfacet
  facet normal -0.8314696123025392 0.1716806435719091 0.5283786903729184
    outer loop
      vertex -113.1614956930506 -41.921026531085474 103.49631813128511
      vertex -113.1614956930506 -26.704122270363023 98.55204622128596
      vertex -113.63386410575643 -26.922581614688315 97.8796974937139
    endloop
  endfacet
  facet normal -0.7518398074789726 0.20374906203592485 0.6270751339428651
    outer loop
      vertex -112.60089305887013 -41.72348902767068 104.10427605351953
      vertex -112.60089305887013 -26.506584766948226 99.16000414352037
      vertex -113.1614956930506 -26.704122270363023 98.55204622128596
    endloop
  endfacet
  facet normal -0.6593458151000754 0.23233127755859098 0.7150421481129696
    outer loop
      vertex -112.60089305887013 -41.72348902767068 104.10427605351953
      vertex -111.96164826971426 -26.3333490258951 99.69316893180994
      vertex -112.60089305887013 -26.506584766948226 99.16000414352037
    endloop
  endfacet
  facet normal -0.5555702330195982 0.25693824050783626 0.7907745928817432
    outer loop
      vertex -111.96164826971426 -41.550253286617554 104.6374408418091
      vertex -111.25469898115757 -26.187379158763083 100.1424179888058
      vertex -111.96164826971426 -26.3333490258951 99.69316893180994
    endloop
  endfacet
  facet normal -0.44228869021899964 0.27714891892525073 0.8529766651221631
    outer loop
      vertex -111.25469898115757 -41.40428341948554 105.08668989880496
      vertex -110.49214129153066 -26.071172750449293 100.50006453858741
      vertex -111.25469898115757 -26.187379158763083 100.1424179888058
    endloop
  endfacet
  facet normal -0.32143946530317186 0.2926175024996562 0.9005840701325305
    outer loop
      vertex -110.49214129153066 -41.28807701117175 105.44433644858657
      vertex -109.68702277432396 -25.986718124818488 100.75998914952964
      vertex -110.49214129153066 -26.071172750449293 100.50006453858741
    endloop
  endfacet
  facet normal -0.19509032201612161 0.30307931947739597 0.9327822320138632
    outer loop
      vertex -109.68702277432396 -41.203622385540946 105.70426105952879
      vertex -108.85311923058791 -25.935460323930457 100.91774443947455
      vertex -109.68702277432396 -25.986718124818488 100.75998914952964
    endloop
  endfacet
  facet normal -0.06540312923014606 0.30835536526941454 0.9490202312893391
    outer loop
      vertex -108.85311923058791 -41.152364584652915 105.8620163494737
      vertex -108.00469898115757 -25.918276382969736 100.97063117167315
      vertex -108.85311923058791 -25.935460323930457 100.91774443947455
    endloop
  endfacet
  facet normal 0.06540312923014652 0.30835536526941454 0.9490202312893391
    outer loop
      vertex -108.00469898115757 -41.135180643692195 105.9149030816723
      vertex -107.15627873172724 -25.935460323930457 100.91774443947455
      vertex -108.00469898115757 -25.918276382969736 100.97063117167315
    endloop
  endfacet
  facet normal 0.8968727415326893 0.13667472169750705 0.42064154091642797
    outer loop
      vertex -102.124912219914 -42.29653152724729 102.34063258647085
      vertex -102.37553385655872 -26.922581614688315 97.8796974937139
      vertex -102.37553385655872 -42.13948587541077 102.82396940371305
    endloop
  endfacet
  facet normal 0.8314696123025397 0.17168064357190888 0.5283786903729177
    outer loop
      vertex -102.37553385655872 -42.13948587541077 102.82396940371305
      vertex -102.84790226926455 -26.704122270363023 98.55204622128596
      vertex -102.84790226926455 -41.921026531085474 103.49631813128511
    endloop
  endfacet
  facet normal 0.7518398074789788 0.2037490620359227 0.6270751339428584
    outer loop
      vertex -103.40850490344502 -41.72348902767068 104.10427605351953
      vertex -102.84790226926455 -41.921026531085474 103.49631813128511
      vertex -103.40850490344502 -26.506584766948226 99.16000414352037
    endloop
  endfacet
  facet normal 0.19509032201613657 0.303079319477395 0.9327822320138605
    outer loop
      vertex -107.15627873172724 -41.152364584652915 105.8620163494737
      vertex -106.32237518799118 -41.203622385540946 105.70426105952879
      vertex -106.32237518799118 -25.986718124818488 100.75998914952964
    endloop
  endfacet
  facet normal 0.32143946530315776 0.2926175024996577 0.900584070132535
    outer loop
      vertex -106.32237518799118 -41.203622385540946 105.70426105952879
      vertex -105.51725667078449 -41.28807701117175 105.44433644858657
      vertex -105.51725667078449 -26.071172750449293 100.50006453858741
    endloop
  endfacet
  facet normal 0.5555702330195983 0.2569382405078362 0.7907745928817431
    outer loop
      vertex -104.04774969260089 -41.550253286617554 104.6374408418091
      vertex -104.04774969260089 -26.3333490258951 99.69316893180994
      vertex -104.75469898115757 -41.40428341948554 105.08668989880496
    endloop
  endfacet
  facet normal 0.4422886902189982 0.27714891892525095 0.8529766651221636
    outer loop
      vertex -104.75469898115757 -41.40428341948554 105.08668989880496
      vertex -104.75469898115757 -26.187379158763083 100.1424179888058
      vertex -105.51725667078449 -41.28807701117175 105.44433644858657
    endloop
  endfacet
  facet normal 0.6593458151000756 0.2323312775585909 0.7150421481129694
    outer loop
      vertex -104.04774969260089 -41.550253286617554 104.6374408418091
      vertex -103.40850490344502 -41.72348902767068 104.10427605351953
      vertex -103.40850490344502 -26.506584766948226 99.16000414352037
    endloop
  endfacet
  facet normal 0.6593458151000754 0.232331277558591 0.7150421481129697
    outer loop
      vertex -104.04774969260089 -41.550253286617554 104.6374408418091
      vertex -103.40850490344502 -26.506584766948226 99.16000414352037
      vertex -104.04774969260089 -26.3333490258951 99.69316893180994
    endloop
  endfacet
  facet normal 0.5555702330195981 0.25693824050783626 0.7907745928817432
    outer loop
      vertex -104.75469898115757 -41.40428341948554 105.08668989880496
      vertex -104.04774969260089 -26.3333490258951 99.69316893180994
      vertex -104.75469898115757 -26.187379158763083 100.1424179888058
    endloop
  endfacet
  facet normal 0.44228869021899925 0.27714891892525073 0.8529766651221632
    outer loop
      vertex -105.51725667078449 -41.28807701117175 105.44433644858657
      vertex -104.75469898115757 -26.187379158763083 100.1424179888058
      vertex -105.51725667078449 -26.071172750449293 100.50006453858741
    endloop
  endfacet
  facet normal 0.19509032201612125 0.3030793194773967 0.932782232013863
    outer loop
      vertex -107.15627873172724 -41.152364584652915 105.8620163494737
      vertex -106.32237518799118 -25.986718124818488 100.75998914952964
      vertex -107.15627873172724 -25.935460323930457 100.91774443947455
    endloop
  endfacet
  facet normal 0.3214394653031725 0.2926175024996554 0.9005840701325306
    outer loop
      vertex -106.32237518799118 -41.203622385540946 105.70426105952879
      vertex -105.51725667078449 -26.071172750449293 100.50006453858741
      vertex -106.32237518799118 -25.986718124818488 100.75998914952964
    endloop
  endfacet
  facet normal 0.8314696123025394 0.17168064357190896 0.5283786903729181
    outer loop
      vertex -102.37553385655872 -42.13948587541077 102.82396940371305
      vertex -102.37553385655872 -26.922581614688315 97.8796974937139
      vertex -102.84790226926455 -26.704122270363023 98.55204622128596
    endloop
  endfacet
  facet normal 0.7518398074789724 0.20374906203592444 0.6270751339428655
    outer loop
      vertex -102.84790226926455 -41.921026531085474 103.49631813128511
      vertex -102.84790226926455 -26.704122270363023 98.55204622128596
      vertex -103.40850490344502 -26.506584766948226 99.16000414352037
    endloop
  endfacet
  facet normal 1.2660802565565897e-14 0.9510565162951538 -0.30901699437494706
    outer loop
      vertex -114.00991594248094 -28.69554879283946 92.42306559756605
      vertex -114.28321685203652 -28.44675348853663 93.18877880974537
      vertex -114.00991594248094 -27.15822489997433 97.15446203394325
    endloop
  endfacet
  facet normal 5.683758677488311e-15 0.9510565162951494 -0.30901699437496033
    outer loop
      vertex -113.88448574240115 -28.774146426288958 92.18116695503761
      vertex -114.00991594248094 -28.69554879283946 92.42306559756605
      vertex -107.56523494968171 -27.863561401828566 94.98365949401767
    endloop
  endfacet
  facet normal -1.8766762031539695e-14 0.9510565162951539 -0.3090169943749463
    outer loop
      vertex -114.28321685203652 -28.44675348853663 93.18877880974537
      vertex -114.44909058008734 -28.189063121852698 93.98186820897718
      vertex -114.28321685203652 -27.40702020427716 96.38874882176391
    endloop
  endfacet
  facet normal 1.5347430095903804e-16 0.9510565162951536 -0.30901699437494734
    outer loop
      vertex -114.44909058008734 -28.189063121852698 93.98186820897718
      vertex -114.50469898115757 -27.926886846406894 94.78876381575465
      vertex -114.44909058008734 -27.66471057096109 95.59565942253212
    endloop
  endfacet
  facet normal -2.4006909837774926e-15 0.9510565162951538 -0.3090169943749474
    outer loop
      vertex -114.44909058008734 -28.189063121852698 93.98186820897718
      vertex -114.44909058008734 -27.66471057096109 95.59565942253212
      vertex -114.28321685203652 -27.40702020427716 96.38874882176391
    endloop
  endfacet
  facet normal 1.5801889388321164e-15 0.951056516295154 -0.3090169943749463
    outer loop
      vertex -114.28321685203652 -28.44675348853663 93.18877880974537
      vertex -114.28321685203652 -27.40702020427716 96.38874882176391
      vertex -114.00991594248094 -27.15822489997433 97.15446203394325
    endloop
  endfacet
  facet normal 2.328523608181565e-15 0.9510565162951536 -0.309016994374947
    outer loop
      vertex -114.00991594248094 -28.69554879283946 92.42306559756605
      vertex -114.00991594248094 -27.15822489997433 97.15446203394325
      vertex -113.63386410575643 -26.922581614688315 97.8796974937139
    endloop
  endfacet
  facet normal -2.278973256057725e-16 0.9510565162951536 -0.3090169943749469
    outer loop
      vertex -114.00991594248094 -28.69554879283946 92.42306559756605
      vertex -113.63386410575643 -26.922581614688315 97.8796974937139
      vertex -107.56523494968171 -27.863561401828566 94.98365949401767
    endloop
  endfacet
  facet normal 1.4361764544000227e-16 0.951056516295154 -0.3090169943749462
    outer loop
      vertex -107.56523494968171 -27.863561401828566 94.98365949401767
      vertex -113.63386410575643 -26.922581614688315 97.8796974937139
      vertex -113.1614956930506 -26.704122270363023 98.55204622128596
    endloop
  endfacet
  facet normal -3.5300870659660023e-15 0.9510565162951523 -0.30901699437495145
    outer loop
      vertex -107.56523494968171 -27.863561401828566 94.98365949401767
      vertex -113.1614956930506 -26.704122270363023 98.55204622128596
      vertex -112.60089305887013 -26.506584766948226 99.16000414352037
    endloop
  endfacet
  facet normal 1.344273959997023e-15 0.9510565162951541 -0.30901699437494606
    outer loop
      vertex -107.56523494968171 -27.863561401828566 94.98365949401767
      vertex -112.60089305887013 -26.506584766948226 99.16000414352037
      vertex -111.96164826971426 -26.3333490258951 99.69316893180994
    endloop
  endfacet
  facet normal -1.0929844936018481e-16 0.9510565162951535 -0.3090169943749472
    outer loop
      vertex -107.56523494968171 -27.863561401828566 94.98365949401767
      vertex -111.96164826971426 -26.3333490258951 99.69316893180994
      vertex -111.25469898115757 -26.187379158763083 100.1424179888058
    endloop
  endfacet
  facet normal -3.312047126239498e-15 0.951056516295153 -0.3090169943749493
    outer loop
      vertex -107.56523494968171 -27.863561401828566 94.98365949401767
      vertex -111.25469898115757 -26.187379158763083 100.1424179888058
      vertex -110.49214129153066 -26.071172750449293 100.50006453858741
    endloop
  endfacet
  facet normal 2.4608694287965463e-15 0.951056516295154 -0.30901699437494645
    outer loop
      vertex -107.56523494968171 -27.863561401828566 94.98365949401767
      vertex -110.49214129153066 -26.071172750449293 100.50006453858741
      vertex -109.68702277432396 -25.986718124818488 100.75998914952964
    endloop
  endfacet
  facet normal 4.666390066922617e-16 0.9510565162951536 -0.3090169943749472
    outer loop
      vertex -107.56523494968171 -27.863561401828566 94.98365949401767
      vertex -109.68702277432396 -25.986718124818488 100.75998914952964
      vertex -108.85311923058791 -25.935460323930457 100.91774443947455
    endloop
  endfacet
  facet normal 6.045623218742597e-16 0.9510565162951536 -0.3090169943749472
    outer loop
      vertex -107.56523494968171 -27.863561401828566 94.98365949401767
      vertex -108.85311923058791 -25.935460323930457 100.91774443947455
      vertex -108.00469898115757 -25.918276382969736 100.97063117167315
    endloop
  endfacet
  facet normal -5.179786489083087e-16 0.9510565162951535 -0.30901699437494723
    outer loop
      vertex -107.56523494968171 -27.863561401828566 94.98365949401767
      vertex -108.00469898115757 -25.918276382969736 100.97063117167315
      vertex -107.15627873172724 -25.935460323930457 100.91774443947455
    endloop
  endfacet
  facet normal 5.346419679944016e-16 0.9510565162951536 -0.3090169943749474
    outer loop
      vertex -107.98405911953094 -29.93507926918099 88.60818305670273
      vertex -107.56523494968171 -27.863561401828566 94.98365949401767
      vertex -102.12146142740046 -27.08178961757678 97.38970564423752
    endloop
  endfacet
  facet normal 5.164006921056108e-16 0.9510565162951536 -0.3090169943749474
    outer loop
      vertex -107.56523494968171 -27.863561401828566 94.98365949401767
      vertex -107.15627873172724 -25.935460323930457 100.91774443947455
      vertex -102.12146142740046 -27.08178961757678 97.38970564423752
    endloop
  endfacet
  facet normal 1.6248977162426074e-14 0.9510565162951573 -0.3090169943749357
    outer loop
      vertex -102.124912219914 -27.079627266524835 97.39636067647169
      vertex -102.84790226926455 -26.704122270363023 98.55204622128596
      vertex -102.37553385655872 -26.922581614688315 97.8796974937139
    endloop
  endfacet
  facet normal -2.759903432243345e-12 0.9510565162946468 -0.30901699437650676
    outer loop
      vertex -102.124912219914 -27.079627266524835 97.39636067647169
      vertex -102.12146142740046 -27.08178961757678 97.38970564423752
      vertex -102.84790226926455 -26.704122270363023 98.55204622128596
    endloop
  endfacet
  facet normal 2.8653177905254314e-14 0.9510565162951591 -0.3090169943749304
    outer loop
      vertex -102.12146142740046 -27.08178961757678 97.38970564423752
      vertex -103.40850490344502 -26.506584766948226 99.16000414352037
      vertex -102.84790226926455 -26.704122270363023 98.55204622128596
    endloop
  endfacet
  facet normal -1.0948183114871745e-14 0.9510565162951506 -0.3090169943749564
    outer loop
      vertex -104.04774969260089 -26.3333490258951 99.69316893180994
      vertex -103.40850490344502 -26.506584766948226 99.16000414352037
      vertex -102.12146142740046 -27.08178961757678 97.38970564423752
    endloop
  endfacet
  facet normal -1.1274665868829985e-15 0.9510565162951531 -0.3090169943749489
    outer loop
      vertex -104.04774969260089 -26.3333490258951 99.69316893180994
      vertex -102.12146142740046 -27.08178961757678 97.38970564423752
      vertex -104.75469898115757 -26.187379158763083 100.1424179888058
    endloop
  endfacet
  facet normal -7.250756940536431e-16 0.9510565162951531 -0.3090169943749492
    outer loop
      vertex -102.12146142740046 -27.08178961757678 97.38970564423752
      vertex -107.15627873172724 -25.935460323930457 100.91774443947455
      vertex -106.32237518799118 -25.986718124818488 100.75998914952964
    endloop
  endfacet
  facet normal -5.445329019378005e-15 0.9510565162951514 -0.3090169943749541
    outer loop
      vertex -102.12146142740046 -27.08178961757678 97.38970564423752
      vertex -106.32237518799118 -25.986718124818488 100.75998914952964
      vertex -105.51725667078449 -26.071172750449293 100.50006453858741
    endloop
  endfacet
  facet normal 7.411448851691961e-15 0.9510565162951555 -0.30901699437494146
    outer loop
      vertex -102.12146142740046 -27.08178961757678 97.38970564423752
      vertex -105.51725667078449 -26.071172750449293 100.50006453858741
      vertex -104.75469898115757 -26.187379158763083 100.1424179888058
    endloop
  endfacet
  facet normal 6.2343143308878465e-15 -0.9510565162951494 0.30901699437496005
    outer loop
      vertex 113.88448574240115 -4.046677002614965 84.14672510128898
      vertex 114.00991594248094 -3.9680793691654674 84.38862374381742
      vertex 102.12491221991398 -2.352157842850845 89.36191882272306
    endloop
  endfacet
  facet normal 1.0893944440120001e-14 -0.9510565162951555 0.3090169943749414
    outer loop
      vertex 102.12491221991398 -2.352157842850845 89.36191882272306
      vertex 102.84790226926455 -1.9766528466890296 90.51760436753733
      vertex 102.37553385655872 -2.1951121910143243 89.84525563996527
    endloop
  endfacet
  facet normal 1.526391673402319e-14 -0.9510565162951563 0.30901699437493896
    outer loop
      vertex 102.12491221991398 -2.352157842850845 89.36191882272306
      vertex 103.40850490344502 -1.7791153432742348 91.12556228977174
      vertex 102.84790226926455 -1.9766528466890296 90.51760436753733
    endloop
  endfacet
  facet normal -1.0674164613625183e-14 -0.9510565162951508 0.30901699437495606
    outer loop
      vertex 102.12491221991398 -2.352157842850845 89.36191882272306
      vertex 104.04774969260089 -1.6058796022211084 91.6587270780613
      vertex 103.40850490344502 -1.7791153432742348 91.12556228977174
    endloop
  endfacet
  facet normal -1.0582297478715084e-15 -0.951056516295153 0.3090169943749489
    outer loop
      vertex 102.12491221991398 -2.352157842850845 89.36191882272306
      vertex 104.75469898115757 -1.4599097350890915 92.10797613505717
      vertex 104.04774969260089 -1.6058796022211084 91.6587270780613
    endloop
  endfacet
  facet normal 3.350488141576169e-15 -0.9510565162951544 0.3090169943749448
    outer loop
      vertex 102.12491221991398 -2.352157842850845 89.36191882272306
      vertex 105.51725667078449 -1.3437033267753034 92.46562268483878
      vertex 104.75469898115757 -1.4599097350890915 92.10797613505717
    endloop
  endfacet
  facet normal -5.119825890138605e-15 -0.9510565162951516 0.30901699437495317
    outer loop
      vertex 102.12491221991398 -2.352157842850845 89.36191882272306
      vertex 106.32237518799118 -1.2592487011444984 92.72554729578101
      vertex 105.51725667078449 -1.3437033267753034 92.46562268483878
    endloop
  endfacet
  facet normal 2.070059919834211e-15 -0.9510565162951543 0.3090169943749454
    outer loop
      vertex 102.12491221991398 -2.352157842850845 89.36191882272306
      vertex 107.15627873172724 -1.2079909002564655 92.88330258572591
      vertex 106.32237518799118 -1.2592487011444984 92.72554729578101
    endloop
  endfacet
  facet normal -4.134068284095114e-16 -0.9510565162951532 0.30901699437494834
    outer loop
      vertex 102.12491221991398 -2.352157842850845 89.36191882272306
      vertex 108.00469898115757 -1.1908069592957453 92.93618931792452
      vertex 107.15627873172724 -1.2079909002564655 92.88330258572591
    endloop
  endfacet
  facet normal 3.6735371729425814e-16 -0.9510565162951539 0.30901699437494695
    outer loop
      vertex 102.12491221991398 -2.352157842850845 89.36191882272306
      vertex 108.85311923058791 -1.2079909002564655 92.88330258572591
      vertex 108.00469898115757 -1.1908069592957453 92.93618931792452
    endloop
  endfacet
  facet normal -1.1123885941531789e-15 -0.9510565162951528 0.30901699437494984
    outer loop
      vertex 102.12491221991398 -2.352157842850845 89.36191882272306
      vertex 109.68702277432396 -1.2592487011444984 92.72554729578101
      vertex 108.85311923058791 -1.2079909002564655 92.88330258572591
    endloop
  endfacet
  facet normal 3.905251402052147e-18 -0.9510565162951539 0.3090169943749466
    outer loop
      vertex 114.00991594248094 -3.9680793691654674 84.38862374381742
      vertex 113.63386410575643 -2.1951121910143243 89.84525563996527
      vertex 102.12491221991398 -2.352157842850845 89.36191882272306
    endloop
  endfacet
  facet normal 2.2574925246257923e-15 -0.9510565162951539 0.30901699437494634
    outer loop
      vertex 114.00991594248094 -3.9680793691654674 84.38862374381742
      vertex 114.28321685203652 -3.7192840648626397 85.15433695599674
      vertex 114.00991594248094 -2.430755476300339 89.12002018019462
    endloop
  endfacet
  facet normal -2.3739929109282134e-14 -0.9510565162951536 0.30901699437494723
    outer loop
      vertex 114.28321685203652 -3.7192840648626397 85.15433695599674
      vertex 114.44909058008734 -3.4615936981787083 85.94742635522854
      vertex 114.28321685203652 -2.679550780603167 88.35430696801528
    endloop
  endfacet
  facet normal -5.753780820209595e-17 -0.951056516295153 0.3090169943749492
    outer loop
      vertex 114.44909058008734 -3.4615936981787083 85.94742635522854
      vertex 114.50469898115757 -3.1994174227329033 86.75432196200602
      vertex 114.44909058008734 -2.9372411472870983 87.56121756878349
    endloop
  endfacet
  facet normal 7.46851074447627e-15 -0.951056516295153 0.3090169943749492
    outer loop
      vertex 114.44909058008734 -3.4615936981787083 85.94742635522854
      vertex 114.44909058008734 -2.9372411472870983 87.56121756878349
      vertex 114.28321685203652 -2.679550780603167 88.35430696801528
    endloop
  endfacet
  facet normal 1.690155780099933e-14 -0.9510565162951535 0.30901699437494723
    outer loop
      vertex 114.28321685203652 -3.7192840648626397 85.15433695599674
      vertex 114.28321685203652 -2.679550780603167 88.35430696801528
      vertex 114.00991594248094 -2.430755476300339 89.12002018019462
    endloop
  endfacet
  facet normal -3.2861787503580197e-15 -0.9510565162951539 0.30901699437494634
    outer loop
      vertex 114.00991594248094 -3.9680793691654674 84.38862374381742
      vertex 114.00991594248094 -2.430755476300339 89.12002018019462
      vertex 113.63386410575643 -2.1951121910143243 89.84525563996527
    endloop
  endfacet
  facet normal 6.886335329012641e-16 -0.9510565162951543 0.3090169943749452
    outer loop
      vertex 102.12491221991398 -2.352157842850845 89.36191882272306
      vertex 112.60089305887013 -1.7791153432742348 91.12556228977174
      vertex 111.96164826971426 -1.6058796022211084 91.6587270780613
    endloop
  endfacet
  facet normal -8.340240903318393e-17 -0.9510565162951533 0.30901699437494834
    outer loop
      vertex 102.12491221991398 -2.352157842850845 89.36191882272306
      vertex 113.63386410575643 -2.1951121910143243 89.84525563996527
      vertex 113.1614956930506 -1.9766528466890296 90.51760436753733
    endloop
  endfacet
  facet normal -4.253753489506971e-16 -0.9510565162951524 0.30901699437495134
    outer loop
      vertex 102.12491221991398 -2.352157842850845 89.36191882272306
      vertex 113.1614956930506 -1.9766528466890296 90.51760436753733
      vertex 112.60089305887013 -1.7791153432742348 91.12556228977174
    endloop
  endfacet
  facet normal -7.440914694233124e-16 -0.9510565162951526 0.3090169943749501
    outer loop
      vertex 102.12491221991398 -2.352157842850845 89.36191882272306
      vertex 111.25469898115757 -1.4599097350890915 92.10797613505717
      vertex 110.49214129153066 -1.3437033267753034 92.46562268483878
    endloop
  endfacet
  facet normal 1.2729595884456594e-16 -0.9510565162951535 0.30901699437494745
    outer loop
      vertex 102.12491221991398 -2.352157842850845 89.36191882272306
      vertex 111.96164826971426 -1.6058796022211084 91.6587270780613
      vertex 111.25469898115757 -1.4599097350890915 92.10797613505717
    endloop
  endfacet
  facet normal 1.7703044484714656e-15 -0.9510565162951546 0.3090169943749441
    outer loop
      vertex 102.12491221991398 -2.352157842850845 89.36191882272306
      vertex 110.49214129153066 -1.3437033267753034 92.46562268483878
      vertex 109.68702277432396 -1.2592487011444984 92.72554729578101
    endloop
  endfacet
  facet normal 0.8968727415326775 -0.13667472169751482 -0.4206415409164508
    outer loop
      vertex 113.88448574240115 -4.046677002614965 84.14672510128898
      vertex 114.00991594248094 11.248824891556989 79.44435183381826
      vertex 114.00991594248094 -3.9680793691654674 84.38862374381742
    endloop
  endfacet
  facet normal 0.946930129495108 -0.09933025744147081 -0.30570709807099533
    outer loop
      vertex 114.00991594248094 -3.9680793691654674 84.38862374381742
      vertex 114.28321685203652 11.497620195859817 80.2100650459976
      vertex 114.28321685203652 -3.7192840648626397 85.15433695599674
    endloop
  endfacet
  facet normal 0.9807852804032303 -0.06028622494106476 -0.18554192201955863
    outer loop
      vertex 114.28321685203652 -3.7192840648626397 85.15433695599674
      vertex 114.44909058008734 11.755310562543748 81.00315444522937
      vertex 114.44909058008734 -3.4615936981787083 85.94742635522854
    endloop
  endfacet
  facet normal 0.9978589232386037 -0.02021067841741464 -0.06220207224042022
    outer loop
      vertex 114.44909058008734 -3.4615936981787083 85.94742635522854
      vertex 114.50469898115757 12.017486837989553 81.81005005200686
      vertex 114.50469898115757 -3.1994174227329033 86.75432196200602
    endloop
  endfacet
  facet normal 0.9978589232386037 0.020210678417414647 0.06220207224042026
    outer loop
      vertex 114.44909058008734 12.279663113435358 82.61694565878433
      vertex 114.44909058008734 -2.9372411472870983 87.56121756878349
      vertex 114.50469898115757 -3.1994174227329033 86.75432196200602
    endloop
  endfacet
  facet normal 0.8968727415326867 -0.13667472169750924 -0.4206415409164324
    outer loop
      vertex 113.88448574240115 -4.046677002614965 84.14672510128898
      vertex 113.88448574240115 11.170227258107492 79.2024531912898
      vertex 114.00991594248094 11.248824891556989 79.44435183381826
    endloop
  endfacet
  facet normal 0.9469301294951096 -0.09933025744146957 -0.3057070980709906
    outer loop
      vertex 114.00991594248094 -3.9680793691654674 84.38862374381742
      vertex 114.00991594248094 11.248824891556989 79.44435183381826
      vertex 114.28321685203652 11.497620195859817 80.2100650459976
    endloop
  endfacet
  facet normal 0.9807852804032292 -0.06028622494106631 -0.18554192201956443
    outer loop
      vertex 114.28321685203652 -3.7192840648626397 85.15433695599674
      vertex 114.28321685203652 11.497620195859817 80.2100650459976
      vertex 114.44909058008734 11.755310562543748 81.00315444522937
    endloop
  endfacet
  facet normal 0.9978589232386037 -0.020210678417414366 -0.062202072240419216
    outer loop
      vertex 114.44909058008734 -3.4615936981787083 85.94742635522854
      vertex 114.44909058008734 11.755310562543748 81.00315444522937
      vertex 114.50469898115757 12.017486837989553 81.81005005200686
    endloop
  endfacet
  facet normal 0.9978589232386037 0.02021067841741464 0.06220207224042023
    outer loop
      vertex 114.50469898115757 12.017486837989553 81.81005005200686
      vertex 114.44909058008734 12.279663113435358 82.61694565878433
      vertex 114.50469898115757 -3.1994174227329033 86.75432196200602
    endloop
  endfacet
  facet normal 0.9807852804032298 0.06028622494106553 0.18554192201956152
    outer loop
      vertex 114.44909058008734 12.279663113435358 82.61694565878433
      vertex 114.28321685203652 12.53735348011929 83.41003505801612
      vertex 114.44909058008734 -2.9372411472870983 87.56121756878349
    endloop
  endfacet
  facet normal 0.946930129495108 0.0993302574414711 0.3057070980709953
    outer loop
      vertex 114.28321685203652 12.53735348011929 83.41003505801612
      vertex 114.00991594248094 12.786148784422117 84.17574827019544
      vertex 114.28321685203652 -2.679550780603167 88.35430696801528
    endloop
  endfacet
  facet normal -0.8968727415326843 0.13667472169751088 0.4206415409164373
    outer loop
      vertex 102.12491221991398 12.864746417871611 84.41764691272388
      vertex 102.12491221991398 -2.352157842850845 89.36191882272306
      vertex 102.37553385655872 -2.1951121910143243 89.84525563996527
    endloop
  endfacet
  facet normal -0.8314696123025395 0.1716806435719098 0.5283786903729177
    outer loop
      vertex 102.37553385655872 13.021792069708132 84.9009837299661
      vertex 102.37553385655872 -2.1951121910143243 89.84525563996527
      vertex 102.84790226926455 -1.9766528466890296 90.51760436753733
    endloop
  endfacet
  facet normal -0.7518398074789719 0.20374906203592558 0.6270751339428656
    outer loop
      vertex 102.84790226926455 13.240251414033427 85.57333245753816
      vertex 102.84790226926455 -1.9766528466890296 90.51760436753733
      vertex 103.40850490344502 -1.7791153432742348 91.12556228977174
    endloop
  endfacet
  facet normal -0.6593458151000757 0.2323312775585909 0.7150421481129695
    outer loop
      vertex 103.40850490344502 -1.7791153432742348 91.12556228977174
      vertex 104.04774969260089 -1.6058796022211084 91.6587270780613
      vertex 104.04774969260089 13.611024658501348 86.71445516806214
    endloop
  endfacet
  facet normal -0.5555702330195983 0.25693824050783615 0.7907745928817431
    outer loop
      vertex 104.04774969260089 -1.6058796022211084 91.6587270780613
      vertex 104.75469898115757 -1.4599097350890915 92.10797613505717
      vertex 104.75469898115757 13.756994525633365 87.16370422505801
    endloop
  endfacet
  facet normal -0.44228869021899875 0.27714891892525084 0.8529766651221634
    outer loop
      vertex 104.75469898115757 -1.4599097350890915 92.10797613505717
      vertex 105.51725667078449 -1.3437033267753034 92.46562268483878
      vertex 105.51725667078449 13.873200933947153 87.52135077483962
    endloop
  endfacet
  facet normal -0.321439465303172 0.29261750249965696 0.9005840701325302
    outer loop
      vertex 105.51725667078449 -1.3437033267753034 92.46562268483878
      vertex 106.32237518799118 -1.2592487011444984 92.72554729578101
      vertex 106.32237518799118 13.957655559577958 87.78127538578184
    endloop
  endfacet
  facet normal -0.19509032201612192 0.3030793194773967 0.932782232013863
    outer loop
      vertex 106.32237518799118 -1.2592487011444984 92.72554729578101
      vertex 107.15627873172724 -1.2079909002564655 92.88330258572591
      vertex 107.15627873172724 14.008913360465991 87.93903067572676
    endloop
  endfacet
  facet normal -0.8968727415326841 0.136674721697511 0.42064154091643763
    outer loop
      vertex 102.12491221991398 12.864746417871611 84.41764691272388
      vertex 102.37553385655872 -2.1951121910143243 89.84525563996527
      vertex 102.37553385655872 13.021792069708132 84.9009837299661
    endloop
  endfacet
  facet normal -0.8314696123025395 0.1716806435719098 0.5283786903729177
    outer loop
      vertex 102.37553385655872 13.021792069708132 84.9009837299661
      vertex 102.84790226926455 -1.9766528466890296 90.51760436753733
      vertex 102.84790226926455 13.240251414033427 85.57333245753816
    endloop
  endfacet
  facet normal -0.751839807478979 0.20374906203592255 0.6270751339428582
    outer loop
      vertex 102.84790226926455 13.240251414033427 85.57333245753816
      vertex 103.40850490344502 -1.7791153432742348 91.12556228977174
      vertex 103.40850490344502 13.437788917448222 86.18129037977258
    endloop
  endfacet
  facet normal -0.6593458151000758 0.2323312775585909 0.7150421481129695
    outer loop
      vertex 103.40850490344502 -1.7791153432742348 91.12556228977174
      vertex 104.04774969260089 13.611024658501348 86.71445516806214
      vertex 103.40850490344502 13.437788917448222 86.18129037977258
    endloop
  endfacet
  facet normal -0.5555702330195985 0.2569382405078361 0.790774592881743
    outer loop
      vertex 104.04774969260089 -1.6058796022211084 91.6587270780613
      vertex 104.75469898115757 13.756994525633365 87.16370422505801
      vertex 104.04774969260089 13.611024658501348 86.71445516806214
    endloop
  endfacet
  facet normal -0.4422886902189987 0.27714891892525084 0.8529766651221634
    outer loop
      vertex 104.75469898115757 -1.4599097350890915 92.10797613505717
      vertex 105.51725667078449 13.873200933947153 87.52135077483962
      vertex 104.75469898115757 13.756994525633365 87.16370422505801
    endloop
  endfacet
  facet normal -0.32143946530315826 0.2926175024996577 0.9005840701325349
    outer loop
      vertex 105.51725667078449 -1.3437033267753034 92.46562268483878
      vertex 106.32237518799118 13.957655559577958 87.78127538578184
      vertex 105.51725667078449 13.873200933947153 87.52135077483962
    endloop
  endfacet
  facet normal -0.19509032201613716 0.3030793194773966 0.9327822320138598
    outer loop
      vertex 106.32237518799118 -1.2592487011444984 92.72554729578101
      vertex 107.15627873172724 14.008913360465991 87.93903067572676
      vertex 106.32237518799118 13.957655559577958 87.78127538578184
    endloop
  endfacet
  facet normal 0.9807852804032298 0.060286224941065544 0.18554192201956157
    outer loop
      vertex 114.28321685203652 12.53735348011929 83.41003505801612
      vertex 114.28321685203652 -2.679550780603167 88.35430696801528
      vertex 114.44909058008734 -2.9372411472870983 87.56121756878349
    endloop
  endfacet
  facet normal 0.9469301294951096 0.09933025744146988 0.30570709807099067
    outer loop
      vertex 114.00991594248094 12.786148784422117 84.17574827019544
      vertex 114.00991594248094 -2.430755476300339 89.12002018019462
      vertex 114.28321685203652 -2.679550780603167 88.35430696801528
    endloop
  endfacet
  facet normal 0.8968727415326883 0.1366747216975083 0.42064154091642947
    outer loop
      vertex 113.63386410575643 13.021792069708132 84.9009837299661
      vertex 113.63386410575643 -2.1951121910143243 89.84525563996527
      vertex 114.00991594248094 -2.430755476300339 89.12002018019462
    endloop
  endfacet
  facet normal 0.8314696123025396 0.17168064357190974 0.5283786903729175
    outer loop
      vertex 113.1614956930506 13.240251414033427 85.57333245753816
      vertex 113.1614956930506 -1.9766528466890296 90.51760436753733
      vertex 113.63386410575643 -2.1951121910143243 89.84525563996527
    endloop
  endfacet
  facet normal 0.751839807478972 0.20374906203592497 0.6270751339428656
    outer loop
      vertex 113.1614956930506 -1.9766528466890296 90.51760436753733
      vertex 112.60089305887013 13.437788917448222 86.18129037977258
      vertex 112.60089305887013 -1.7791153432742348 91.12556228977174
    endloop
  endfacet
  facet normal 0.32143946530317197 0.29261750249965623 0.9005840701325305
    outer loop
      vertex 109.68702277432396 -1.2592487011444984 92.72554729578101
      vertex 110.49214129153066 -1.3437033267753034 92.46562268483878
      vertex 110.49214129153066 13.873200933947153 87.52135077483962
    endloop
  endfacet
  facet normal -0.06540312923014609 0.3083553652694146 0.9490202312893391
    outer loop
      vertex 107.15627873172724 -1.2079909002564655 92.88330258572591
      vertex 108.00469898115757 -1.1908069592957453 92.93618931792452
      vertex 108.00469898115757 14.026097301426711 87.99191740792536
    endloop
  endfacet
  facet normal 0.06540312923014609 0.3083553652694146 0.9490202312893391
    outer loop
      vertex 108.00469898115757 -1.1908069592957453 92.93618931792452
      vertex 108.85311923058791 -1.2079909002564655 92.88330258572591
      vertex 108.85311923058791 14.008913360465991 87.93903067572676
    endloop
  endfacet
  facet normal 0.19509032201612192 0.3030793194773976 0.9327822320138628
    outer loop
      vertex 108.85311923058791 -1.2079909002564655 92.88330258572591
      vertex 109.68702277432396 -1.2592487011444984 92.72554729578101
      vertex 109.68702277432396 13.957655559577958 87.78127538578184
    endloop
  endfacet
  facet normal 0.5555702330195983 0.25693824050783615 0.7907745928817431
    outer loop
      vertex 111.25469898115757 -1.4599097350890915 92.10797613505717
      vertex 111.96164826971426 -1.6058796022211084 91.6587270780613
      vertex 111.96164826971426 13.611024658501348 86.71445516806214
    endloop
  endfacet
  facet normal 0.6593458151000757 0.2323312775585909 0.7150421481129695
    outer loop
      vertex 112.60089305887013 -1.7791153432742348 91.12556228977174
      vertex 112.60089305887013 13.437788917448222 86.18129037977258
      vertex 111.96164826971426 -1.6058796022211084 91.6587270780613
    endloop
  endfacet
  facet normal 0.44228869021899875 0.27714891892525084 0.8529766651221634
    outer loop
      vertex 110.49214129153066 -1.3437033267753034 92.46562268483878
      vertex 111.25469898115757 -1.4599097350890915 92.10797613505717
      vertex 111.25469898115757 13.756994525633365 87.16370422505801
    endloop
  endfacet
  facet normal 0.3214394653031577 0.2926175024996585 0.9005840701325349
    outer loop
      vertex 109.68702277432396 -1.2592487011444984 92.72554729578101
      vertex 110.49214129153066 13.873200933947153 87.52135077483962
      vertex 109.68702277432396 13.957655559577958 87.78127538578184
    endloop
  endfacet
  facet normal 0.44228869021899836 0.27714891892525084 0.8529766651221635
    outer loop
      vertex 110.49214129153066 -1.3437033267753034 92.46562268483878
      vertex 111.25469898115757 13.756994525633365 87.16370422505801
      vertex 110.49214129153066 13.873200933947153 87.52135077483962
    endloop
  endfacet
  facet normal 0.8314696123025395 0.1716806435719098 0.5283786903729177
    outer loop
      vertex 113.1614956930506 13.240251414033427 85.57333245753816
      vertex 113.63386410575643 -2.1951121910143243 89.84525563996527
      vertex 113.63386410575643 13.021792069708132 84.9009837299661
    endloop
  endfacet
  facet normal 0.8968727415326884 0.13667472169750838 0.4206415409164297
    outer loop
      vertex 114.00991594248094 12.786148784422117 84.17574827019544
      vertex 113.63386410575643 13.021792069708132 84.9009837299661
      vertex 114.00991594248094 -2.430755476300339 89.12002018019462
    endloop
  endfacet
  facet normal 0.751839807478979 0.20374906203592305 0.627075133942858
    outer loop
      vertex 113.1614956930506 13.240251414033427 85.57333245753816
      vertex 112.60089305887013 13.437788917448222 86.18129037977258
      vertex 113.1614956930506 -1.9766528466890296 90.51760436753733
    endloop
  endfacet
  facet normal 0.6593458151000755 0.23233127755859093 0.7150421481129696
    outer loop
      vertex 111.96164826971426 -1.6058796022211084 91.6587270780613
      vertex 112.60089305887013 13.437788917448222 86.18129037977258
      vertex 111.96164826971426 13.611024658501348 86.71445516806214
    endloop
  endfacet
  facet normal 0.5555702330195983 0.25693824050783615 0.7907745928817431
    outer loop
      vertex 111.25469898115757 -1.4599097350890915 92.10797613505717
      vertex 111.96164826971426 13.611024658501348 86.71445516806214
      vertex 111.25469898115757 13.756994525633365 87.16370422505801
    endloop
  endfacet
  facet normal 0.19509032201613757 0.30307931947739575 0.9327822320138599
    outer loop
      vertex 108.85311923058791 -1.2079909002564655 92.88330258572591
      vertex 109.68702277432396 13.957655559577958 87.78127538578184
      vertex 108.85311923058791 14.008913360465991 87.93903067572676
    endloop
  endfacet
  facet normal 2.902733525752918e-16 0.9510565162951539 -0.3090169943749467
    outer loop
      vertex 102.55256267025986 10.93130991983389 78.4671412325394
      vertex 102.74917683432079 12.774791765362126 84.14079495960313
      vertex 113.88143065462987 11.168312865332457 79.1965612961624
    endloop
  endfacet
  facet normal 3.846584321464708e-15 0.9510565162951533 -0.3090169943749484
    outer loop
      vertex 102.12491221991398 12.864746417871611 84.41764691272388
      vertex 102.37553385655872 13.021792069708132 84.9009837299661
      vertex 102.74917683432079 12.774791765362126 84.14079495960313
    endloop
  endfacet
  facet normal 1.5450310670640027e-15 0.9510565162951529 -0.30901699437494934
    outer loop
      vertex 102.74917683432079 12.774791765362126 84.14079495960313
      vertex 102.37553385655872 13.021792069708132 84.9009837299661
      vertex 102.84790226926455 13.240251414033427 85.57333245753816
    endloop
  endfacet
  facet normal -9.72195157236073e-16 0.951056516295153 -0.3090169943749493
    outer loop
      vertex 102.74917683432079 12.774791765362126 84.14079495960313
      vertex 102.84790226926455 13.240251414033427 85.57333245753816
      vertex 113.88143065462987 11.168312865332457 79.1965612961624
    endloop
  endfacet
  facet normal 1.0602565976175434e-15 0.951056516295154 -0.309016994374946
    outer loop
      vertex 102.84790226926455 13.240251414033427 85.57333245753816
      vertex 103.40850490344502 13.437788917448222 86.18129037977258
      vertex 113.88143065462987 11.168312865332457 79.1965612961624
    endloop
  endfacet
  facet normal 1.197927792672239e-15 0.9510565162951541 -0.30901699437494573
    outer loop
      vertex 113.88143065462987 11.168312865332457 79.1965612961624
      vertex 103.40850490344502 13.437788917448222 86.18129037977258
      vertex 104.04774969260089 13.611024658501348 86.71445516806214
    endloop
  endfacet
  facet normal -7.468770217377817e-13 0.9510565162951592 -0.30901699437493013
    outer loop
      vertex 113.88143065462987 11.168312865332457 79.1965612961624
      vertex 114.00991594248094 12.786148784422117 84.17574827019544
      vertex 113.88448574240115 11.170227258107492 79.2024531912898
    endloop
  endfacet
  facet normal 1.391262553930103e-15 0.9510565162951536 -0.30901699437494723
    outer loop
      vertex 113.88448574240115 11.170227258107492 79.2024531912898
      vertex 114.00991594248094 12.786148784422117 84.17574827019544
      vertex 114.00991594248094 11.248824891556989 79.44435183381826
    endloop
  endfacet
  facet normal 2.0372352068162942e-14 0.9510565162951531 -0.30901699437494845
    outer loop
      vertex 114.00991594248094 11.248824891556989 79.44435183381826
      vertex 114.28321685203652 12.53735348011929 83.41003505801612
      vertex 114.28321685203652 11.497620195859817 80.2100650459976
    endloop
  endfacet
  facet normal -3.1957262348250886e-14 0.9510565162951538 -0.3090169943749468
    outer loop
      vertex 114.28321685203652 11.497620195859817 80.2100650459976
      vertex 114.44909058008734 12.279663113435358 82.61694565878433
      vertex 114.44909058008734 11.755310562543748 81.00315444522937
    endloop
  endfacet
  facet normal 3.9496369323360963e-14 0.9510565162951538 -0.3090169943749468
    outer loop
      vertex 114.44909058008734 11.755310562543748 81.00315444522937
      vertex 114.44909058008734 12.279663113435358 82.61694565878433
      vertex 114.50469898115757 12.017486837989553 81.81005005200686
    endloop
  endfacet
  facet normal -3.942651950864682e-15 0.9510565162951533 -0.30901699437494856
    outer loop
      vertex 114.28321685203652 11.497620195859817 80.2100650459976
      vertex 114.28321685203652 12.53735348011929 83.41003505801612
      vertex 114.44909058008734 12.279663113435358 82.61694565878433
    endloop
  endfacet
  facet normal -8.426395765045795e-18 0.9510565162951536 -0.30901699437494723
    outer loop
      vertex 114.00991594248094 11.248824891556989 79.44435183381826
      vertex 114.00991594248094 12.786148784422117 84.17574827019544
      vertex 114.28321685203652 12.53735348011929 83.41003505801612
    endloop
  endfacet
  facet normal -1.1108442534838552e-16 0.9510565162951536 -0.30901699437494723
    outer loop
      vertex 113.88143065462987 11.168312865332457 79.1965612961624
      vertex 104.04774969260089 13.611024658501348 86.71445516806214
      vertex 104.75469898115757 13.756994525633365 87.16370422505801
    endloop
  endfacet
  facet normal -1.4241409160227492e-15 0.9510565162951531 -0.30901699437494906
    outer loop
      vertex 113.88143065462987 11.168312865332457 79.1965612961624
      vertex 104.75469898115757 13.756994525633365 87.16370422505801
      vertex 105.51725667078449 13.873200933947153 87.52135077483962
    endloop
  endfacet
  facet normal -1.7475644839154245e-15 0.9510565162951531 -0.30901699437494884
    outer loop
      vertex 113.88143065462987 11.168312865332457 79.1965612961624
      vertex 105.51725667078449 13.873200933947153 87.52135077483962
      vertex 106.32237518799118 13.957655559577958 87.78127538578184
    endloop
  endfacet
  facet normal 3.167519547004331e-15 0.9510565162951543 -0.30901699437494495
    outer loop
      vertex 113.88143065462987 11.168312865332457 79.1965612961624
      vertex 106.32237518799118 13.957655559577958 87.78127538578184
      vertex 107.15627873172724 14.008913360465991 87.93903067572676
    endloop
  endfacet
  facet normal 5.058744425866154e-16 0.9510565162951536 -0.3090169943749471
    outer loop
      vertex 113.88143065462987 11.168312865332457 79.1965612961624
      vertex 107.15627873172724 14.008913360465991 87.93903067572676
      vertex 108.00469898115757 14.026097301426711 87.99191740792536
    endloop
  endfacet
  facet normal -4.2430428224792004e-15 0.9510565162951529 -0.30901699437494945
    outer loop
      vertex 113.88143065462987 11.168312865332457 79.1965612961624
      vertex 108.85311923058791 14.008913360465991 87.93903067572676
      vertex 109.68702277432396 13.957655559577958 87.78127538578184
    endloop
  endfacet
  facet normal -4.049845875360576e-16 0.9510565162951535 -0.30901699437494773
    outer loop
      vertex 113.88143065462987 11.168312865332457 79.1965612961624
      vertex 108.00469898115757 14.026097301426711 87.99191740792536
      vertex 108.85311923058791 14.008913360465991 87.93903067572676
    endloop
  endfacet
  facet normal -1.8290897319101229e-16 0.9510565162951536 -0.30901699437494723
    outer loop
      vertex 113.88143065462987 11.168312865332457 79.1965612961624
      vertex 111.25469898115757 13.756994525633365 87.16370422505801
      vertex 111.96164826971426 13.611024658501348 86.71445516806214
    endloop
  endfacet
  facet normal 2.0011822023994892e-16 0.9510565162951535 -0.3090169943749476
    outer loop
      vertex 113.88143065462987 11.168312865332457 79.1965612961624
      vertex 113.63386410575643 13.021792069708132 84.9009837299661
      vertex 114.00991594248094 12.786148784422117 84.17574827019544
    endloop
  endfacet
  facet normal 1.4037268127792826e-15 0.9510565162951535 -0.30901699437494756
    outer loop
      vertex 113.88143065462987 11.168312865332457 79.1965612961624
      vertex 113.1614956930506 13.240251414033427 85.57333245753816
      vertex 113.63386410575643 13.021792069708132 84.9009837299661
    endloop
  endfacet
  facet normal -3.6269289314595135e-15 0.9510565162951534 -0.30901699437494806
    outer loop
      vertex 113.88143065462987 11.168312865332457 79.1965612961624
      vertex 112.60089305887013 13.437788917448222 86.18129037977258
      vertex 113.1614956930506 13.240251414033427 85.57333245753816
    endloop
  endfacet
  facet normal -3.6310599291683516e-15 0.9510565162951533 -0.30901699437494795
    outer loop
      vertex 113.88143065462987 11.168312865332457 79.1965612961624
      vertex 111.96164826971426 13.611024658501348 86.71445516806214
      vertex 112.60089305887013 13.437788917448222 86.18129037977258
    endloop
  endfacet
  facet normal 3.1297587828978257e-15 0.951056516295154 -0.3090169943749464
    outer loop
      vertex 113.88143065462987 11.168312865332457 79.1965612961624
      vertex 109.68702277432396 13.957655559577958 87.78127538578184
      vertex 110.49214129153066 13.873200933947153 87.52135077483962
    endloop
  endfacet
  facet normal 2.6994167264158706e-15 0.9510565162951539 -0.30901699437494634
    outer loop
      vertex 113.88143065462987 11.168312865332457 79.1965612961624
      vertex 110.49214129153066 13.873200933947153 87.52135077483962
      vertex 111.25469898115757 13.756994525633365 87.16370422505801
    endloop
  endfacet
  facet normal -0.06540312923014648 0.3083553652694146 0.9490202312893391
    outer loop
      vertex 107.15627873172724 -1.2079909002564655 92.88330258572591
      vertex 108.00469898115757 14.026097301426711 87.99191740792536
      vertex 107.15627873172724 14.008913360465991 87.93903067572676
    endloop
  endfacet
  facet normal 0.06540312923014613 0.3083553652694146 0.9490202312893391
    outer loop
      vertex 108.00469898115757 -1.1908069592957453 92.93618931792452
      vertex 108.85311923058791 14.008913360465991 87.93903067572676
      vertex 108.00469898115757 14.026097301426711 87.99191740792536
    endloop
  endfacet
  facet normal -1.0029994932538693e-14 -0.9510565162951604 0.30901699437492625
    outer loop
      vertex 102.12491221991398 -42.296531527247296 102.34063258647083
      vertex 113.88448574240115 -43.99105068701141 97.12543886503676
      vertex 114.00991594248094 -43.91245305356192 97.36733750756521
    endloop
  endfacet
  facet normal -5.944089947406176e-15 -0.9510565162951534 0.3090169943749479
    outer loop
      vertex 114.00991594248094 -43.91245305356192 97.36733750756521
      vertex 114.28321685203652 -43.66365774925909 98.13305071974455
      vertex 114.00991594248094 -42.37512916069679 102.09873394394239
    endloop
  endfacet
  facet normal 0.8968727415326854 -0.1366747216975099 -0.4206415409164357
    outer loop
      vertex 113.88448574240115 -43.99105068701141 97.12543886503676
      vertex 114.00991594248094 -28.69554879283946 92.42306559756605
      vertex 114.00991594248094 -43.91245305356192 97.36733750756521
    endloop
  endfacet
  facet normal 0.9469301294951098 -0.09933025744146971 -0.30570709807099017
    outer loop
      vertex 114.00991594248094 -43.91245305356192 97.36733750756521
      vertex 114.28321685203652 -28.44675348853663 93.18877880974537
      vertex 114.28321685203652 -43.66365774925909 98.13305071974455
    endloop
  endfacet
  facet normal 0.9807852804032292 -0.06028622494106632 -0.18554192201956451
    outer loop
      vertex 114.28321685203652 -43.66365774925909 98.13305071974455
      vertex 114.44909058008734 -28.189063121852698 93.98186820897718
      vertex 114.44909058008734 -43.405967382575156 98.92614011897632
    endloop
  endfacet
  facet normal -3.247713636013229e-14 -0.9510565162951459 0.3090169943749711
    outer loop
      vertex 102.12491221991398 -42.296531527247296 102.34063258647083
      vertex 102.84790226926455 -41.921026531085474 103.49631813128511
      vertex 102.37553385655872 -42.13948587541077 102.82396940371305
    endloop
  endfacet
  facet normal -3.8219952076172027e-14 -0.9510565162951446 0.3090169943749746
    outer loop
      vertex 102.12491221991398 -42.296531527247296 102.34063258647083
      vertex 103.40850490344502 -41.72348902767068 104.10427605351953
      vertex 102.84790226926455 -41.921026531085474 103.49631813128511
    endloop
  endfacet
  facet normal -1.158494514509655e-14 -0.9510565162951505 0.3090169943749567
    outer loop
      vertex 102.12491221991398 -42.296531527247296 102.34063258647083
      vertex 104.04774969260089 -41.550253286617554 104.6374408418091
      vertex 103.40850490344502 -41.72348902767068 104.10427605351953
    endloop
  endfacet
  facet normal -1.550875095365553e-15 -0.9510565162951529 0.30901699437494917
    outer loop
      vertex 102.12491221991398 -42.296531527247296 102.34063258647083
      vertex 104.75469898115757 -41.40428341948554 105.08668989880496
      vertex 104.04774969260089 -41.550253286617554 104.6374408418091
    endloop
  endfacet
  facet normal -5.896741375558687e-16 -0.9510565162951531 0.30901699437494873
    outer loop
      vertex 102.12491221991398 -42.296531527247296 102.34063258647083
      vertex 105.51725667078449 -41.28807701117175 105.44433644858657
      vertex 104.75469898115757 -41.40428341948554 105.08668989880496
    endloop
  endfacet
  facet normal 3.708788179745973e-15 -0.9510565162951545 0.3090169943749446
    outer loop
      vertex 102.12491221991398 -42.296531527247296 102.34063258647083
      vertex 106.32237518799118 -41.203622385540946 105.70426105952879
      vertex 105.51725667078449 -41.28807701117175 105.44433644858657
    endloop
  endfacet
  facet normal -7.892786245383764e-15 -0.9510565162951503 0.30901699437495744
    outer loop
      vertex 102.12491221991398 -42.296531527247296 102.34063258647083
      vertex 107.15627873172724 -41.152364584652915 105.8620163494737
      vertex 106.32237518799118 -41.203622385540946 105.70426105952879
    endloop
  endfacet
  facet normal -5.299915599484365e-16 -0.9510565162951534 0.3090169943749478
    outer loop
      vertex 102.12491221991398 -42.296531527247296 102.34063258647083
      vertex 108.00469898115757 -41.135180643692195 105.9149030816723
      vertex 107.15627873172724 -41.152364584652915 105.8620163494737
    endloop
  endfacet
  facet normal 4.82361168127484e-16 -0.9510565162951539 0.30901699437494645
    outer loop
      vertex 102.12491221991398 -42.296531527247296 102.34063258647083
      vertex 108.85311923058791 -41.152364584652915 105.8620163494737
      vertex 108.00469898115757 -41.135180643692195 105.9149030816723
    endloop
  endfacet
  facet normal 4.185032523228684e-15 -0.9510565162951561 0.3090169943749401
    outer loop
      vertex 102.12491221991398 -42.296531527247296 102.34063258647083
      vertex 109.68702277432396 -41.203622385540946 105.70426105952879
      vertex 108.85311923058791 -41.152364584652915 105.8620163494737
    endloop
  endfacet
  facet normal 2.7586264966679212e-14 -0.9510565162951534 0.30901699437494756
    outer loop
      vertex 114.28321685203652 -43.66365774925909 98.13305071974455
      vertex 114.44909058008734 -43.405967382575156 98.92614011897632
      vertex 114.28321685203652 -42.62392446499962 101.33302073176307
    endloop
  endfacet
  facet normal -3.9193716266335794e-14 -0.9510565162951543 0.30901699437494484
    outer loop
      vertex 114.44909058008734 -43.405967382575156 98.92614011897632
      vertex 114.50469898115757 -43.14379110712935 99.73303572575381
      vertex 114.44909058008734 -42.88161483168355 100.53993133253128
    endloop
  endfacet
  facet normal -1.5371329760396247e-14 -0.9510565162951545 0.30901699437494495
    outer loop
      vertex 114.44909058008734 -43.405967382575156 98.92614011897632
      vertex 114.44909058008734 -42.88161483168355 100.53993133253128
      vertex 114.28321685203652 -42.62392446499962 101.33302073176307
    endloop
  endfacet
  facet normal 3.655560928950275e-16 -0.9510565162951534 0.3090169943749482
    outer loop
      vertex 102.12491221991398 -42.296531527247296 102.34063258647083
      vertex 114.00991594248094 -43.91245305356192 97.36733750756521
      vertex 113.63386410575643 -42.13948587541077 102.82396940371305
    endloop
  endfacet
  facet normal -1.1238347022456442e-14 -0.9510565162951536 0.30901699437494756
    outer loop
      vertex 114.28321685203652 -43.66365774925909 98.13305071974455
      vertex 114.28321685203652 -42.62392446499962 101.33302073176307
      vertex 114.00991594248094 -42.37512916069679 102.09873394394239
    endloop
  endfacet
  facet normal -4.60156074854313e-15 -0.9510565162951534 0.30901699437494784
    outer loop
      vertex 114.00991594248094 -43.91245305356192 97.36733750756521
      vertex 114.00991594248094 -42.37512916069679 102.09873394394239
      vertex 113.63386410575643 -42.13948587541077 102.82396940371305
    endloop
  endfacet
  facet normal 7.45200058301713e-16 -0.9510565162951544 0.30901699437494523
    outer loop
      vertex 102.12491221991398 -42.296531527247296 102.34063258647083
      vertex 112.60089305887013 -41.72348902767068 104.10427605351953
      vertex 111.96164826971426 -41.550253286617554 104.6374408418091
    endloop
  endfacet
  facet normal 1.8555810097679257e-16 -0.9510565162951535 0.3090169943749476
    outer loop
      vertex 102.12491221991398 -42.296531527247296 102.34063258647083
      vertex 111.96164826971426 -41.550253286617554 104.6374408418091
      vertex 111.25469898115757 -41.40428341948554 105.08668989880496
    endloop
  endfacet
  facet normal 2.4428301042575908e-16 -0.9510565162951525 0.30901699437495084
    outer loop
      vertex 102.12491221991398 -42.296531527247296 102.34063258647083
      vertex 113.63386410575643 -42.13948587541077 102.82396940371305
      vertex 113.1614956930506 -41.921026531085474 103.49631813128511
    endloop
  endfacet
  facet normal 1.0805691264993495e-15 -0.9510565162951548 0.30901699437494357
    outer loop
      vertex 102.12491221991398 -42.296531527247296 102.34063258647083
      vertex 113.1614956930506 -41.921026531085474 103.49631813128511
      vertex 112.60089305887013 -41.72348902767068 104.10427605351953
    endloop
  endfacet
  facet normal -1.2200688606344332e-15 -0.9510565162951525 0.309016994374951
    outer loop
      vertex 102.12491221991398 -42.296531527247296 102.34063258647083
      vertex 110.49214129153066 -41.28807701117175 105.44433644858657
      vertex 109.68702277432396 -41.203622385540946 105.70426105952879
    endloop
  endfacet
  facet normal 1.8556045950913383e-16 -0.9510565162951535 0.3090169943749475
    outer loop
      vertex 102.12491221991398 -42.296531527247296 102.34063258647083
      vertex 111.25469898115757 -41.40428341948554 105.08668989880496
      vertex 110.49214129153066 -41.28807701117175 105.44433644858657
    endloop
  endfacet
  facet normal 0.8968727415326772 -0.13667472169751468 -0.42064154091645134
    outer loop
      vertex 113.88448574240115 -43.99105068701141 97.12543886503676
      vertex 113.88448574240115 -28.774146426288958 92.18116695503761
      vertex 114.00991594248094 -28.69554879283946 92.42306559756605
    endloop
  endfacet
  facet normal 0.9469301294951081 -0.09933025744147092 -0.3057070980709948
    outer loop
      vertex 114.00991594248094 -43.91245305356192 97.36733750756521
      vertex 114.00991594248094 -28.69554879283946 92.42306559756605
      vertex 114.28321685203652 -28.44675348853663 93.18877880974537
    endloop
  endfacet
  facet normal 0.9978589232386037 -0.020210678417414328 -0.06220207224041927
    outer loop
      vertex 114.44909058008734 -43.405967382575156 98.92614011897632
      vertex 114.50469898115757 -27.926886846406894 94.78876381575465
      vertex 114.50469898115757 -43.14379110712935 99.73303572575381
    endloop
  endfacet
  facet normal 0.9978589232386037 0.02021067841741465 0.062202072240420264
    outer loop
      vertex 114.50469898115757 -43.14379110712935 99.73303572575381
      vertex 114.44909058008734 -27.66471057096109 95.59565942253212
      vertex 114.44909058008734 -42.88161483168355 100.53993133253128
    endloop
  endfacet
  facet normal 0.9807852804032303 -0.06028622494106477 -0.18554192201955866
    outer loop
      vertex 114.28321685203652 -43.66365774925909 98.13305071974455
      vertex 114.28321685203652 -28.44675348853663 93.18877880974537
      vertex 114.44909058008734 -28.189063121852698 93.98186820897718
    endloop
  endfacet
  facet normal 0.9978589232386037 -0.020210678417414595 -0.06220207224042028
    outer loop
      vertex 114.44909058008734 -43.405967382575156 98.92614011897632
      vertex 114.44909058008734 -28.189063121852698 93.98186820897718
      vertex 114.50469898115757 -27.926886846406894 94.78876381575465
    endloop
  endfacet
  facet normal 0.9978589232386036 0.020210678417414654 0.062202072240420285
    outer loop
      vertex 114.50469898115757 -43.14379110712935 99.73303572575381
      vertex 114.50469898115757 -27.926886846406894 94.78876381575465
      vertex 114.44909058008734 -27.66471057096109 95.59565942253212
    endloop
  endfacet
  facet normal 0.9807852804032298 0.06028622494106552 0.18554192201956152
    outer loop
      vertex 114.44909058008734 -42.88161483168355 100.53993133253128
      vertex 114.44909058008734 -27.66471057096109 95.59565942253212
      vertex 114.28321685203652 -27.40702020427716 96.38874882176391
    endloop
  endfacet
  facet normal 0.9469301294951098 0.09933025744146944 0.30570709807099017
    outer loop
      vertex 114.28321685203652 -42.62392446499962 101.33302073176307
      vertex 114.28321685203652 -27.40702020427716 96.38874882176391
      vertex 114.00991594248094 -27.15822489997433 97.15446203394325
    endloop
  endfacet
  facet normal 0.8968727415326881 0.1366747216975077 0.42064154091643
    outer loop
      vertex 114.00991594248094 -42.37512916069679 102.09873394394239
      vertex 114.00991594248094 -27.15822489997433 97.15446203394325
      vertex 113.63386410575643 -26.922581614688315 97.8796974937139
    endloop
  endfacet
  facet normal -0.8968727415326847 0.1366747216975099 0.4206415409164368
    outer loop
      vertex 102.12491221991398 -42.296531527247296 102.34063258647083
      vertex 102.37553385655872 -42.13948587541077 102.82396940371305
      vertex 102.12491221991398 -27.079627266524838 97.39636067647169
    endloop
  endfacet
  facet normal -0.8314696123025396 0.17168064357190882 0.5283786903729176
    outer loop
      vertex 102.37553385655872 -42.13948587541077 102.82396940371305
      vertex 102.84790226926455 -41.921026531085474 103.49631813128511
      vertex 102.37553385655872 -26.922581614688315 97.8796974937139
    endloop
  endfacet
  facet normal -0.7518398074789788 0.2037490620359222 0.6270751339428585
    outer loop
      vertex 102.84790226926455 -41.921026531085474 103.49631813128511
      vertex 103.40850490344502 -41.72348902767068 104.10427605351953
      vertex 102.84790226926455 -26.704122270363023 98.55204622128596
    endloop
  endfacet
  facet normal -0.6593458151000756 0.23233127755859093 0.7150421481129694
    outer loop
      vertex 103.40850490344502 -41.72348902767068 104.10427605351953
      vertex 104.04774969260089 -41.550253286617554 104.6374408418091
      vertex 104.04774969260089 -26.3333490258951 99.69316893180994
    endloop
  endfacet
  facet normal -0.5555702330195983 0.2569382405078362 0.7907745928817431
    outer loop
      vertex 104.04774969260089 -41.550253286617554 104.6374408418091
      vertex 104.75469898115757 -41.40428341948554 105.08668989880496
      vertex 104.75469898115757 -26.187379158763083 100.1424179888058
    endloop
  endfacet
  facet normal -0.4422886902189982 0.2771489189252509 0.8529766651221636
    outer loop
      vertex 104.75469898115757 -41.40428341948554 105.08668989880496
      vertex 105.51725667078449 -41.28807701117175 105.44433644858657
      vertex 105.51725667078449 -26.071172750449293 100.50006453858741
    endloop
  endfacet
  facet normal -0.3214394653031577 0.29261750249965696 0.9005840701325353
    outer loop
      vertex 105.51725667078449 -41.28807701117175 105.44433644858657
      vertex 106.32237518799118 -41.203622385540946 105.70426105952879
      vertex 106.32237518799118 -25.986718124818488 100.75998914952964
    endloop
  endfacet
  facet normal -0.1950903220161366 0.3030793194773958 0.9327822320138602
    outer loop
      vertex 106.32237518799118 -41.203622385540946 105.70426105952879
      vertex 107.15627873172724 -41.152364584652915 105.8620163494737
      vertex 107.15627873172724 -25.935460323930457 100.91774443947455
    endloop
  endfacet
  facet normal -0.8968727415326844 0.13667472169751013 0.4206415409164374
    outer loop
      vertex 102.37553385655872 -42.13948587541077 102.82396940371305
      vertex 102.37553385655872 -26.922581614688315 97.8796974937139
      vertex 102.12491221991398 -27.079627266524838 97.39636067647169
    endloop
  endfacet
  facet normal -0.8314696123025392 0.1716806435719091 0.5283786903729184
    outer loop
      vertex 102.84790226926455 -41.921026531085474 103.49631813128511
      vertex 102.84790226926455 -26.704122270363023 98.55204622128596
      vertex 102.37553385655872 -26.922581614688315 97.8796974937139
    endloop
  endfacet
  facet normal -0.7518398074789726 0.20374906203592485 0.6270751339428651
    outer loop
      vertex 103.40850490344502 -41.72348902767068 104.10427605351953
      vertex 103.40850490344502 -26.506584766948226 99.16000414352037
      vertex 102.84790226926455 -26.704122270363023 98.55204622128596
    endloop
  endfacet
  facet normal -0.6593458151000754 0.23233127755859098 0.7150421481129696
    outer loop
      vertex 103.40850490344502 -41.72348902767068 104.10427605351953
      vertex 104.04774969260089 -26.3333490258951 99.69316893180994
      vertex 103.40850490344502 -26.506584766948226 99.16000414352037
    endloop
  endfacet
  facet normal -0.5555702330195982 0.25693824050783626 0.7907745928817432
    outer loop
      vertex 104.04774969260089 -41.550253286617554 104.6374408418091
      vertex 104.75469898115757 -26.187379158763083 100.1424179888058
      vertex 104.04774969260089 -26.3333490258951 99.69316893180994
    endloop
  endfacet
  facet normal -0.44228869021899964 0.27714891892525073 0.8529766651221631
    outer loop
      vertex 104.75469898115757 -41.40428341948554 105.08668989880496
      vertex 105.51725667078449 -26.071172750449293 100.50006453858741
      vertex 104.75469898115757 -26.187379158763083 100.1424179888058
    endloop
  endfacet
  facet normal -0.32143946530317186 0.2926175024996562 0.9005840701325305
    outer loop
      vertex 105.51725667078449 -41.28807701117175 105.44433644858657
      vertex 106.32237518799118 -25.986718124818488 100.75998914952964
      vertex 105.51725667078449 -26.071172750449293 100.50006453858741
    endloop
  endfacet
  facet normal -0.19509032201612161 0.30307931947739597 0.9327822320138632
    outer loop
      vertex 106.32237518799118 -41.203622385540946 105.70426105952879
      vertex 107.15627873172724 -25.935460323930457 100.91774443947455
      vertex 106.32237518799118 -25.986718124818488 100.75998914952964
    endloop
  endfacet
  facet normal 0.9807852804032298 0.06028622494106553 0.18554192201956157
    outer loop
      vertex 114.44909058008734 -42.88161483168355 100.53993133253128
      vertex 114.28321685203652 -27.40702020427716 96.38874882176391
      vertex 114.28321685203652 -42.62392446499962 101.33302073176307
    endloop
  endfacet
  facet normal 0.946930129495108 0.09933025744147068 0.30570709807099494
    outer loop
      vertex 114.28321685203652 -42.62392446499962 101.33302073176307
      vertex 114.00991594248094 -27.15822489997433 97.15446203394325
      vertex 114.00991594248094 -42.37512916069679 102.09873394394239
    endloop
  endfacet
  facet normal 0.8968727415326885 0.1366747216975076 0.4206415409164297
    outer loop
      vertex 114.00991594248094 -42.37512916069679 102.09873394394239
      vertex 113.63386410575643 -26.922581614688315 97.8796974937139
      vertex 113.63386410575643 -42.13948587541077 102.82396940371305
    endloop
  endfacet
  facet normal 0.8314696123025397 0.17168064357190888 0.5283786903729177
    outer loop
      vertex 113.63386410575643 -42.13948587541077 102.82396940371305
      vertex 113.1614956930506 -26.704122270363023 98.55204622128596
      vertex 113.1614956930506 -41.921026531085474 103.49631813128511
    endloop
  endfacet
  facet normal 0.7518398074789788 0.2037490620359227 0.6270751339428584
    outer loop
      vertex 112.60089305887013 -41.72348902767068 104.10427605351953
      vertex 113.1614956930506 -41.921026531085474 103.49631813128511
      vertex 112.60089305887013 -26.506584766948226 99.16000414352037
    endloop
  endfacet
  facet normal -0.06540312923014609 0.30835536526941454 0.9490202312893391
    outer loop
      vertex 107.15627873172724 -41.152364584652915 105.8620163494737
      vertex 108.00469898115757 -41.135180643692195 105.9149030816723
      vertex 108.00469898115757 -25.918276382969736 100.97063117167315
    endloop
  endfacet
  facet normal 0.06540312923014609 0.30835536526941454 0.9490202312893391
    outer loop
      vertex 108.00469898115757 -41.135180643692195 105.9149030816723
      vertex 108.85311923058791 -41.152364584652915 105.8620163494737
      vertex 108.85311923058791 -25.935460323930457 100.91774443947455
    endloop
  endfacet
  facet normal 0.19509032201613657 0.303079319477395 0.9327822320138605
    outer loop
      vertex 108.85311923058791 -41.152364584652915 105.8620163494737
      vertex 109.68702277432396 -41.203622385540946 105.70426105952879
      vertex 109.68702277432396 -25.986718124818488 100.75998914952964
    endloop
  endfacet
  facet normal 0.32143946530315776 0.2926175024996577 0.900584070132535
    outer loop
      vertex 109.68702277432396 -41.203622385540946 105.70426105952879
      vertex 110.49214129153066 -41.28807701117175 105.44433644858657
      vertex 110.49214129153066 -26.071172750449293 100.50006453858741
    endloop
  endfacet
  facet normal 0.5555702330195983 0.2569382405078362 0.7907745928817431
    outer loop
      vertex 111.96164826971426 -41.550253286617554 104.6374408418091
      vertex 111.96164826971426 -26.3333490258951 99.69316893180994
      vertex 111.25469898115757 -41.40428341948554 105.08668989880496
    endloop
  endfacet
  facet normal 0.6593458151000756 0.2323312775585909 0.7150421481129694
    outer loop
      vertex 111.96164826971426 -41.550253286617554 104.6374408418091
      vertex 112.60089305887013 -41.72348902767068 104.10427605351953
      vertex 112.60089305887013 -26.506584766948226 99.16000414352037
    endloop
  endfacet
  facet normal 0.4422886902189982 0.27714891892525095 0.8529766651221636
    outer loop
      vertex 110.49214129153066 -41.28807701117175 105.44433644858657
      vertex 111.25469898115757 -41.40428341948554 105.08668989880496
      vertex 111.25469898115757 -26.187379158763083 100.1424179888058
    endloop
  endfacet
  facet normal 0.44228869021899925 0.27714891892525073 0.8529766651221632
    outer loop
      vertex 110.49214129153066 -41.28807701117175 105.44433644858657
      vertex 111.25469898115757 -26.187379158763083 100.1424179888058
      vertex 110.49214129153066 -26.071172750449293 100.50006453858741
    endloop
  endfacet
  facet normal -0.06540312923014606 0.30835536526941454 0.9490202312893391
    outer loop
      vertex 107.15627873172724 -41.152364584652915 105.8620163494737
      vertex 108.00469898115757 -25.918276382969736 100.97063117167315
      vertex 107.15627873172724 -25.935460323930457 100.91774443947455
    endloop
  endfacet
  facet normal 0.06540312923014652 0.30835536526941454 0.9490202312893391
    outer loop
      vertex 108.00469898115757 -41.135180643692195 105.9149030816723
      vertex 108.85311923058791 -25.935460323930457 100.91774443947455
      vertex 108.00469898115757 -25.918276382969736 100.97063117167315
    endloop
  endfacet
  facet normal 0.19509032201612125 0.3030793194773967 0.932782232013863
    outer loop
      vertex 108.85311923058791 -41.152364584652915 105.8620163494737
      vertex 109.68702277432396 -25.986718124818488 100.75998914952964
      vertex 108.85311923058791 -25.935460323930457 100.91774443947455
    endloop
  endfacet
  facet normal 0.3214394653031725 0.2926175024996554 0.9005840701325306
    outer loop
      vertex 109.68702277432396 -41.203622385540946 105.70426105952879
      vertex 110.49214129153066 -26.071172750449293 100.50006453858741
      vertex 109.68702277432396 -25.986718124818488 100.75998914952964
    endloop
  endfacet
  facet normal 0.8314696123025394 0.17168064357190896 0.5283786903729181
    outer loop
      vertex 113.63386410575643 -42.13948587541077 102.82396940371305
      vertex 113.63386410575643 -26.922581614688315 97.8796974937139
      vertex 113.1614956930506 -26.704122270363023 98.55204622128596
    endloop
  endfacet
  facet normal 0.7518398074789724 0.20374906203592444 0.6270751339428655
    outer loop
      vertex 113.1614956930506 -41.921026531085474 103.49631813128511
      vertex 113.1614956930506 -26.704122270363023 98.55204622128596
      vertex 112.60089305887013 -26.506584766948226 99.16000414352037
    endloop
  endfacet
  facet normal 0.5555702330195981 0.25693824050783626 0.7907745928817432
    outer loop
      vertex 111.25469898115757 -41.40428341948554 105.08668989880496
      vertex 111.96164826971426 -26.3333490258951 99.69316893180994
      vertex 111.25469898115757 -26.187379158763083 100.1424179888058
    endloop
  endfacet
  facet normal 0.6593458151000754 0.232331277558591 0.7150421481129697
    outer loop
      vertex 111.96164826971426 -41.550253286617554 104.6374408418091
      vertex 112.60089305887013 -26.506584766948226 99.16000414352037
      vertex 111.96164826971426 -26.3333490258951 99.69316893180994
    endloop
  endfacet
  facet normal -2.9615295290171314e-17 0.9510565162951535 -0.3090169943749476
    outer loop
      vertex 102.55256267025986 -29.01306376456256 91.44585499628721
      vertex 102.74917683432079 -27.16958191903432 97.11950872335092
      vertex 113.88143065462987 -28.776060819063993 92.17527505991019
    endloop
  endfacet
  facet normal 9.988475246340923e-16 0.9510565162951542 -0.3090169943749457
    outer loop
      vertex 113.88143065462987 -28.776060819063993 92.17527505991019
      vertex 102.74917683432079 -27.16958191903432 97.11950872335092
      vertex 102.84790226926455 -26.704122270363023 98.55204622128596
    endloop
  endfacet
  facet normal -5.344546209877649e-15 0.9510565162951536 -0.3090169943749473
    outer loop
      vertex 102.74917683432079 -27.16958191903432 97.11950872335092
      vertex 102.12491221991398 -27.079627266524838 97.39636067647169
      vertex 102.37553385655872 -26.922581614688315 97.8796974937139
    endloop
  endfacet
  facet normal -1.2030315905202373e-15 0.9510565162951542 -0.3090169943749454
    outer loop
      vertex 102.74917683432079 -27.16958191903432 97.11950872335092
      vertex 102.37553385655872 -26.922581614688315 97.8796974937139
      vertex 102.84790226926455 -26.704122270363023 98.55204622128596
    endloop
  endfacet
  facet normal -2.998714830569962e-15 0.9510565162951522 -0.3090169943749518
    outer loop
      vertex 113.88143065462987 -28.776060819063993 92.17527505991019
      vertex 102.84790226926455 -26.704122270363023 98.55204622128596
      vertex 103.40850490344502 -26.506584766948226 99.16000414352037
    endloop
  endfacet
  facet normal 1.45311919441404e-15 0.9510565162951541 -0.3090169943749458
    outer loop
      vertex 113.88143065462987 -28.776060819063993 92.17527505991019
      vertex 103.40850490344502 -26.506584766948226 99.16000414352037
      vertex 104.04774969260089 -26.3333490258951 99.69316893180994
    endloop
  endfacet
  facet normal 7.654713171116812e-13 0.9510565162951478 -0.30901699437496527
    outer loop
      vertex 113.88143065462987 -28.776060819063993 92.17527505991019
      vertex 114.00991594248094 -27.15822489997433 97.15446203394325
      vertex 113.88448574240115 -28.774146426288958 92.18116695503761
    endloop
  endfacet
  facet normal -3.403213813613334e-14 0.9510565162951536 -0.309016994374947
    outer loop
      vertex 113.88448574240115 -28.774146426288958 92.18116695503761
      vertex 114.00991594248094 -27.15822489997433 97.15446203394325
      vertex 114.00991594248094 -28.69554879283946 92.42306559756605
    endloop
  endfacet
  facet normal -1.4873723311254444e-14 0.951056516295154 -0.3090169943749463
    outer loop
      vertex 114.00991594248094 -28.69554879283946 92.42306559756605
      vertex 114.28321685203652 -27.40702020427716 96.38874882176391
      vertex 114.28321685203652 -28.44675348853663 93.18877880974537
    endloop
  endfacet
  facet normal 2.3985218182023577e-14 0.9510565162951538 -0.3090169943749474
    outer loop
      vertex 114.28321685203652 -28.44675348853663 93.18877880974537
      vertex 114.44909058008734 -27.66471057096109 95.59565942253212
      vertex 114.44909058008734 -28.189063121852698 93.98186820897718
    endloop
  endfacet
  facet normal 1.5347430095903804e-16 0.9510565162951536 -0.30901699437494734
    outer loop
      vertex 114.44909058008734 -28.189063121852698 93.98186820897718
      vertex 114.44909058008734 -27.66471057096109 95.59565942253212
      vertex 114.50469898115757 -27.926886846406894 94.78876381575465
    endloop
  endfacet
  facet normal 8.00601469463821e-15 0.9510565162951539 -0.3090169943749463
    outer loop
      vertex 114.28321685203652 -28.44675348853663 93.18877880974537
      vertex 114.28321685203652 -27.40702020427716 96.38874882176391
      vertex 114.44909058008734 -27.66471057096109 95.59565942253212
    endloop
  endfacet
  facet normal -3.3643206964109685e-15 0.9510565162951538 -0.30901699437494706
    outer loop
      vertex 114.00991594248094 -28.69554879283946 92.42306559756605
      vertex 114.00991594248094 -27.15822489997433 97.15446203394325
      vertex 114.28321685203652 -27.40702020427716 96.38874882176391
    endloop
  endfacet
  facet normal -3.4036837632636917e-15 0.9510565162951536 -0.3090169943749473
    outer loop
      vertex 113.88143065462987 -28.776060819063993 92.17527505991019
      vertex 113.63386410575643 -26.922581614688315 97.8796974937139
      vertex 114.00991594248094 -27.15822489997433 97.15446203394325
    endloop
  endfacet
  facet normal -1.1678789474884198e-16 0.9510565162951536 -0.30901699437494723
    outer loop
      vertex 113.88143065462987 -28.776060819063993 92.17527505991019
      vertex 104.04774969260089 -26.3333490258951 99.69316893180994
      vertex 104.75469898115757 -26.187379158763083 100.1424179888058
    endloop
  endfacet
  facet normal -2.8124970192021196e-15 0.9510565162951525 -0.30901699437495034
    outer loop
      vertex 113.88143065462987 -28.776060819063993 92.17527505991019
      vertex 104.75469898115757 -26.187379158763083 100.1424179888058
      vertex 105.51725667078449 -26.071172750449293 100.50006453858741
    endloop
  endfacet
  facet normal 2.212811275246512e-15 0.9510565162951541 -0.3090169943749457
    outer loop
      vertex 113.88143065462987 -28.776060819063993 92.17527505991019
      vertex 105.51725667078449 -26.071172750449293 100.50006453858741
      vertex 106.32237518799118 -25.986718124818488 100.75998914952964
    endloop
  endfacet
  facet normal 6.358023081307015e-16 0.9510565162951538 -0.309016994374947
    outer loop
      vertex 113.88143065462987 -28.776060819063993 92.17527505991019
      vertex 106.32237518799118 -25.986718124818488 100.75998914952964
      vertex 107.15627873172724 -25.935460323930457 100.91774443947455
    endloop
  endfacet
  facet normal 2.440508229829375e-16 0.9510565162951536 -0.3090169943749473
    outer loop
      vertex 113.88143065462987 -28.776060819063993 92.17527505991019
      vertex 107.15627873172724 -25.935460323930457 100.91774443947455
      vertex 108.00469898115757 -25.918276382969736 100.97063117167315
    endloop
  endfacet
  facet normal -7.020599545826189e-16 0.9510565162951534 -0.30901699437494795
    outer loop
      vertex 113.88143065462987 -28.776060819063993 92.17527505991019
      vertex 108.00469898115757 -25.918276382969736 100.97063117167315
      vertex 108.85311923058791 -25.935460323930457 100.91774443947455
    endloop
  endfacet
  facet normal -7.822382247760172e-16 0.9510565162951534 -0.3090169943749478
    outer loop
      vertex 113.88143065462987 -28.776060819063993 92.17527505991019
      vertex 108.85311923058791 -25.935460323930457 100.91774443947455
      vertex 109.68702277432396 -25.986718124818488 100.75998914952964
    endloop
  endfacet
  facet normal -3.658427341188123e-16 0.9510565162951536 -0.3090169943749475
    outer loop
      vertex 113.88143065462987 -28.776060819063993 92.17527505991019
      vertex 111.25469898115757 -26.187379158763083 100.1424179888058
      vertex 111.96164826971426 -26.3333490258951 99.69316893180994
    endloop
  endfacet
  facet normal 5.309307673215445e-15 0.9510565162951541 -0.3090169943749459
    outer loop
      vertex 113.88143065462987 -28.776060819063993 92.17527505991019
      vertex 110.49214129153066 -26.071172750449293 100.50006453858741
      vertex 111.25469898115757 -26.187379158763083 100.1424179888058
    endloop
  endfacet
  facet normal -1.5529179780122957e-15 0.9510565162951536 -0.30901699437494723
    outer loop
      vertex 113.88143065462987 -28.776060819063993 92.17527505991019
      vertex 113.1614956930506 -26.704122270363023 98.55204622128596
      vertex 113.63386410575643 -26.922581614688315 97.8796974937139
    endloop
  endfacet
  facet normal 9.584361029574096e-15 0.9510565162951541 -0.3090169943749461
    outer loop
      vertex 113.88143065462987 -28.776060819063993 92.17527505991019
      vertex 112.60089305887013 -26.506584766948226 99.16000414352037
      vertex 113.1614956930506 -26.704122270363023 98.55204622128596
    endloop
  endfacet
  facet normal -3.1912073003879955e-15 0.9510565162951533 -0.30901699437494823
    outer loop
      vertex 113.88143065462987 -28.776060819063993 92.17527505991019
      vertex 111.96164826971426 -26.3333490258951 99.69316893180994
      vertex 112.60089305887013 -26.506584766948226 99.16000414352037
    endloop
  endfacet
  facet normal -3.646619813100511e-15 0.9510565162951529 -0.3090169943749493
    outer loop
      vertex 113.88143065462987 -28.776060819063993 92.17527505991019
      vertex 109.68702277432396 -25.986718124818488 100.75998914952964
      vertex 110.49214129153066 -26.071172750449293 100.50006453858741
    endloop
  endfacet
  facet normal -0.7017979028839912 -0.2201363203444608 -0.6775099290584846
    outer loop
      vertex -85.24735061731909 -16.16949318338539 46.836533317530055
      vertex -91.0498831001848 0.8138664574158767 47.32885204995411
      vertex -85.24735061731909 -0.9525889226629332 41.892261407530896
    endloop
  endfacet
  facet normal -0.7017979028839912 -0.2201363203444608 -0.6775099290584846
    outer loop
      vertex -91.0498831001848 -14.40303780330658 52.27312395995327
      vertex -91.0498831001848 0.8138664574158767 47.32885204995411
      vertex -85.24735061731909 -16.16949318338539 46.836533317530055
    endloop
  endfacet
  facet normal -0.7464722953651508 -0.20562500539323225 -0.6328486939303235
    outer loop
      vertex -91.0498831001848 -14.40303780330658 52.27312395995327
      vertex -96.46991452079125 2.6927691968068146 53.11152007893108
      vertex -91.0498831001848 0.8138664574158767 47.32885204995411
    endloop
  endfacet
  facet normal 5.16633055487018e-17 -0.9510565162951536 0.3090169943749471
    outer loop
      vertex -65.795925196461 -20.72251317514793 32.82377864445266
      vertex -58.7216485150757 -21.970148962499856 28.98395052132895
      vertex -52.647156347525886 -18.418462101941415 39.91491870127133
    endloop
  endfacet
  facet normal -0.6038044103254766 -0.24632749150059374 -0.7581180653450544
    outer loop
      vertex -79.08669354323307 -17.81608031533478 41.7688592090048
      vertex -79.08669354323307 -2.5991760546123217 36.82458729900564
      vertex -72.59379283235323 -19.335881877510523 37.091390961323285
    endloop
  endfacet
  facet normal -0.6038044103254766 -0.24632749150059374 -0.7581180653450544
    outer loop
      vertex -72.59379283235323 -19.335881877510523 37.091390961323285
      vertex -79.08669354323307 -2.5991760546123217 36.82458729900564
      vertex -72.59379283235323 -4.118977616788065 32.147119051324125
    endloop
  endfacet
  facet normal 1.6010369390801971e-16 0.9510565162951538 -0.3090169943749473
    outer loop
      vertex -72.59379283235323 -4.118977616788065 32.147119051324125
      vertex -79.08669354323307 -2.5991760546123217 36.82458729900564
      vertex -70.90552845958518 0.5227909649884808 46.433013798835134
    endloop
  endfacet
  facet normal -0.5508969814521039 -0.2578973184506772 -0.7937263312772928
    outer loop
      vertex -65.795925196461 -20.72251317514793 32.82377864445266
      vertex -72.59379283235323 -4.118977616788065 32.147119051324125
      vertex -65.795925196461 -5.505608914425476 27.8795067344535
    endloop
  endfacet
  facet normal -0.4956752313140987 -0.2683837173402038 -0.8260001485038415
    outer loop
      vertex -65.795925196461 -20.72251317514793 32.82377864445266
      vertex -65.795925196461 -5.505608914425476 27.8795067344535
      vertex -58.7216485150757 -21.970148962499856 28.98395052132895
    endloop
  endfacet
  facet normal -0.4956752313140987 -0.2683837173402038 -0.8260001485038415
    outer loop
      vertex -58.7216485150757 -6.753244701777401 24.03967861132979
      vertex -58.7216485150757 -21.970148962499856 28.98395052132895
      vertex -65.795925196461 -5.505608914425476 27.8795067344535
    endloop
  endfacet
  facet normal -0.5508969814521038 -0.25789731845067715 -0.7937263312772926
    outer loop
      vertex -72.59379283235323 -19.335881877510523 37.091390961323285
      vertex -72.59379283235323 -4.118977616788065 32.147119051324125
      vertex -65.795925196461 -20.72251317514793 32.82377864445266
    endloop
  endfacet
  facet normal 4.910142472452196e-16 -0.9510565162951536 0.309016994374947
    outer loop
      vertex -72.59379283235323 -19.335881877510523 37.091390961323285
      vertex -65.795925196461 -20.72251317514793 32.82377864445266
      vertex -58.9896307144526 -17.299888662290414 43.35753376160672
    endloop
  endfacet
  facet normal -2.835143756527675e-17 -0.9510565162951536 0.30901699437494734
    outer loop
      vertex -65.795925196461 -20.72251317514793 32.82377864445266
      vertex -52.647156347525886 -18.418462101941415 39.91491870127133
      vertex -58.9896307144526 -17.299888662290414 43.35753376160672
    endloop
  endfacet
  facet normal -9.646538789572857e-17 0.9510565162951536 -0.30901699437494723
    outer loop
      vertex -58.7216485150757 -6.753244701777401 24.03967861132979
      vertex -65.795925196461 -5.505608914425476 27.8795067344535
      vertex -58.9896307144526 -2.082984401567959 38.41326185160756
    endloop
  endfacet
  facet normal -2.643105483382647e-16 0.9510565162951535 -0.3090169943749474
    outer loop
      vertex -72.59379283235323 -4.118977616788065 32.147119051324125
      vertex -65.08428931663276 -0.8397939161314447 42.239408742208425
      vertex -65.795925196461 -5.505608914425476 27.8795067344535
    endloop
  endfacet
  facet normal 2.5994118074311523e-16 0.9510565162951535 -0.3090169943749474
    outer loop
      vertex -65.795925196461 -5.505608914425476 27.8795067344535
      vertex -65.08428931663276 -0.8397939161314447 42.239408742208425
      vertex -58.9896307144526 -2.082984401567959 38.41326185160756
    endloop
  endfacet
  facet normal -0.6541752535330342 -0.233722841396932 -0.7193249412291604
    outer loop
      vertex -79.08669354323307 -17.81608031533478 41.7688592090048
      vertex -85.24735061731909 -16.16949318338539 46.836533317530055
      vertex -85.24735061731909 -0.9525889226629332 41.892261407530896
    endloop
  endfacet
  facet normal 1.9906876592757988e-16 -0.9510565162951534 0.3090169943749478
    outer loop
      vertex -79.08669354323307 -17.81608031533478 41.7688592090048
      vertex -72.59379283235323 -19.335881877510523 37.091390961323285
      vertex -65.08428931663276 -16.0566981768539 47.183680652207585
    endloop
  endfacet
  facet normal 1.323945307294908e-16 -0.9510565162951535 0.3090169943749477
    outer loop
      vertex -91.0498831001848 -14.40303780330658 52.27312395995327
      vertex -85.24735061731909 -16.16949318338539 46.836533317530055
      vertex -76.4288930854885 -13.217858245549058 55.92073157346023
    endloop
  endfacet
  facet normal 1.9469774245931253e-17 -0.9510565162951536 0.3090169943749473
    outer loop
      vertex -79.08669354323307 -17.81608031533478 41.7688592090048
      vertex -70.90552845958518 -14.694113295733976 51.37728570883429
      vertex -85.24735061731909 -16.16949318338539 46.836533317530055
    endloop
  endfacet
  facet normal 5.753589927984656e-16 -0.9510565162951538 0.30901699437494684
    outer loop
      vertex -79.08669354323307 -17.81608031533478 41.7688592090048
      vertex -65.08428931663276 -16.0566981768539 47.183680652207585
      vertex -70.90552845958518 -14.694113295733976 51.37728570883429
    endloop
  endfacet
  facet normal -1.9893656578211697e-16 -0.9510565162951533 0.3090169943749479
    outer loop
      vertex -85.24735061731909 -16.16949318338539 46.836533317530055
      vertex -70.90552845958518 -14.694113295733976 51.37728570883429
      vertex -76.4288930854885 -13.217858245549058 55.92073157346023
    endloop
  endfacet
  facet normal -0.6541752535330342 -0.233722841396932 -0.7193249412291605
    outer loop
      vertex -79.08669354323307 -17.81608031533478 41.7688592090048
      vertex -85.24735061731909 -0.9525889226629332 41.892261407530896
      vertex -79.08669354323307 -2.5991760546123217 36.82458729900564
    endloop
  endfacet
  facet normal -1.6750576006291827e-16 0.9510565162951536 -0.30901699437494745
    outer loop
      vertex -79.08669354323307 -2.5991760546123217 36.82458729900564
      vertex -85.24735061731909 -0.9525889226629332 41.892261407530896
      vertex -76.4288930854885 1.9990460151733984 50.97645966346107
    endloop
  endfacet
  facet normal 0.6541752535330364 0.23372284139693147 0.7193249412291586
    outer loop
      vertex -76.4288930854885 -13.217858245549058 55.92073157346023
      vertex -70.90552845958518 -14.694113295733976 51.37728570883429
      vertex -70.90552845958518 0.5227909649884808 46.433013798835134
    endloop
  endfacet
  facet normal 0.6541752535330364 0.2337228413969314 0.7193249412291585
    outer loop
      vertex -76.4288930854885 -13.217858245549058 55.92073157346023
      vertex -70.90552845958518 0.5227909649884808 46.433013798835134
      vertex -76.4288930854885 1.9990460151733984 50.97645966346107
    endloop
  endfacet
  facet normal 5.63450018005181e-17 -0.9510565162951534 0.3090169943749478
    outer loop
      vertex -72.59379283235323 -19.335881877510523 37.091390961323285
      vertex -58.9896307144526 -17.299888662290414 43.35753376160672
      vertex -65.08428931663276 -16.0566981768539 47.183680652207585
    endloop
  endfacet
  facet normal 0.5508969814521004 0.2578973184506778 0.7937263312772946
    outer loop
      vertex -58.9896307144526 -17.299888662290414 43.35753376160672
      vertex -58.9896307144526 -2.082984401567959 38.41326185160756
      vertex -65.08428931663276 -16.0566981768539 47.183680652207585
    endloop
  endfacet
  facet normal 0.603804410325478 0.24632749150059347 0.7581180653450535
    outer loop
      vertex -65.08428931663276 -16.0566981768539 47.183680652207585
      vertex -65.08428931663276 -0.8397939161314447 42.239408742208425
      vertex -70.90552845958518 -14.694113295733976 51.37728570883429
    endloop
  endfacet
  facet normal -5.918237862500337e-16 0.9510565162951538 -0.3090169943749471
    outer loop
      vertex -72.59379283235323 -4.118977616788065 32.147119051324125
      vertex -70.90552845958518 0.5227909649884808 46.433013798835134
      vertex -65.08428931663276 -0.8397939161314447 42.239408742208425
    endloop
  endfacet
  facet normal 0.5508969814521004 0.2578973184506778 0.7937263312772946
    outer loop
      vertex -65.08428931663276 -16.0566981768539 47.183680652207585
      vertex -58.9896307144526 -2.082984401567959 38.41326185160756
      vertex -65.08428931663276 -0.8397939161314447 42.239408742208425
    endloop
  endfacet
  facet normal 0.6038044103254782 0.24632749150059344 0.7581180653450534
    outer loop
      vertex -70.90552845958518 -14.694113295733976 51.37728570883429
      vertex -65.08428931663276 -0.8397939161314447 42.239408742208425
      vertex -70.90552845958518 0.5227909649884808 46.433013798835134
    endloop
  endfacet
  facet normal -0.4383711467890762 -0.2777426347494662 -0.8548039345401114
    outer loop
      vertex -58.7216485150757 -6.753244701777401 24.03967861132979
      vertex -51.40068186364492 -23.073547914726255 25.58803773112534
      vertex -58.7216485150757 -21.970148962499856 28.98395052132895
    endloop
  endfacet
  facet normal -0.3792254626529268 -0.28593475381468797 -0.880016684521724
    outer loop
      vertex -51.40068186364492 -23.073547914726255 25.58803773112534
      vertex -51.40068186364492 -7.8566436540038005 20.64376582112618
      vertex -49.08120278010395 -23.36730323017754 24.683951832803203
    endloop
  endfacet
  facet normal -0.4383711467890762 -0.2777426347494662 -0.8548039345401114
    outer loop
      vertex -58.7216485150757 -6.753244701777401 24.03967861132979
      vertex -51.40068186364492 -7.8566436540038005 20.64376582112618
      vertex -51.40068186364492 -23.073547914726255 25.58803773112534
    endloop
  endfacet
  facet normal -0.3792254626529267 -0.28593475381468797 -0.880016684521724
    outer loop
      vertex -49.08120278010395 -23.36730323017754 24.683951832803203
      vertex -51.40068186364492 -7.8566436540038005 20.64376582112618
      vertex -49.08120278010395 -8.150398969455086 19.739679922804044
    endloop
  endfacet
  facet normal 8.743884410432859e-16 0.9510565162951534 -0.30901699437494784
    outer loop
      vertex -51.40068186364492 -7.8566436540038005 20.64376582112618
      vertex -45.45091664490176 -5.507556408761747 27.87351296319602
      vertex -49.08120278010395 -8.150398969455086 19.739679922804044
    endloop
  endfacet
  facet normal 6.644723687133939e-16 0.9510565162951534 -0.30901699437494773
    outer loop
      vertex -38.319041119064764 -6.491231656324789 24.846071847844456
      vertex -38.56236703947754 -6.142237729760968 25.920164710204077
      vertex -34.70814174578414 -5.526073574772592 27.816522986209307
    endloop
  endfacet
  facet normal 2.2050497123178854e-15 0.9510565162951522 -0.30901699437495167
    outer loop
      vertex -31.341037037324355 -6.920301470678904 23.525530743907964
      vertex -31.5962032512864 -6.64299769336758 24.378984014135526
      vertex -27.775749477877177 -6.14470687410002 25.912565465320867
    endloop
  endfacet
  facet normal 4.89455970041364e-16 0.9510565162951533 -0.3090169943749478
    outer loop
      vertex -31.5962032512864 -6.64299769336758 24.378984014135526
      vertex -31.674976987020056 -5.825065339499925 26.896320954157005
      vertex -27.775749477877177 -6.14470687410002 25.912565465320867
    endloop
  endfacet
  facet normal 0.12929009274002887 0.3064233570065959 0.9430741212651754
    outer loop
      vertex -17.76327607925068 -6.796861237022096 23.905440718858586
      vertex -17.76327607925068 -22.01376549774455 28.849712628857745
      vertex -13.33302522274964 -6.975360499978397 23.356076475860064
    endloop
  endfacet
  facet normal 1.6142848283526493e-17 0.9510565162951539 -0.30901699437494645
    outer loop
      vertex -24.57908462616363 -7.009298916160457 23.25162477109872
      vertex -24.7687094285817 -6.379041029926011 25.191359091737354
      vertex -20.671151557215435 -6.628446267208357 24.423768698868187
    endloop
  endfacet
  facet normal 1.1866624333682903e-15 0.9510565162951528 -0.30901699437495
    outer loop
      vertex -24.338964440699606 -7.217826785760838 22.609841979787404
      vertex -24.57908462616363 -7.009298916160457 23.25162477109872
      vertex -20.671151557215435 -6.628446267208357 24.423768698868187
    endloop
  endfacet
  facet normal 2.1852837990086132e-15 0.9510565162951519 -0.30901699437495245
    outer loop
      vertex -17.33781395217641 -7.3844403749689 22.097058079212076
      vertex -17.537598506691833 -7.241099764967 22.538215114823572
      vertex -13.33302522274964 -6.975360499978397 23.356076475860064
    endloop
  endfacet
  facet normal 4.986001013284585e-16 0.9510565162951545 -0.3090169943749447
    outer loop
      vertex -17.537598506691833 -7.241099764967 22.538215114823572
      vertex -17.76327607925068 -6.796861237022096 23.905440718858586
      vertex -13.33302522274964 -6.975360499978397 23.356076475860064
    endloop
  endfacet
  facet normal 0.06478111929015254 0.30836790332408626 0.9490588194537902
    outer loop
      vertex -10.686633432724093 -7.076885918981677 23.043613365188847
      vertex -10.686633432724093 -22.293790179704132 27.987885275188006
      vertex -5.343889795208395 -7.184064584060426 22.713751352139568
    endloop
  endfacet
  facet normal 0.06478111929015248 0.30836790332408626 0.9490588194537902
    outer loop
      vertex -5.343889795208395 -7.184064584060426 22.713751352139568
      vertex -10.686633432724093 -22.293790179704132 27.987885275188006
      vertex -5.343889795208395 -22.40096884478288 27.658023262138727
    endloop
  endfacet
  facet normal -1.8944783211809132e-15 0.3090169943749475 0.9510565162951535
    outer loop
      vertex -3.5670310469932986 -7.218017708460241 22.609254380138566
      vertex -3.5670310469932986 -22.434921969182696 27.553526290137725
      vertex 3.56703104699354 -7.218017708460241 22.60925438013858
    endloop
  endfacet
  facet normal -4.281110407121024e-16 0.9510565162951556 -0.30901699437494123
    outer loop
      vertex -10.362269891405631 -7.421211687775024 21.983887615148348
      vertex -10.49816566375028 -7.3388499096749875 22.237371103699317
      vertex -5.343889795208395 -7.184064584060426 22.713751352139568
    endloop
  endfacet
  facet normal 2.863718849977098e-16 0.9510565162951532 -0.3090169943749481
    outer loop
      vertex -10.49816566375028 -7.3388499096749875 22.237371103699317
      vertex -10.686633432724093 -7.076885918981677 23.043613365188847
      vertex -5.343889795208395 -7.184064584060426 22.713751352139568
    endloop
  endfacet
  facet normal 6.158825727291746e-16 0.9510565162951521 -0.3090169943749522
    outer loop
      vertex -3.486947135573454 -7.303484184581041 22.346215613601203
      vertex -3.5670310469932986 -7.218017708460241 22.609254380138566
      vertex 3.56703104699354 -7.218017708460241 22.60925438013858
    endloop
  endfacet
  facet normal -4.010811698262557e-16 -0.9510565162951538 0.3090169943749469
    outer loop
      vertex -51.40068186364492 -23.073547914726255 25.58803773112534
      vertex -46.08351098573148 -19.40771936260306 36.87029791610192
      vertex -58.7216485150757 -21.970148962499856 28.98395052132895
    endloop
  endfacet
  facet normal -9.387502672784822e-16 -0.9510565162951535 0.3090169943749477
    outer loop
      vertex -51.40068186364492 -23.073547914726255 25.58803773112534
      vertex -49.08120278010395 -23.36730323017754 24.683951832803203
      vertex -44.023676246886474 -19.685431918653904 36.01558655427736
    endloop
  endfacet
  facet normal 1.4964534896195774e-15 -0.9510565162951539 0.3090169943749462
    outer loop
      vertex -51.40068186364492 -23.073547914726255 25.58803773112534
      vertex -44.023676246886474 -19.685431918653904 36.01558655427736
      vertex -46.08351098573148 -19.40771936260306 36.87029791610192
    endloop
  endfacet
  facet normal -8.580708769486943e-16 -0.9510565162951534 0.3090169943749476
    outer loop
      vertex -58.7216485150757 -21.970148962499856 28.98395052132895
      vertex -46.08351098573148 -19.40771936260306 36.87029791610192
      vertex -52.647156347525886 -18.418462101941415 39.91491870127133
    endloop
  endfacet
  facet normal -1.596852404507673e-14 -0.9510565162951666 0.3090169943749074
    outer loop
      vertex -44.023676246886474 -19.685431918653904 36.01558655427736
      vertex -41.47068477259132 -19.99192045714119 35.072311825042135
      vertex -46.08351098573148 -19.40771936260306 36.87029791610192
    endloop
  endfacet
  facet normal 1.2413287018272828e-14 -0.9510565162951384 0.30901699437499397
    outer loop
      vertex -31.674976987020056 -21.04196960022238 31.840592864156164
      vertex -30.910626392686762 -21.117314842319686 31.60870405294881
      vertex -27.775749477877177 -21.361611134822475 30.856837375320026
    endloop
  endfacet
  facet normal 9.005211230596221e-15 -0.9510565162951452 0.30901699437497343
    outer loop
      vertex -37.538715395464564 -20.4639563256139 33.61953480368746
      vertex -34.70814174578414 -20.742977835495047 32.760794896208466
      vertex -38.45452883015512 -20.354012236904076 33.957907915519414
    endloop
  endfacet
  facet normal 0.4956752313140989 0.2683837173402037 0.8260001485038415
    outer loop
      vertex -58.9896307144526 -17.299888662290414 43.35753376160672
      vertex -52.647156347525886 -18.418462101941415 39.91491870127133
      vertex -52.647156347525886 -3.2015578412189605 34.97064679127217
    endloop
  endfacet
  facet normal 0.3792254626529289 0.2859347538146877 0.8800166845217231
    outer loop
      vertex -46.08351098573148 -19.40771936260306 36.87029791610192
      vertex -41.47068477259132 -19.99192045714119 35.072311825042135
      vertex -41.47068477259132 -4.775016196418736 30.128039915042976
    endloop
  endfacet
  facet normal 0.4383711467890771 0.2777426347494659 0.8548039345401108
    outer loop
      vertex -52.647156347525886 -18.418462101941415 39.91491870127133
      vertex -46.08351098573148 -19.40771936260306 36.87029791610192
      vertex -46.08351098573148 -4.190815101880602 31.92602600610276
    endloop
  endfacet
  facet normal 2.1529105464631838e-16 0.9510565162951536 -0.3090169943749473
    outer loop
      vertex -58.7216485150757 -6.753244701777401 24.03967861132979
      vertex -52.647156347525886 -3.2015578412189605 34.97064679127217
      vertex -51.40068186364492 -7.8566436540038005 20.64376582112618
    endloop
  endfacet
  facet normal 8.170079646717087e-17 0.9510565162951536 -0.30901699437494723
    outer loop
      vertex -58.7216485150757 -6.753244701777401 24.03967861132979
      vertex -58.9896307144526 -2.082984401567959 38.41326185160756
      vertex -52.647156347525886 -3.2015578412189605 34.97064679127217
    endloop
  endfacet
  facet normal -5.785122154672204e-16 0.9510565162951539 -0.3090169943749467
    outer loop
      vertex -51.40068186364492 -7.8566436540038005 20.64376582112618
      vertex -46.08351098573148 -4.190815101880602 31.92602600610276
      vertex -45.45091664490176 -5.507556408761747 27.87351296319602
    endloop
  endfacet
  facet normal 2.4290014383877647e-16 0.9510565162951536 -0.309016994374947
    outer loop
      vertex -45.24775882193859 -5.930428192535185 26.572047435940576
      vertex -45.45091664490176 -5.507556408761747 27.87351296319602
      vertex -41.47068477259132 -4.775016196418736 30.128039915042976
    endloop
  endfacet
  facet normal 0.37922546265292906 0.28593475381468764 0.8800166845217231
    outer loop
      vertex -46.08351098573148 -19.40771936260306 36.87029791610192
      vertex -41.47068477259132 -4.775016196418736 30.128039915042976
      vertex -46.08351098573148 -4.190815101880602 31.92602600610276
    endloop
  endfacet
  facet normal 5.223282387547592e-16 0.9510565162951536 -0.3090169943749473
    outer loop
      vertex -51.40068186364492 -7.8566436540038005 20.64376582112618
      vertex -52.647156347525886 -3.2015578412189605 34.97064679127217
      vertex -46.08351098573148 -4.190815101880602 31.92602600610276
    endloop
  endfacet
  facet normal 8.108696167834545e-18 0.9510565162951538 -0.30901699437494656
    outer loop
      vertex -45.45091664490176 -5.507556408761747 27.87351296319602
      vertex -46.08351098573148 -4.190815101880602 31.92602600610276
      vertex -41.47068477259132 -4.775016196418736 30.128039915042976
    endloop
  endfacet
  facet normal 0.438371146789077 0.27774263474946603 0.8548039345401108
    outer loop
      vertex -52.647156347525886 -18.418462101941415 39.91491870127133
      vertex -46.08351098573148 -4.190815101880602 31.92602600610276
      vertex -52.647156347525886 -3.2015578412189605 34.97064679127217
    endloop
  endfacet
  facet normal 0.4956752313140989 0.2683837173402037 0.8260001485038415
    outer loop
      vertex -58.9896307144526 -17.299888662290414 43.35753376160672
      vertex -52.647156347525886 -3.2015578412189605 34.97064679127217
      vertex -58.9896307144526 -2.082984401567959 38.41326185160756
    endloop
  endfacet
  facet normal 0.3184866502516851 0.29292565939838733 0.9015324795466222
    outer loop
      vertex -38.45452883015512 -20.354012236904076 33.957907915519414
      vertex -34.70814174578414 -20.742977835495047 32.760794896208466
      vertex -34.70814174578414 -5.526073574772592 27.816522986209307
    endloop
  endfacet
  facet normal 0.3184866502516851 0.2929256593983874 0.9015324795466222
    outer loop
      vertex -38.45452883015512 -20.354012236904076 33.957907915519414
      vertex -34.70814174578414 -5.526073574772592 27.816522986209307
      vertex -38.45452883015512 -5.137107976181621 29.013636005520254
    endloop
  endfacet
  facet normal 0.25640987367202617 0.29868598266756 0.9192609316409622
    outer loop
      vertex -27.775749477877177 -6.14470687410002 25.912565465320867
      vertex -31.674976987020056 -21.04196960022238 31.840592864156164
      vertex -27.775749477877177 -21.361611134822475 30.856837375320026
    endloop
  endfacet
  facet normal 0.25640987367202617 0.29868598266756 0.9192609316409622
    outer loop
      vertex -27.775749477877177 -6.14470687410002 25.912565465320867
      vertex -31.674976987020056 -5.825065339499925 26.896320954157005
      vertex -31.674976987020056 -21.04196960022238 31.840592864156164
    endloop
  endfacet
  facet normal 3.245373652076965e-16 0.9510565162951538 -0.3090169943749472
    outer loop
      vertex -38.56236703947754 -6.142237729760968 25.920164710204077
      vertex -38.45452883015512 -5.137107976181621 29.013636005520254
      vertex -34.70814174578414 -5.526073574772592 27.816522986209307
    endloop
  endfacet
  facet normal -1.115961081629295e-15 -0.9510565162951556 0.3090169943749412
    outer loop
      vertex -24.7687094285817 -21.595945290648466 30.135631001736513
      vertex -24.164680911171473 -21.643016334067163 29.990761226329127
      vertex -20.671151557215435 -21.845350527930812 29.368040608867346
    endloop
  endfacet
  facet normal -3.882532772559874e-15 -0.9510565162951624 0.30901699437492
    outer loop
      vertex -17.76327607925068 -22.01376549774455 28.849712628857745
      vertex -17.326599988406127 -22.039056398684167 28.771875239395555
      vertex -13.33302522274964 -22.19226476070085 28.300348385859223
    endloop
  endfacet
  facet normal 8.370769085154018e-15 -0.951056516295112 0.3090169943750751
    outer loop
      vertex -10.686633432724093 -22.293790179704132 27.987885275188006
      vertex -10.422455957207323 -22.303925008943764 27.956693478085114
      vertex -5.343889795208395 -22.40096884478288 27.658023262138727
    endloop
  endfacet
  facet normal -3.8930228937475655e-21 -0.9510565162946597 0.3090169943764671
    outer loop
      vertex -3.5670310469932986 -22.434921969182696 27.553526290137725
      vertex -3.478573036757028 -22.436612270017662 27.548324079085106
      vertex 3.4785730367570236 -22.436612270017662 27.548324079085106
    endloop
  endfacet
  facet normal 0.19325591779555226 0.3031915244723059 0.9331275634794837
    outer loop
      vertex -20.671151557215435 -6.628446267208357 24.423768698868187
      vertex -24.7687094285817 -21.595945290648466 30.135631001736513
      vertex -20.671151557215435 -21.845350527930812 29.368040608867346
    endloop
  endfacet
  facet normal 0.19325591779555218 0.3031915244723059 0.9331275634794837
    outer loop
      vertex -24.7687094285817 -6.379041029926011 25.191359091737354
      vertex -24.7687094285817 -21.595945290648466 30.135631001736513
      vertex -20.671151557215435 -6.628446267208357 24.423768698868187
    endloop
  endfacet
  facet normal 0.1292900927400288 0.3064233570065959 0.9430741212651754
    outer loop
      vertex -13.33302522274964 -6.975360499978397 23.356076475860064
      vertex -17.76327607925068 -22.01376549774455 28.849712628857745
      vertex -13.33302522274964 -22.19226476070085 28.300348385859223
    endloop
  endfacet
  facet normal 1.3407161148544955e-16 -0.9510565162951535 0.30901699437494773
    outer loop
      vertex -91.0498831001848 -14.40303780330658 52.27312395995327
      vertex -81.63117950901426 -11.634134781926244 60.79493120489033
      vertex -96.46991452079125 -12.524135063915642 58.05579198893024
    endloop
  endfacet
  facet normal 1.3935938854581755e-16 -0.9510565162951536 0.3090169943749475
    outer loop
      vertex -101.4846752971767 -10.540678246007984 64.16024438410265
      vertex -96.46991452079125 -12.524135063915642 58.05579198893024
      vertex -86.49053289613711 -9.949596135891573 65.97940806352673
    endloop
  endfacet
  facet normal 1.7816696719896003e-16 -0.9510565162951535 0.30901699437494745
    outer loop
      vertex -96.46991452079125 -12.524135063915642 58.05579198893024
      vertex -81.63117950901426 -11.634134781926244 60.79493120489033
      vertex -86.49053289613711 -9.949596135891573 65.97940806352673
    endloop
  endfacet
  facet normal -0.7464722953651508 -0.20562500539323225 -0.6328486939303236
    outer loop
      vertex -91.0498831001848 -14.40303780330658 52.27312395995327
      vertex -96.46991452079125 -12.524135063915642 58.05579198893024
      vertex -96.46991452079125 2.6927691968068146 53.11152007893108
    endloop
  endfacet
  facet normal -0.7880107536067215 -0.19024985865758096 -0.5855288579403557
    outer loop
      vertex -96.46991452079125 -12.524135063915642 58.05579198893024
      vertex -101.4846752971767 4.676226014714473 59.215972474103495
      vertex -96.46991452079125 2.6927691968068146 53.11152007893108
    endloop
  endfacet
  facet normal -0.7880107536067216 -0.190249858657581 -0.5855288579403558
    outer loop
      vertex -101.4846752971767 -10.540678246007984 64.16024438410265
      vertex -101.4846752971767 4.676226014714473 59.215972474103495
      vertex -96.46991452079125 -12.524135063915642 58.05579198893024
    endloop
  endfacet
  facet normal 0.788010753606722 0.19024985865758076 0.585528857940355
    outer loop
      vertex -86.49053289613711 -9.949596135891573 65.97940806352673
      vertex -86.49053289613711 5.267308124830883 61.035136153527574
      vertex -90.9865390764136 -8.171319063609756 71.45238213342469
    endloop
  endfacet
  facet normal -0.8262387743159954 -0.17407547121394118 -0.5357492119811715
    outer loop
      vertex -101.4846752971767 -10.540678246007984 64.16024438410265
      vertex -106.07309839159618 -8.460999862640866 70.56083630721088
      vertex -106.07309839159618 6.75590439808159 65.61656439721172
    endloop
  endfacet
  facet normal -0.8609957613666317 -0.1571697917533824 -0.48371888062064766
    outer loop
      vertex -106.07309839159618 -8.460999862640866 70.56083630721088
      vertex -110.21590781326364 -6.293836654200009 77.2306788362012
      vertex -110.21590781326364 8.923067606522448 72.28640692620205
    endloop
  endfacet
  facet normal 1.0983013867611244e-16 -0.9510565162951535 0.3090169943749475
    outer loop
      vertex -106.07309839159618 -8.460999862640866 70.56083630721088
      vertex -95.10031030302493 -6.306774116892383 77.19086142026006
      vertex -110.21590781326364 -6.293836654200009 77.2306788362012
    endloop
  endfacet
  facet normal 1.0133069625458031e-16 -0.9510565162951536 0.30901699437494745
    outer loop
      vertex -110.21590781326364 -6.293836654200009 77.2306788362012
      vertex -95.10031030302493 -6.306774116892383 77.19086142026006
      vertex -98.81456460030569 -4.363794259368456 83.17073854082457
    endloop
  endfacet
  facet normal 1.4481616619477264e-16 -0.9510565162951535 0.30901699437494745
    outer loop
      vertex -101.4846752971767 -10.540678246007984 64.16024438410265
      vertex -90.9865390764136 -8.171319063609756 71.45238213342469
      vertex -106.07309839159618 -8.460999862640866 70.56083630721088
    endloop
  endfacet
  facet normal 1.4356638551913733e-16 -0.9510565162951535 0.3090169943749475
    outer loop
      vertex -101.4846752971767 -10.540678246007984 64.16024438410265
      vertex -86.49053289613711 -9.949596135891573 65.97940806352673
      vertex -90.9865390764136 -8.171319063609756 71.45238213342469
    endloop
  endfacet
  facet normal 0.8262387743159937 0.17407547121394146 0.5357492119811739
    outer loop
      vertex -90.9865390764136 -8.171319063609756 71.45238213342469
      vertex -90.9865390764136 7.0455851971127 66.50811022342555
      vertex -95.10031030302493 -6.306774116892383 77.19086142026006
    endloop
  endfacet
  facet normal 1.386050797239771e-16 -0.9510565162951535 0.30901699437494745
    outer loop
      vertex -106.07309839159618 -8.460999862640866 70.56083630721088
      vertex -90.9865390764136 -8.171319063609756 71.45238213342469
      vertex -95.10031030302493 -6.306774116892383 77.19086142026006
    endloop
  endfacet
  facet normal 0.8609957613666323 0.15716979175338172 0.4837188806206471
    outer loop
      vertex -95.10031030302493 -6.306774116892383 77.19086142026006
      vertex -95.10031030302493 8.910130143830074 72.24658951026092
      vertex -98.81456460030569 -4.363794259368456 83.17073854082457
    endloop
  endfacet
  facet normal 9.211152366235195e-17 -0.9510565162951535 0.30901699437494773
    outer loop
      vertex -91.0498831001848 -14.40303780330658 52.27312395995327
      vertex -76.4288930854885 -13.217858245549058 55.92073157346023
      vertex -81.63117950901426 -11.634134781926244 60.79493120489033
    endloop
  endfacet
  facet normal 0.7017979028839886 0.22013632034446162 0.6775099290584872
    outer loop
      vertex -81.63117950901426 -11.634134781926244 60.79493120489033
      vertex -76.4288930854885 1.9990460151733984 50.97645966346107
      vertex -81.63117950901426 3.5827694787962123 55.85065929489117
    endloop
  endfacet
  facet normal 0.7017979028839886 0.22013632034446162 0.6775099290584872
    outer loop
      vertex -76.4288930854885 -13.217858245549058 55.92073157346023
      vertex -76.4288930854885 1.9990460151733984 50.97645966346107
      vertex -81.63117950901426 -11.634134781926244 60.79493120489033
    endloop
  endfacet
  facet normal 0.7464722953651513 0.20562500539323214 0.6328486939303231
    outer loop
      vertex -86.49053289613711 -9.949596135891573 65.97940806352673
      vertex -81.63117950901426 -11.634134781926244 60.79493120489033
      vertex -81.63117950901426 3.5827694787962123 55.85065929489117
    endloop
  endfacet
  facet normal 1.1305184798016407e-16 -0.9510565162951536 0.3090169943749475
    outer loop
      vertex -110.21590781326364 -6.293836654200009 77.2306788362012
      vertex -98.81456460030569 -4.363794259368456 83.17073854082457
      vertex -113.8956995968958 -4.048292885304894 84.14175192573617
    endloop
  endfacet
  facet normal -1.3504010079840533e-14 -0.9510565162952157 0.30901699437475627
    outer loop
      vertex -113.8956995968958 -4.048292885304894 84.14175192573617
      vertex -98.81456460030569 -4.363794259368456 83.17073854082457
      vertex -113.88448574240115 -4.046677002614965 84.14672510128898
    endloop
  endfacet
  facet normal 6.327360265694856e-16 -0.9510565162951515 0.3090169943749537
    outer loop
      vertex -113.88448574240115 -4.046677002614965 84.14672510128898
      vertex -98.81456460030569 -4.363794259368456 83.17073854082457
      vertex -113.67361879046526 -4.016291709344491 84.24024141815975
    endloop
  endfacet
  facet normal 1.225748757114833e-16 -0.9510565162951538 0.3090169943749473
    outer loop
      vertex -113.67361879046526 -4.016291709344491 84.24024141815975
      vertex -98.81456460030569 -4.363794259368456 83.17073854082457
      vertex -102.124912219914 -2.3521578428508434 89.36191882272306
    endloop
  endfacet
  facet normal 3.790566073208064e-14 -0.9510565162951466 0.309016994374969
    outer loop
      vertex -98.81456460030569 -4.363794259368456 83.17073854082457
      vertex -102.11369836541935 -2.3505419601609123 89.36689199827586
      vertex -102.124912219914 -2.3521578428508434 89.36191882272306
    endloop
  endfacet
  facet normal -3.147538767703562e-16 0.9510565162951535 -0.3090169943749475
    outer loop
      vertex -91.0498831001848 0.8138664574158767 47.32885204995411
      vertex -81.63117950901426 3.5827694787962123 55.85065929489117
      vertex -85.24735061731909 -0.9525889226629332 41.892261407530896
    endloop
  endfacet
  facet normal 5.431392865459914e-16 0.9510565162951535 -0.3090169943749476
    outer loop
      vertex -79.08669354323307 -2.5991760546123217 36.82458729900564
      vertex -76.4288930854885 1.9990460151733984 50.97645966346107
      vertex -70.90552845958518 0.5227909649884808 46.433013798835134
    endloop
  endfacet
  facet normal 1.7923996206608406e-17 0.9510565162951536 -0.3090169943749477
    outer loop
      vertex -85.24735061731909 -0.9525889226629332 41.892261407530896
      vertex -81.63117950901426 3.5827694787962123 55.85065929489117
      vertex -76.4288930854885 1.9990460151733984 50.97645966346107
    endloop
  endfacet
  facet normal -0.8262387743159954 -0.1740754712139412 -0.5357492119811714
    outer loop
      vertex -101.4846752971767 -10.540678246007984 64.16024438410265
      vertex -106.07309839159618 6.75590439808159 65.61656439721172
      vertex -101.4846752971767 4.676226014714473 59.215972474103495
    endloop
  endfacet
  facet normal 1.3188432187180523e-16 0.9510565162951536 -0.30901699437494734
    outer loop
      vertex -101.4846752971767 4.676226014714473 59.215972474103495
      vertex -106.07309839159618 6.75590439808159 65.61656439721172
      vertex -95.10031030302493 8.910130143830074 72.24658951026092
    endloop
  endfacet
  facet normal -4.993305519900424e-18 0.9510565162951535 -0.3090169943749477
    outer loop
      vertex -96.46991452079125 2.6927691968068146 53.11152007893108
      vertex -86.49053289613711 5.267308124830883 61.035136153527574
      vertex -91.0498831001848 0.8138664574158767 47.32885204995411
    endloop
  endfacet
  facet normal -2.887919561570883e-16 0.9510565162951535 -0.3090169943749475
    outer loop
      vertex -91.0498831001848 0.8138664574158767 47.32885204995411
      vertex -86.49053289613711 5.267308124830883 61.035136153527574
      vertex -81.63117950901426 3.5827694787962123 55.85065929489117
    endloop
  endfacet
  facet normal 1.3955098862346902e-16 0.9510565162951535 -0.3090169943749473
    outer loop
      vertex -101.4846752971767 4.676226014714473 59.215972474103495
      vertex -90.9865390764136 7.0455851971127 66.50811022342555
      vertex -96.46991452079125 2.6927691968068146 53.11152007893108
    endloop
  endfacet
  facet normal 1.2556546464048376e-16 0.9510565162951536 -0.30901699437494723
    outer loop
      vertex -101.4846752971767 4.676226014714473 59.215972474103495
      vertex -95.10031030302493 8.910130143830074 72.24658951026092
      vertex -90.9865390764136 7.0455851971127 66.50811022342555
    endloop
  endfacet
  facet normal -5.55439696421437e-16 0.9510565162951536 -0.309016994374947
    outer loop
      vertex -96.46991452079125 2.6927691968068146 53.11152007893108
      vertex -90.9865390764136 7.0455851971127 66.50811022342555
      vertex -86.49053289613711 5.267308124830883 61.035136153527574
    endloop
  endfacet
  facet normal -0.8609957613666318 -0.15716979175338242 -0.48371888062064783
    outer loop
      vertex -106.07309839159618 -8.460999862640866 70.56083630721088
      vertex -110.21590781326364 8.923067606522448 72.28640692620205
      vertex -106.07309839159618 6.75590439808159 65.61656439721172
    endloop
  endfacet
  facet normal 2.1055188486982288e-16 0.9510565162951536 -0.3090169943749473
    outer loop
      vertex -106.07309839159618 6.75590439808159 65.61656439721172
      vertex -110.21590781326364 8.923067606522448 72.28640692620205
      vertex -98.81456460030569 10.853110001354 78.22646663082543
    endloop
  endfacet
  facet normal -0.8921357004638829 -0.13960384112877883 -0.4296564435684721
    outer loop
      vertex -110.21590781326364 -6.293836654200009 77.2306788362012
      vertex -113.8956995968958 11.168611375417562 79.197480015737
      vertex -110.21590781326364 8.923067606522448 72.28640692620205
    endloop
  endfacet
  facet normal 4.119139803131079e-13 0.9510565162952173 -0.3090169943747515
    outer loop
      vertex -110.21590781326364 8.923067606522448 72.28640692620205
      vertex -113.8956995968958 11.168611375417562 79.197480015737
      vertex -113.88448574240115 11.170227258107492 79.20245319128982
    endloop
  endfacet
  facet normal -7.0306578985982935e-16 0.9510565162951536 -0.30901699437494695
    outer loop
      vertex -110.21590781326364 8.923067606522448 72.28640692620205
      vertex -107.56523494968171 12.080812282567882 82.0049457302699
      vertex -107.98405911953094 10.009294415215457 75.62946929295494
    endloop
  endfacet
  facet normal 1.8654322836226262e-16 0.9510565162951536 -0.3090169943749471
    outer loop
      vertex -110.21590781326364 8.923067606522448 72.28640692620205
      vertex -113.88448574240115 11.170227258107492 79.20245319128982
      vertex -107.56523494968171 12.080812282567882 82.0049457302699
    endloop
  endfacet
  facet normal 3.541523728556411e-16 0.9510565162951535 -0.30901699437494756
    outer loop
      vertex -110.21590781326364 8.923067606522448 72.28640692620205
      vertex -107.98405911953094 10.009294415215457 75.62946929295494
      vertex -98.81456460030569 10.853110001354 78.22646663082543
    endloop
  endfacet
  facet normal 4.739512031223104e-16 0.9510565162951534 -0.30901699437494795
    outer loop
      vertex -107.98405911953094 10.009294415215457 75.62946929295494
      vertex -102.12146142740046 12.862584066819666 84.41099188048972
      vertex -98.81456460030569 10.853110001354 78.22646663082543
    endloop
  endfacet
  facet normal 0.8262387743159937 0.17407547121394146 0.5357492119811739
    outer loop
      vertex -95.10031030302493 -6.306774116892383 77.19086142026006
      vertex -90.9865390764136 7.0455851971127 66.50811022342555
      vertex -95.10031030302493 8.910130143830074 72.24658951026092
    endloop
  endfacet
  facet normal 1.6762495650969089e-16 0.9510565162951536 -0.3090169943749473
    outer loop
      vertex -106.07309839159618 6.75590439808159 65.61656439721172
      vertex -98.81456460030569 10.853110001354 78.22646663082543
      vertex -95.10031030302493 8.910130143830074 72.24658951026092
    endloop
  endfacet
  facet normal 0.7880107536067228 0.19024985865757998 0.5855288579403543
    outer loop
      vertex -90.9865390764136 -8.171319063609756 71.45238213342469
      vertex -86.49053289613711 5.267308124830883 61.035136153527574
      vertex -90.9865390764136 7.0455851971127 66.50811022342555
    endloop
  endfacet
  facet normal 0.8609957613666323 0.15716979175338172 0.4837188806206471
    outer loop
      vertex -98.81456460030569 -4.363794259368456 83.17073854082457
      vertex -95.10031030302493 8.910130143830074 72.24658951026092
      vertex -98.81456460030569 10.853110001354 78.22646663082543
    endloop
  endfacet
  facet normal 0.7464722953651513 0.20562500539323209 0.632848693930323
    outer loop
      vertex -86.49053289613711 -9.949596135891573 65.97940806352673
      vertex -81.63117950901426 3.5827694787962123 55.85065929489117
      vertex -86.49053289613711 5.267308124830883 61.035136153527574
    endloop
  endfacet
  facet normal -0.8921357004638832 -0.13960384112877902 -0.42965644356847144
    outer loop
      vertex -110.21590781326364 -6.293836654200009 77.2306788362012
      vertex -113.8956995968958 -4.048292885304894 84.14175192573617
      vertex -113.8956995968958 11.168611375417562 79.197480015737
    endloop
  endfacet
  facet normal -0.4226182617402189 0.28006450832874474 0.8619499266304592
    outer loop
      vertex -113.8956995968958 -4.048292885304894 84.14175192573617
      vertex -113.88448574240115 -4.046677002614965 84.14672510128898
      vertex -113.88448574240115 11.170227258107492 79.20245319128982
    endloop
  endfacet
  facet normal -0.42261826174111944 0.28006450832861574 0.8619499266300598
    outer loop
      vertex -113.8956995968958 -4.048292885304894 84.14175192573617
      vertex -113.88448574240115 11.170227258107492 79.20245319128982
      vertex -113.8956995968958 11.168611375417562 79.197480015737
    endloop
  endfacet
  facet normal 0.8921357004638828 0.13960384112877894 0.42965644356847243
    outer loop
      vertex -102.11369836541935 12.866362300561544 84.4226200882767
      vertex -102.11369836541935 -2.3505419601609123 89.36689199827586
      vertex -98.81456460030569 10.853110001354 78.22646663082543
    endloop
  endfacet
  facet normal -0.4226182617402587 0.2800645083287391 0.8619499266304418
    outer loop
      vertex -102.11369836541935 12.866362300561544 84.4226200882767
      vertex -102.124912219914 -2.3521578428508434 89.36191882272306
      vertex -102.11369836541935 -2.3505419601609123 89.36689199827586
    endloop
  endfacet
  facet normal -0.42261826174025546 0.2800645083287395 0.8619499266304432
    outer loop
      vertex -102.11369836541935 12.866362300561544 84.4226200882767
      vertex -102.124912219914 12.864746417871613 84.4176469127239
      vertex -102.124912219914 -2.3521578428508434 89.36191882272306
    endloop
  endfacet
  facet normal 1.4059933595980171e-13 0.9510565162951754 -0.3090169943748802
    outer loop
      vertex -102.11369836541935 12.866362300561544 84.4226200882767
      vertex -98.81456460030569 10.853110001354 78.22646663082543
      vertex -102.12146142740046 12.862584066819666 84.41099188048972
    endloop
  endfacet
  facet normal -1.6763035100329093e-13 0.9510565162952358 -0.3090169943746941
    outer loop
      vertex -102.11369836541935 12.866362300561544 84.4226200882767
      vertex -102.12146142740046 12.862584066819666 84.41099188048972
      vertex -102.124912219914 12.864746417871613 84.4176469127239
    endloop
  endfacet
  facet normal 0.8921357004638832 0.13960384112877836 0.4296564435684718
    outer loop
      vertex -98.81456460030569 -4.363794259368456 83.17073854082457
      vertex -98.81456460030569 10.853110001354 78.22646663082543
      vertex -102.11369836541935 -2.3505419601609123 89.36689199827586
    endloop
  endfacet
  facet normal -1.8944783211809132e-15 0.3090169943749475 0.9510565162951535
    outer loop
      vertex -3.5670310469932986 -22.434921969182696 27.553526290137725
      vertex 3.56703104699354 -22.434921969182696 27.55352629013774
      vertex 3.56703104699354 -7.218017708460241 22.60925438013858
    endloop
  endfacet
  facet normal -0.06478111929014982 0.30836790332408637 0.9490588194537904
    outer loop
      vertex 5.343889795203803 -7.184064584060511 22.713751352139298
      vertex 5.343889795203803 -22.400968844782966 27.658023262138457
      vertex 10.686633432724332 -7.07688591898167 23.04361336518886
    endloop
  endfacet
  facet normal -0.0647811192901499 0.30836790332408637 0.9490588194537904
    outer loop
      vertex 10.686633432724332 -7.07688591898167 23.04361336518886
      vertex 5.343889795203803 -22.400968844782966 27.658023262138457
      vertex 10.686633432724332 -22.293790179704125 27.98788527518802
    endloop
  endfacet
  facet normal 0 0.9510565162951534 -0.3090169943749478
    outer loop
      vertex 0.47982167891742966 -9.365494633980873 16
      vertex 3.689274402158651 -7.579332394385336 21.497242119527257
      vertex 3.779840017742145 -9.365494633980873 16
    endloop
  endfacet
  facet normal -1.476268528764009e-15 0.9510565162951534 -0.3090169943749475
    outer loop
      vertex 9.109238865782451 -9.365494633980873 16
      vertex 11.286785523690087 -8.174365721863008 19.66591784347861
      vertex 11.398003700174089 -9.36549463398087 16
    endloop
  endfacet
  facet normal -1.201736942435091e-15 0.9510565162951535 -0.30901699437494773
    outer loop
      vertex 9.109238865782451 -9.365494633980873 16
      vertex 5.343889795203803 -7.184064584060511 22.713751352139298
      vertex 11.286785523690087 -8.174365721863008 19.66591784347861
    endloop
  endfacet
  facet normal -1.3916146885577455e-16 0.9510565162951535 -0.3090169943749478
    outer loop
      vertex -3.486947135573454 -7.303484184581041 22.346215613601203
      vertex 3.689274402158651 -7.579332394385336 21.497242119527257
      vertex 0.47982167891742966 -9.365494633980873 16
    endloop
  endfacet
  facet normal 2.9655447833976106e-16 0.9510565162951546 -0.30901699437494445
    outer loop
      vertex -3.486947135573454 -7.303484184581041 22.346215613601203
      vertex 3.56703104699354 -7.218017708460241 22.60925438013858
      vertex 3.689274402158651 -7.579332394385336 21.497242119527257
    endloop
  endfacet
  facet normal -4.230493442868303e-16 0.951056516295154 -0.30901699437494634
    outer loop
      vertex 5.343889795203803 -7.184064584060511 22.713751352139298
      vertex 10.686633432724332 -7.07688591898167 23.04361336518886
      vertex 11.286785523690087 -8.174365721863008 19.66591784347861
    endloop
  endfacet
  facet normal -0.1292900927400353 0.3064233570065957 0.9430741212651746
    outer loop
      vertex 13.33302522274736 -6.975360499978489 23.35607647585978
      vertex 13.33302522274736 -22.192264760700944 28.30034838585894
      vertex 17.763276079250932 -6.796861237022075 23.905440718858642
    endloop
  endfacet
  facet normal -0.19325591779555318 0.3031915244723059 0.9331275634794836
    outer loop
      vertex 20.67115155721457 -6.628446267208407 24.42376869886803
      vertex 20.67115155721457 -21.84535052793086 29.36804060886719
      vertex 24.76870942858157 -6.379041029926018 25.19135909173734
    endloop
  endfacet
  facet normal -7.605414368184447e-16 0.9510565162951535 -0.3090169943749476
    outer loop
      vertex 13.33302522274736 -6.975360499978489 23.35607647585978
      vertex 19.165366854271632 -8.642077978631665 18.22644753068664
      vertex 17.493410530286123 -9.365494633980875 16
    endloop
  endfacet
  facet normal 0 0.9510565162951533 -0.3090169943749482
    outer loop
      vertex 17.493410530286123 -9.365494633980875 16
      vertex 19.165366854271632 -8.642077978631665 18.22644753068664
      vertex 19.118936955500583 -9.365494633980875 16
    endloop
  endfacet
  facet normal 1.979211337335025e-15 0.9510565162951531 -0.30901699437494873
    outer loop
      vertex 25.935847223324068 -9.365494633980875 16
      vertex 27.311153229235195 -8.97533022642742 17.200802573919006
      vertex 26.78942749315611 -9.365494633980877 16
    endloop
  endfacet
  facet normal 6.338409104871997e-16 0.9510565162951535 -0.3090169943749474
    outer loop
      vertex 25.935847223324068 -9.365494633980875 16
      vertex 20.67115155721457 -6.628446267208407 24.42376869886803
      vertex 27.311153229235195 -8.97533022642742 17.200802573919006
    endloop
  endfacet
  facet normal -7.222758553374165e-16 0.9510565162951535 -0.30901699437494756
    outer loop
      vertex 13.33302522274736 -6.975360499978489 23.35607647585978
      vertex 17.763276079250932 -6.796861237022075 23.905440718858642
      vertex 19.165366854271632 -8.642077978631665 18.22644753068664
    endloop
  endfacet
  facet normal 9.426987362206003e-16 0.9510565162951536 -0.30901699437494706
    outer loop
      vertex 20.67115155721457 -6.628446267208407 24.42376869886803
      vertex 24.76870942858157 -6.379041029926018 25.19135909173734
      vertex 27.311153229235195 -8.97533022642742 17.200802573919006
    endloop
  endfacet
  facet normal 3.8417657301582637e-16 0.9510565162951535 -0.30901699437494723
    outer loop
      vertex 33.63796253365858 -8.854542773118421 17.57254813046542
      vertex 31.67497698702004 -5.825065339499925 26.896320954157005
      vertex 35.70938461328323 -9.16699610451806 16.610915656281193
    endloop
  endfacet
  facet normal -8.2749260760479365e-16 0.9510565162951535 -0.30901699437494745
    outer loop
      vertex 27.775749477877778 -6.14470687409997 25.912565465321023
      vertex 31.67497698702004 -5.825065339499925 26.896320954157005
      vertex 33.63796253365858 -8.854542773118421 17.57254813046542
    endloop
  endfacet
  facet normal -2.6291840571601855e-15 0.9510565162951531 -0.3090169943749485
    outer loop
      vertex 40.63213947567259 -7.952258380106731 20.349493952687695
      vertex 38.454528830155255 -5.137107976181607 29.013636005520297
      vertex 43.488119847640625 -8.711326509112975 18.01332246845074
    endloop
  endfacet
  facet normal 1.6896798727512682e-16 0.9510565162951535 -0.3090169943749479
    outer loop
      vertex 40.63213947567259 -7.952258380106731 20.349493952687695
      vertex 34.708141745783756 -5.526073574772628 27.816522986209193
      vertex 38.454528830155255 -5.137107976181607 29.013636005520297
    endloop
  endfacet
  facet normal 0.37922546265292884 -0.28593475381468775 -0.8800166845217231
    outer loop
      vertex 49.08120278010395 -23.36730323017754 24.683951832803203
      vertex 49.08120278010395 -8.150398969455086 19.739679922804044
      vertex 51.400681863644905 -23.073547914726255 25.58803773112534
    endloop
  endfacet
  facet normal 0.43837114678907807 -0.2777426347494659 -0.8548039345401104
    outer loop
      vertex 51.400681863644905 -23.073547914726255 25.58803773112534
      vertex 51.400681863644905 -7.8566436540038005 20.64376582112618
      vertex 58.72164851507571 -21.97014896249985 28.98395052132898
    endloop
  endfacet
  facet normal 0.3792254626529289 -0.28593475381468775 -0.8800166845217231
    outer loop
      vertex 51.400681863644905 -23.073547914726255 25.58803773112534
      vertex 49.08120278010395 -8.150398969455086 19.739679922804044
      vertex 51.400681863644905 -7.8566436540038005 20.64376582112618
    endloop
  endfacet
  facet normal 0.43837114678907807 -0.2777426347494659 -0.8548039345401104
    outer loop
      vertex 51.400681863644905 -7.8566436540038005 20.64376582112618
      vertex 58.72164851507571 -6.753244701777394 24.03967861132982
      vertex 58.72164851507571 -21.97014896249985 28.98395052132898
    endloop
  endfacet
  facet normal -8.381863592616806e-16 0.9510565162951534 -0.30901699437494795
    outer loop
      vertex 49.08120278010395 -8.150398969455086 19.739679922804044
      vertex 47.398163653394136 -6.925149148993452 23.51061112416575
      vertex 51.400681863644905 -7.8566436540038005 20.64376582112618
    endloop
  endfacet
  facet normal -2.7202757549929984e-16 0.9510565162951536 -0.3090169943749472
    outer loop
      vertex 47.398163653394136 -6.925149148993452 23.51061112416575
      vertex 46.08351098573146 -4.190815101880606 31.926026006102745
      vertex 51.400681863644905 -7.8566436540038005 20.64376582112618
    endloop
  endfacet
  facet normal -2.0858990766158343e-17 0.9510565162951538 -0.3090169943749472
    outer loop
      vertex 51.400681863644905 -7.8566436540038005 20.64376582112618
      vertex 46.08351098573146 -4.190815101880606 31.926026006102745
      vertex 58.72164851507571 -6.753244701777394 24.03967861132982
    endloop
  endfacet
  facet normal -6.155533206394538e-16 -0.9510565162949047 0.30901699437571306
    outer loop
      vertex -3.5670310469932986 -22.434921969182696 27.553526290137725
      vertex 3.4785730367570236 -22.436612270017662 27.548324079085106
      vertex 3.56703104699354 -22.434921969182696 27.55352629013774
    endloop
  endfacet
  facet normal 1.3990828105605053e-17 -0.9510565162951522 0.309016994374952
    outer loop
      vertex 5.343889795203803 -22.400968844782966 27.658023262138457
      vertex 10.422455957207323 -22.303925008943764 27.9566934780851
      vertex 10.686633432724332 -22.293790179704125 27.98788527518802
    endloop
  endfacet
  facet normal -8.324261707478702e-15 -0.9510565162951321 0.3090169943750134
    outer loop
      vertex 13.33302522274736 -22.192264760700944 28.30034838585894
      vertex 17.326599988406127 -22.039056398684167 28.771875239395555
      vertex 17.763276079250932 -22.01376549774453 28.8497126288578
    endloop
  endfacet
  facet normal 2.532864336644853e-14 -0.9510565162951948 0.30901699437482
    outer loop
      vertex 20.67115155721457 -21.84535052793086 29.36804060886719
      vertex 24.164680911171473 -21.643016334067156 29.99076122632914
      vertex 24.76870942858157 -21.595945290648473 30.1356310017365
    endloop
  endfacet
  facet normal -0.12929009274003522 0.3064233570065957 0.9430741212651746
    outer loop
      vertex 17.763276079250932 -6.796861237022075 23.905440718858642
      vertex 13.33302522274736 -22.192264760700944 28.30034838585894
      vertex 17.763276079250932 -22.01376549774453 28.8497126288578
    endloop
  endfacet
  facet normal -0.19325591779555312 0.3031915244723059 0.9331275634794836
    outer loop
      vertex 24.76870942858157 -6.379041029926018 25.19135909173734
      vertex 20.67115155721457 -21.84535052793086 29.36804060886719
      vertex 24.76870942858157 -21.595945290648473 30.1356310017365
    endloop
  endfacet
  facet normal -1.1001939421962803e-14 -0.95105651629514 0.30901699437498914
    outer loop
      vertex 27.775749477877778 -21.361611134822425 30.856837375320183
      vertex 30.91062639268674 -21.117314842319686 31.60870405294881
      vertex 31.67497698702004 -21.04196960022238 31.840592864156164
    endloop
  endfacet
  facet normal -2.9868546626786567e-14 -0.9510565162951261 0.30901699437503216
    outer loop
      vertex 34.708141745783756 -20.742977835495083 32.76079489620835
      vertex 37.538715395464564 -20.463956325613907 33.61953480368744
      vertex 38.454528830155255 -20.35401223690406 33.957907915519456
    endloop
  endfacet
  facet normal 1.0124450215964238e-15 -0.9510565162951536 0.30901699437494756
    outer loop
      vertex 49.08120278010395 -23.36730323017754 24.683951832803203
      vertex 51.400681863644905 -23.073547914726255 25.58803773112534
      vertex 46.08351098573146 -19.40771936260306 36.870297916101904
    endloop
  endfacet
  facet normal 8.715250959874923e-17 -0.9510565162951535 0.30901699437494723
    outer loop
      vertex 49.08120278010395 -23.36730323017754 24.683951832803203
      vertex 46.08351098573146 -19.40771936260306 36.870297916101904
      vertex 44.023676246886474 -19.685431918653904 36.01558655427736
    endloop
  endfacet
  facet normal -6.754877105320425e-17 -0.9510565162951535 0.3090169943749473
    outer loop
      vertex 51.400681863644905 -23.073547914726255 25.58803773112534
      vertex 58.72164851507571 -21.97014896249985 28.98395052132898
      vertex 52.6471563475259 -18.418462101941415 39.91491870127133
    endloop
  endfacet
  facet normal 3.557257166222312e-15 -0.9510565162951562 0.30901699437493896
    outer loop
      vertex 41.470684772591625 -19.991920457141156 35.07231182504225
      vertex 44.023676246886474 -19.685431918653904 36.01558655427736
      vertex 46.08351098573146 -19.40771936260306 36.870297916101904
    endloop
  endfacet
  facet normal 3.493329185046895e-16 -0.9510565162951536 0.30901699437494723
    outer loop
      vertex 51.400681863644905 -23.073547914726255 25.58803773112534
      vertex 52.6471563475259 -18.418462101941415 39.91491870127133
      vertex 46.08351098573146 -19.40771936260306 36.870297916101904
    endloop
  endfacet
  facet normal -0.25640987367202595 0.29868598266756 0.9192609316409622
    outer loop
      vertex 27.775749477877778 -21.361611134822425 30.856837375320183
      vertex 31.67497698702004 -21.04196960022238 31.840592864156164
      vertex 31.67497698702004 -5.825065339499925 26.896320954157005
    endloop
  endfacet
  facet normal -0.25640987367202595 0.29868598266756 0.9192609316409622
    outer loop
      vertex 27.775749477877778 -6.14470687409997 25.912565465321023
      vertex 27.775749477877778 -21.361611134822425 30.856837375320183
      vertex 31.67497698702004 -5.825065339499925 26.896320954157005
    endloop
  endfacet
  facet normal -0.31848665025168277 0.29292565939838766 0.901532479546623
    outer loop
      vertex 34.708141745783756 -20.742977835495083 32.76079489620835
      vertex 38.454528830155255 -20.35401223690406 33.957907915519456
      vertex 38.454528830155255 -5.137107976181607 29.013636005520297
    endloop
  endfacet
  facet normal -0.3184866502516828 0.29292565939838766 0.901532479546623
    outer loop
      vertex 34.708141745783756 -20.742977835495083 32.76079489620835
      vertex 38.454528830155255 -5.137107976181607 29.013636005520297
      vertex 34.708141745783756 -5.526073574772628 27.816522986209193
    endloop
  endfacet
  facet normal -0.3792254626529291 0.28593475381468764 0.880016684521723
    outer loop
      vertex 41.470684772591625 -19.991920457141156 35.07231182504225
      vertex 46.08351098573146 -19.40771936260306 36.870297916101904
      vertex 46.08351098573146 -4.190815101880606 31.926026006102745
    endloop
  endfacet
  facet normal -2.7373974103975223e-16 -0.9510565162951536 0.30901699437494723
    outer loop
      vertex 52.6471563475259 -18.418462101941415 39.91491870127133
      vertex 58.72164851507571 -21.97014896249985 28.98395052132898
      vertex 58.989630714452616 -17.29988866229042 43.3575337616067
    endloop
  endfacet
  facet normal -0.43837114678907674 0.27774263474946603 0.8548039345401109
    outer loop
      vertex 46.08351098573146 -19.40771936260306 36.870297916101904
      vertex 52.6471563475259 -18.418462101941415 39.91491870127133
      vertex 52.6471563475259 -3.2015578412189605 34.97064679127217
    endloop
  endfacet
  facet normal -2.864201255760333e-16 0.9510565162951536 -0.3090169943749472
    outer loop
      vertex 47.398163653394136 -6.925149148993452 23.51061112416575
      vertex 41.470684772591625 -4.775016196418701 30.12803991504309
      vertex 46.08351098573146 -4.190815101880606 31.926026006102745
    endloop
  endfacet
  facet normal -0.3792254626529291 0.28593475381468764 0.880016684521723
    outer loop
      vertex 41.470684772591625 -19.991920457141156 35.07231182504225
      vertex 46.08351098573146 -4.190815101880606 31.926026006102745
      vertex 41.470684772591625 -4.775016196418701 30.12803991504309
    endloop
  endfacet
  facet normal -2.725279612891828e-16 0.9510565162951535 -0.30901699437494745
    outer loop
      vertex 58.72164851507571 -6.753244701777394 24.03967861132982
      vertex 46.08351098573146 -4.190815101880606 31.926026006102745
      vertex 52.6471563475259 -3.2015578412189605 34.97064679127217
    endloop
  endfacet
  facet normal -0.4383711467890767 0.27774263474946603 0.8548039345401109
    outer loop
      vertex 46.08351098573146 -19.40771936260306 36.870297916101904
      vertex 52.6471563475259 -3.2015578412189605 34.97064679127217
      vertex 46.08351098573146 -4.190815101880606 31.926026006102745
    endloop
  endfacet
  facet normal -0.49567523131409724 0.26838371734020405 0.8260001485038424
    outer loop
      vertex 52.6471563475259 -18.418462101941415 39.91491870127133
      vertex 58.989630714452616 -2.082984401567966 38.413261851607544
      vertex 52.6471563475259 -3.2015578412189605 34.97064679127217
    endloop
  endfacet
  facet normal -0.49567523131409724 0.26838371734020405 0.8260001485038424
    outer loop
      vertex 52.6471563475259 -18.418462101941415 39.91491870127133
      vertex 58.989630714452616 -17.29988866229042 43.3575337616067
      vertex 58.989630714452616 -2.082984401567966 38.413261851607544
    endloop
  endfacet
  facet normal 2.1509419597560688e-16 -0.9510565162951535 0.3090169943749471
    outer loop
      vertex 58.72164851507571 -21.97014896249985 28.98395052132898
      vertex 65.795925196461 -20.72251317514793 32.82377864445266
      vertex 58.989630714452616 -17.29988866229042 43.3575337616067
    endloop
  endfacet
  facet normal 0.49567523131409646 -0.2683837173402042 -0.8260001485038428
    outer loop
      vertex 58.72164851507571 -6.753244701777394 24.03967861132982
      vertex 65.795925196461 -20.72251317514793 32.82377864445266
      vertex 58.72164851507571 -21.97014896249985 28.98395052132898
    endloop
  endfacet
  facet normal 0.49567523131409635 -0.2683837173402043 -0.8260001485038428
    outer loop
      vertex 58.72164851507571 -6.753244701777394 24.03967861132982
      vertex 65.795925196461 -5.505608914425476 27.8795067344535
      vertex 65.795925196461 -20.72251317514793 32.82377864445266
    endloop
  endfacet
  facet normal 0.5508969814521021 -0.2578973184506774 -0.7937263312772935
    outer loop
      vertex 65.795925196461 -20.72251317514793 32.82377864445266
      vertex 65.795925196461 -5.505608914425476 27.8795067344535
      vertex 72.59379283235326 -19.335881877510523 37.091390961323285
    endloop
  endfacet
  facet normal -5.609633996250987e-16 -0.9510565162951536 0.30901699437494706
    outer loop
      vertex 65.795925196461 -20.72251317514793 32.82377864445266
      vertex 72.59379283235326 -19.335881877510523 37.091390961323285
      vertex 65.08428931663278 -16.0566981768539 47.1836806522076
    endloop
  endfacet
  facet normal -1.0394306271636789e-16 0.9510565162951535 -0.30901699437494734
    outer loop
      vertex 58.72164851507571 -6.753244701777394 24.03967861132982
      vertex 52.6471563475259 -3.2015578412189605 34.97064679127217
      vertex 65.795925196461 -5.505608914425476 27.8795067344535
    endloop
  endfacet
  facet normal 0.5508969814521022 -0.25789731845067737 -0.7937263312772936
    outer loop
      vertex 72.59379283235326 -19.335881877510523 37.091390961323285
      vertex 65.795925196461 -5.505608914425476 27.8795067344535
      vertex 72.59379283235326 -4.118977616788065 32.147119051324125
    endloop
  endfacet
  facet normal 3.6697127839079876e-17 0.9510565162951538 -0.30901699437494706
    outer loop
      vertex 65.795925196461 -5.505608914425476 27.8795067344535
      vertex 58.989630714452616 -2.082984401567966 38.413261851607544
      vertex 72.59379283235326 -4.118977616788065 32.147119051324125
    endloop
  endfacet
  facet normal 1.4597264471312585e-16 0.9510565162951536 -0.30901699437494695
    outer loop
      vertex 52.6471563475259 -3.2015578412189605 34.97064679127217
      vertex 58.989630714452616 -2.082984401567966 38.413261851607544
      vertex 65.795925196461 -5.505608914425476 27.8795067344535
    endloop
  endfacet
  facet normal -2.870872376461825e-16 0.9510565162951534 -0.3090169943749477
    outer loop
      vertex 58.989630714452616 -2.082984401567966 38.413261851607544
      vertex 65.08428931663278 -0.8397939161314412 42.23940874220844
      vertex 72.59379283235326 -4.118977616788065 32.147119051324125
    endloop
  endfacet
  facet normal 0.6038044103254776 -0.24632749150059358 -0.758118065345054
    outer loop
      vertex 72.59379283235326 -19.335881877510523 37.091390961323285
      vertex 72.59379283235326 -4.118977616788065 32.147119051324125
      vertex 79.08669354323308 -17.81608031533478 41.7688592090048
    endloop
  endfacet
  facet normal 0.6038044103254776 -0.24632749150059358 -0.758118065345054
    outer loop
      vertex 79.08669354323308 -17.81608031533478 41.7688592090048
      vertex 72.59379283235326 -4.118977616788065 32.147119051324125
      vertex 79.08669354323308 -2.5991760546123217 36.82458729900564
    endloop
  endfacet
  facet normal -6.868840133809961e-18 0.9510565162951535 -0.3090169943749475
    outer loop
      vertex 65.08428931663278 -0.8397939161314412 42.23940874220844
      vertex 79.08669354323308 -2.5991760546123217 36.82458729900564
      vertex 72.59379283235326 -4.118977616788065 32.147119051324125
    endloop
  endfacet
  facet normal 8.533896785992863e-17 -0.9510565162951538 0.3090169943749471
    outer loop
      vertex 65.795925196461 -20.72251317514793 32.82377864445266
      vertex 65.08428931663278 -16.0566981768539 47.1836806522076
      vertex 58.989630714452616 -17.29988866229042 43.3575337616067
    endloop
  endfacet
  facet normal -0.5508969814521032 0.2578973184506772 0.7937263312772929
    outer loop
      vertex 58.989630714452616 -17.29988866229042 43.3575337616067
      vertex 65.08428931663278 -16.0566981768539 47.1836806522076
      vertex 65.08428931663278 -0.8397939161314412 42.23940874220844
    endloop
  endfacet
  facet normal -2.3188474298111904e-16 -0.9510565162951535 0.30901699437494734
    outer loop
      vertex 72.59379283235326 -19.335881877510523 37.091390961323285
      vertex 70.90552845958518 -14.694113295733976 51.37728570883429
      vertex 65.08428931663278 -16.0566981768539 47.1836806522076
    endloop
  endfacet
  facet normal -0.6038044103254778 0.24632749150059352 0.7581180653450537
    outer loop
      vertex 65.08428931663278 -16.0566981768539 47.1836806522076
      vertex 70.90552845958518 -14.694113295733976 51.37728570883429
      vertex 70.90552845958518 0.5227909649884808 46.433013798835134
    endloop
  endfacet
  facet normal -0.5508969814521033 0.25789731845067726 0.7937263312772929
    outer loop
      vertex 58.989630714452616 -17.29988866229042 43.3575337616067
      vertex 65.08428931663278 -0.8397939161314412 42.23940874220844
      vertex 58.989630714452616 -2.082984401567966 38.413261851607544
    endloop
  endfacet
  facet normal -0.6038044103254778 0.24632749150059347 0.7581180653450537
    outer loop
      vertex 65.08428931663278 -16.0566981768539 47.1836806522076
      vertex 70.90552845958518 0.5227909649884808 46.433013798835134
      vertex 65.08428931663278 -0.8397939161314412 42.23940874220844
    endloop
  endfacet
  facet normal 9.296594292646356e-17 -0.9510565162951536 0.3090169943749474
    outer loop
      vertex 72.59379283235326 -19.335881877510523 37.091390961323285
      vertex 79.08669354323308 -17.81608031533478 41.7688592090048
      vertex 70.90552845958518 -14.694113295733976 51.37728570883429
    endloop
  endfacet
  facet normal 0.6541752535330351 -0.23372284139693175 -0.7193249412291597
    outer loop
      vertex 79.08669354323308 -17.81608031533478 41.7688592090048
      vertex 79.08669354323308 -2.5991760546123217 36.82458729900564
      vertex 85.24735061731909 -16.16949318338539 46.836533317530055
    endloop
  endfacet
  facet normal 1.5326826393065133e-16 -0.9510565162951536 0.30901699437494745
    outer loop
      vertex 79.08669354323308 -17.81608031533478 41.7688592090048
      vertex 76.42889308548851 -13.217858245549065 55.920731573460216
      vertex 70.90552845958518 -14.694113295733976 51.37728570883429
    endloop
  endfacet
  facet normal -1.2005106980519968e-16 -0.9510565162951536 0.3090169943749474
    outer loop
      vertex 79.08669354323308 -17.81608031533478 41.7688592090048
      vertex 85.24735061731909 -16.16949318338539 46.836533317530055
      vertex 76.42889308548851 -13.217858245549065 55.920731573460216
    endloop
  endfacet
  facet normal 2.1246251106896773e-16 0.9510565162951536 -0.30901699437494695
    outer loop
      vertex 65.08428931663278 -0.8397939161314412 42.23940874220844
      vertex 70.90552845958518 0.5227909649884808 46.433013798835134
      vertex 79.08669354323308 -2.5991760546123217 36.82458729900564
    endloop
  endfacet
  facet normal -6.558828634253076e-17 0.9510565162951536 -0.3090169943749472
    outer loop
      vertex 79.08669354323308 -2.5991760546123217 36.82458729900564
      vertex 70.90552845958518 0.5227909649884808 46.433013798835134
      vertex 85.24735061731909 -0.9525889226629332 41.892261407530896
    endloop
  endfacet
  facet normal 0.6541752535330351 -0.23372284139693175 -0.7193249412291597
    outer loop
      vertex 85.24735061731909 -16.16949318338539 46.836533317530055
      vertex 79.08669354323308 -2.5991760546123217 36.82458729900564
      vertex 85.24735061731909 -0.9525889226629332 41.892261407530896
    endloop
  endfacet
  facet normal -0.6541752535330343 0.23372284139693195 0.7193249412291604
    outer loop
      vertex 70.90552845958518 -14.694113295733976 51.37728570883429
      vertex 76.42889308548851 -13.217858245549065 55.920731573460216
      vertex 76.42889308548851 1.9990460151733913 50.97645966346106
    endloop
  endfacet
  facet normal -0.6541752535330344 0.23372284139693197 0.7193249412291602
    outer loop
      vertex 70.90552845958518 -14.694113295733976 51.37728570883429
      vertex 76.42889308548851 1.9990460151733913 50.97645966346106
      vertex 70.90552845958518 0.5227909649884808 46.433013798835134
    endloop
  endfacet
  facet normal 0.7017979028839912 -0.2201363203444608 -0.6775099290584846
    outer loop
      vertex 85.24735061731909 -16.16949318338539 46.836533317530055
      vertex 85.24735061731909 -0.9525889226629332 41.892261407530896
      vertex 91.0498831001848 -14.40303780330658 52.27312395995327
    endloop
  endfacet
  facet normal 0.74647229536515 -0.20562500539323258 -0.6328486939303245
    outer loop
      vertex 91.0498831001848 -14.40303780330658 52.27312395995327
      vertex 91.0498831001848 0.8138664574158767 47.32885204995411
      vertex 96.46991452079126 -12.524135063915642 58.05579198893024
    endloop
  endfacet
  facet normal 0.7017979028839912 -0.2201363203444608 -0.6775099290584846
    outer loop
      vertex 91.0498831001848 -14.40303780330658 52.27312395995327
      vertex 85.24735061731909 -0.9525889226629332 41.892261407530896
      vertex 91.0498831001848 0.8138664574158767 47.32885204995411
    endloop
  endfacet
  facet normal 0.7464722953651499 -0.20562500539323258 -0.6328486939303245
    outer loop
      vertex 96.46991452079126 -12.524135063915642 58.05579198893024
      vertex 91.0498831001848 0.8138664574158767 47.32885204995411
      vertex 96.46991452079126 2.6927691968068146 53.11152007893108
    endloop
  endfacet
  facet normal 3.226468826853678e-16 -0.9510565162951534 0.30901699437494773
    outer loop
      vertex 76.42889308548851 -13.217858245549065 55.920731573460216
      vertex 85.24735061731909 -16.16949318338539 46.836533317530055
      vertex 81.63117950901425 -11.634134781926244 60.79493120489033
    endloop
  endfacet
  facet normal -0.7017979028839916 0.2201363203444607 0.6775099290584845
    outer loop
      vertex 76.42889308548851 -13.217858245549065 55.920731573460216
      vertex 81.63117950901425 3.5827694787962123 55.85065929489117
      vertex 76.42889308548851 1.9990460151733913 50.97645966346106
    endloop
  endfacet
  facet normal -0.7017979028839916 0.2201363203444607 0.6775099290584844
    outer loop
      vertex 76.42889308548851 -13.217858245549065 55.920731573460216
      vertex 81.63117950901425 -11.634134781926244 60.79493120489033
      vertex 81.63117950901425 3.5827694787962123 55.85065929489117
    endloop
  endfacet
  facet normal -0.7464722953651495 0.20562500539323272 0.632848693930325
    outer loop
      vertex 81.63117950901425 -11.634134781926244 60.79493120489033
      vertex 86.49053289613711 5.26730812483088 61.03513615352756
      vertex 81.63117950901425 3.5827694787962123 55.85065929489117
    endloop
  endfacet
  facet normal -0.7464722953651494 0.2056250053932327 0.6328486939303251
    outer loop
      vertex 81.63117950901425 -11.634134781926244 60.79493120489033
      vertex 86.49053289613711 -9.949596135891577 65.97940806352672
      vertex 86.49053289613711 5.26730812483088 61.03513615352756
    endloop
  endfacet
  facet normal -1.5657925824346305e-16 -0.9510565162951536 0.3090169943749477
    outer loop
      vertex 85.24735061731909 -16.16949318338539 46.836533317530055
      vertex 91.0498831001848 -14.40303780330658 52.27312395995327
      vertex 81.63117950901425 -11.634134781926244 60.79493120489033
    endloop
  endfacet
  facet normal -7.096873761058127e-17 -0.9510565162951534 0.3090169943749477
    outer loop
      vertex 91.0498831001848 -14.40303780330658 52.27312395995327
      vertex 96.46991452079126 -12.524135063915642 58.05579198893024
      vertex 86.49053289613711 -9.949596135891577 65.97940806352672
    endloop
  endfacet
  facet normal -2.1010761033357194e-16 -0.9510565162951535 0.3090169943749476
    outer loop
      vertex 81.63117950901425 -11.634134781926244 60.79493120489033
      vertex 91.0498831001848 -14.40303780330658 52.27312395995327
      vertex 86.49053289613711 -9.949596135891577 65.97940806352672
    endloop
  endfacet
  facet normal -3.0413400675740085e-16 -0.9510565162951535 0.3090169943749474
    outer loop
      vertex 86.49053289613711 -9.949596135891577 65.97940806352672
      vertex 96.46991452079126 -12.524135063915642 58.05579198893024
      vertex 90.98653907641362 -8.171319063609756 71.45238213342469
    endloop
  endfacet
  facet normal 1.9632831374122968e-16 -0.9510565162951536 0.3090169943749476
    outer loop
      vertex 96.46991452079126 -12.524135063915642 58.05579198893024
      vertex 101.4846752971767 -10.540678246007976 64.16024438410267
      vertex 90.98653907641362 -8.171319063609756 71.45238213342469
    endloop
  endfacet
  facet normal 0.7880107536067231 -0.19024985865758037 -0.5855288579403539
    outer loop
      vertex 96.46991452079126 -12.524135063915642 58.05579198893024
      vertex 96.46991452079126 2.6927691968068146 53.11152007893108
      vertex 101.4846752971767 -10.540678246007976 64.16024438410267
    endloop
  endfacet
  facet normal 0.7880107536067231 -0.19024985865758037 -0.5855288579403539
    outer loop
      vertex 101.4846752971767 -10.540678246007976 64.16024438410267
      vertex 96.46991452079126 2.6927691968068146 53.11152007893108
      vertex 101.4846752971767 4.67622601471448 59.21597247410351
    endloop
  endfacet
  facet normal 0.8262387743159947 -0.1740754712139415 -0.5357492119811723
    outer loop
      vertex 101.4846752971767 -10.540678246007976 64.16024438410267
      vertex 101.4846752971767 4.67622601471448 59.21597247410351
      vertex 106.07309839159618 -8.460999862640866 70.56083630721088
    endloop
  endfacet
  facet normal -0.7880107536067219 0.1902498586575804 0.5855288579403556
    outer loop
      vertex 86.49053289613711 -9.949596135891577 65.97940806352672
      vertex 90.98653907641362 -8.171319063609756 71.45238213342469
      vertex 90.98653907641362 7.0455851971127 66.50811022342555
    endloop
  endfacet
  facet normal -3.816006075610995e-18 -0.9510565162951538 0.30901699437494734
    outer loop
      vertex 101.4846752971767 -10.540678246007976 64.16024438410267
      vertex 95.10031030302491 -6.306774116892383 77.19086142026006
      vertex 90.98653907641362 -8.171319063609756 71.45238213342469
    endloop
  endfacet
  facet normal -5.279416587712549e-16 -0.9510565162951538 0.3090169943749469
    outer loop
      vertex 95.10031030302491 -6.306774116892383 77.19086142026006
      vertex 106.07309839159618 -8.460999862640866 70.56083630721088
      vertex 98.8145646003057 -4.363794259368452 83.1707385408246
    endloop
  endfacet
  facet normal -0.8262387743159955 0.17407547121394062 0.5357492119811713
    outer loop
      vertex 90.98653907641362 -8.171319063609756 71.45238213342469
      vertex 95.10031030302491 -6.306774116892383 77.19086142026006
      vertex 95.10031030302491 8.910130143830074 72.24658951026092
    endloop
  endfacet
  facet normal -2.943954528113182e-16 -0.9510565162951536 0.30901699437494723
    outer loop
      vertex 101.4846752971767 -10.540678246007976 64.16024438410267
      vertex 106.07309839159618 -8.460999862640866 70.56083630721088
      vertex 95.10031030302491 -6.306774116892383 77.19086142026006
    endloop
  endfacet
  facet normal 0.8609957613666306 -0.15716979175338294 -0.4837188806206495
    outer loop
      vertex 106.07309839159618 -8.460999862640866 70.56083630721088
      vertex 106.07309839159618 6.75590439808159 65.61656439721172
      vertex 110.21590781326367 -6.293836654200005 77.23067883620122
    endloop
  endfacet
  facet normal 1.5276491426237506e-16 -0.9510565162951536 0.30901699437494723
    outer loop
      vertex 106.07309839159618 -8.460999862640866 70.56083630721088
      vertex 110.21590781326367 -6.293836654200005 77.23067883620122
      vertex 98.8145646003057 -4.363794259368452 83.1707385408246
    endloop
  endfacet
  facet normal 7.315192900654633e-16 -0.9510565162951533 0.3090169943749482
    outer loop
      vertex 110.21590781326367 -6.293836654200005 77.23067883620122
      vertex 102.11369836541932 -2.3505419601609088 89.36689199827586
      vertex 98.8145646003057 -4.363794259368452 83.1707385408246
    endloop
  endfacet
  facet normal -6.695794395873755e-13 -0.951056516295288 0.30901699437453395
    outer loop
      vertex 110.21590781326367 -6.293836654200005 77.23067883620122
      vertex 102.12491221991398 -2.352157842850845 89.36191882272306
      vertex 102.11369836541932 -2.3505419601609088 89.36689199827586
    endloop
  endfacet
  facet normal 8.044216291747732e-14 -0.9510565162951683 0.3090169943749025
    outer loop
      vertex 110.21590781326367 -6.293836654200005 77.23067883620122
      vertex 113.89569959689578 -4.048292885304894 84.14175192573617
      vertex 113.88448574240115 -4.046677002614965 84.14672510128898
    endloop
  endfacet
  facet normal 3.00699530463447e-18 -0.9510565162951536 0.30901699437494734
    outer loop
      vertex 110.21590781326367 -6.293836654200005 77.23067883620122
      vertex 113.88448574240115 -4.046677002614965 84.14672510128898
      vertex 102.12491221991398 -2.352157842850845 89.36191882272306
    endloop
  endfacet
  facet normal -1.5938343843345587e-16 0.9510565162951535 -0.30901699437494745
    outer loop
      vertex 85.24735061731909 -0.9525889226629332 41.892261407530896
      vertex 70.90552845958518 0.5227909649884808 46.433013798835134
      vertex 76.42889308548851 1.9990460151733913 50.97645966346106
    endloop
  endfacet
  facet normal 5.1481532562494795e-17 0.9510565162951535 -0.3090169943749473
    outer loop
      vertex 85.24735061731909 -0.9525889226629332 41.892261407530896
      vertex 76.42889308548851 1.9990460151733913 50.97645966346106
      vertex 91.0498831001848 0.8138664574158767 47.32885204995411
    endloop
  endfacet
  facet normal -1.2669355866818107e-16 0.9510565162951534 -0.30901699437494795
    outer loop
      vertex 76.42889308548851 1.9990460151733913 50.97645966346106
      vertex 81.63117950901425 3.5827694787962123 55.85065929489117
      vertex 91.0498831001848 0.8138664574158767 47.32885204995411
    endloop
  endfacet
  facet normal 1.1990069830336947e-16 0.9510565162951535 -0.3090169943749477
    outer loop
      vertex 81.63117950901425 3.5827694787962123 55.85065929489117
      vertex 96.46991452079126 2.6927691968068146 53.11152007893108
      vertex 91.0498831001848 0.8138664574158767 47.32885204995411
    endloop
  endfacet
  facet normal 1.525287685005066e-16 0.9510565162951535 -0.30901699437494756
    outer loop
      vertex 81.63117950901425 3.5827694787962123 55.85065929489117
      vertex 86.49053289613711 5.26730812483088 61.03513615352756
      vertex 96.46991452079126 2.6927691968068146 53.11152007893108
    endloop
  endfacet
  facet normal 2.1945975596874097e-17 0.9510565162951534 -0.3090169943749477
    outer loop
      vertex 96.46991452079126 2.6927691968068146 53.11152007893108
      vertex 86.49053289613711 5.26730812483088 61.03513615352756
      vertex 101.4846752971767 4.67622601471448 59.21597247410351
    endloop
  endfacet
  facet normal -0.7880107536067226 0.19024985865758057 0.5855288579403546
    outer loop
      vertex 86.49053289613711 -9.949596135891577 65.97940806352672
      vertex 90.98653907641362 7.0455851971127 66.50811022342555
      vertex 86.49053289613711 5.26730812483088 61.03513615352756
    endloop
  endfacet
  facet normal 1.7042254323026735e-16 0.9510565162951539 -0.3090169943749466
    outer loop
      vertex 86.49053289613711 5.26730812483088 61.03513615352756
      vertex 90.98653907641362 7.0455851971127 66.50811022342555
      vertex 101.4846752971767 4.67622601471448 59.21597247410351
    endloop
  endfacet
  facet normal -1.1630337940457498e-16 0.9510565162951538 -0.3090169943749469
    outer loop
      vertex 101.4846752971767 4.67622601471448 59.21597247410351
      vertex 90.98653907641362 7.0455851971127 66.50811022342555
      vertex 106.07309839159618 6.75590439808159 65.61656439721172
    endloop
  endfacet
  facet normal 0.8262387743159947 -0.1740754712139415 -0.5357492119811723
    outer loop
      vertex 106.07309839159618 -8.460999862640866 70.56083630721088
      vertex 101.4846752971767 4.67622601471448 59.21597247410351
      vertex 106.07309839159618 6.75590439808159 65.61656439721172
    endloop
  endfacet
  facet normal -0.8262387743159956 0.17407547121394065 0.5357492119811713
    outer loop
      vertex 90.98653907641362 -8.171319063609756 71.45238213342469
      vertex 95.10031030302491 8.910130143830074 72.24658951026092
      vertex 90.98653907641362 7.0455851971127 66.50811022342555
    endloop
  endfacet
  facet normal -1.4094794838569681e-16 0.9510565162951536 -0.3090169943749473
    outer loop
      vertex 106.07309839159618 6.75590439808159 65.61656439721172
      vertex 90.98653907641362 7.0455851971127 66.50811022342555
      vertex 95.10031030302491 8.910130143830074 72.24658951026092
    endloop
  endfacet
  facet normal -0.8609957613666306 0.15716979175338258 0.48371888062064977
    outer loop
      vertex 95.10031030302491 -6.306774116892383 77.19086142026006
      vertex 98.8145646003057 10.853110001354004 78.22646663082543
      vertex 95.10031030302491 8.910130143830074 72.24658951026092
    endloop
  endfacet
  facet normal -1.2122768807870998e-16 0.9510565162951536 -0.3090169943749473
    outer loop
      vertex 106.07309839159618 6.75590439808159 65.61656439721172
      vertex 95.10031030302491 8.910130143830074 72.24658951026092
      vertex 110.21590781326367 8.923067606522451 72.28640692620206
    endloop
  endfacet
  facet normal 0.8609957613666307 -0.15716979175338294 -0.4837188806206495
    outer loop
      vertex 110.21590781326367 -6.293836654200005 77.23067883620122
      vertex 106.07309839159618 6.75590439808159 65.61656439721172
      vertex 110.21590781326367 8.923067606522451 72.28640692620206
    endloop
  endfacet
  facet normal 0.8921357004638851 -0.13960384112877758 -0.42965644356846827
    outer loop
      vertex 110.21590781326367 -6.293836654200005 77.23067883620122
      vertex 110.21590781326367 8.923067606522451 72.28640692620206
      vertex 113.89569959689578 -4.048292885304894 84.14175192573617
    endloop
  endfacet
  facet normal 0.8921357004638846 -0.13960384112877813 -0.42965644356846877
    outer loop
      vertex 113.89569959689578 -4.048292885304894 84.14175192573617
      vertex 110.21590781326367 8.923067606522451 72.28640692620206
      vertex 113.89569959689578 11.168611375417562 79.197480015737
    endloop
  endfacet
  facet normal -1.2102793793613185e-16 0.9510565162951534 -0.30901699437494784
    outer loop
      vertex 95.10031030302491 8.910130143830074 72.24658951026092
      vertex 98.8145646003057 10.853110001354004 78.22646663082543
      vertex 110.21590781326367 8.923067606522451 72.28640692620206
    endloop
  endfacet
  facet normal -1.0251688871992289e-15 0.951056516295153 -0.30901699437494945
    outer loop
      vertex 98.8145646003057 10.853110001354004 78.22646663082543
      vertex 102.55256267025986 10.93130991983389 78.4671412325394
      vertex 110.21590781326367 8.923067606522451 72.28640692620206
    endloop
  endfacet
  facet normal 3.8437757788598204e-16 0.9510565162951534 -0.30901699437494784
    outer loop
      vertex 110.21590781326367 8.923067606522451 72.28640692620206
      vertex 102.55256267025986 10.93130991983389 78.4671412325394
      vertex 113.88143065462987 11.168312865332457 79.1965612961624
    endloop
  endfacet
  facet normal -2.4319950171040976e-13 0.9510565162951906 -0.3090169943748334
    outer loop
      vertex 110.21590781326367 8.923067606522451 72.28640692620206
      vertex 113.88143065462987 11.168312865332457 79.1965612961624
      vertex 113.89569959689578 11.168611375417562 79.197480015737
    endloop
  endfacet
  facet normal -2.1993245214224974e-13 0.9510565162950788 -0.30901699437517727
    outer loop
      vertex 113.89569959689578 11.168611375417562 79.197480015737
      vertex 113.88143065462987 11.168312865332457 79.1965612961624
      vertex 113.88448574240115 11.170227258107492 79.2024531912898
    endloop
  endfacet
  facet normal -0.8609957613666316 0.15716979175338291 0.48371888062064805
    outer loop
      vertex 95.10031030302491 -6.306774116892383 77.19086142026006
      vertex 98.8145646003057 -4.363794259368452 83.1707385408246
      vertex 98.8145646003057 10.853110001354004 78.22646663082543
    endloop
  endfacet
  facet normal -0.8921357004638856 0.1396038411287776 0.42965644356846716
    outer loop
      vertex 98.8145646003057 -4.363794259368452 83.1707385408246
      vertex 102.11369836541932 12.866362300561548 84.42262008827672
      vertex 98.8145646003057 10.853110001354004 78.22646663082543
    endloop
  endfacet
  facet normal -0.8921357004638847 0.13960384112877736 0.4296564435684688
    outer loop
      vertex 98.8145646003057 -4.363794259368452 83.1707385408246
      vertex 102.11369836541932 -2.3505419601609088 89.36689199827586
      vertex 102.11369836541932 12.866362300561548 84.42262008827672
    endloop
  endfacet
  facet normal 0.42261826174065886 0.2800645083286821 0.861949926630264
    outer loop
      vertex 113.89569959689578 -4.048292885304894 84.14175192573617
      vertex 113.89569959689578 11.168611375417562 79.197480015737
      vertex 113.88448574240115 -4.046677002614965 84.14672510128898
    endloop
  endfacet
  facet normal 0.4226182617406297 0.2800645083286863 0.8619499266302769
    outer loop
      vertex 113.88448574240115 -4.046677002614965 84.14672510128898
      vertex 113.89569959689578 11.168611375417562 79.197480015737
      vertex 113.88448574240115 11.170227258107492 79.2024531912898
    endloop
  endfacet
  facet normal 0.4226182617398957 0.2800645083287921 0.8619499266306024
    outer loop
      vertex 102.12491221991398 12.864746417871611 84.41764691272388
      vertex 102.11369836541932 -2.3505419601609088 89.36689199827586
      vertex 102.12491221991398 -2.352157842850845 89.36191882272306
    endloop
  endfacet
  facet normal 0.4226182617417193 0.28006450832852786 0.8619499266297942
    outer loop
      vertex 102.11369836541932 12.866362300561548 84.42262008827672
      vertex 102.11369836541932 -2.3505419601609088 89.36689199827586
      vertex 102.12491221991398 12.864746417871611 84.41764691272388
    endloop
  endfacet
  facet normal -1.2261035965569626e-15 0.9510565162951538 -0.30901699437494656
    outer loop
      vertex 98.8145646003057 10.853110001354004 78.22646663082543
      vertex 102.74917683432079 12.774791765362126 84.14079495960313
      vertex 102.55256267025986 10.93130991983389 78.4671412325394
    endloop
  endfacet
  facet normal -2.4163860529832646e-13 0.9510565162951913 -0.30901699437483116
    outer loop
      vertex 98.8145646003057 10.853110001354004 78.22646663082543
      vertex 102.11369836541932 12.866362300561548 84.42262008827672
      vertex 102.12491221991398 12.864746417871611 84.41764691272388
    endloop
  endfacet
  facet normal 3.457833424758224e-15 0.9510565162951529 -0.30901699437494934
    outer loop
      vertex 98.8145646003057 10.853110001354004 78.22646663082543
      vertex 102.12491221991398 12.864746417871611 84.41764691272388
      vertex 102.74917683432079 12.774791765362126 84.14079495960313
    endloop
  endfacet
  facet normal -5.103147248805619e-16 -0.9510565162951541 0.3090169943749455
    outer loop
      vertex -65.795925196461 -60.66688685954438 45.80249240820045
      vertex -67.40438517133909 -58.681396832462426 51.91320237777626
      vertex -72.59379283235323 -59.28025556190697 50.070104725071076
    endloop
  endfacet
  facet normal -1.5899699074282514e-15 -0.9510565162951532 0.3090169943749487
    outer loop
      vertex -72.59379283235323 -59.28025556190697 50.070104725071076
      vertex -68.48677737163148 -58.346919247993185 52.94261853305137
      vertex -68.6390183066089 -58.110407879860084 53.67052567710941
    endloop
  endfacet
  facet normal -2.454489396714225e-15 -0.951056516295153 0.30901699437494956
    outer loop
      vertex -72.59379283235323 -59.28025556190697 50.070104725071076
      vertex -68.6390183066089 -58.110407879860084 53.67052567710941
      vertex -68.48677737163148 -57.87389651172698 54.39843282116745
    endloop
  endfacet
  facet normal -6.606921293096221e-15 -0.9510565162951491 0.30901699437496094
    outer loop
      vertex -72.59379283235323 -59.28025556190697 50.070104725071076
      vertex -67.40438517133909 -58.681396832462426 51.91320237777626
      vertex -68.053231868982 -58.5474239043089 52.32552865318149
    endloop
  endfacet
  facet normal 4.598156859409681e-15 -0.9510565162951558 0.30901699437494057
    outer loop
      vertex -72.59379283235323 -59.28025556190697 50.070104725071076
      vertex -68.053231868982 -58.5474239043089 52.32552865318149
      vertex -68.48677737163148 -58.346919247993185 52.94261853305137
    endloop
  endfacet
  facet normal 8.962864193876268e-15 -0.9510565162951533 0.3090169943749478
    outer loop
      vertex -65.795925196461 -60.66688685954438 45.80249240820045
      vertex -66.6390183066089 -58.72844186860998 51.7684126445191
      vertex -67.40438517133909 -58.681396832462426 51.91320237777626
    endloop
  endfacet
  facet normal -8.67434559772528e-15 -0.9510565162951542 0.30901699437494556
    outer loop
      vertex -65.795925196461 -60.66688685954438 45.80249240820045
      vertex -65.87365144187872 -58.681396832462426 51.91320237777626
      vertex -66.6390183066089 -58.72844186860998 51.7684126445191
    endloop
  endfacet
  facet normal 1.7031213527719487e-14 -0.9510565162951541 0.30901699437494584
    outer loop
      vertex -65.795925196461 -60.66688685954438 45.80249240820045
      vertex -65.22480474423581 -58.5474239043089 52.32552865318149
      vertex -65.87365144187872 -58.681396832462426 51.91320237777626
    endloop
  endfacet
  facet normal -2.1688769837752205e-16 -0.9510565162951538 0.3090169943749467
    outer loop
      vertex -65.795925196461 -60.66688685954438 45.80249240820045
      vertex -58.7216485150757 -61.9145226468963 41.96266428507674
      vertex -52.647156347525886 -58.36283578633787 52.893632465019124
    endloop
  endfacet
  facet normal -1.0515374402859437e-15 -0.9510565162951536 0.30901699437494734
    outer loop
      vertex -65.795925196461 -60.66688685954438 45.80249240820045
      vertex -58.9896307144526 -57.24426234668687 56.33624752535451
      vertex -65.22480474423581 -58.5474239043089 52.32552865318149
    endloop
  endfacet
  facet normal -2.92973810817147e-16 -0.9510565162951536 0.30901699437494684
    outer loop
      vertex -65.795925196461 -60.66688685954438 45.80249240820045
      vertex -52.647156347525886 -58.36283578633787 52.893632465019124
      vertex -58.9896307144526 -57.24426234668687 56.33624752535451
    endloop
  endfacet
  facet normal -0.6038044103254766 -0.24632749150059374 -0.7581180653450544
    outer loop
      vertex -79.08669354323307 -57.760453999731226 54.74757297275259
      vertex -79.08669354323307 -42.54354973900877 49.803301062753434
      vertex -72.59379283235323 -59.28025556190697 50.070104725071076
    endloop
  endfacet
  facet normal -0.6038044103254766 -0.24632749150059374 -0.7581180653450544
    outer loop
      vertex -72.59379283235323 -59.28025556190697 50.070104725071076
      vertex -79.08669354323307 -42.54354973900877 49.803301062753434
      vertex -72.59379283235323 -44.06335130118451 45.12583281507192
    endloop
  endfacet
  facet normal 1.6010369390801971e-16 0.9510565162951538 -0.3090169943749473
    outer loop
      vertex -72.59379283235323 -44.06335130118451 45.12583281507192
      vertex -79.08669354323307 -42.54354973900877 49.803301062753434
      vertex -70.90552845958518 -39.421582719407965 59.411727562582925
    endloop
  endfacet
  facet normal -0.5508969814521039 -0.2578973184506772 -0.7937263312772925
    outer loop
      vertex -65.795925196461 -60.66688685954438 45.80249240820045
      vertex -72.59379283235323 -44.06335130118451 45.12583281507192
      vertex -65.795925196461 -45.449982598821926 40.85822049820129
    endloop
  endfacet
  facet normal -0.4956752313140987 -0.26838371734020383 -0.8260001485038415
    outer loop
      vertex -65.795925196461 -60.66688685954438 45.80249240820045
      vertex -65.795925196461 -45.449982598821926 40.85822049820129
      vertex -58.7216485150757 -61.9145226468963 41.96266428507674
    endloop
  endfacet
  facet normal -0.4956752313140987 -0.26838371734020383 -0.8260001485038415
    outer loop
      vertex -58.7216485150757 -61.9145226468963 41.96266428507674
      vertex -65.795925196461 -45.449982598821926 40.85822049820129
      vertex -58.7216485150757 -46.69761838617385 37.01839237507758
    endloop
  endfacet
  facet normal -0.5508969814521038 -0.25789731845067715 -0.7937263312772926
    outer loop
      vertex -65.795925196461 -60.66688685954438 45.80249240820045
      vertex -72.59379283235323 -59.28025556190697 50.070104725071076
      vertex -72.59379283235323 -44.06335130118451 45.12583281507192
    endloop
  endfacet
  facet normal -9.646538789572857e-17 0.9510565162951536 -0.30901699437494723
    outer loop
      vertex -58.7216485150757 -46.69761838617385 37.01839237507758
      vertex -65.795925196461 -45.449982598821926 40.85822049820129
      vertex -58.9896307144526 -42.02735808596441 51.39197561535535
    endloop
  endfacet
  facet normal 2.1463715307745776e-16 0.9510565162951535 -0.3090169943749474
    outer loop
      vertex -72.59379283235323 -44.06335130118451 45.12583281507192
      vertex -65.08428931663276 -40.784167600527894 55.21812250595622
      vertex -65.795925196461 -45.449982598821926 40.85822049820129
    endloop
  endfacet
  facet normal 2.5994118074311523e-16 0.9510565162951535 -0.3090169943749474
    outer loop
      vertex -65.795925196461 -45.449982598821926 40.85822049820129
      vertex -65.08428931663276 -40.784167600527894 55.21812250595622
      vertex -58.9896307144526 -42.02735808596441 51.39197561535535
    endloop
  endfacet
  facet normal -0.4383711467890762 -0.27774263474946626 -0.8548039345401113
    outer loop
      vertex -58.7216485150757 -61.9145226468963 41.96266428507674
      vertex -58.7216485150757 -46.69761838617385 37.01839237507758
      vertex -51.40068186364492 -63.0179215991227 38.56675149487313
    endloop
  endfacet
  facet normal -0.37922546265292756 -0.28593475381468797 -0.8800166845217235
    outer loop
      vertex -51.40068186364492 -63.0179215991227 38.56675149487313
      vertex -51.40068186364492 -47.80101733840025 33.62247958487397
      vertex -49.08120278010395 -63.311676914573994 37.662665596550994
    endloop
  endfacet
  facet normal -2.71852380773064e-15 -0.9510565162951526 0.30901699437495034
    outer loop
      vertex -51.40068186364492 -63.0179215991227 38.56675149487313
      vertex -49.08120278010395 -63.311676914573994 37.662665596550994
      vertex -47.398163653394136 -62.08642709411235 41.4335967979127
    endloop
  endfacet
  facet normal -4.077040259693498e-14 -0.9510565162951404 0.3090169943749881
    outer loop
      vertex -43.63022795334541 -63.955352481007864 35.68163590245551
      vertex -40.63213947567259 -63.11353632522564 38.272479626434645
      vertex -43.48811984764063 -63.872604454231876 35.93630814219769
    endloop
  endfacet
  facet normal -1.2729350572445428e-15 -0.9510565162951539 0.30901699437494673
    outer loop
      vertex -43.63022795334541 -63.955352481007864 35.68163590245551
      vertex -41.408822757076294 -63.792747601564486 36.182082262982775
      vertex -40.63213947567259 -63.11353632522564 38.272479626434645
    endloop
  endfacet
  facet normal -4.027097294488188e-16 -0.9510565162951538 0.3090169943749469
    outer loop
      vertex -58.7216485150757 -61.9145226468963 41.96266428507674
      vertex -51.40068186364492 -63.0179215991227 38.56675149487313
      vertex -46.08351098573148 -59.35209304699951 49.84901167984971
    endloop
  endfacet
  facet normal 1.2768460486581305e-16 -0.9510565162951538 0.3090169943749467
    outer loop
      vertex -51.40068186364492 -63.0179215991227 38.56675149487313
      vertex -47.398163653394136 -62.08642709411235 41.4335967979127
      vertex -46.08351098573148 -59.35209304699951 49.84901167984971
    endloop
  endfacet
  facet normal -2.964394866594301e-16 -0.9510565162951539 0.3090169943749468
    outer loop
      vertex -58.7216485150757 -61.9145226468963 41.96266428507674
      vertex -46.08351098573148 -59.35209304699951 49.84901167984971
      vertex -52.647156347525886 -58.36283578633787 52.893632465019124
    endloop
  endfacet
  facet normal -6.461428324943465e-16 -0.9510565162951539 0.30901699437494684
    outer loop
      vertex -47.398163653394136 -62.08642709411235 41.4335967979127
      vertex -41.47068477259132 -59.936294141537644 48.051025588789926
      vertex -46.08351098573148 -59.35209304699951 49.84901167984971
    endloop
  endfacet
  facet normal -6.393849678231389e-15 -0.9510565162951528 0.3090169943749501
    outer loop
      vertex -43.48811984764063 -63.872604454231876 35.93630814219769
      vertex -40.63213947567259 -63.11353632522564 38.272479626434645
      vertex -38.45452883015512 -60.29838592130052 46.936621679267205
    endloop
  endfacet
  facet normal 1.5504327046099836e-16 -0.9510565162951531 0.3090169943749485
    outer loop
      vertex -40.63213947567259 -63.11353632522564 38.272479626434645
      vertex -34.70814174578414 -60.68735151989149 45.73950865995626
      vertex -38.45452883015512 -60.29838592130052 46.936621679267205
    endloop
  endfacet
  facet normal 1.5913127226576141e-15 -0.9510565162951552 0.30901699437494234
    outer loop
      vertex -33.064671784757785 -62.52797900646006 40.0746397464719
      vertex -32.19230149613341 -62.44994339757112 40.31480865526284
      vertex -32.42032203973557 -62.08936062811516 41.424568308606524
    endloop
  endfacet
  facet normal -4.6813723623517255e-15 -0.9510565162951555 0.30901699437494123
    outer loop
      vertex -32.19230149613341 -62.44994339757112 40.31480865526284
      vertex -31.813118395894076 -62.03922871298565 41.5788584784877
      vertex -32.42032203973557 -62.08936062811516 41.424568308606524
    endloop
  endfacet
  facet normal -7.124906451709735e-15 -0.9510565162951526 0.30901699437495
    outer loop
      vertex -32.42032203973557 -62.08936062811516 41.424568308606524
      vertex -31.813118395894076 -62.03922871298565 41.5788584784877
      vertex -31.674976987020056 -60.986343284618826 44.819306627903956
    endloop
  endfacet
  facet normal 7.422803477375542e-17 -0.9510565162951529 0.3090169943749497
    outer loop
      vertex -31.813118395894076 -62.03922871298565 41.5788584784877
      vertex -27.775749477877177 -61.30598481921892 43.83555113906782
      vertex -31.674976987020056 -60.986343284618826 44.819306627903956
    endloop
  endfacet
  facet normal -0.43837114678907624 -0.27774263474946626 -0.8548039345401113
    outer loop
      vertex -58.7216485150757 -46.69761838617385 37.01839237507758
      vertex -51.40068186364492 -47.80101733840025 33.62247958487397
      vertex -51.40068186364492 -63.0179215991227 38.56675149487313
    endloop
  endfacet
  facet normal -0.3792254626529267 -0.2859347538146879 -0.880016684521724
    outer loop
      vertex -49.08120278010395 -63.311676914573994 37.662665596550994
      vertex -51.40068186364492 -47.80101733840025 33.62247958487397
      vertex -49.08120278010395 -48.094772653851535 32.718393686551835
    endloop
  endfacet
  facet normal 2.1529105464631838e-16 0.9510565162951536 -0.3090169943749473
    outer loop
      vertex -58.7216485150757 -46.69761838617385 37.01839237507758
      vertex -52.647156347525886 -43.14593152561541 47.949360555019965
      vertex -51.40068186364492 -47.80101733840025 33.62247958487397
    endloop
  endfacet
  facet normal 9.429354407516185e-16 0.9510565162951535 -0.3090169943749477
    outer loop
      vertex -51.40068186364492 -47.80101733840025 33.62247958487397
      vertex -46.08351098573148 -44.13518878627705 44.90473976985055
      vertex -49.08120278010395 -48.094772653851535 32.718393686551835
    endloop
  endfacet
  facet normal -1.2427071446055619e-14 0.9510565162951384 -0.309016994374994
    outer loop
      vertex -31.674976987020056 -45.769439023896375 39.875034717904796
      vertex -27.775749477877177 -46.08908055849647 38.89127922906866
      vertex -30.910626392686762 -45.84478426599368 39.64314590669744
    endloop
  endfacet
  facet normal 0.3792254626529292 0.2859347538146876 0.880016684521723
    outer loop
      vertex -46.08351098573148 -59.35209304699951 49.84901167984971
      vertex -41.47068477259132 -44.719389880815186 43.10675367879077
      vertex -46.08351098573148 -44.13518878627705 44.90473976985055
    endloop
  endfacet
  facet normal 0.4956752313140989 0.26838371734020366 0.8260001485038414
    outer loop
      vertex -58.9896307144526 -57.24426234668687 56.33624752535451
      vertex -52.647156347525886 -58.36283578633787 52.893632465019124
      vertex -52.647156347525886 -43.14593152561541 47.949360555019965
    endloop
  endfacet
  facet normal 0.4383711467890769 0.27774263474946603 0.8548039345401109
    outer loop
      vertex -52.647156347525886 -58.36283578633787 52.893632465019124
      vertex -46.08351098573148 -44.13518878627705 44.90473976985055
      vertex -52.647156347525886 -43.14593152561541 47.949360555019965
    endloop
  endfacet
  facet normal 0.4383711467890769 0.277742634749466 0.8548039345401109
    outer loop
      vertex -52.647156347525886 -58.36283578633787 52.893632465019124
      vertex -46.08351098573148 -59.35209304699951 49.84901167984971
      vertex -46.08351098573148 -44.13518878627705 44.90473976985055
    endloop
  endfacet
  facet normal 0.3792254626529293 0.2859347538146876 0.880016684521723
    outer loop
      vertex -46.08351098573148 -59.35209304699951 49.84901167984971
      vertex -41.47068477259132 -59.936294141537644 48.051025588789926
      vertex -41.47068477259132 -44.719389880815186 43.10675367879077
    endloop
  endfacet
  facet normal 8.170079646717087e-17 0.9510565162951536 -0.30901699437494723
    outer loop
      vertex -58.7216485150757 -46.69761838617385 37.01839237507758
      vertex -58.9896307144526 -42.02735808596441 51.39197561535535
      vertex -52.647156347525886 -43.14593152561541 47.949360555019965
    endloop
  endfacet
  facet normal -1.861058848554614e-18 0.9510565162951536 -0.3090169943749473
    outer loop
      vertex -51.40068186364492 -47.80101733840025 33.62247958487397
      vertex -52.647156347525886 -43.14593152561541 47.949360555019965
      vertex -46.08351098573148 -44.13518878627705 44.90473976985055
    endloop
  endfacet
  facet normal 9.009917295777292e-16 0.9510565162951535 -0.3090169943749477
    outer loop
      vertex -49.08120278010395 -48.094772653851535 32.718393686551835
      vertex -46.08351098573148 -44.13518878627705 44.90473976985055
      vertex -44.023676246886474 -44.4129013423279 44.050028408025995
    endloop
  endfacet
  facet normal -1.0688589361537652e-14 0.9510565162951452 -0.30901699437497293
    outer loop
      vertex -46.08351098573148 -44.13518878627705 44.90473976985055
      vertex -41.47068477259132 -44.719389880815186 43.10675367879077
      vertex -44.023676246886474 -44.4129013423279 44.050028408025995
    endloop
  endfacet
  facet normal 0.4956752313140989 0.26838371734020366 0.8260001485038414
    outer loop
      vertex -58.9896307144526 -57.24426234668687 56.33624752535451
      vertex -52.647156347525886 -43.14593152561541 47.949360555019965
      vertex -58.9896307144526 -42.02735808596441 51.39197561535535
    endloop
  endfacet
  facet normal 0.3184866502516851 0.2929256593983875 0.9015324795466222
    outer loop
      vertex -34.70814174578414 -60.68735151989149 45.73950865995626
      vertex -34.70814174578414 -45.47044725916904 40.7952367499571
      vertex -38.45452883015512 -60.29838592130052 46.936621679267205
    endloop
  endfacet
  facet normal 0.318486650251685 0.2929256593983875 0.9015324795466222
    outer loop
      vertex -38.45452883015512 -60.29838592130052 46.936621679267205
      vertex -34.70814174578414 -45.47044725916904 40.7952367499571
      vertex -38.45452883015512 -45.08148166057807 41.992349769268046
    endloop
  endfacet
  facet normal 0.2564098736720261 0.29868598266756 0.919260931640962
    outer loop
      vertex -31.674976987020056 -60.986343284618826 44.819306627903956
      vertex -27.775749477877177 -61.30598481921892 43.83555113906782
      vertex -27.775749477877177 -46.08908055849647 38.89127922906866
    endloop
  endfacet
  facet normal 0.2564098736720261 0.2986859826675601 0.9192609316409622
    outer loop
      vertex -31.674976987020056 -60.986343284618826 44.819306627903956
      vertex -27.775749477877177 -46.08908055849647 38.89127922906866
      vertex -31.674976987020056 -45.769439023896375 39.875034717904796
    endloop
  endfacet
  facet normal -8.968291549111818e-15 0.951056516295145 -0.30901699437497365
    outer loop
      vertex -38.45452883015512 -45.08148166057807 41.992349769268046
      vertex -34.70814174578414 -45.47044725916904 40.7952367499571
      vertex -37.538715395464564 -45.191425749287895 41.65397665743609
    endloop
  endfacet
  facet normal 2.2293923270232915e-15 -0.9510565162951541 0.3090169943749462
    outer loop
      vertex -26.439377819360693 -64.78855173651125 33.117312270606035
      vertex -20.671151557215435 -61.78972421232726 42.34675437261514
      vertex -27.311153229235202 -64.13660817154633 35.12378824766594
    endloop
  endfacet
  facet normal -2.3998621681414535e-15 -0.9510565162951532 0.30901699437494834
    outer loop
      vertex -19.061131770427686 -65.42742570896088 31.151060363268073
      vertex -13.33302522274964 -62.136638445097304 41.279062149607014
      vertex -19.16536685427161 -63.803355923750544 36.14943320443366
    endloop
  endfacet
  facet normal -7.950109691727997e-16 -0.9510565162951538 0.309016994374947
    outer loop
      vertex -11.52889370060434 -65.92858358471376 29.608655019537693
      vertex -5.343889795208395 -62.345342529179334 40.63673702588652
      vertex -11.28678552369009 -63.33564366698192 37.588903517225546
    endloop
  endfacet
  facet normal 3.5814077682386964e-15 -0.9510565162951533 0.3090169943749479
    outer loop
      vertex -3.8583235032466474 -66.18008629260342 28.834609275910722
      vertex -3.4848270777174344 -62.44355264286972 40.334477375797476
      vertex -3.689274402158617 -62.74061033950417 39.42022779327442
    endloop
  endfacet
  facet normal 0.06478111929015255 0.30836790332408626 0.9490588194537902
    outer loop
      vertex -10.686633432724093 -62.238163864100585 40.9665990389358
      vertex -5.343889795208395 -62.345342529179334 40.63673702588652
      vertex -5.343889795208395 -47.128438268456875 35.69246511588736
    endloop
  endfacet
  facet normal 2.4637093086221617e-16 -0.9510565162951535 0.30901699437494784
    outer loop
      vertex -27.311153229235202 -64.13660817154633 35.12378824766594
      vertex -20.671151557215435 -61.78972421232726 42.34675437261514
      vertex -24.7687094285817 -61.54031897504491 43.114344765484304
    endloop
  endfacet
  facet normal -1.6521377180382233e-15 -0.9510565162951535 0.30901699437494756
    outer loop
      vertex -19.16536685427161 -63.803355923750544 36.14943320443366
      vertex -13.33302522274964 -62.136638445097304 41.279062149607014
      vertex -17.76327607925068 -61.958139182141 41.828426392605536
    endloop
  endfacet
  facet normal -4.112645041434053e-16 -0.951056516295154 0.3090169943749463
    outer loop
      vertex -11.28678552369009 -63.33564366698192 37.588903517225546
      vertex -5.343889795208395 -62.345342529179334 40.63673702588652
      vertex -10.686633432724093 -62.238163864100585 40.9665990389358
    endloop
  endfacet
  facet normal 2.631096876923803e-13 -0.9510565162951705 0.3090169943748953
    outer loop
      vertex -3.689274402158617 -62.74061033950417 39.42022779327442
      vertex -3.4848270777174344 -62.44355264286972 40.334477375797476
      vertex -3.509624577333254 -62.433984619916544 40.363924722523805
    endloop
  endfacet
  facet normal -2.1308720568330243e-15 -0.9510565162952362 0.30901699437469315
    outer loop
      vertex -3.509624577333254 -62.433984619916544 40.363924722523805
      vertex -3.4848270777174344 -62.44355264286972 40.334477375797476
      vertex 3.449503010422995 -62.45718230279145 40.29252959583907
    endloop
  endfacet
  facet normal 2.5169993051586055e-17 -0.9510565162951428 0.3090169943749804
    outer loop
      vertex -3.509624577333254 -62.433984619916544 40.363924722523805
      vertex 3.4848270777174304 -62.44355264286973 40.33447737579746
      vertex -3.5670310469932986 -62.37929565357915 40.532240053885516
    endloop
  endfacet
  facet normal 0.19325591779555212 0.303191524472306 0.9331275634794836
    outer loop
      vertex -24.7687094285817 -61.54031897504491 43.114344765484304
      vertex -20.671151557215435 -46.57281995160481 37.40248246261598
      vertex -24.7687094285817 -46.32341471432246 38.170072855485145
    endloop
  endfacet
  facet normal 0.1292900927400289 0.306423357006596 0.9430741212651754
    outer loop
      vertex -17.76327607925068 -61.958139182141 41.828426392605536
      vertex -13.33302522274964 -46.919734184374846 36.334790239607855
      vertex -17.76327607925068 -46.741234921418545 36.88415448260638
    endloop
  endfacet
  facet normal 1.1636011661005957e-15 0.9510565162951556 -0.30901699437494096
    outer loop
      vertex -20.671151557215435 -46.57281995160481 37.40248246261598
      vertex -24.164680911171473 -46.37048575774116 38.02520308007776
      vertex -24.7687094285817 -46.32341471432246 38.170072855485145
    endloop
  endfacet
  facet normal 3.8739373498052986e-15 0.9510565162951624 -0.30901699437492014
    outer loop
      vertex -17.326599988406127 -46.76652582235816 36.80631709314419
      vertex -17.76327607925068 -46.741234921418545 36.88415448260638
      vertex -13.33302522274964 -46.919734184374846 36.334790239607855
    endloop
  endfacet
  facet normal 0.0647811192901526 0.3083679033240862 0.9490588194537902
    outer loop
      vertex -10.686633432724093 -62.238163864100585 40.9665990389358
      vertex -5.343889795208395 -47.128438268456875 35.69246511588736
      vertex -10.686633432724093 -47.02125960337813 36.02232712893664
    endloop
  endfacet
  facet normal -1.8405857321596544e-15 0.30901699437494745 0.9510565162951536
    outer loop
      vertex -3.5670310469932986 -62.37929565357915 40.532240053885516
      vertex 3.56703104699354 -47.16239139285669 35.58796814388637
      vertex -3.5670310469932986 -47.16239139285669 35.58796814388636
    endloop
  endfacet
  facet normal -8.37384509523099e-15 0.951056516295112 -0.3090169943750751
    outer loop
      vertex -10.686633432724093 -47.02125960337813 36.02232712893664
      vertex -5.343889795208395 -47.128438268456875 35.69246511588736
      vertex -10.422455957207323 -47.03139443261776 35.991135331833746
    endloop
  endfacet
  facet normal 6.155533206409371e-16 0.9510565162946629 -0.3090169943764577
    outer loop
      vertex -3.5670310469932986 -47.16239139285669 35.58796814388636
      vertex 3.56703104699354 -47.16239139285669 35.58796814388637
      vertex -3.478573036757028 -47.16408169369166 35.58276593283374
    endloop
  endfacet
  facet normal 0.19325591779555215 0.30319152447230596 0.9331275634794836
    outer loop
      vertex -24.7687094285817 -61.54031897504491 43.114344765484304
      vertex -20.671151557215435 -61.78972421232726 42.34675437261514
      vertex -20.671151557215435 -46.57281995160481 37.40248246261598
    endloop
  endfacet
  facet normal 0.12929009274002934 0.30642335700659584 0.9430741212651754
    outer loop
      vertex -17.76327607925068 -61.958139182141 41.828426392605536
      vertex -13.33302522274964 -62.136638445097304 41.279062149607014
      vertex -13.33302522274964 -46.919734184374846 36.334790239607855
    endloop
  endfacet
  facet normal -0.7017979028839912 -0.2201363203444608 -0.6775099290584846
    outer loop
      vertex -91.0498831001848 -54.34741148770303 65.25183772370106
      vertex -91.0498831001848 -39.13050722698057 60.3075658137019
      vertex -85.24735061731909 -56.11386686778184 59.815247081277846
    endloop
  endfacet
  facet normal -0.7017979028839912 -0.2201363203444608 -0.6775099290584846
    outer loop
      vertex -85.24735061731909 -56.11386686778184 59.815247081277846
      vertex -91.0498831001848 -39.13050722698057 60.3075658137019
      vertex -85.24735061731909 -40.89696260705938 54.87097517127869
    endloop
  endfacet
  facet normal -0.7464722953651508 -0.20562500539323225 -0.6328486939303236
    outer loop
      vertex -91.0498831001848 -54.34741148770303 65.25183772370106
      vertex -96.46991452079125 -37.25160448758963 66.09023384267887
      vertex -91.0498831001848 -39.13050722698057 60.3075658137019
    endloop
  endfacet
  facet normal -1.3225364240052236e-16 0.9510565162951535 -0.30901699437494734
    outer loop
      vertex -91.0498831001848 -39.13050722698057 60.3075658137019
      vertex -81.63117950901426 -36.36160420560024 68.82937305863896
      vertex -85.24735061731909 -40.89696260705938 54.87097517127869
    endloop
  endfacet
  facet normal -0.8262387743159954 -0.1740754712139412 -0.5357492119811715
    outer loop
      vertex -101.4846752971767 -50.48505193040443 77.13895814785045
      vertex -106.07309839159618 -33.188469286314856 78.59527816095951
      vertex -101.4846752971767 -35.26814766968197 72.19468623785129
    endloop
  endfacet
  facet normal -0.7464722953651508 -0.20562500539323225 -0.6328486939303236
    outer loop
      vertex -91.0498831001848 -54.34741148770303 65.25183772370106
      vertex -96.46991452079125 -52.46850874831209 71.03450575267803
      vertex -96.46991452079125 -37.25160448758963 66.09023384267887
    endloop
  endfacet
  facet normal 3.2818927455468097e-16 -0.9510565162951534 0.3090169943749479
    outer loop
      vertex -91.0498831001848 -54.34741148770303 65.25183772370106
      vertex -81.63117950901426 -51.57850846632269 73.77364496863812
      vertex -96.46991452079125 -52.46850874831209 71.03450575267803
    endloop
  endfacet
  facet normal -7.703864780109437e-16 -0.9510565162951539 0.30901699437494673
    outer loop
      vertex -101.4846752971767 -50.48505193040443 77.13895814785045
      vertex -96.46991452079125 -52.46850874831209 71.03450575267803
      vertex -94.02669778920031 -51.19272780847365 74.96095574826079
    endloop
  endfacet
  facet normal 3.3687032916141627e-15 -0.9510565162951495 0.3090169943749596
    outer loop
      vertex -101.4846752971767 -50.48505193040443 77.13895814785045
      vertex -94.02669778920031 -51.19272780847365 74.96095574826079
      vertex -94.46024329184979 -50.99222315215792 75.57804562813067
    endloop
  endfacet
  facet normal 7.599334889229973e-15 -0.9510565162951553 0.30901699437494207
    outer loop
      vertex -96.46991452079125 -52.46850874831209 71.03450575267803
      vertex -93.3778510915574 -51.32670073662716 74.54862947285554
      vertex -94.02669778920031 -51.19272780847365 74.96095574826079
    endloop
  endfacet
  facet normal 1.303420528641541e-16 -0.9510565162951533 0.30901699437494795
    outer loop
      vertex -96.46991452079125 -52.46850874831209 71.03450575267803
      vertex -92.61248422682722 -51.37374577277472 74.40383973959838
      vertex -93.3778510915574 -51.32670073662716 74.54862947285554
    endloop
  endfacet
  facet normal -3.103486577809251e-16 -0.9510565162951533 0.3090169943749484
    outer loop
      vertex -96.46991452079125 -52.46850874831209 71.03450575267803
      vertex -91.84711736209704 -51.32670073662716 74.54862947285554
      vertex -92.61248422682722 -51.37374577277472 74.40383973959838
    endloop
  endfacet
  facet normal 4.8325887587222744e-17 -0.9510565162951541 0.3090169943749461
    outer loop
      vertex -101.4846752971767 -50.48505193040443 77.13895814785045
      vertex -94.46024329184979 -50.99222315215792 75.57804562813067
      vertex -94.61248422682722 -50.755711784024825 76.30595277218869
    endloop
  endfacet
  facet normal -6.680862782835365e-16 -0.9510565162951558 0.3090169943749408
    outer loop
      vertex -101.4846752971767 -50.48505193040443 77.13895814785045
      vertex -94.61248422682722 -50.755711784024825 76.30595277218869
      vertex -94.46024329184979 -50.51920041589173 77.03385991624673
    endloop
  endfacet
  facet normal -3.863177352191973e-16 -0.9510565162951502 0.3090169943749578
    outer loop
      vertex -101.4846752971767 -50.48505193040443 77.13895814785045
      vertex -94.46024329184979 -50.51920041589173 77.03385991624673
      vertex -94.02669778920031 -50.318695759576 77.6509497961166
    endloop
  endfacet
  facet normal 1.8371544418962483e-15 -0.9510565162951597 0.3090169943749286
    outer loop
      vertex -101.4846752971767 -50.48505193040443 77.13895814785045
      vertex -94.02669778920031 -50.318695759576 77.6509497961166
      vertex -93.3778510915574 -50.18472283142249 78.06327607152186
    endloop
  endfacet
  facet normal -2.3417243182976994e-14 -0.9510565162950948 0.30901699437512825
    outer loop
      vertex -101.4846752971767 -50.48505193040443 77.13895814785045
      vertex -93.3778510915574 -50.18472283142249 78.06327607152186
      vertex -92.61248422682722 -50.137677795274925 78.208065804779
    endloop
  endfacet
  facet normal 8.85056132676135e-14 -0.9510565162953668 0.30901699437429103
    outer loop
      vertex -101.4846752971767 -50.48505193040443 77.13895814785045
      vertex -92.61248422682722 -50.137677795274925 78.208065804779
      vertex -86.49053289613711 -49.89396982028802 78.95812182727452
    endloop
  endfacet
  facet normal 3.494954976504416e-16 -0.9510565162951535 0.3090169943749478
    outer loop
      vertex -96.46991452079125 -52.46850874831209 71.03450575267803
      vertex -81.63117950901426 -51.57850846632269 73.77364496863812
      vertex -91.84711736209704 -51.32670073662716 74.54862947285554
    endloop
  endfacet
  facet normal -9.3467027937863e-16 -0.9510565162951584 0.3090169943749324
    outer loop
      vertex -91.84711736209704 -51.32670073662716 74.54862947285554
      vertex -81.63117950901426 -51.57850846632269 73.77364496863812
      vertex -91.19827066445413 -51.19272780847365 74.96095574826079
    endloop
  endfacet
  facet normal 2.3046797341606065e-15 -0.9510565162951508 0.309016994374956
    outer loop
      vertex -91.19827066445413 -51.19272780847365 74.96095574826079
      vertex -81.63117950901426 -51.57850846632269 73.77364496863812
      vertex -90.76472516180465 -50.99222315215792 75.57804562813067
    endloop
  endfacet
  facet normal 3.1596142427995523e-16 -0.9510565162951538 0.309016994374947
    outer loop
      vertex -90.76472516180465 -50.99222315215792 75.57804562813067
      vertex -81.63117950901426 -51.57850846632269 73.77364496863812
      vertex -86.49053289613711 -49.89396982028802 78.95812182727452
    endloop
  endfacet
  facet normal -2.7323638858042364e-15 -0.9510565162951509 0.3090169943749558
    outer loop
      vertex -90.76472516180465 -50.51920041589173 77.03385991624673
      vertex -86.49053289613711 -49.89396982028802 78.95812182727452
      vertex -91.19827066445413 -50.318695759576 77.6509497961166
    endloop
  endfacet
  facet normal -6.135569824622996e-15 -0.9510565162951407 0.30901699437498736
    outer loop
      vertex -92.61248422682722 -50.137677795274925 78.208065804779
      vertex -91.84711736209704 -50.18472283142249 78.06327607152186
      vertex -86.49053289613711 -49.89396982028802 78.95812182727452
    endloop
  endfacet
  facet normal 3.368754710028258e-15 -0.9510565162951572 0.3090169943749359
    outer loop
      vertex -91.84711736209704 -50.18472283142249 78.06327607152186
      vertex -91.19827066445413 -50.318695759576 77.6509497961166
      vertex -86.49053289613711 -49.89396982028802 78.95812182727452
    endloop
  endfacet
  facet normal 1.2769585001443724e-15 -0.9510565162951541 0.30901699437494584
    outer loop
      vertex -90.76472516180465 -50.99222315215792 75.57804562813067
      vertex -86.49053289613711 -49.89396982028802 78.95812182727452
      vertex -90.61248422682722 -50.755711784024825 76.30595277218869
    endloop
  endfacet
  facet normal 4.3859626882224545e-15 -0.9510565162951554 0.30901699437494146
    outer loop
      vertex -90.61248422682722 -50.755711784024825 76.30595277218869
      vertex -86.49053289613711 -49.89396982028802 78.95812182727452
      vertex -90.76472516180465 -50.51920041589173 77.03385991624673
    endloop
  endfacet
  facet normal -0.7880107536067215 -0.19024985865758096 -0.5855288579403558
    outer loop
      vertex -96.46991452079125 -52.46850874831209 71.03450575267803
      vertex -101.4846752971767 -35.26814766968197 72.19468623785129
      vertex -96.46991452079125 -37.25160448758963 66.09023384267887
    endloop
  endfacet
  facet normal -0.7880107536067215 -0.19024985865758096 -0.5855288579403558
    outer loop
      vertex -101.4846752971767 -50.48505193040443 77.13895814785045
      vertex -101.4846752971767 -35.26814766968197 72.19468623785129
      vertex -96.46991452079125 -52.46850874831209 71.03450575267803
    endloop
  endfacet
  facet normal 0.7880107536067227 0.19024985865758046 0.5855288579403543
    outer loop
      vertex -86.49053289613711 -49.89396982028802 78.95812182727452
      vertex -86.49053289613711 -34.67706555956556 74.01384991727537
      vertex -90.9865390764136 -48.115692748006204 84.4310958971725
    endloop
  endfacet
  facet normal 0.7880107536067221 0.19024985865758123 0.5855288579403549
    outer loop
      vertex -90.9865390764136 -48.115692748006204 84.4310958971725
      vertex -86.49053289613711 -34.67706555956556 74.01384991727537
      vertex -90.9865390764136 -32.898788487283745 79.48682398717332
    endloop
  endfacet
  facet normal -1.0305111348942323e-16 -0.9510565162951535 0.30901699437494734
    outer loop
      vertex -79.08669354323307 -57.760453999731226 54.74757297275259
      vertex -72.59379283235323 -59.28025556190697 50.070104725071076
      vertex -65.08428931663276 -56.00107186125035 60.162394415955376
    endloop
  endfacet
  facet normal 8.186270914374501e-16 -0.951056516295154 0.30901699437494673
    outer loop
      vertex -72.59379283235323 -59.28025556190697 50.070104725071076
      vertex -68.48677737163148 -57.87389651172698 54.39843282116745
      vertex -65.08428931663276 -56.00107186125035 60.162394415955376
    endloop
  endfacet
  facet normal 4.5759906623366205e-15 -0.9510565162951544 0.3090169943749445
    outer loop
      vertex -68.48677737163148 -57.87389651172698 54.39843282116745
      vertex -68.053231868982 -57.67339185541126 55.01552270103733
      vertex -65.08428931663276 -56.00107186125035 60.162394415955376
    endloop
  endfacet
  facet normal 1.0505161230154239e-14 -0.9510565162951589 0.309016994374931
    outer loop
      vertex -65.22480474423581 -58.5474239043089 52.32552865318149
      vertex -58.9896307144526 -57.24426234668687 56.33624752535451
      vertex -64.79125924158633 -58.346919247993185 52.94261853305137
    endloop
  endfacet
  facet normal -1.2915408298376823e-15 -0.951056516295153 0.3090169943749493
    outer loop
      vertex -64.79125924158633 -58.346919247993185 52.94261853305137
      vertex -58.9896307144526 -57.24426234668687 56.33624752535451
      vertex -64.6390183066089 -58.110407879860084 53.67052567710941
    endloop
  endfacet
  facet normal -1.0633086172280045e-15 -0.9510565162951532 0.3090169943749488
    outer loop
      vertex -64.6390183066089 -58.110407879860084 53.67052567710941
      vertex -58.9896307144526 -57.24426234668687 56.33624752535451
      vertex -64.79125924158633 -57.87389651172698 54.39843282116745
    endloop
  endfacet
  facet normal -4.990726758806869e-16 -0.9510565162951535 0.30901699437494734
    outer loop
      vertex -64.79125924158633 -57.87389651172698 54.39843282116745
      vertex -58.9896307144526 -57.24426234668687 56.33624752535451
      vertex -65.22480474423581 -57.67339185541126 55.01552270103733
    endloop
  endfacet
  facet normal -0.6541752535330342 -0.233722841396932 -0.7193249412291604
    outer loop
      vertex -79.08669354323307 -57.760453999731226 54.74757297275259
      vertex -85.24735061731909 -56.11386686778184 59.815247081277846
      vertex -85.24735061731909 -40.89696260705938 54.87097517127869
    endloop
  endfacet
  facet normal 1.9361757363800536e-16 -0.9510565162951536 0.30901699437494745
    outer loop
      vertex -91.0498831001848 -54.34741148770303 65.25183772370106
      vertex -85.24735061731909 -56.11386686778184 59.815247081277846
      vertex -76.4288930854885 -53.162231929945506 68.89944533720802
    endloop
  endfacet
  facet normal -6.558828634253071e-17 -0.9510565162951536 0.3090169943749472
    outer loop
      vertex -79.08669354323307 -57.760453999731226 54.74757297275259
      vertex -70.90552845958518 -54.63848698013042 64.35599947258208
      vertex -85.24735061731909 -56.11386686778184 59.815247081277846
    endloop
  endfacet
  facet normal -3.183392028920561e-17 -0.9510565162951536 0.3090169943749471
    outer loop
      vertex -79.08669354323307 -57.760453999731226 54.74757297275259
      vertex -65.08428931663276 -56.00107186125035 60.162394415955376
      vertex -70.90552845958518 -54.63848698013042 64.35599947258208
    endloop
  endfacet
  facet normal -2.7539703060528507e-16 -0.9510565162951533 0.30901699437494773
    outer loop
      vertex -85.24735061731909 -56.11386686778184 59.815247081277846
      vertex -70.90552845958518 -54.63848698013042 64.35599947258208
      vertex -76.4288930854885 -53.162231929945506 68.89944533720802
    endloop
  endfacet
  facet normal 0.6541752535330363 0.23372284139693136 0.7193249412291585
    outer loop
      vertex -70.90552845958518 -54.63848698013042 64.35599947258208
      vertex -70.90552845958518 -39.421582719407965 59.411727562582925
      vertex -76.4288930854885 -53.162231929945506 68.89944533720802
    endloop
  endfacet
  facet normal -0.6541752535330342 -0.233722841396932 -0.7193249412291605
    outer loop
      vertex -79.08669354323307 -57.760453999731226 54.74757297275259
      vertex -85.24735061731909 -40.89696260705938 54.87097517127869
      vertex -79.08669354323307 -42.54354973900877 49.803301062753434
    endloop
  endfacet
  facet normal -1.6750576006291827e-16 0.9510565162951536 -0.30901699437494745
    outer loop
      vertex -79.08669354323307 -42.54354973900877 49.803301062753434
      vertex -85.24735061731909 -40.89696260705938 54.87097517127869
      vertex -76.4288930854885 -37.94532766922305 63.95517342720886
    endloop
  endfacet
  facet normal 5.431392865459914e-16 0.9510565162951535 -0.3090169943749476
    outer loop
      vertex -79.08669354323307 -42.54354973900877 49.803301062753434
      vertex -76.4288930854885 -37.94532766922305 63.95517342720886
      vertex -70.90552845958518 -39.421582719407965 59.411727562582925
    endloop
  endfacet
  facet normal -3.2220739686948107e-16 0.9510565162951536 -0.3090169943749473
    outer loop
      vertex -85.24735061731909 -40.89696260705938 54.87097517127869
      vertex -81.63117950901426 -36.36160420560024 68.82937305863896
      vertex -76.4288930854885 -37.94532766922305 63.95517342720886
    endloop
  endfacet
  facet normal 0.6541752535330363 0.23372284139693136 0.7193249412291585
    outer loop
      vertex -76.4288930854885 -53.162231929945506 68.89944533720802
      vertex -70.90552845958518 -39.421582719407965 59.411727562582925
      vertex -76.4288930854885 -37.94532766922305 63.95517342720886
    endloop
  endfacet
  facet normal -1.264427905725806e-15 -0.9510565162951535 0.3090169943749478
    outer loop
      vertex -68.053231868982 -57.67339185541126 55.01552270103733
      vertex -67.40438517133909 -57.53941892725774 55.427848976442576
      vertex -65.08428931663276 -56.00107186125035 60.162394415955376
    endloop
  endfacet
  facet normal -3.4428799164634345e-15 -0.9510565162951532 0.30901699437494873
    outer loop
      vertex -67.40438517133909 -57.53941892725774 55.427848976442576
      vertex -66.6390183066089 -57.49237389111019 55.57263870969972
      vertex -65.08428931663276 -56.00107186125035 60.162394415955376
    endloop
  endfacet
  facet normal 3.0291313058339634e-15 -0.9510565162951538 0.3090169943749467
    outer loop
      vertex -66.6390183066089 -57.49237389111019 55.57263870969972
      vertex -65.87365144187872 -57.53941892725774 55.427848976442576
      vertex -65.08428931663276 -56.00107186125035 60.162394415955376
    endloop
  endfacet
  facet normal 8.09480245697587e-16 -0.9510565162951536 0.30901699437494706
    outer loop
      vertex -65.87365144187872 -57.53941892725774 55.427848976442576
      vertex -65.22480474423581 -57.67339185541126 55.01552270103733
      vertex -65.08428931663276 -56.00107186125035 60.162394415955376
    endloop
  endfacet
  facet normal -4.534257480776461e-16 -0.9510565162951538 0.3090169943749471
    outer loop
      vertex -65.22480474423581 -57.67339185541126 55.01552270103733
      vertex -58.9896307144526 -57.24426234668687 56.33624752535451
      vertex -65.08428931663276 -56.00107186125035 60.162394415955376
    endloop
  endfacet
  facet normal 0.5508969814521004 0.25789731845067776 0.7937263312772946
    outer loop
      vertex -58.9896307144526 -57.24426234668687 56.33624752535451
      vertex -58.9896307144526 -42.02735808596441 51.39197561535535
      vertex -65.08428931663276 -56.00107186125035 60.162394415955376
    endloop
  endfacet
  facet normal 0.6038044103254783 0.24632749150059338 0.7581180653450533
    outer loop
      vertex -65.08428931663276 -56.00107186125035 60.162394415955376
      vertex -65.08428931663276 -40.784167600527894 55.21812250595622
      vertex -70.90552845958518 -54.63848698013042 64.35599947258208
    endloop
  endfacet
  facet normal 7.249696725180159e-18 0.9510565162951538 -0.30901699437494723
    outer loop
      vertex -72.59379283235323 -44.06335130118451 45.12583281507192
      vertex -70.90552845958518 -39.421582719407965 59.411727562582925
      vertex -65.08428931663276 -40.784167600527894 55.21812250595622
    endloop
  endfacet
  facet normal 0.5508969814521003 0.25789731845067776 0.7937263312772947
    outer loop
      vertex -65.08428931663276 -56.00107186125035 60.162394415955376
      vertex -58.9896307144526 -42.02735808596441 51.39197561535535
      vertex -65.08428931663276 -40.784167600527894 55.21812250595622
    endloop
  endfacet
  facet normal 0.6038044103254783 0.24632749150059335 0.7581180653450532
    outer loop
      vertex -70.90552845958518 -54.63848698013042 64.35599947258208
      vertex -65.08428931663276 -40.784167600527894 55.21812250595622
      vertex -70.90552845958518 -39.421582719407965 59.411727562582925
    endloop
  endfacet
  facet normal -3.893580073847585e-17 -0.9510565162951533 0.3090169943749482
    outer loop
      vertex -91.0498831001848 -54.34741148770303 65.25183772370106
      vertex -76.4288930854885 -53.162231929945506 68.89944533720802
      vertex -81.63117950901426 -51.57850846632269 73.77364496863812
    endloop
  endfacet
  facet normal 0.7017979028839884 0.22013632034446173 0.6775099290584873
    outer loop
      vertex -81.63117950901426 -51.57850846632269 73.77364496863812
      vertex -76.4288930854885 -37.94532766922305 63.95517342720886
      vertex -81.63117950901426 -36.36160420560024 68.82937305863896
    endloop
  endfacet
  facet normal 0.7017979028839886 0.2201363203444616 0.6775099290584873
    outer loop
      vertex -81.63117950901426 -51.57850846632269 73.77364496863812
      vertex -76.4288930854885 -53.162231929945506 68.89944533720802
      vertex -76.4288930854885 -37.94532766922305 63.95517342720886
    endloop
  endfacet
  facet normal 0.7464722953651511 0.2056250053932322 0.6328486939303231
    outer loop
      vertex -86.49053289613711 -49.89396982028802 78.95812182727452
      vertex -81.63117950901426 -51.57850846632269 73.77364496863812
      vertex -81.63117950901426 -36.36160420560024 68.82937305863896
    endloop
  endfacet
  facet normal 0.7464722953651514 0.20562500539323203 0.632848693930323
    outer loop
      vertex -86.49053289613711 -49.89396982028802 78.95812182727452
      vertex -81.63117950901426 -36.36160420560024 68.82937305863896
      vertex -86.49053289613711 -34.67706555956556 74.01384991727537
    endloop
  endfacet
  facet normal -0.8262387743159954 -0.17407547121394118 -0.5357492119811715
    outer loop
      vertex -101.4846752971767 -50.48505193040443 77.13895814785045
      vertex -106.07309839159618 -48.405373547037314 83.53955007095867
      vertex -106.07309839159618 -33.188469286314856 78.59527816095951
    endloop
  endfacet
  facet normal -0.8609957613666317 -0.1571697917533824 -0.4837188806206478
    outer loop
      vertex -106.07309839159618 -48.405373547037314 83.53955007095867
      vertex -110.21590781326364 -46.23821033859646 90.209392599949
      vertex -110.21590781326364 -31.021306077874 85.26512068994984
    endloop
  endfacet
  facet normal 2.5907949949167098e-17 -0.9510565162951538 0.309016994374947
    outer loop
      vertex -106.07309839159618 -48.405373547037314 83.53955007095867
      vertex -95.10031030302493 -46.25114780128883 90.16957518400787
      vertex -110.21590781326364 -46.23821033859646 90.209392599949
    endloop
  endfacet
  facet normal 3.572035013758189e-17 -0.9510565162951535 0.30901699437494795
    outer loop
      vertex -110.21590781326364 -46.23821033859646 90.209392599949
      vertex -95.10031030302493 -46.25114780128883 90.16957518400787
      vertex -98.81456460030569 -44.3081679437649 96.14945230457238
    endloop
  endfacet
  facet normal -1.4051927547684045e-16 -0.9510565162951536 0.3090169943749473
    outer loop
      vertex -101.4846752971767 -50.48505193040443 77.13895814785045
      vertex -90.9865390764136 -48.115692748006204 84.4310958971725
      vertex -106.07309839159618 -48.405373547037314 83.53955007095867
    endloop
  endfacet
  facet normal 2.3209179012708097e-16 -0.9510565162951539 0.30901699437494684
    outer loop
      vertex -101.4846752971767 -50.48505193040443 77.13895814785045
      vertex -86.49053289613711 -49.89396982028802 78.95812182727452
      vertex -90.9865390764136 -48.115692748006204 84.4310958971725
    endloop
  endfacet
  facet normal -1.4094794838569664e-16 -0.9510565162951535 0.3090169943749473
    outer loop
      vertex -106.07309839159618 -48.405373547037314 83.53955007095867
      vertex -90.9865390764136 -48.115692748006204 84.4310958971725
      vertex -95.10031030302493 -46.25114780128883 90.16957518400787
    endloop
  endfacet
  facet normal 0.8262387743159937 0.17407547121394235 0.5357492119811735
    outer loop
      vertex -90.9865390764136 -48.115692748006204 84.4310958971725
      vertex -90.9865390764136 -32.898788487283745 79.48682398717332
      vertex -95.10031030302493 -46.25114780128883 90.16957518400787
    endloop
  endfacet
  facet normal 0.8609957613666324 0.1571697917533825 0.48371888062064683
    outer loop
      vertex -95.10031030302493 -31.034243540566372 85.2253032740087
      vertex -98.81456460030569 -44.3081679437649 96.14945230457238
      vertex -95.10031030302493 -46.25114780128883 90.16957518400787
    endloop
  endfacet
  facet normal -1.8564479165706963e-16 -0.9510565162951533 0.30901699437494834
    outer loop
      vertex -110.21590781326364 -46.23821033859646 90.209392599949
      vertex -98.81456460030569 -44.3081679437649 96.14945230457238
      vertex -113.8956995968958 -43.99266656970134 97.12046568948395
    endloop
  endfacet
  facet normal -2.526255867699834e-14 -0.9510565162952678 0.3090169943745961
    outer loop
      vertex -113.8956995968958 -43.99266656970134 97.12046568948395
      vertex -98.81456460030569 -44.3081679437649 96.14945230457238
      vertex -113.88448574240115 -43.99105068701141 97.12543886503677
    endloop
  endfacet
  facet normal -1.6636083152407556e-15 -0.9510565162951607 0.30901699437492564
    outer loop
      vertex -113.88448574240115 -43.99105068701141 97.12543886503677
      vertex -98.81456460030569 -44.3081679437649 96.14945230457238
      vertex -113.67361879046526 -43.96066539374094 97.21895518190755
    endloop
  endfacet
  facet normal -0.8921357004638829 -0.13960384112877844 -0.42965644356847216
    outer loop
      vertex -110.21590781326364 -46.23821033859646 90.209392599949
      vertex -113.8956995968958 -43.99266656970134 97.12046568948395
      vertex -113.8956995968958 -28.775762308978884 92.1761937794848
    endloop
  endfacet
  facet normal -0.422618261741189 0.280064508328605 0.861949926630029
    outer loop
      vertex -113.8956995968958 -43.99266656970134 97.12046568948395
      vertex -113.88448574240115 -43.99105068701141 97.12543886503677
      vertex -113.88448574240115 -28.774146426288958 92.18116695503761
    endloop
  endfacet
  facet normal 8.42494997548013e-17 -0.9510565162951535 0.3090169943749476
    outer loop
      vertex -113.67361879046526 -43.96066539374094 97.21895518190755
      vertex -98.81456460030569 -44.3081679437649 96.14945230457238
      vertex -102.124912219914 -42.29653152724729 102.34063258647085
    endloop
  endfacet
  facet normal -3.303023090723482e-13 -0.9510565162952055 0.30901699437478786
    outer loop
      vertex -102.11369836541935 -42.29491564455736 102.34560576202365
      vertex -102.124912219914 -42.29653152724729 102.34063258647085
      vertex -98.81456460030569 -44.3081679437649 96.14945230457238
    endloop
  endfacet
  facet normal 0.8921357004638827 0.13960384112877938 0.4296564435684724
    outer loop
      vertex -102.11369836541935 -42.29491564455736 102.34560576202365
      vertex -98.81456460030569 -44.3081679437649 96.14945230457238
      vertex -98.81456460030569 -29.09126368304245 91.2051803945732
    endloop
  endfacet
  facet normal -1.4736553697664826e-16 0.9510565162951535 -0.3090169943749475
    outer loop
      vertex -101.4846752971767 -35.26814766968197 72.19468623785129
      vertex -106.07309839159618 -33.188469286314856 78.59527816095951
      vertex -95.10031030302493 -31.034243540566372 85.2253032740087
    endloop
  endfacet
  facet normal -1.2900001530275542e-16 0.9510565162951535 -0.30901699437494745
    outer loop
      vertex -101.4846752971767 -35.26814766968197 72.19468623785129
      vertex -90.9865390764136 -32.898788487283745 79.48682398717332
      vertex -96.46991452079125 -37.25160448758963 66.09023384267887
    endloop
  endfacet
  facet normal -2.0091382083664745e-17 0.9510565162951535 -0.3090169943749476
    outer loop
      vertex -91.0498831001848 -39.13050722698057 60.3075658137019
      vertex -96.46991452079125 -37.25160448758963 66.09023384267887
      vertex -86.49053289613711 -34.67706555956556 74.01384991727537
    endloop
  endfacet
  facet normal 2.35397341446224e-16 0.9510565162951535 -0.3090169943749477
    outer loop
      vertex -91.0498831001848 -39.13050722698057 60.3075658137019
      vertex -86.49053289613711 -34.67706555956556 74.01384991727537
      vertex -81.63117950901426 -36.36160420560024 68.82937305863896
    endloop
  endfacet
  facet normal -1.3411853180311285e-16 0.9510565162951536 -0.30901699437494745
    outer loop
      vertex -101.4846752971767 -35.26814766968197 72.19468623785129
      vertex -95.10031030302493 -31.034243540566372 85.2253032740087
      vertex -90.9865390764136 -32.898788487283745 79.48682398717332
    endloop
  endfacet
  facet normal -1.8101876956192925e-16 0.9510565162951535 -0.30901699437494745
    outer loop
      vertex -96.46991452079125 -37.25160448758963 66.09023384267887
      vertex -90.9865390764136 -32.898788487283745 79.48682398717332
      vertex -86.49053289613711 -34.67706555956556 74.01384991727537
    endloop
  endfacet
  facet normal -0.8609957613666317 -0.1571697917533824 -0.4837188806206478
    outer loop
      vertex -106.07309839159618 -48.405373547037314 83.53955007095867
      vertex -110.21590781326364 -31.021306077874 85.26512068994984
      vertex -106.07309839159618 -33.188469286314856 78.59527816095951
    endloop
  endfacet
  facet normal -2.687248877172141e-16 0.9510565162951538 -0.3090169943749472
    outer loop
      vertex -110.21590781326364 -31.021306077874 85.26512068994984
      vertex -98.81456460030569 -29.09126368304245 91.2051803945732
      vertex -106.07309839159618 -33.188469286314856 78.59527816095951
    endloop
  endfacet
  facet normal -0.8921357004638832 -0.13960384112877858 -0.42965644356847144
    outer loop
      vertex -110.21590781326364 -31.021306077874 85.26512068994984
      vertex -110.21590781326364 -46.23821033859646 90.209392599949
      vertex -113.8956995968958 -28.775762308978884 92.1761937794848
    endloop
  endfacet
  facet normal 3.384136969255273e-13 0.9510565162952092 -0.309016994374776
    outer loop
      vertex -110.21590781326364 -31.021306077874 85.26512068994984
      vertex -113.8956995968958 -28.775762308978884 92.1761937794848
      vertex -113.88448574240115 -28.774146426288958 92.18116695503761
    endloop
  endfacet
  facet normal -5.638002879593782e-16 0.9510565162951535 -0.3090169943749475
    outer loop
      vertex -110.21590781326364 -31.021306077874 85.26512068994984
      vertex -113.88448574240115 -28.774146426288958 92.18116695503761
      vertex -107.56523494968171 -27.863561401828566 94.98365949401767
    endloop
  endfacet
  facet normal -1.7113913060468963e-15 0.9510565162951536 -0.3090169943749473
    outer loop
      vertex -110.21590781326364 -31.021306077874 85.26512068994984
      vertex -107.56523494968171 -27.863561401828566 94.98365949401767
      vertex -107.98405911953094 -29.93507926918099 88.60818305670273
    endloop
  endfacet
  facet normal 5.709732174583985e-16 0.9510565162951532 -0.30901699437494856
    outer loop
      vertex -110.21590781326364 -31.021306077874 85.26512068994984
      vertex -107.98405911953094 -29.93507926918099 88.60818305670273
      vertex -98.81456460030569 -29.09126368304245 91.2051803945732
    endloop
  endfacet
  facet normal 1.007796187879141e-16 0.9510565162951536 -0.3090169943749471
    outer loop
      vertex -107.98405911953094 -29.93507926918099 88.60818305670273
      vertex -102.12146142740046 -27.08178961757678 97.38970564423752
      vertex -98.81456460030569 -29.09126368304245 91.2051803945732
    endloop
  endfacet
  facet normal 0.8262387743159937 0.17407547121394235 0.5357492119811735
    outer loop
      vertex -95.10031030302493 -31.034243540566372 85.2253032740087
      vertex -95.10031030302493 -46.25114780128883 90.16957518400787
      vertex -90.9865390764136 -32.898788487283745 79.48682398717332
    endloop
  endfacet
  facet normal -3.9471212460016276e-16 0.9510565162951538 -0.30901699437494706
    outer loop
      vertex -106.07309839159618 -33.188469286314856 78.59527816095951
      vertex -98.81456460030569 -29.09126368304245 91.2051803945732
      vertex -95.10031030302493 -31.034243540566372 85.2253032740087
    endloop
  endfacet
  facet normal 0.8609957613666323 0.15716979175338258 0.48371888062064694
    outer loop
      vertex -95.10031030302493 -31.034243540566372 85.2253032740087
      vertex -98.81456460030569 -29.09126368304245 91.2051803945732
      vertex -98.81456460030569 -44.3081679437649 96.14945230457238
    endloop
  endfacet
  facet normal -0.4226182617401729 0.2800645083287506 0.86194992663048
    outer loop
      vertex -113.8956995968958 -43.99266656970134 97.12046568948395
      vertex -113.88448574240115 -28.774146426288958 92.18116695503761
      vertex -113.8956995968958 -28.775762308978884 92.1761937794848
    endloop
  endfacet
  facet normal 0.8921357004638831 0.1396038411287787 0.4296564435684717
    outer loop
      vertex -102.11369836541935 -42.29491564455736 102.34560576202365
      vertex -98.81456460030569 -29.09126368304245 91.2051803945732
      vertex -102.11369836541935 -27.078011383834905 97.4013338520245
    endloop
  endfacet
  facet normal -0.4226182617402448 0.2800645083287411 0.8619499266304479
    outer loop
      vertex -102.124912219914 -42.29653152724729 102.34063258647085
      vertex -102.11369836541935 -27.078011383834905 97.4013338520245
      vertex -102.124912219914 -27.079627266524835 97.39636067647169
    endloop
  endfacet
  facet normal -0.42261826174014605 0.28006450832875524 0.8619499266304916
    outer loop
      vertex -102.11369836541935 -42.29491564455736 102.34560576202365
      vertex -102.11369836541935 -27.078011383834905 97.4013338520245
      vertex -102.124912219914 -42.29653152724729 102.34063258647085
    endloop
  endfacet
  facet normal -5.361757211679384e-14 0.9510565162951453 -0.3090169943749731
    outer loop
      vertex -102.11369836541935 -27.078011383834905 97.4013338520245
      vertex -98.81456460030569 -29.09126368304245 91.2051803945732
      vertex -102.12146142740046 -27.08178961757678 97.38970564423752
    endloop
  endfacet
  facet normal 1.9278151836567823e-13 0.9510565162950969 -0.30901699437512187
    outer loop
      vertex -102.11369836541935 -27.078011383834905 97.4013338520245
      vertex -102.12146142740046 -27.08178961757678 97.38970564423752
      vertex -102.124912219914 -27.079627266524835 97.39636067647169
    endloop
  endfacet
  facet normal -2.933923651722208e-15 -0.9510565162951539 0.3090169943749469
    outer loop
      vertex 2.1891506060398847 -65.76073111210876 30.125251811148274
      vertex 3.87303320446565 -66.3272451134796 28.38170099554995
      vertex 3.4848270777174304 -62.44355264286973 40.33447737579746
    endloop
  endfacet
  facet normal -1.9633780776298084e-13 -0.9510565162951461 0.3090169943749702
    outer loop
      vertex 2.1891506060398847 -65.76073111210876 30.125251811148274
      vertex 3.4848270777174304 -62.44355264286973 40.33447737579746
      vertex 3.449503010422995 -62.45718230279145 40.29252959583907
    endloop
  endfacet
  facet normal -1.8944783211809132e-15 0.30901699437494745 0.9510565162951536
    outer loop
      vertex -3.5670310469932986 -62.37929565357915 40.532240053885516
      vertex 3.56703104699354 -62.37929565357915 40.53224005388553
      vertex 3.56703104699354 -47.16239139285669 35.58796814388637
    endloop
  endfacet
  facet normal -0.06478111929015022 0.30836790332408637 0.9490588194537903
    outer loop
      vertex 5.343889795203803 -62.34534252917942 40.63673702588625
      vertex 10.686633432724332 -62.23816386410057 40.96659903893581
      vertex 10.686633432724332 -47.02125960337812 36.02232712893665
    endloop
  endfacet
  facet normal -7.42149643804539e-16 -0.9510565162951964 0.3090169943748155
    outer loop
      vertex -3.509624577333254 -62.433984619916544 40.363924722523805
      vertex 3.449503010422995 -62.45718230279145 40.29252959583907
      vertex 3.4848270777174304 -62.44355264286973 40.33447737579746
    endloop
  endfacet
  facet normal -6.155533206379532e-16 -0.9510565162951495 0.3090169943749598
    outer loop
      vertex -3.5670310469932986 -62.37929565357915 40.532240053885516
      vertex 3.4848270777174304 -62.44355264286973 40.33447737579746
      vertex 3.56703104699354 -62.37929565357915 40.53224005388553
    endloop
  endfacet
  facet normal 1.563811013503902e-15 -0.9510565162951534 0.3090169943749482
    outer loop
      vertex 5.343889795203803 -62.34534252917942 40.63673702588625
      vertex 10.362269891405631 -62.582489632893925 39.9068732888953
      vertex 10.686633432724332 -62.23816386410057 40.96659903893581
    endloop
  endfacet
  facet normal -3.6237744952108236e-14 -0.9510565162951499 0.30901699437495866
    outer loop
      vertex 10.362269891405631 -62.582489632893925 39.9068732888953
      vertex 10.49816566375028 -62.50012785479389 40.16035677744627
      vertex 10.686633432724332 -62.23816386410057 40.96659903893581
    endloop
  endfacet
  facet normal -4.432011124323678e-16 -0.9510565162951543 0.30901699437494484
    outer loop
      vertex 13.33302522274736 -62.13663844509739 41.27906214960673
      vertex 17.33781395217641 -62.5457183200878 40.020043752959026
      vertex 17.763276079250932 -61.95813918214098 41.82842639260559
    endloop
  endfacet
  facet normal 4.335194780455344e-14 -0.9510565162951574 0.30901699437493557
    outer loop
      vertex 17.33781395217641 -62.5457183200878 40.020043752959026
      vertex 17.537598506691833 -62.4023777100859 40.46120078857052
      vertex 17.763276079250932 -61.95813918214098 41.82842639260559
    endloop
  endfacet
  facet normal -8.6182706484272705e-16 -0.9510565162951539 0.30901699437494673
    outer loop
      vertex 20.67115155721457 -61.789724212327314 42.34675437261498
      vertex 24.338964440699606 -62.379104730879746 40.532827653534355
      vertex 24.76870942858157 -61.540318975044926 43.11434476548429
    endloop
  endfacet
  facet normal 7.081765136983944e-14 -0.9510565162951573 0.30901699437493585
    outer loop
      vertex 24.338964440699606 -62.379104730879746 40.532827653534355
      vertex 24.579084626163635 -62.17057686127936 41.17461044484567
      vertex 24.76870942858157 -61.540318975044926 43.11434476548429
    endloop
  endfacet
  facet normal -0.06478111929014974 0.3083679033240863 0.9490588194537904
    outer loop
      vertex 5.343889795203803 -62.34534252917942 40.63673702588625
      vertex 10.686633432724332 -47.02125960337812 36.02232712893665
      vertex 5.343889795203803 -47.12843826845696 35.69246511588709
    endloop
  endfacet
  facet normal 0 0.9510565162949077 -0.30901699437570357
    outer loop
      vertex -3.478573036757028 -47.16408169369166 35.58276593283374
      vertex 3.56703104699354 -47.16239139285669 35.58796814388637
      vertex 3.4785730367570236 -47.16408169369166 35.58276593283374
    endloop
  endfacet
  facet normal -2.4586872102586317e-17 0.9510565162951519 -0.30901699437495245
    outer loop
      vertex 5.343889795203803 -47.12843826845696 35.69246511588709
      vertex 10.686633432724332 -47.02125960337812 36.02232712893665
      vertex 10.422455957207323 -47.03139443261776 35.99113533183373
    endloop
  endfacet
  facet normal -0.1292900927400352 0.30642335700659573 0.9430741212651746
    outer loop
      vertex 13.33302522274736 -62.13663844509739 41.27906214960673
      vertex 17.763276079250932 -46.741234921418524 36.884154482606434
      vertex 13.33302522274736 -46.91973418437494 36.33479023960757
    endloop
  endfacet
  facet normal -0.19325591779555312 0.30319152447230585 0.9331275634794836
    outer loop
      vertex 20.67115155721457 -61.789724212327314 42.34675437261498
      vertex 24.76870942858157 -46.32341471432247 38.17007285548513
      vertex 20.67115155721457 -46.572819951604856 37.40248246261582
    endloop
  endfacet
  facet normal 8.248313428507064e-15 0.9510565162951324 -0.3090169943750126
    outer loop
      vertex 13.33302522274736 -46.91973418437494 36.33479023960757
      vertex 17.763276079250932 -46.741234921418524 36.884154482606434
      vertex 17.326599988406127 -46.76652582235816 36.80631709314419
    endloop
  endfacet
  facet normal -2.5364369265006144e-14 0.9510565162951949 -0.30901699437482016
    outer loop
      vertex 20.67115155721457 -46.572819951604856 37.40248246261582
      vertex 24.76870942858157 -46.32341471432247 38.17007285548513
      vertex 24.164680911171473 -46.37048575774115 38.02520308007777
    endloop
  endfacet
  facet normal -0.12929009274003483 0.30642335700659573 0.9430741212651749
    outer loop
      vertex 13.33302522274736 -62.13663844509739 41.27906214960673
      vertex 17.763276079250932 -61.95813918214098 41.82842639260559
      vertex 17.763276079250932 -46.741234921418524 36.884154482606434
    endloop
  endfacet
  facet normal -0.19325591779555315 0.30319152447230585 0.9331275634794836
    outer loop
      vertex 20.67115155721457 -61.789724212327314 42.34675437261498
      vertex 24.76870942858157 -61.540318975044926 43.11434476548429
      vertex 24.76870942858157 -46.32341471432247 38.17007285548513
    endloop
  endfacet
  facet normal 4.90385218396252e-15 -0.951056516295153 0.3090169943749489
    outer loop
      vertex 32.23883955629398 -64.20899104164808 34.901016679980316
      vertex 32.54524473599486 -62.832236203724094 39.138232379385315
      vertex 31.341037037324337 -62.08157941579782 41.44851641765487
    endloop
  endfacet
  facet normal 5.2108973185209245e-15 -0.9510565162951532 0.3090169943749489
    outer loop
      vertex 32.23883955629398 -64.20899104164808 34.901016679980316
      vertex 33.46973628502234 -63.83360534364911 36.056335062802745
      vertex 32.54524473599486 -62.832236203724094 39.138232379385315
    endloop
  endfacet
  facet normal 0.37922546265292956 -0.2859347538146876 -0.8800166845217229
    outer loop
      vertex 49.08120278010395 -63.311676914573994 37.662665596550994
      vertex 49.08120278010395 -48.094772653851535 32.718393686551835
      vertex 51.400681863644905 -63.0179215991227 38.56675149487313
    endloop
  endfacet
  facet normal 0.4383711467890778 -0.277742634749466 -0.8548039345401105
    outer loop
      vertex 51.400681863644905 -63.0179215991227 38.56675149487313
      vertex 51.400681863644905 -47.80101733840025 33.62247958487397
      vertex 58.72164851507571 -61.9145226468963 41.96266428507677
    endloop
  endfacet
  facet normal -8.271618357555168e-15 -0.951056516295155 0.30901699437494273
    outer loop
      vertex 32.54524473599486 -62.832236203724094 39.138232379385315
      vertex 31.596203251286386 -61.8042756384865 42.30196968788245
      vertex 31.341037037324337 -62.08157941579782 41.44851641765487
    endloop
  endfacet
  facet normal -4.747583900243696e-14 -0.9510565162951516 0.30901699437495334
    outer loop
      vertex 31.341037037324337 -62.08157941579782 41.44851641765487
      vertex 31.596203251286386 -61.8042756384865 42.30196968788245
      vertex 31.67497698702004 -60.986343284618826 44.819306627903956
    endloop
  endfacet
  facet normal 2.189386522162552e-15 -0.9510565162951531 0.3090169943749488
    outer loop
      vertex 27.775749477877778 -61.30598481921888 43.835551139067974
      vertex 31.341037037324337 -62.08157941579782 41.44851641765487
      vertex 31.67497698702004 -60.986343284618826 44.819306627903956
    endloop
  endfacet
  facet normal 7.55955003326518e-15 -0.9510565162951528 0.30901699437495006
    outer loop
      vertex 38.319041119064764 -61.6525096014437 42.76905752159141
      vertex 38.56236703947754 -61.303515674879876 43.84315038395101
      vertex 37.98412748501271 -60.797843884046614 45.39944812981247
    endloop
  endfacet
  facet normal 4.086417485476534e-14 -0.9510565162951515 0.309016994374954
    outer loop
      vertex 38.319041119064764 -61.6525096014437 42.76905752159141
      vertex 37.98412748501271 -60.797843884046614 45.39944812981247
      vertex 37.82647447078326 -60.867143500240346 45.186165841920484
    endloop
  endfacet
  facet normal 1.8224918620621553e-17 -0.951056516295152 0.3090169943749524
    outer loop
      vertex 34.708141745783756 -60.687351519891536 45.739508659956144
      vertex 37.82647447078326 -60.867143500240346 45.186165841920484
      vertex 38.454528830155255 -60.29838592130051 46.93662167926725
    endloop
  endfacet
  facet normal 8.464146858549257e-14 -0.9510565162951609 0.3090169943749249
    outer loop
      vertex 37.82647447078326 -60.867143500240346 45.186165841920484
      vertex 37.98412748501271 -60.797843884046614 45.39944812981247
      vertex 38.454528830155255 -60.29838592130051 46.93662167926725
    endloop
  endfacet
  facet normal 2.8805917998667312e-15 -0.9510565162951528 0.30901699437495
    outer loop
      vertex 49.08120278010395 -63.311676914573994 37.662665596550994
      vertex 51.400681863644905 -63.0179215991227 38.56675149487313
      vertex 45.24775882193859 -61.091706137654086 44.495033109687526
    endloop
  endfacet
  facet normal -1.325911266161904e-15 -0.951056516295154 0.30901699437494595
    outer loop
      vertex 45.24775882193859 -61.091706137654086 44.495033109687526
      vertex 51.400681863644905 -63.0179215991227 38.56675149487313
      vertex 46.08351098573146 -59.352093046999514 49.849011679849696
    endloop
  endfacet
  facet normal -8.11225647279203e-16 -0.9510565162951538 0.30901699437494695
    outer loop
      vertex 51.400681863644905 -63.0179215991227 38.56675149487313
      vertex 58.72164851507571 -61.9145226468963 41.96266428507677
      vertex 52.6471563475259 -58.36283578633787 52.893632465019124
    endloop
  endfacet
  facet normal -6.283286233712569e-16 -0.951056516295154 0.30901699437494584
    outer loop
      vertex 45.24775882193859 -61.091706137654086 44.495033109687526
      vertex 46.08351098573146 -59.352093046999514 49.849011679849696
      vertex 41.470684772591625 -59.9362941415376 48.05102558879004
    endloop
  endfacet
  facet normal 6.277328359774038e-16 -0.9510565162951538 0.3090169943749468
    outer loop
      vertex 51.400681863644905 -63.0179215991227 38.56675149487313
      vertex 52.6471563475259 -58.36283578633787 52.893632465019124
      vertex 46.08351098573146 -59.352093046999514 49.849011679849696
    endloop
  endfacet
  facet normal 5.499862980511676e-16 -0.9510565162951535 0.3090169943749476
    outer loop
      vertex 52.6471563475259 -58.36283578633787 52.893632465019124
      vertex 58.72164851507571 -61.9145226468963 41.96266428507677
      vertex 58.989630714452616 -57.24426234668687 56.336247525354494
    endloop
  endfacet
  facet normal 1.0839065082923505e-14 0.9510565162951397 -0.30901699437498986
    outer loop
      vertex 27.775749477877778 -46.08908055849642 38.891279229068815
      vertex 31.67497698702004 -45.769439023896375 39.875034717904796
      vertex 30.91062639268674 -45.84478426599368 39.64314590669744
    endloop
  endfacet
  facet normal 0.3792254626529287 -0.28593475381468786 -0.8800166845217232
    outer loop
      vertex 51.400681863644905 -63.0179215991227 38.56675149487313
      vertex 49.08120278010395 -48.094772653851535 32.718393686551835
      vertex 51.400681863644905 -47.80101733840025 33.62247958487397
    endloop
  endfacet
  facet normal 0.43837114678907807 -0.27774263474946587 -0.8548039345401104
    outer loop
      vertex 51.400681863644905 -47.80101733840025 33.62247958487397
      vertex 58.72164851507571 -46.69761838617384 37.01839237507761
      vertex 58.72164851507571 -61.9145226468963 41.96266428507677
    endloop
  endfacet
  facet normal -9.484704882219918e-16 0.9510565162951535 -0.30901699437494773
    outer loop
      vertex 49.08120278010395 -48.094772653851535 32.718393686551835
      vertex 44.023676246886474 -44.4129013423279 44.050028408025995
      vertex 51.400681863644905 -47.80101733840025 33.62247958487397
    endloop
  endfacet
  facet normal -2.0858990766158343e-17 0.9510565162951538 -0.3090169943749472
    outer loop
      vertex 51.400681863644905 -47.80101733840025 33.62247958487397
      vertex 46.08351098573146 -44.135188786277055 44.904739769850536
      vertex 58.72164851507571 -46.69761838617384 37.01839237507761
    endloop
  endfacet
  facet normal -0.25640987367202644 0.29868598266756 0.919260931640962
    outer loop
      vertex 27.775749477877778 -61.30598481921888 43.835551139067974
      vertex 31.67497698702004 -60.986343284618826 44.819306627903956
      vertex 31.67497698702004 -45.769439023896375 39.875034717904796
    endloop
  endfacet
  facet normal -0.25640987367202595 0.29868598266755997 0.9192609316409623
    outer loop
      vertex 27.775749477877778 -61.30598481921888 43.835551139067974
      vertex 31.67497698702004 -45.769439023896375 39.875034717904796
      vertex 27.775749477877778 -46.08908055849642 38.891279229068815
    endloop
  endfacet
  facet normal -0.31848665025168327 0.29292565939838766 0.9015324795466227
    outer loop
      vertex 34.708141745783756 -60.687351519891536 45.739508659956144
      vertex 38.454528830155255 -60.29838592130051 46.93662167926725
      vertex 38.454528830155255 -45.081481660578056 41.99234976926809
    endloop
  endfacet
  facet normal -0.3184866502516828 0.2929256593983876 0.901532479546623
    outer loop
      vertex 34.708141745783756 -60.687351519891536 45.739508659956144
      vertex 38.454528830155255 -45.081481660578056 41.99234976926809
      vertex 34.708141745783756 -45.47044725916908 40.795236749956985
    endloop
  endfacet
  facet normal 2.988845268417531e-14 0.9510565162951263 -0.3090169943750317
    outer loop
      vertex 34.708141745783756 -45.47044725916908 40.795236749956985
      vertex 38.454528830155255 -45.081481660578056 41.99234976926809
      vertex 37.538715395464564 -45.1914257492879 41.653976657436075
    endloop
  endfacet
  facet normal -0.3792254626529291 0.2859347538146877 0.880016684521723
    outer loop
      vertex 41.470684772591625 -59.9362941415376 48.05102558879004
      vertex 46.08351098573146 -44.135188786277055 44.904739769850536
      vertex 41.470684772591625 -44.71938988081515 43.10675367879088
    endloop
  endfacet
  facet normal -0.3792254626529288 0.28593475381468764 0.8800166845217232
    outer loop
      vertex 41.470684772591625 -59.9362941415376 48.05102558879004
      vertex 46.08351098573146 -59.352093046999514 49.849011679849696
      vertex 46.08351098573146 -44.135188786277055 44.904739769850536
    endloop
  endfacet
  facet normal -0.4383711467890767 0.277742634749466 0.854803934540111
    outer loop
      vertex 46.08351098573146 -59.352093046999514 49.849011679849696
      vertex 52.6471563475259 -43.14593152561541 47.949360555019965
      vertex 46.08351098573146 -44.135188786277055 44.904739769850536
    endloop
  endfacet
  facet normal -0.4383711467890767 0.277742634749466 0.854803934540111
    outer loop
      vertex 46.08351098573146 -59.352093046999514 49.849011679849696
      vertex 52.6471563475259 -58.36283578633787 52.893632465019124
      vertex 52.6471563475259 -43.14593152561541 47.949360555019965
    endloop
  endfacet
  facet normal -0.4956752313140973 0.268383717340204 0.8260001485038424
    outer loop
      vertex 52.6471563475259 -58.36283578633787 52.893632465019124
      vertex 58.989630714452616 -42.027358085964416 51.391975615355335
      vertex 52.6471563475259 -43.14593152561541 47.949360555019965
    endloop
  endfacet
  facet normal -1.516569401861959e-16 0.9510565162951536 -0.3090169943749471
    outer loop
      vertex 51.400681863644905 -47.80101733840025 33.62247958487397
      vertex 44.023676246886474 -44.4129013423279 44.050028408025995
      vertex 46.08351098573146 -44.135188786277055 44.904739769850536
    endloop
  endfacet
  facet normal -3.5021445068324684e-15 0.9510565162951561 -0.30901699437493935
    outer loop
      vertex 41.470684772591625 -44.71938988081515 43.10675367879088
      vertex 46.08351098573146 -44.135188786277055 44.904739769850536
      vertex 44.023676246886474 -44.4129013423279 44.050028408025995
    endloop
  endfacet
  facet normal -2.7580957792610136e-16 0.9510565162951535 -0.30901699437494745
    outer loop
      vertex 46.08351098573146 -44.135188786277055 44.904739769850536
      vertex 52.6471563475259 -43.14593152561541 47.949360555019965
      vertex 58.72164851507571 -46.69761838617384 37.01839237507761
    endloop
  endfacet
  facet normal 9.115532443478177e-16 -0.9510565162951534 0.30901699437494756
    outer loop
      vertex 58.72164851507571 -61.9145226468963 41.96266428507677
      vertex 65.795925196461 -60.66688685954438 45.80249240820045
      vertex 58.989630714452616 -57.24426234668687 56.336247525354494
    endloop
  endfacet
  facet normal 3.3749299574579037e-16 -0.9510565162951535 0.30901699437494723
    outer loop
      vertex 65.795925196461 -60.66688685954438 45.80249240820045
      vertex 65.22480474423581 -58.5474239043089 52.32552865318149
      vertex 58.989630714452616 -57.24426234668687 56.336247525354494
    endloop
  endfacet
  facet normal 4.902909985737001e-16 -0.9510565162951541 0.3090169943749455
    outer loop
      vertex 65.795925196461 -60.66688685954438 45.80249240820045
      vertex 72.59379283235326 -59.28025556190697 50.070104725071076
      vertex 67.40438517133909 -58.681396832462426 51.91320237777626
    endloop
  endfacet
  facet normal -1.7098561472036144e-14 -0.951056516295154 0.30901699437494584
    outer loop
      vertex 65.795925196461 -60.66688685954438 45.80249240820045
      vertex 65.87365144187872 -58.681396832462426 51.91320237777626
      vertex 65.22480474423581 -58.5474239043089 52.32552865318149
    endloop
  endfacet
  facet normal 8.496113450539927e-15 -0.9510565162951543 0.30901699437494556
    outer loop
      vertex 65.795925196461 -60.66688685954438 45.80249240820045
      vertex 66.6390183066089 -58.72844186860998 51.7684126445191
      vertex 65.87365144187872 -58.681396832462426 51.91320237777626
    endloop
  endfacet
  facet normal -9.150887875469616e-15 -0.9510565162951533 0.3090169943749478
    outer loop
      vertex 65.795925196461 -60.66688685954438 45.80249240820045
      vertex 67.40438517133909 -58.681396832462426 51.91320237777626
      vertex 66.6390183066089 -58.72844186860998 51.7684126445191
    endloop
  endfacet
  facet normal 6.584118803942858e-15 -0.9510565162951492 0.309016994374961
    outer loop
      vertex 67.40438517133909 -58.681396832462426 51.91320237777626
      vertex 72.59379283235326 -59.28025556190697 50.070104725071076
      vertex 68.053231868982 -58.5474239043089 52.32552865318149
    endloop
  endfacet
  facet normal -4.604923338715624e-15 -0.9510565162951559 0.3090169943749407
    outer loop
      vertex 68.053231868982 -58.5474239043089 52.32552865318149
      vertex 72.59379283235326 -59.28025556190697 50.070104725071076
      vertex 68.48677737163148 -58.346919247993185 52.94261853305137
    endloop
  endfacet
  facet normal 1.639609114206997e-15 -0.9510565162951532 0.30901699437494873
    outer loop
      vertex 68.48677737163148 -58.346919247993185 52.94261853305137
      vertex 72.59379283235326 -59.28025556190697 50.070104725071076
      vertex 68.6390183066089 -58.110407879860084 53.67052567710941
    endloop
  endfacet
  facet normal 2.4035025797753277e-15 -0.9510565162951529 0.3090169943749495
    outer loop
      vertex 68.6390183066089 -58.110407879860084 53.67052567710941
      vertex 72.59379283235326 -59.28025556190697 50.070104725071076
      vertex 68.48677737163148 -57.87389651172698 54.39843282116745
    endloop
  endfacet
  facet normal 0.49567523131409646 -0.26838371734020405 -0.8260001485038427
    outer loop
      vertex 58.72164851507571 -61.9145226468963 41.96266428507677
      vertex 58.72164851507571 -46.69761838617384 37.01839237507761
      vertex 65.795925196461 -60.66688685954438 45.80249240820045
    endloop
  endfacet
  facet normal 0.49567523131409646 -0.2683837173402043 -0.8260001485038428
    outer loop
      vertex 65.795925196461 -60.66688685954438 45.80249240820045
      vertex 58.72164851507571 -46.69761838617384 37.01839237507761
      vertex 65.795925196461 -45.449982598821926 40.85822049820129
    endloop
  endfacet
  facet normal 0.5508969814521022 -0.25789731845067754 -0.7937263312772936
    outer loop
      vertex 65.795925196461 -60.66688685954438 45.80249240820045
      vertex 65.795925196461 -45.449982598821926 40.85822049820129
      vertex 72.59379283235326 -59.28025556190697 50.070104725071076
    endloop
  endfacet
  facet normal 0.5508969814521023 -0.25789731845067737 -0.7937263312772936
    outer loop
      vertex 72.59379283235326 -59.28025556190697 50.070104725071076
      vertex 65.795925196461 -45.449982598821926 40.85822049820129
      vertex 72.59379283235326 -44.06335130118451 45.12583281507192
    endloop
  endfacet
  facet normal -1.0784953238029136e-16 0.9510565162951535 -0.30901699437494734
    outer loop
      vertex 52.6471563475259 -43.14593152561541 47.949360555019965
      vertex 65.795925196461 -45.449982598821926 40.85822049820129
      vertex 58.72164851507571 -46.69761838617384 37.01839237507761
    endloop
  endfacet
  facet normal -3.1577606481408914e-16 0.9510565162951536 -0.3090169943749473
    outer loop
      vertex 65.795925196461 -45.449982598821926 40.85822049820129
      vertex 58.989630714452616 -42.027358085964416 51.391975615355335
      vertex 72.59379283235326 -44.06335130118451 45.12583281507192
    endloop
  endfacet
  facet normal 1.4597264471312585e-16 0.9510565162951536 -0.30901699437494695
    outer loop
      vertex 52.6471563475259 -43.14593152561541 47.949360555019965
      vertex 58.989630714452616 -42.027358085964416 51.391975615355335
      vertex 65.795925196461 -45.449982598821926 40.85822049820129
    endloop
  endfacet
  facet normal -6.634861906713916e-16 0.9510565162951534 -0.309016994374948
    outer loop
      vertex 72.59379283235326 -44.06335130118451 45.12583281507192
      vertex 58.989630714452616 -42.027358085964416 51.391975615355335
      vertex 65.08428931663278 -40.78416760052789 55.21812250595623
    endloop
  endfacet
  facet normal 0.6038044103254776 -0.24632749150059358 -0.758118065345054
    outer loop
      vertex 72.59379283235326 -59.28025556190697 50.070104725071076
      vertex 72.59379283235326 -44.06335130118451 45.12583281507192
      vertex 79.08669354323308 -57.760453999731226 54.74757297275259
    endloop
  endfacet
  facet normal 0.6038044103254776 -0.24632749150059358 -0.758118065345054
    outer loop
      vertex 79.08669354323308 -57.760453999731226 54.74757297275259
      vertex 72.59379283235326 -44.06335130118451 45.12583281507192
      vertex 79.08669354323308 -42.54354973900877 49.803301062753434
    endloop
  endfacet
  facet normal 4.0969664103141027e-19 0.9510565162951535 -0.3090169943749475
    outer loop
      vertex 72.59379283235326 -44.06335130118451 45.12583281507192
      vertex 65.08428931663278 -40.78416760052789 55.21812250595623
      vertex 79.08669354323308 -42.54354973900877 49.803301062753434
    endloop
  endfacet
  facet normal -0.4956752313140975 0.26838371734020405 0.8260001485038423
    outer loop
      vertex 52.6471563475259 -58.36283578633787 52.893632465019124
      vertex 58.989630714452616 -57.24426234668687 56.336247525354494
      vertex 58.989630714452616 -42.027358085964416 51.391975615355335
    endloop
  endfacet
  facet normal -1.1778727763703118e-14 -0.9510565162951592 0.30901699437493024
    outer loop
      vertex 65.22480474423581 -58.5474239043089 52.32552865318149
      vertex 64.79125924158633 -58.346919247993185 52.94261853305137
      vertex 58.989630714452616 -57.24426234668687 56.336247525354494
    endloop
  endfacet
  facet normal 4.302834426013414e-16 -0.951056516295153 0.3090169943749491
    outer loop
      vertex 64.79125924158633 -58.346919247993185 52.94261853305137
      vertex 64.6390183066089 -58.110407879860084 53.67052567710941
      vertex 58.989630714452616 -57.24426234668687 56.336247525354494
    endloop
  endfacet
  facet normal 3.4919213073578286e-16 -0.9510565162951531 0.309016994374949
    outer loop
      vertex 64.6390183066089 -58.110407879860084 53.67052567710941
      vertex 64.79125924158633 -57.87389651172698 54.39843282116745
      vertex 58.989630714452616 -57.24426234668687 56.336247525354494
    endloop
  endfacet
  facet normal -1.0699815475664631e-16 -0.9510565162951534 0.30901699437494773
    outer loop
      vertex 64.79125924158633 -57.87389651172698 54.39843282116745
      vertex 65.22480474423581 -57.67339185541126 55.01552270103733
      vertex 58.989630714452616 -57.24426234668687 56.336247525354494
    endloop
  endfacet
  facet normal 2.607789545595474e-16 -0.9510565162951534 0.3090169943749476
    outer loop
      vertex 68.48677737163148 -57.87389651172698 54.39843282116745
      vertex 72.59379283235326 -59.28025556190697 50.070104725071076
      vertex 65.08428931663278 -56.001071861250345 60.16239441595539
    endloop
  endfacet
  facet normal -8.232798413000221e-16 -0.9510565162951539 0.30901699437494695
    outer loop
      vertex 68.48677737163148 -57.87389651172698 54.39843282116745
      vertex 65.08428931663278 -56.001071861250345 60.16239441595539
      vertex 68.053231868982 -57.67339185541126 55.01552270103733
    endloop
  endfacet
  facet normal 1.572494242805414e-16 -0.9510565162951535 0.3090169943749473
    outer loop
      vertex 70.90552845958518 -54.63848698013042 64.35599947258208
      vertex 72.59379283235326 -59.28025556190697 50.070104725071076
      vertex 79.08669354323308 -57.760453999731226 54.74757297275259
    endloop
  endfacet
  facet normal -1.4917675408262984e-16 -0.9510565162951534 0.30901699437494745
    outer loop
      vertex 65.22480474423581 -57.67339185541126 55.01552270103733
      vertex 65.08428931663278 -56.001071861250345 60.16239441595539
      vertex 58.989630714452616 -57.24426234668687 56.336247525354494
    endloop
  endfacet
  facet normal -0.5508969814521032 0.2578973184506772 0.7937263312772929
    outer loop
      vertex 58.989630714452616 -57.24426234668687 56.336247525354494
      vertex 65.08428931663278 -56.001071861250345 60.16239441595539
      vertex 65.08428931663278 -40.78416760052789 55.21812250595623
    endloop
  endfacet
  facet normal -1.0934371032198904e-15 -0.9510565162951535 0.3090169943749475
    outer loop
      vertex 65.22480474423581 -57.67339185541126 55.01552270103733
      vertex 65.87365144187872 -57.53941892725774 55.427848976442576
      vertex 65.08428931663278 -56.001071861250345 60.16239441595539
    endloop
  endfacet
  facet normal -3.119392772357244e-15 -0.9510565162951535 0.3090169943749472
    outer loop
      vertex 65.87365144187872 -57.53941892725774 55.427848976442576
      vertex 66.6390183066089 -57.49237389111019 55.57263870969972
      vertex 65.08428931663278 -56.001071861250345 60.16239441595539
    endloop
  endfacet
  facet normal 3.547613194738754e-15 -0.9510565162951529 0.30901699437494917
    outer loop
      vertex 66.6390183066089 -57.49237389111019 55.57263870969972
      vertex 67.40438517133909 -57.53941892725774 55.427848976442576
      vertex 65.08428931663278 -56.001071861250345 60.16239441595539
    endloop
  endfacet
  facet normal 1.7419260977496918e-15 -0.9510565162951533 0.3090169943749484
    outer loop
      vertex 67.40438517133909 -57.53941892725774 55.427848976442576
      vertex 68.053231868982 -57.67339185541126 55.01552270103733
      vertex 65.08428931663278 -56.001071861250345 60.16239441595539
    endloop
  endfacet
  facet normal -3.953089371995039e-16 -0.9510565162951536 0.30901699437494723
    outer loop
      vertex 65.08428931663278 -56.001071861250345 60.16239441595539
      vertex 72.59379283235326 -59.28025556190697 50.070104725071076
      vertex 70.90552845958518 -54.63848698013042 64.35599947258208
    endloop
  endfacet
  facet normal -0.6038044103254778 0.2463274915005935 0.7581180653450538
    outer loop
      vertex 65.08428931663278 -56.001071861250345 60.16239441595539
      vertex 70.90552845958518 -54.63848698013042 64.35599947258208
      vertex 70.90552845958518 -39.421582719407965 59.411727562582925
    endloop
  endfacet
  facet normal -0.5508969814521034 0.25789731845067726 0.7937263312772929
    outer loop
      vertex 58.989630714452616 -57.24426234668687 56.336247525354494
      vertex 65.08428931663278 -40.78416760052789 55.21812250595623
      vertex 58.989630714452616 -42.027358085964416 51.391975615355335
    endloop
  endfacet
  facet normal -0.6038044103254778 0.24632749150059347 0.7581180653450537
    outer loop
      vertex 65.08428931663278 -56.001071861250345 60.16239441595539
      vertex 70.90552845958518 -39.421582719407965 59.411727562582925
      vertex 65.08428931663278 -40.78416760052789 55.21812250595623
    endloop
  endfacet
  facet normal 0.6541752535330351 -0.23372284139693175 -0.7193249412291597
    outer loop
      vertex 79.08669354323308 -57.760453999731226 54.74757297275259
      vertex 79.08669354323308 -42.54354973900877 49.803301062753434
      vertex 85.24735061731909 -56.11386686778184 59.815247081277846
    endloop
  endfacet
  facet normal 2.719562627911099e-16 -0.9510565162951536 0.30901699437494734
    outer loop
      vertex 70.90552845958518 -54.63848698013042 64.35599947258208
      vertex 79.08669354323308 -57.760453999731226 54.74757297275259
      vertex 76.42889308548851 -53.16223192994551 68.89944533720801
    endloop
  endfacet
  facet normal -0.6541752535330343 0.23372284139693195 0.7193249412291604
    outer loop
      vertex 70.90552845958518 -54.63848698013042 64.35599947258208
      vertex 76.42889308548851 -53.16223192994551 68.89944533720801
      vertex 76.42889308548851 -37.945327669223055 63.95517342720885
    endloop
  endfacet
  facet normal -5.291331882364348e-17 -0.9510565162951536 0.3090169943749473
    outer loop
      vertex 79.08669354323308 -57.760453999731226 54.74757297275259
      vertex 85.24735061731909 -56.11386686778184 59.815247081277846
      vertex 76.42889308548851 -53.16223192994551 68.89944533720801
    endloop
  endfacet
  facet normal 2.1246251106896773e-16 0.9510565162951536 -0.30901699437494695
    outer loop
      vertex 65.08428931663278 -40.78416760052789 55.21812250595623
      vertex 70.90552845958518 -39.421582719407965 59.411727562582925
      vertex 79.08669354323308 -42.54354973900877 49.803301062753434
    endloop
  endfacet
  facet normal -5.323132756057107e-17 0.9510565162951536 -0.3090169943749472
    outer loop
      vertex 70.90552845958518 -39.421582719407965 59.411727562582925
      vertex 85.24735061731909 -40.89696260705938 54.87097517127869
      vertex 79.08669354323308 -42.54354973900877 49.803301062753434
    endloop
  endfacet
  facet normal -1.5665250921019493e-16 0.9510565162951535 -0.30901699437494745
    outer loop
      vertex 70.90552845958518 -39.421582719407965 59.411727562582925
      vertex 76.42889308548851 -37.945327669223055 63.95517342720885
      vertex 85.24735061731909 -40.89696260705938 54.87097517127869
    endloop
  endfacet
  facet normal 0.6541752535330351 -0.23372284139693175 -0.7193249412291597
    outer loop
      vertex 85.24735061731909 -56.11386686778184 59.815247081277846
      vertex 79.08669354323308 -42.54354973900877 49.803301062753434
      vertex 85.24735061731909 -40.89696260705938 54.87097517127869
    endloop
  endfacet
  facet normal -0.6541752535330342 0.23372284139693195 0.7193249412291604
    outer loop
      vertex 70.90552845958518 -54.63848698013042 64.35599947258208
      vertex 76.42889308548851 -37.945327669223055 63.95517342720885
      vertex 70.90552845958518 -39.421582719407965 59.411727562582925
    endloop
  endfacet
  facet normal 5.1481532562494795e-17 0.9510565162951535 -0.3090169943749473
    outer loop
      vertex 85.24735061731909 -40.89696260705938 54.87097517127869
      vertex 76.42889308548851 -37.945327669223055 63.95517342720885
      vertex 91.0498831001848 -39.13050722698057 60.3075658137019
    endloop
  endfacet
  facet normal 7.271807459635651e-16 -0.9510565162951534 0.309016994374948
    outer loop
      vertex 85.24735061731909 -56.11386686778184 59.815247081277846
      vertex 81.63117950901425 -51.57850846632269 73.77364496863812
      vertex 76.42889308548851 -53.16223192994551 68.89944533720801
    endloop
  endfacet
  facet normal -0.7017979028839915 0.22013632034446068 0.6775099290584845
    outer loop
      vertex 76.42889308548851 -53.16223192994551 68.89944533720801
      vertex 81.63117950901425 -36.36160420560024 68.82937305863896
      vertex 76.42889308548851 -37.945327669223055 63.95517342720885
    endloop
  endfacet
  facet normal -0.7017979028839916 0.22013632034446073 0.6775099290584843
    outer loop
      vertex 76.42889308548851 -53.16223192994551 68.89944533720801
      vertex 81.63117950901425 -51.57850846632269 73.77364496863812
      vertex 81.63117950901425 -36.36160420560024 68.82937305863896
    endloop
  endfacet
  facet normal -0.7464722953651494 0.2056250053932328 0.632848693930325
    outer loop
      vertex 81.63117950901425 -51.57850846632269 73.77364496863812
      vertex 86.49053289613711 -34.67706555956557 74.01384991727535
      vertex 81.63117950901425 -36.36160420560024 68.82937305863896
    endloop
  endfacet
  facet normal -0.7464722953651494 0.2056250053932328 0.632848693930325
    outer loop
      vertex 81.63117950901425 -51.57850846632269 73.77364496863812
      vertex 86.49053289613711 -49.89396982028802 78.95812182727451
      vertex 86.49053289613711 -34.67706555956557 74.01384991727535
    endloop
  endfacet
  facet normal 0.7017979028839912 -0.2201363203444608 -0.6775099290584846
    outer loop
      vertex 85.24735061731909 -56.11386686778184 59.815247081277846
      vertex 85.24735061731909 -40.89696260705938 54.87097517127869
      vertex 91.0498831001848 -54.34741148770303 65.25183772370106
    endloop
  endfacet
  facet normal 0.7464722953651498 -0.20562500539323253 -0.6328486939303244
    outer loop
      vertex 91.0498831001848 -54.34741148770303 65.25183772370106
      vertex 91.0498831001848 -39.13050722698057 60.3075658137019
      vertex 96.46991452079126 -52.46850874831209 71.03450575267803
    endloop
  endfacet
  facet normal 0.7017979028839911 -0.2201363203444608 -0.6775099290584846
    outer loop
      vertex 91.0498831001848 -54.34741148770303 65.25183772370106
      vertex 85.24735061731909 -40.89696260705938 54.87097517127869
      vertex 91.0498831001848 -39.13050722698057 60.3075658137019
    endloop
  endfacet
  facet normal 0.7464722953651499 -0.20562500539323253 -0.6328486939303244
    outer loop
      vertex 96.46991452079126 -52.46850874831209 71.03450575267803
      vertex 91.0498831001848 -39.13050722698057 60.3075658137019
      vertex 96.46991452079126 -37.25160448758963 66.09023384267887
    endloop
  endfacet
  facet normal -4.915697450815651e-16 -0.9510565162951536 0.3090169943749477
    outer loop
      vertex 85.24735061731909 -56.11386686778184 59.815247081277846
      vertex 91.0498831001848 -54.34741148770303 65.25183772370106
      vertex 81.63117950901425 -51.57850846632269 73.77364496863812
    endloop
  endfacet
  facet normal -4.3856032690089156e-16 -0.9510565162951535 0.3090169943749478
    outer loop
      vertex 91.0498831001848 -54.34741148770303 65.25183772370106
      vertex 86.49053289613711 -49.89396982028802 78.95812182727451
      vertex 81.63117950901425 -51.57850846632269 73.77364496863812
    endloop
  endfacet
  facet normal 2.5500152008989176e-16 -0.9510565162951534 0.30901699437494784
    outer loop
      vertex 91.0498831001848 -54.34741148770303 65.25183772370106
      vertex 92.61248422682722 -51.37374577277472 74.40383973959838
      vertex 91.84711736209704 -51.32670073662716 74.54862947285554
    endloop
  endfacet
  facet normal 1.1092268334466243e-14 -0.9510565162951538 0.3090169943749469
    outer loop
      vertex 91.0498831001848 -54.34741148770303 65.25183772370106
      vertex 91.84711736209704 -51.32670073662716 74.54862947285554
      vertex 91.19827066445413 -51.19272780847365 74.96095574826079
    endloop
  endfacet
  facet normal -2.760263604521826e-16 -0.9510565162951534 0.3090169943749479
    outer loop
      vertex 91.0498831001848 -54.34741148770303 65.25183772370106
      vertex 96.46991452079126 -52.46850874831209 71.03450575267803
      vertex 92.61248422682722 -51.37374577277472 74.40383973959838
    endloop
  endfacet
  facet normal -2.5674044511103957e-15 -0.9510565162951538 0.3090169943749471
    outer loop
      vertex 91.0498831001848 -54.34741148770303 65.25183772370106
      vertex 91.19827066445413 -51.19272780847365 74.96095574826079
      vertex 86.49053289613711 -49.89396982028802 78.95812182727451
    endloop
  endfacet
  facet normal -2.484975402329799e-15 -0.9510565162951542 0.30901699437494556
    outer loop
      vertex 90.76472516180465 -50.99222315215792 75.57804562813067
      vertex 90.61248422682722 -50.755711784024825 76.30595277218869
      vertex 86.49053289613711 -49.89396982028802 78.95812182727451
    endloop
  endfacet
  facet normal -5.320326732627362e-15 -0.9510565162951554 0.3090169943749416
    outer loop
      vertex 86.49053289613711 -49.89396982028802 78.95812182727451
      vertex 90.61248422682722 -50.755711784024825 76.30595277218869
      vertex 90.76472516180465 -50.51920041589173 77.03385991624673
    endloop
  endfacet
  facet normal 1.7829211272877285e-14 -0.9510565162951465 0.3090169943749688
    outer loop
      vertex 91.19827066445413 -51.19272780847365 74.96095574826079
      vertex 90.76472516180465 -50.99222315215792 75.57804562813067
      vertex 86.49053289613711 -49.89396982028802 78.95812182727451
    endloop
  endfacet
  facet normal 1.970891970477971e-15 -0.9510565162951506 0.3090169943749563
    outer loop
      vertex 86.49053289613711 -49.89396982028802 78.95812182727451
      vertex 90.76472516180465 -50.51920041589173 77.03385991624673
      vertex 91.19827066445413 -50.318695759576 77.6509497961166
    endloop
  endfacet
  facet normal -4.025945385849903e-15 -0.9510565162951571 0.3090169943749368
    outer loop
      vertex 86.49053289613711 -49.89396982028802 78.95812182727451
      vertex 91.19827066445413 -50.318695759576 77.6509497961166
      vertex 91.84711736209704 -50.18472283142249 78.06327607152186
    endloop
  endfacet
  facet normal -1.914920633755413e-16 -0.9510565162951534 0.309016994374948
    outer loop
      vertex 92.61248422682722 -51.37374577277472 74.40383973959838
      vertex 96.46991452079126 -52.46850874831209 71.03450575267803
      vertex 93.3778510915574 -51.32670073662716 74.54862947285554
    endloop
  endfacet
  facet normal -7.678612848927257e-15 -0.9510565162951553 0.309016994374942
    outer loop
      vertex 96.46991452079126 -52.46850874831209 71.03450575267803
      vertex 94.02669778920031 -51.19272780847365 74.96095574826079
      vertex 93.3778510915574 -51.32670073662716 74.54862947285554
    endloop
  endfacet
  facet normal 9.459293052383685e-15 -0.9510565162951522 0.30901699437495156
    outer loop
      vertex 96.46991452079126 -52.46850874831209 71.03450575267803
      vertex 94.46024329184979 -50.99222315215792 75.57804562813067
      vertex 94.02669778920031 -51.19272780847365 74.96095574826079
    endloop
  endfacet
  facet normal -3.173520048046105e-15 -0.9510565162951538 0.30901699437494684
    outer loop
      vertex 96.46991452079126 -52.46850874831209 71.03450575267803
      vertex 94.61248422682722 -50.755711784024825 76.30595277218869
      vertex 94.46024329184979 -50.99222315215792 75.57804562813067
    endloop
  endfacet
  facet normal 8.251080098529945e-17 -0.9510565162951535 0.3090169943749477
    outer loop
      vertex 96.46991452079126 -52.46850874831209 71.03450575267803
      vertex 101.4846752971767 -50.485051930404424 77.13895814785046
      vertex 94.61248422682722 -50.755711784024825 76.30595277218869
    endloop
  endfacet
  facet normal -1.4818368433670938e-15 -0.9510565162951595 0.30901699437492897
    outer loop
      vertex 93.3778510915574 -50.18472283142249 78.06327607152186
      vertex 94.02669778920031 -50.318695759576 77.6509497961166
      vertex 101.4846752971767 -50.485051930404424 77.13895814785046
    endloop
  endfacet
  facet normal 1.0050700503779136e-15 -0.9510565162951556 0.30901699437494085
    outer loop
      vertex 94.61248422682722 -50.755711784024825 76.30595277218869
      vertex 101.4846752971767 -50.485051930404424 77.13895814785046
      vertex 94.46024329184979 -50.51920041589173 77.03385991624673
    endloop
  endfacet
  facet normal 7.195721465877078e-16 -0.9510565162951501 0.30901699437495794
    outer loop
      vertex 94.46024329184979 -50.51920041589173 77.03385991624673
      vertex 101.4846752971767 -50.485051930404424 77.13895814785046
      vertex 94.02669778920031 -50.318695759576 77.6509497961166
    endloop
  endfacet
  facet normal 0.7880107536067231 -0.19024985865758035 -0.5855288579403539
    outer loop
      vertex 96.46991452079126 -52.46850874831209 71.03450575267803
      vertex 96.46991452079126 -37.25160448758963 66.09023384267887
      vertex 101.4846752971767 -50.485051930404424 77.13895814785046
    endloop
  endfacet
  facet normal 0.7880107536067231 -0.19024985865758035 -0.5855288579403539
    outer loop
      vertex 101.4846752971767 -50.485051930404424 77.13895814785046
      vertex 96.46991452079126 -37.25160448758963 66.09023384267887
      vertex 101.4846752971767 -35.268147669681966 72.1946862378513
    endloop
  endfacet
  facet normal -0.7880107536067218 0.19024985865758087 0.5855288579403553
    outer loop
      vertex 86.49053289613711 -49.89396982028802 78.95812182727451
      vertex 90.98653907641362 -32.898788487283745 79.48682398717332
      vertex 86.49053289613711 -34.67706555956557 74.01384991727535
    endloop
  endfacet
  facet normal 0.8262387743159947 -0.17407547121394146 -0.5357492119811723
    outer loop
      vertex 101.4846752971767 -50.485051930404424 77.13895814785046
      vertex 101.4846752971767 -35.268147669681966 72.1946862378513
      vertex 106.07309839159618 -48.405373547037314 83.53955007095867
    endloop
  endfacet
  facet normal 0.8262387743159947 -0.17407547121394146 -0.5357492119811723
    outer loop
      vertex 106.07309839159618 -48.405373547037314 83.53955007095867
      vertex 101.4846752971767 -35.268147669681966 72.1946862378513
      vertex 106.07309839159618 -33.188469286314856 78.59527816095951
    endloop
  endfacet
  facet normal -2.0584626986960857e-15 -0.9510565162951535 0.3090169943749474
    outer loop
      vertex 86.49053289613711 -49.89396982028802 78.95812182727451
      vertex 91.84711736209704 -50.18472283142249 78.06327607152186
      vertex 90.98653907641362 -48.115692748006204 84.4310958971725
    endloop
  endfacet
  facet normal 1.4075802692985272e-14 -0.9510565162951529 0.3090169943749494
    outer loop
      vertex 91.84711736209704 -50.18472283142249 78.06327607152186
      vertex 92.61248422682722 -50.137677795274925 78.208065804779
      vertex 90.98653907641362 -48.115692748006204 84.4310958971725
    endloop
  endfacet
  facet normal -1.5543923330577025e-14 -0.9510565162951553 0.3090169943749424
    outer loop
      vertex 92.61248422682722 -50.137677795274925 78.208065804779
      vertex 93.3778510915574 -50.18472283142249 78.06327607152186
      vertex 90.98653907641362 -48.115692748006204 84.4310958971725
    endloop
  endfacet
  facet normal 9.095866436515625e-16 -0.9510565162951533 0.30901699437494795
    outer loop
      vertex 90.98653907641362 -48.115692748006204 84.4310958971725
      vertex 93.3778510915574 -50.18472283142249 78.06327607152186
      vertex 101.4846752971767 -50.485051930404424 77.13895814785046
    endloop
  endfacet
  facet normal 2.986009271989315e-16 -0.9510565162951536 0.3090169943749472
    outer loop
      vertex 90.98653907641362 -48.115692748006204 84.4310958971725
      vertex 101.4846752971767 -50.485051930404424 77.13895814785046
      vertex 95.10031030302491 -46.25114780128883 90.16957518400787
    endloop
  endfacet
  facet normal -0.7880107536067225 0.19024985865758107 0.5855288579403544
    outer loop
      vertex 86.49053289613711 -49.89396982028802 78.95812182727451
      vertex 90.98653907641362 -48.115692748006204 84.4310958971725
      vertex 90.98653907641362 -32.898788487283745 79.48682398717332
    endloop
  endfacet
  facet normal 4.1586697130265937e-16 -0.9510565162951534 0.3090169943749477
    outer loop
      vertex 106.07309839159618 -48.405373547037314 83.53955007095867
      vertex 98.8145646003057 -44.3081679437649 96.14945230457238
      vertex 95.10031030302491 -46.25114780128883 90.16957518400787
    endloop
  endfacet
  facet normal -0.8262387743159955 0.17407547121394154 0.535749211981171
    outer loop
      vertex 90.98653907641362 -48.115692748006204 84.4310958971725
      vertex 95.10031030302491 -46.25114780128883 90.16957518400787
      vertex 95.10031030302491 -31.034243540566372 85.2253032740087
    endloop
  endfacet
  facet normal -0.8609957613666306 0.15716979175338258 0.4837188806206498
    outer loop
      vertex 95.10031030302491 -46.25114780128883 90.16957518400787
      vertex 98.8145646003057 -44.3081679437649 96.14945230457238
      vertex 98.8145646003057 -29.091263683042442 91.20518039457323
    endloop
  endfacet
  facet normal -1.5145593962865372e-17 -0.9510565162951536 0.30901699437494706
    outer loop
      vertex 101.4846752971767 -50.485051930404424 77.13895814785046
      vertex 106.07309839159618 -48.405373547037314 83.53955007095867
      vertex 95.10031030302491 -46.25114780128883 90.16957518400787
    endloop
  endfacet
  facet normal 0.8609957613666306 -0.1571697917533829 -0.48371888062064944
    outer loop
      vertex 106.07309839159618 -48.405373547037314 83.53955007095867
      vertex 106.07309839159618 -33.188469286314856 78.59527816095951
      vertex 110.21590781326367 -46.23821033859645 90.20939259994901
    endloop
  endfacet
  facet normal -1.3823201338700964e-16 -0.9510565162951536 0.3090169943749474
    outer loop
      vertex 106.07309839159618 -48.405373547037314 83.53955007095867
      vertex 110.21590781326367 -46.23821033859645 90.20939259994901
      vertex 98.8145646003057 -44.3081679437649 96.14945230457238
    endloop
  endfacet
  facet normal 0.8921357004638846 -0.13960384112877777 -0.4296564435684689
    outer loop
      vertex 110.21590781326367 -31.021306077873994 85.26512068994985
      vertex 113.89569959689578 -43.99266656970134 97.12046568948395
      vertex 110.21590781326367 -46.23821033859645 90.20939259994901
    endloop
  endfacet
  facet normal -1.6696665636766572e-16 -0.9510565162951536 0.30901699437494734
    outer loop
      vertex 98.8145646003057 -44.3081679437649 96.14945230457238
      vertex 110.21590781326367 -46.23821033859645 90.20939259994901
      vertex 102.11369836541932 -42.294915644557356 102.34560576202367
    endloop
  endfacet
  facet normal -4.775810177126706e-14 -0.951056516295154 0.30901699437494634
    outer loop
      vertex 110.21590781326367 -46.23821033859645 90.20939259994901
      vertex 102.12491221991398 -42.296531527247296 102.34063258647083
      vertex 102.11369836541932 -42.294915644557356 102.34560576202367
    endloop
  endfacet
  facet normal -1.4818177294213394e-13 -0.9510565162951289 0.3090169943750232
    outer loop
      vertex 110.21590781326367 -46.23821033859645 90.20939259994901
      vertex 113.89569959689578 -43.99266656970134 97.12046568948395
      vertex 113.88448574240115 -43.99105068701141 97.12543886503676
    endloop
  endfacet
  facet normal 8.822584311224622e-16 -0.9510565162951534 0.309016994374948
    outer loop
      vertex 110.21590781326367 -46.23821033859645 90.20939259994901
      vertex 113.88448574240115 -43.99105068701141 97.12543886503676
      vertex 102.12491221991398 -42.296531527247296 102.34063258647083
    endloop
  endfacet
  facet normal 0.4226182617407317 0.28006450832867014 0.8619499266302322
    outer loop
      vertex 113.89569959689578 -43.99266656970134 97.12046568948395
      vertex 113.89569959689578 -28.775762308978884 92.1761937794848
      vertex 113.88448574240115 -43.99105068701141 97.12543886503676
    endloop
  endfacet
  facet normal 9.880503678725981e-18 0.9510565162951536 -0.30901699437494745
    outer loop
      vertex 76.42889308548851 -37.945327669223055 63.95517342720885
      vertex 81.63117950901425 -36.36160420560024 68.82937305863896
      vertex 91.0498831001848 -39.13050722698057 60.3075658137019
    endloop
  endfacet
  facet normal -6.004605158378178e-17 0.9510565162951535 -0.30901699437494756
    outer loop
      vertex 91.0498831001848 -39.13050722698057 60.3075658137019
      vertex 81.63117950901425 -36.36160420560024 68.82937305863896
      vertex 96.46991452079126 -37.25160448758963 66.09023384267887
    endloop
  endfacet
  facet normal -4.404221810073548e-17 0.9510565162951535 -0.3090169943749474
    outer loop
      vertex 81.63117950901425 -36.36160420560024 68.82937305863896
      vertex 86.49053289613711 -34.67706555956557 74.01384991727535
      vertex 96.46991452079126 -37.25160448758963 66.09023384267887
    endloop
  endfacet
  facet normal -1.8297362679605115e-16 0.9510565162951535 -0.3090169943749475
    outer loop
      vertex 96.46991452079126 -37.25160448758963 66.09023384267887
      vertex 86.49053289613711 -34.67706555956557 74.01384991727535
      vertex 101.4846752971767 -35.268147669681966 72.1946862378513
    endloop
  endfacet
  facet normal -1.9254723176750537e-16 0.9510565162951535 -0.30901699437494756
    outer loop
      vertex 86.49053289613711 -34.67706555956557 74.01384991727535
      vertex 90.98653907641362 -32.898788487283745 79.48682398717332
      vertex 101.4846752971767 -35.268147669681966 72.1946862378513
    endloop
  endfacet
  facet normal 1.5838589149450948e-16 0.9510565162951535 -0.3090169943749471
    outer loop
      vertex 90.98653907641362 -32.898788487283745 79.48682398717332
      vertex 106.07309839159618 -33.188469286314856 78.59527816095951
      vertex 101.4846752971767 -35.268147669681966 72.1946862378513
    endloop
  endfacet
  facet normal -0.8262387743159955 0.17407547121394154 0.535749211981171
    outer loop
      vertex 90.98653907641362 -48.115692748006204 84.4310958971725
      vertex 95.10031030302491 -31.034243540566372 85.2253032740087
      vertex 90.98653907641362 -32.898788487283745 79.48682398717332
    endloop
  endfacet
  facet normal 1.3776341296355483e-16 0.9510565162951536 -0.30901699437494745
    outer loop
      vertex 90.98653907641362 -32.898788487283745 79.48682398717332
      vertex 95.10031030302491 -31.034243540566372 85.2253032740087
      vertex 106.07309839159618 -33.188469286314856 78.59527816095951
    endloop
  endfacet
  facet normal -0.8609957613666316 0.1571697917533829 0.483718880620648
    outer loop
      vertex 95.10031030302491 -31.034243540566372 85.2253032740087
      vertex 95.10031030302491 -46.25114780128883 90.16957518400787
      vertex 98.8145646003057 -29.091263683042442 91.20518039457323
    endloop
  endfacet
  facet normal 1.681846190618853e-16 0.9510565162951536 -0.30901699437494745
    outer loop
      vertex 95.10031030302491 -31.034243540566372 85.2253032740087
      vertex 110.21590781326367 -31.021306077873994 85.26512068994985
      vertex 106.07309839159618 -33.188469286314856 78.59527816095951
    endloop
  endfacet
  facet normal 0.8609957613666307 -0.15716979175338286 -0.48371888062064944
    outer loop
      vertex 106.07309839159618 -33.188469286314856 78.59527816095951
      vertex 110.21590781326367 -31.021306077873994 85.26512068994985
      vertex 110.21590781326367 -46.23821033859645 90.20939259994901
    endloop
  endfacet
  facet normal 1.6602001900028144e-16 0.9510565162951538 -0.3090169943749466
    outer loop
      vertex 95.10031030302491 -31.034243540566372 85.2253032740087
      vertex 98.8145646003057 -29.091263683042442 91.20518039457323
      vertex 110.21590781326367 -31.021306077873994 85.26512068994985
    endloop
  endfacet
  facet normal -2.714889405900403e-16 0.9510565162951536 -0.30901699437494734
    outer loop
      vertex 110.21590781326367 -31.021306077873994 85.26512068994985
      vertex 98.8145646003057 -29.091263683042442 91.20518039457323
      vertex 102.55256267025986 -29.01306376456256 91.44585499628721
    endloop
  endfacet
  facet normal 0.892135700463885 -0.13960384112877716 -0.4296564435684683
    outer loop
      vertex 110.21590781326367 -31.021306077873994 85.26512068994985
      vertex 113.89569959689578 -28.775762308978884 92.1761937794848
      vertex 113.89569959689578 -43.99266656970134 97.12046568948395
    endloop
  endfacet
  facet normal -5.848065653693526e-17 0.9510565162951536 -0.3090169943749472
    outer loop
      vertex 110.21590781326367 -31.021306077873994 85.26512068994985
      vertex 102.55256267025986 -29.01306376456256 91.44585499628721
      vertex 113.88143065462987 -28.776060819063993 92.17527505991019
    endloop
  endfacet
  facet normal -1.6975994078923985e-13 0.9510565162951796 -0.309016994374867
    outer loop
      vertex 110.21590781326367 -31.021306077873994 85.26512068994985
      vertex 113.88143065462987 -28.776060819063993 92.17527505991019
      vertex 113.89569959689578 -28.775762308978884 92.1761937794848
    endloop
  endfacet
  facet normal -1.9616605297005636e-13 0.9510565162952943 -0.3090169943745142
    outer loop
      vertex 113.89569959689578 -28.775762308978884 92.1761937794848
      vertex 113.88143065462987 -28.776060819063993 92.17527505991019
      vertex 113.88448574240115 -28.774146426288958 92.18116695503761
    endloop
  endfacet
  facet normal -0.8921357004638847 0.13960384112877736 0.4296564435684688
    outer loop
      vertex 98.8145646003057 -44.3081679437649 96.14945230457238
      vertex 102.11369836541932 -27.078011383834898 97.4013338520245
      vertex 98.8145646003057 -29.091263683042442 91.20518039457323
    endloop
  endfacet
  facet normal -0.8921357004638855 0.1396038411287776 0.42965644356846716
    outer loop
      vertex 98.8145646003057 -44.3081679437649 96.14945230457238
      vertex 102.11369836541932 -42.294915644557356 102.34560576202367
      vertex 102.11369836541932 -27.078011383834898 97.4013338520245
    endloop
  endfacet
  facet normal 0.42261826173999106 0.2800645083287783 0.8619499266305601
    outer loop
      vertex 102.11369836541932 -42.294915644557356 102.34560576202367
      vertex 102.12491221991398 -27.079627266524838 97.39636067647169
      vertex 102.11369836541932 -27.078011383834898 97.4013338520245
    endloop
  endfacet
  facet normal 0.42261826174057393 0.28006450832869295 0.861949926630302
    outer loop
      vertex 113.88448574240115 -43.99105068701141 97.12543886503676
      vertex 113.89569959689578 -28.775762308978884 92.1761937794848
      vertex 113.88448574240115 -28.774146426288958 92.18116695503761
    endloop
  endfacet
  facet normal 0.4226182617417921 0.28006450832851737 0.8619499266297619
    outer loop
      vertex 102.11369836541932 -42.294915644557356 102.34560576202367
      vertex 102.12491221991398 -42.296531527247296 102.34063258647083
      vertex 102.12491221991398 -27.079627266524838 97.39636067647169
    endloop
  endfacet
  facet normal -2.4984957141884994e-16 0.9510565162951535 -0.3090169943749476
    outer loop
      vertex 98.8145646003057 -29.091263683042442 91.20518039457323
      vertex 102.74917683432079 -27.16958191903432 97.11950872335092
      vertex 102.55256267025986 -29.01306376456256 91.44585499628721
    endloop
  endfacet
  facet normal 6.434908212309018e-13 0.9510565162950538 -0.3090169943752547
    outer loop
      vertex 98.8145646003057 -29.091263683042442 91.20518039457323
      vertex 102.11369836541932 -27.078011383834898 97.4013338520245
      vertex 102.12491221991398 -27.079627266524838 97.39636067647169
    endloop
  endfacet
  facet normal -4.287776909590672e-15 0.9510565162951544 -0.30901699437494523
    outer loop
      vertex 98.8145646003057 -29.091263683042442 91.20518039457323
      vertex 102.12491221991398 -27.079627266524838 97.39636067647169
      vertex 102.74917683432079 -27.16958191903432 97.11950872335092
    endloop
  endfacet
  facet normal -0.19509032201613444 -0.3030793194773962 -0.9327822320138605
    outer loop
      vertex -93.3778510915574 -52.65817985944038 74.98125326498047
      vertex -93.3778510915574 -51.32670073662716 74.54862947285554
      vertex -92.61248422682722 -52.70522489558793 74.83646353172331
    endloop
  endfacet
  facet normal -0.555570233019612 -0.2569382405078361 -0.7907745928817336
    outer loop
      vertex -94.02669778920031 -52.524206931286855 75.39357954038572
      vertex -94.02669778920031 -51.19272780847365 74.96095574826079
      vertex -93.3778510915574 -52.65817985944038 74.98125326498047
    endloop
  endfacet
  facet normal -0.5555702330196082 -0.2569382405078344 -0.7907745928817369
    outer loop
      vertex -93.3778510915574 -52.65817985944038 74.98125326498047
      vertex -94.02669778920031 -51.19272780847365 74.96095574826079
      vertex -93.3778510915574 -51.32670073662716 74.54862947285554
    endloop
  endfacet
  facet normal -0.8314696123025411 -0.1716806435719104 -0.528378690372915
    outer loop
      vertex -94.02669778920031 -52.524206931286855 75.39357954038572
      vertex -94.46024329184979 -52.32370227497114 76.0106694202556
      vertex -94.02669778920031 -51.19272780847365 74.96095574826079
    endloop
  endfacet
  facet normal -0.8314696123025428 -0.17168064357190796 -0.5283786903729131
    outer loop
      vertex -94.46024329184979 -52.32370227497114 76.0106694202556
      vertex -94.46024329184979 -50.99222315215792 75.57804562813067
      vertex -94.02669778920031 -51.19272780847365 74.96095574826079
    endloop
  endfacet
  facet normal -0.9807852804032298 -0.060286224941065523 -0.18554192201956132
    outer loop
      vertex -94.46024329184979 -52.32370227497114 76.0106694202556
      vertex -94.61248422682722 -52.08719090683804 76.73857656431362
      vertex -94.46024329184979 -50.99222315215792 75.57804562813067
    endloop
  endfacet
  facet normal 9.22376192316721e-15 -0.951056516295153 0.3090169943749489
    outer loop
      vertex -93.3778510915574 -52.65817985944038 74.98125326498047
      vertex -92.61248422682722 -52.70522489558793 74.83646353172331
      vertex -93.3778510915574 -51.5162019542357 78.49589986364678
    endloop
  endfacet
  facet normal 2.2116678916130315e-14 -0.9510565162951521 0.3090169943749518
    outer loop
      vertex -94.02669778920031 -52.524206931286855 75.39357954038572
      vertex -94.46024329184979 -51.85067953870494 77.46648370837165
      vertex -94.46024329184979 -52.32370227497114 76.0106694202556
    endloop
  endfacet
  facet normal -1.4398216875493502e-14 -0.9510565162951522 0.3090169943749518
    outer loop
      vertex -94.46024329184979 -52.32370227497114 76.0106694202556
      vertex -94.46024329184979 -51.85067953870494 77.46648370837165
      vertex -94.61248422682722 -52.08719090683804 76.73857656431362
    endloop
  endfacet
  facet normal -0.9807852804032297 -0.060286224941065975 -0.1855419220195617
    outer loop
      vertex -94.46024329184979 -50.99222315215792 75.57804562813067
      vertex -94.61248422682722 -52.08719090683804 76.73857656431362
      vertex -94.61248422682722 -50.755711784024825 76.30595277218869
    endloop
  endfacet
  facet normal -0.9807852804032304 0.06028622494106479 0.18554192201955808
    outer loop
      vertex -94.61248422682722 -52.08719090683804 76.73857656431362
      vertex -94.46024329184979 -51.85067953870494 77.46648370837165
      vertex -94.61248422682722 -50.755711784024825 76.30595277218869
    endloop
  endfacet
  facet normal -1.0852925497853239e-14 -0.9510565162951542 0.3090169943749453
    outer loop
      vertex -94.02669778920031 -52.524206931286855 75.39357954038572
      vertex -93.3778510915574 -52.65817985944038 74.98125326498047
      vertex -94.02669778920031 -51.65017488238922 78.08357358824153
    endloop
  endfacet
  facet normal -1.1937460607947612e-14 -0.9510565162951542 0.3090169943749453
    outer loop
      vertex -94.02669778920031 -52.524206931286855 75.39357954038572
      vertex -94.02669778920031 -51.65017488238922 78.08357358824153
      vertex -94.46024329184979 -51.85067953870494 77.46648370837165
    endloop
  endfacet
  facet normal -0.8314696123025411 0.1716806435719104 0.528378690372915
    outer loop
      vertex -94.46024329184979 -51.85067953870494 77.46648370837165
      vertex -94.02669778920031 -51.65017488238922 78.08357358824153
      vertex -94.46024329184979 -50.51920041589173 77.03385991624673
    endloop
  endfacet
  facet normal 8.238147920484577e-15 -0.9510565162951531 0.3090169943749489
    outer loop
      vertex -93.3778510915574 -52.65817985944038 74.98125326498047
      vertex -93.3778510915574 -51.5162019542357 78.49589986364678
      vertex -94.02669778920031 -51.65017488238922 78.08357358824153
    endloop
  endfacet
  facet normal -0.9807852804032303 0.06028622494106524 0.18554192201955846
    outer loop
      vertex -94.46024329184979 -51.85067953870494 77.46648370837165
      vertex -94.46024329184979 -50.51920041589173 77.03385991624673
      vertex -94.61248422682722 -50.755711784024825 76.30595277218869
    endloop
  endfacet
  facet normal -0.8314696123025428 0.17168064357190796 0.5283786903729131
    outer loop
      vertex -94.02669778920031 -51.65017488238922 78.08357358824153
      vertex -94.02669778920031 -50.318695759576 77.6509497961166
      vertex -94.46024329184979 -50.51920041589173 77.03385991624673
    endloop
  endfacet
  facet normal -0.5555702330196082 0.2569382405078344 0.7907745928817369
    outer loop
      vertex -94.02669778920031 -51.65017488238922 78.08357358824153
      vertex -93.3778510915574 -50.18472283142249 78.06327607152186
      vertex -94.02669778920031 -50.318695759576 77.6509497961166
    endloop
  endfacet
  facet normal -0.555570233019612 0.2569382405078361 0.7907745928817336
    outer loop
      vertex -94.02669778920031 -51.65017488238922 78.08357358824153
      vertex -93.3778510915574 -51.5162019542357 78.49589986364678
      vertex -93.3778510915574 -50.18472283142249 78.06327607152186
    endloop
  endfacet
  facet normal -0.19509032201612322 0.30307931947739986 0.9327822320138617
    outer loop
      vertex -93.3778510915574 -51.5162019542357 78.49589986364678
      vertex -92.61248422682722 -50.137677795274925 78.208065804779
      vertex -93.3778510915574 -50.18472283142249 78.06327607152186
    endloop
  endfacet
  facet normal 0.19509032201613444 -0.3030793194773977 -0.9327822320138599
    outer loop
      vertex -92.61248422682722 -52.70522489558793 74.83646353172331
      vertex -92.61248422682722 -51.37374577277472 74.40383973959838
      vertex -91.84711736209704 -52.65817985944038 74.98125326498047
    endloop
  endfacet
  facet normal -0.19509032201613719 -0.3030793194773976 -0.9327822320138596
    outer loop
      vertex -93.3778510915574 -51.32670073662716 74.54862947285554
      vertex -92.61248422682722 -51.37374577277472 74.40383973959838
      vertex -92.61248422682722 -52.70522489558793 74.83646353172331
    endloop
  endfacet
  facet normal 0.555570233019612 -0.2569382405078336 -0.7907745928817344
    outer loop
      vertex -91.84711736209704 -52.65817985944038 74.98125326498047
      vertex -91.84711736209704 -51.32670073662716 74.54862947285554
      vertex -91.19827066445413 -52.524206931286855 75.39357954038572
    endloop
  endfacet
  facet normal 0.1950903220161371 -0.303079319477396 -0.9327822320138599
    outer loop
      vertex -91.84711736209704 -52.65817985944038 74.98125326498047
      vertex -92.61248422682722 -51.37374577277472 74.40383973959838
      vertex -91.84711736209704 -51.32670073662716 74.54862947285554
    endloop
  endfacet
  facet normal 0.5555702330196081 -0.25693824050783687 -0.790774592881736
    outer loop
      vertex -91.19827066445413 -52.524206931286855 75.39357954038572
      vertex -91.84711736209704 -51.32670073662716 74.54862947285554
      vertex -91.19827066445413 -51.19272780847365 74.96095574826079
    endloop
  endfacet
  facet normal 0.8314696123025411 -0.17168064357190876 -0.5283786903729154
    outer loop
      vertex -91.19827066445413 -52.524206931286855 75.39357954038572
      vertex -90.76472516180465 -50.99222315215792 75.57804562813067
      vertex -90.76472516180465 -52.32370227497114 76.0106694202556
    endloop
  endfacet
  facet normal 0.8314696123025428 -0.1716806435719096 -0.5283786903729124
    outer loop
      vertex -91.19827066445413 -52.524206931286855 75.39357954038572
      vertex -91.19827066445413 -51.19272780847365 74.96095574826079
      vertex -90.76472516180465 -50.99222315215792 75.57804562813067
    endloop
  endfacet
  facet normal 0.9807852804032298 -0.06028622494106569 -0.18554192201956185
    outer loop
      vertex -90.76472516180465 -52.32370227497114 76.0106694202556
      vertex -90.76472516180465 -50.99222315215792 75.57804562813067
      vertex -90.61248422682722 -50.755711784024825 76.30595277218869
    endloop
  endfacet
  facet normal -8.745123806310156e-15 -0.9510565162951539 0.3090169943749467
    outer loop
      vertex -92.61248422682722 -52.70522489558793 74.83646353172331
      vertex -91.84711736209704 -52.65817985944038 74.98125326498047
      vertex -92.61248422682722 -51.469156918088146 78.64068959690393
    endloop
  endfacet
  facet normal 8.292913123072414e-15 -0.9510565162951531 0.3090169943749489
    outer loop
      vertex -91.84711736209704 -52.65817985944038 74.98125326498047
      vertex -91.19827066445413 -52.524206931286855 75.39357954038572
      vertex -91.84711736209704 -51.5162019542357 78.49589986364678
    endloop
  endfacet
  facet normal -3.088923713369081e-15 -0.9510565162951539 0.3090169943749467
    outer loop
      vertex -92.61248422682722 -52.70522489558793 74.83646353172331
      vertex -92.61248422682722 -51.469156918088146 78.64068959690393
      vertex -93.3778510915574 -51.5162019542357 78.49589986364678
    endloop
  endfacet
  facet normal -1.0833736419286242e-14 -0.9510565162951542 0.3090169943749453
    outer loop
      vertex -91.19827066445413 -52.524206931286855 75.39357954038572
      vertex -91.19827066445413 -51.65017488238922 78.08357358824153
      vertex -91.84711736209704 -51.5162019542357 78.49589986364678
    endloop
  endfacet
  facet normal 3.356569003786321e-15 -0.951056516295153 0.3090169943749489
    outer loop
      vertex -91.84711736209704 -52.65817985944038 74.98125326498047
      vertex -91.84711736209704 -51.5162019542357 78.49589986364678
      vertex -92.61248422682722 -51.469156918088146 78.64068959690393
    endloop
  endfacet
  facet normal -1.2003556541331016e-14 -0.9510565162951542 0.3090169943749453
    outer loop
      vertex -91.19827066445413 -52.524206931286855 75.39357954038572
      vertex -90.76472516180465 -52.32370227497114 76.0106694202556
      vertex -91.19827066445413 -51.65017488238922 78.08357358824153
    endloop
  endfacet
  facet normal 1.431654526476765e-14 -0.9510565162951522 0.3090169943749518
    outer loop
      vertex -90.76472516180465 -52.32370227497114 76.0106694202556
      vertex -90.61248422682722 -52.08719090683804 76.73857656431362
      vertex -90.76472516180465 -51.85067953870494 77.46648370837165
    endloop
  endfacet
  facet normal 0.9807852804032298 -0.0602862249410658 -0.18554192201956116
    outer loop
      vertex -90.76472516180465 -52.32370227497114 76.0106694202556
      vertex -90.61248422682722 -50.755711784024825 76.30595277218869
      vertex -90.61248422682722 -52.08719090683804 76.73857656431362
    endloop
  endfacet
  facet normal 2.2078239466038803e-14 -0.9510565162951521 0.3090169943749518
    outer loop
      vertex -90.76472516180465 -52.32370227497114 76.0106694202556
      vertex -90.76472516180465 -51.85067953870494 77.46648370837165
      vertex -91.19827066445413 -51.65017488238922 78.08357358824153
    endloop
  endfacet
  facet normal 0.9807852804032303 0.060286224941065066 0.1855419220195579
    outer loop
      vertex -90.61248422682722 -52.08719090683804 76.73857656431362
      vertex -90.76472516180465 -50.51920041589173 77.03385991624673
      vertex -90.76472516180465 -51.85067953870494 77.46648370837165
    endloop
  endfacet
  facet normal 0.8314696123025411 0.17168064357190876 0.5283786903729154
    outer loop
      vertex -90.76472516180465 -51.85067953870494 77.46648370837165
      vertex -91.19827066445413 -50.318695759576 77.6509497961166
      vertex -91.19827066445413 -51.65017488238922 78.08357358824153
    endloop
  endfacet
  facet normal 0.9807852804032304 0.06028622494106495 0.18554192201955855
    outer loop
      vertex -90.61248422682722 -52.08719090683804 76.73857656431362
      vertex -90.61248422682722 -50.755711784024825 76.30595277218869
      vertex -90.76472516180465 -50.51920041589173 77.03385991624673
    endloop
  endfacet
  facet normal 0.8314696123025428 0.1716806435719096 0.5283786903729124
    outer loop
      vertex -90.76472516180465 -51.85067953870494 77.46648370837165
      vertex -90.76472516180465 -50.51920041589173 77.03385991624673
      vertex -91.19827066445413 -50.318695759576 77.6509497961166
    endloop
  endfacet
  facet normal -0.19509032201611778 0.30307931947739725 0.9327822320138637
    outer loop
      vertex -93.3778510915574 -51.5162019542357 78.49589986364678
      vertex -92.61248422682722 -51.469156918088146 78.64068959690393
      vertex -92.61248422682722 -50.137677795274925 78.208065804779
    endloop
  endfacet
  facet normal 0.19509032201612322 0.3030793194773969 0.9327822320138627
    outer loop
      vertex -92.61248422682722 -50.137677795274925 78.208065804779
      vertex -92.61248422682722 -51.469156918088146 78.64068959690393
      vertex -91.84711736209704 -50.18472283142249 78.06327607152186
    endloop
  endfacet
  facet normal 0.555570233019612 0.2569382405078336 0.7907745928817344
    outer loop
      vertex -91.19827066445413 -51.65017488238922 78.08357358824153
      vertex -91.19827066445413 -50.318695759576 77.6509497961166
      vertex -91.84711736209704 -51.5162019542357 78.49589986364678
    endloop
  endfacet
  facet normal 0.5555702330196081 0.25693824050783687 0.790774592881736
    outer loop
      vertex -91.84711736209704 -51.5162019542357 78.49589986364678
      vertex -91.19827066445413 -50.318695759576 77.6509497961166
      vertex -91.84711736209704 -50.18472283142249 78.06327607152186
    endloop
  endfacet
  facet normal 0.19509032201611778 0.30307931947740013 0.9327822320138627
    outer loop
      vertex -91.84711736209704 -51.5162019542357 78.49589986364678
      vertex -91.84711736209704 -50.18472283142249 78.06327607152186
      vertex -92.61248422682722 -51.469156918088146 78.64068959690393
    endloop
  endfacet
  facet normal -0.8314696123025428 -0.17168064357190793 -0.528378690372913
    outer loop
      vertex -68.053231868982 -59.87890302712212 52.75815244530642
      vertex -68.48677737163148 -59.67839837080639 53.3752423251763
      vertex -68.053231868982 -58.5474239043089 52.32552865318149
    endloop
  endfacet
  facet normal -0.831469612302541 -0.1716806435719104 -0.528378690372915
    outer loop
      vertex -68.48677737163148 -59.67839837080639 53.3752423251763
      vertex -68.48677737163148 -58.346919247993185 52.94261853305137
      vertex -68.053231868982 -58.5474239043089 52.32552865318149
    endloop
  endfacet
  facet normal 0.19509032201613719 -0.3030793194773976 -0.9327822320138596
    outer loop
      vertex -66.6390183066089 -60.05992099142319 52.20103643664403
      vertex -66.6390183066089 -58.72844186860998 51.7684126445191
      vertex -65.87365144187872 -60.01287595527563 52.34582616990119
    endloop
  endfacet
  facet normal -0.19509032201613716 -0.30307931947739897 -0.932782232013859
    outer loop
      vertex -67.40438517133909 -60.01287595527563 52.34582616990119
      vertex -67.40438517133909 -58.681396832462426 51.91320237777626
      vertex -66.6390183066089 -60.05992099142319 52.20103643664403
    endloop
  endfacet
  facet normal 0.5555702330195961 -0.25693824050783937 -0.7907745928817437
    outer loop
      vertex -65.87365144187872 -60.01287595527563 52.34582616990119
      vertex -65.87365144187872 -58.681396832462426 51.91320237777626
      vertex -65.22480474423581 -59.87890302712212 52.75815244530642
    endloop
  endfacet
  facet normal -0.19509032201613447 -0.3030793194773977 -0.9327822320138599
    outer loop
      vertex -66.6390183066089 -60.05992099142319 52.20103643664403
      vertex -67.40438517133909 -58.681396832462426 51.91320237777626
      vertex -66.6390183066089 -58.72844186860998 51.7684126445191
    endloop
  endfacet
  facet normal -0.5555702330195961 -0.25693824050783687 -0.7907745928817445
    outer loop
      vertex -68.053231868982 -59.87890302712212 52.75815244530642
      vertex -68.053231868982 -58.5474239043089 52.32552865318149
      vertex -67.40438517133909 -60.01287595527563 52.34582616990119
    endloop
  endfacet
  facet normal -0.5555702330196 -0.25693824050783853 -0.7907745928817411
    outer loop
      vertex -68.053231868982 -58.5474239043089 52.32552865318149
      vertex -67.40438517133909 -58.681396832462426 51.91320237777626
      vertex -67.40438517133909 -60.01287595527563 52.34582616990119
    endloop
  endfacet
  facet normal 0.1950903220161344 -0.30307931947739913 -0.9327822320138596
    outer loop
      vertex -65.87365144187872 -60.01287595527563 52.34582616990119
      vertex -66.6390183066089 -58.72844186860998 51.7684126445191
      vertex -65.87365144187872 -58.681396832462426 51.91320237777626
    endloop
  endfacet
  facet normal 0.5555702330196001 -0.2569382405078361 -0.790774592881742
    outer loop
      vertex -65.22480474423581 -59.87890302712212 52.75815244530642
      vertex -65.87365144187872 -58.681396832462426 51.91320237777626
      vertex -65.22480474423581 -58.5474239043089 52.32552865318149
    endloop
  endfacet
  facet normal 0.8314696123025411 -0.17168064357190876 -0.5283786903729155
    outer loop
      vertex -65.22480474423581 -59.87890302712212 52.75815244530642
      vertex -65.22480474423581 -58.5474239043089 52.32552865318149
      vertex -64.79125924158633 -58.346919247993185 52.94261853305137
    endloop
  endfacet
  facet normal -1.9958373948119304e-14 -0.9510565162951544 0.3090169943749448
    outer loop
      vertex -68.053231868982 -59.87890302712212 52.75815244530642
      vertex -68.48677737163148 -59.2053756345402 54.831056613292375
      vertex -68.48677737163148 -59.67839837080639 53.3752423251763
    endloop
  endfacet
  facet normal -0.9807852804032303 -0.060286224941065225 -0.18554192201955844
    outer loop
      vertex -68.48677737163148 -59.67839837080639 53.3752423251763
      vertex -68.6390183066089 -59.4418870026733 54.10314946923434
      vertex -68.48677737163148 -58.346919247993185 52.94261853305137
    endloop
  endfacet
  facet normal -0.9807852804032304 -0.06028622494106479 -0.18554192201955808
    outer loop
      vertex -68.6390183066089 -59.4418870026733 54.10314946923434
      vertex -68.6390183066089 -58.110407879860084 53.67052567710941
      vertex -68.48677737163148 -58.346919247993185 52.94261853305137
    endloop
  endfacet
  facet normal 2.2266556766748352e-14 -0.9510565162951544 0.30901699437494484
    outer loop
      vertex -68.48677737163148 -59.67839837080639 53.3752423251763
      vertex -68.48677737163148 -59.2053756345402 54.831056613292375
      vertex -68.6390183066089 -59.4418870026733 54.10314946923434
    endloop
  endfacet
  facet normal -0.9807852804032304 0.06028622494106479 0.18554192201955808
    outer loop
      vertex -68.6390183066089 -59.4418870026733 54.10314946923434
      vertex -68.48677737163148 -59.2053756345402 54.831056613292375
      vertex -68.6390183066089 -58.110407879860084 53.67052567710941
    endloop
  endfacet
  facet normal -1.1446301668116185e-15 -0.9510565162951532 0.30901699437494834
    outer loop
      vertex -68.053231868982 -59.87890302712212 52.75815244530642
      vertex -68.053231868982 -59.004870978224474 55.448146493162255
      vertex -68.48677737163148 -59.2053756345402 54.831056613292375
    endloop
  endfacet
  facet normal -0.9807852804032304 0.06028622494106479 0.18554192201955808
    outer loop
      vertex -68.48677737163148 -59.2053756345402 54.831056613292375
      vertex -68.48677737163148 -57.87389651172698 54.39843282116745
      vertex -68.6390183066089 -58.110407879860084 53.67052567710941
    endloop
  endfacet
  facet normal -0.8314696123025419 0.17168064357190918 0.528378690372914
    outer loop
      vertex -68.48677737163148 -59.2053756345402 54.831056613292375
      vertex -68.053231868982 -59.004870978224474 55.448146493162255
      vertex -68.48677737163148 -57.87389651172698 54.39843282116745
    endloop
  endfacet
  facet normal -0.8314696123025419 0.17168064357190918 0.528378690372914
    outer loop
      vertex -68.053231868982 -59.004870978224474 55.448146493162255
      vertex -68.053231868982 -57.67339185541126 55.01552270103733
      vertex -68.48677737163148 -57.87389651172698 54.39843282116745
    endloop
  endfacet
  facet normal 5.370197793642571e-15 -0.9510565162951532 0.3090169943749484
    outer loop
      vertex -68.053231868982 -59.87890302712212 52.75815244530642
      vertex -67.40438517133909 -60.01287595527563 52.34582616990119
      vertex -68.053231868982 -59.004870978224474 55.448146493162255
    endloop
  endfacet
  facet normal -3.317180301812959e-16 -0.9510565162951542 0.3090169943749455
    outer loop
      vertex -67.40438517133909 -60.01287595527563 52.34582616990119
      vertex -66.6390183066089 -60.05992099142319 52.20103643664403
      vertex -67.40438517133909 -58.87089805007096 55.860472768567504
    endloop
  endfacet
  facet normal -2.5125738140879473e-16 -0.9510565162951533 0.30901699437494823
    outer loop
      vertex -66.6390183066089 -60.05992099142319 52.20103643664403
      vertex -65.87365144187872 -60.01287595527563 52.34582616990119
      vertex -66.6390183066089 -58.8238530139234 56.005262501824646
    endloop
  endfacet
  facet normal -3.3229041612885736e-15 -0.9510565162951542 0.3090169943749454
    outer loop
      vertex -65.87365144187872 -60.01287595527563 52.34582616990119
      vertex -65.22480474423581 -59.87890302712212 52.75815244530642
      vertex -65.87365144187872 -58.87089805007096 55.860472768567504
    endloop
  endfacet
  facet normal 1.4341516858150065e-14 -0.9510565162951532 0.30901699437494834
    outer loop
      vertex -65.22480474423581 -59.87890302712212 52.75815244530642
      vertex -64.79125924158633 -59.67839837080639 53.3752423251763
      vertex -65.22480474423581 -59.004870978224474 55.448146493162255
    endloop
  endfacet
  facet normal -1.0086037031617261e-14 -0.9510565162951542 0.3090169943749454
    outer loop
      vertex -68.053231868982 -59.004870978224474 55.448146493162255
      vertex -67.40438517133909 -60.01287595527563 52.34582616990119
      vertex -67.40438517133909 -58.87089805007096 55.860472768567504
    endloop
  endfacet
  facet normal 0.8314696123025428 -0.1716806435719096 -0.5283786903729124
    outer loop
      vertex -65.22480474423581 -59.87890302712212 52.75815244530642
      vertex -64.79125924158633 -58.346919247993185 52.94261853305137
      vertex -64.79125924158633 -59.67839837080639 53.3752423251763
    endloop
  endfacet
  facet normal 0.9807852804032304 -0.06028622494106495 -0.18554192201955852
    outer loop
      vertex -64.79125924158633 -59.67839837080639 53.3752423251763
      vertex -64.6390183066089 -58.110407879860084 53.67052567710941
      vertex -64.6390183066089 -59.4418870026733 54.10314946923434
    endloop
  endfacet
  facet normal 0.9807852804032303 -0.060286224941065066 -0.18554192201955794
    outer loop
      vertex -64.79125924158633 -59.67839837080639 53.3752423251763
      vertex -64.79125924158633 -58.346919247993185 52.94261853305137
      vertex -64.6390183066089 -58.110407879860084 53.67052567710941
    endloop
  endfacet
  facet normal -2.2080394744015356e-14 -0.9510565162951544 0.30901699437494484
    outer loop
      vertex -64.79125924158633 -59.67839837080639 53.3752423251763
      vertex -64.6390183066089 -59.4418870026733 54.10314946923434
      vertex -64.79125924158633 -59.2053756345402 54.831056613292375
    endloop
  endfacet
  facet normal -4.373840810717187e-15 -0.9510565162951544 0.30901699437494484
    outer loop
      vertex -64.79125924158633 -59.67839837080639 53.3752423251763
      vertex -64.79125924158633 -59.2053756345402 54.831056613292375
      vertex -65.22480474423581 -59.004870978224474 55.448146493162255
    endloop
  endfacet
  facet normal 0.9807852804032304 0.06028622494106479 0.18554192201955808
    outer loop
      vertex -64.6390183066089 -59.4418870026733 54.10314946923434
      vertex -64.6390183066089 -58.110407879860084 53.67052567710941
      vertex -64.79125924158633 -57.87389651172698 54.39843282116745
    endloop
  endfacet
  facet normal 0.9807852804032304 0.06028622494106479 0.18554192201955805
    outer loop
      vertex -64.6390183066089 -59.4418870026733 54.10314946923434
      vertex -64.79125924158633 -57.87389651172698 54.39843282116745
      vertex -64.79125924158633 -59.2053756345402 54.831056613292375
    endloop
  endfacet
  facet normal 1.4397915769754145e-14 -0.9510565162951533 0.30901699437494823
    outer loop
      vertex -66.6390183066089 -60.05992099142319 52.20103643664403
      vertex -66.6390183066089 -58.8238530139234 56.005262501824646
      vertex -67.40438517133909 -58.87089805007096 55.860472768567504
    endloop
  endfacet
  facet normal -0.5555702330196081 0.2569382405078344 0.7907745928817369
    outer loop
      vertex -68.053231868982 -59.004870978224474 55.448146493162255
      vertex -67.40438517133909 -58.87089805007096 55.860472768567504
      vertex -67.40438517133909 -57.53941892725774 55.427848976442576
    endloop
  endfacet
  facet normal -0.1950903220161232 0.30307931947739986 0.9327822320138617
    outer loop
      vertex -67.40438517133909 -58.87089805007096 55.860472768567504
      vertex -66.6390183066089 -58.8238530139234 56.005262501824646
      vertex -66.6390183066089 -57.49237389111019 55.57263870969972
    endloop
  endfacet
  facet normal -0.5555702330196101 0.25693824050783526 0.7907745928817352
    outer loop
      vertex -68.053231868982 -59.004870978224474 55.448146493162255
      vertex -67.40438517133909 -57.53941892725774 55.427848976442576
      vertex -68.053231868982 -57.67339185541126 55.01552270103733
    endloop
  endfacet
  facet normal -0.19509032201611778 0.30307931947739725 0.9327822320138637
    outer loop
      vertex -67.40438517133909 -58.87089805007096 55.860472768567504
      vertex -66.6390183066089 -57.49237389111019 55.57263870969972
      vertex -67.40438517133909 -57.53941892725774 55.427848976442576
    endloop
  endfacet
  facet normal 0.19509032201611778 0.30307931947740013 0.9327822320138627
    outer loop
      vertex -66.6390183066089 -58.8238530139234 56.005262501824646
      vertex -65.87365144187872 -57.53941892725774 55.427848976442576
      vertex -66.6390183066089 -57.49237389111019 55.57263870969972
    endloop
  endfacet
  facet normal -1.5029521837130217e-14 -0.9510565162951542 0.3090169943749455
    outer loop
      vertex -65.87365144187872 -60.01287595527563 52.34582616990119
      vertex -65.87365144187872 -58.87089805007096 55.860472768567504
      vertex -66.6390183066089 -58.8238530139234 56.005262501824646
    endloop
  endfacet
  facet normal 1.2213425535675606e-14 -0.9510565162951532 0.3090169943749484
    outer loop
      vertex -65.22480474423581 -59.87890302712212 52.75815244530642
      vertex -65.22480474423581 -59.004870978224474 55.448146493162255
      vertex -65.87365144187872 -58.87089805007096 55.860472768567504
    endloop
  endfacet
  facet normal 0.8314696123025419 0.17168064357190918 0.528378690372914
    outer loop
      vertex -64.79125924158633 -59.2053756345402 54.831056613292375
      vertex -65.22480474423581 -57.67339185541126 55.01552270103733
      vertex -65.22480474423581 -59.004870978224474 55.448146493162255
    endloop
  endfacet
  facet normal 0.1950903220161232 0.30307931947739686 0.9327822320138626
    outer loop
      vertex -66.6390183066089 -58.8238530139234 56.005262501824646
      vertex -65.87365144187872 -58.87089805007096 55.860472768567504
      vertex -65.87365144187872 -57.53941892725774 55.427848976442576
    endloop
  endfacet
  facet normal 0.5555702330196082 0.25693824050783565 0.7907745928817365
    outer loop
      vertex -65.87365144187872 -58.87089805007096 55.860472768567504
      vertex -65.22480474423581 -59.004870978224474 55.448146493162255
      vertex -65.22480474423581 -57.67339185541126 55.01552270103733
    endloop
  endfacet
  facet normal 0.5555702330196101 0.256938240507834 0.7907745928817356
    outer loop
      vertex -65.87365144187872 -58.87089805007096 55.860472768567504
      vertex -65.22480474423581 -57.67339185541126 55.01552270103733
      vertex -65.87365144187872 -57.53941892725774 55.427848976442576
    endloop
  endfacet
  facet normal 0.8314696123025419 0.17168064357190918 0.528378690372914
    outer loop
      vertex -64.79125924158633 -59.2053756345402 54.831056613292375
      vertex -64.79125924158633 -57.87389651172698 54.39843282116745
      vertex -65.22480474423581 -57.67339185541126 55.01552270103733
    endloop
  endfacet
  facet normal 2.2116678916130315e-14 -0.9510565162951521 0.3090169943749518
    outer loop
      vertex -36.25614961418163 -64.5655877173641 38.33402013021737
      vertex -36.68969511683111 -63.89206032478218 40.40692429820331
      vertex -36.68969511683111 -64.36508306104838 38.95111001008725
    endloop
  endfacet
  facet normal -1.0852925497853239e-14 -0.9510565162951542 0.3090169943749453
    outer loop
      vertex -36.25614961418163 -64.5655877173641 38.33402013021737
      vertex -35.60730291653872 -64.69956064551762 37.92169385481212
      vertex -36.25614961418163 -63.691555668466464 41.02401417807319
    endloop
  endfacet
  facet normal -0.555570233019612 -0.2569382405078361 -0.7907745928817336
    outer loop
      vertex -36.25614961418163 -64.5655877173641 38.33402013021737
      vertex -36.25614961418163 -63.23410859455089 37.90139633809244
      vertex -35.60730291653872 -64.69956064551762 37.92169385481212
    endloop
  endfacet
  facet normal -0.5555702330196081 -0.2569382405078344 -0.7907745928817369
    outer loop
      vertex -36.25614961418163 -63.23410859455089 37.90139633809244
      vertex -35.60730291653872 -63.3680815227044 37.48907006268719
      vertex -35.60730291653872 -64.69956064551762 37.92169385481212
    endloop
  endfacet
  facet normal -0.8314696123025411 -0.1716806435719104 -0.528378690372915
    outer loop
      vertex -36.25614961418163 -64.5655877173641 38.33402013021737
      vertex -36.68969511683111 -64.36508306104838 38.95111001008725
      vertex -36.25614961418163 -63.23410859455089 37.90139633809244
    endloop
  endfacet
  facet normal -0.8314696123025428 -0.17168064357190796 -0.5283786903729131
    outer loop
      vertex -36.68969511683111 -64.36508306104838 38.95111001008725
      vertex -36.68969511683111 -63.03360393823516 38.51848621796232
      vertex -36.25614961418163 -63.23410859455089 37.90139633809244
    endloop
  endfacet
  facet normal -0.9807852804032298 -0.06028622494106568 -0.1855419220195618
    outer loop
      vertex -36.68969511683111 -64.36508306104838 38.95111001008725
      vertex -36.84193605180854 -64.12857169291529 39.67901715414527
      vertex -36.68969511683111 -63.03360393823516 38.51848621796232
    endloop
  endfacet
  facet normal 2.99077362788699e-14 -0.9510565162951522 0.3090169943749518
    outer loop
      vertex -36.68969511683111 -64.36508306104838 38.95111001008725
      vertex -36.68969511683111 -63.89206032478218 40.40692429820331
      vertex -36.84193605180854 -64.12857169291529 39.67901715414527
    endloop
  endfacet
  facet normal -0.9807852804032298 -0.06028622494106568 -0.1855419220195618
    outer loop
      vertex -36.68969511683111 -63.03360393823516 38.51848621796232
      vertex -36.84193605180854 -64.12857169291529 39.67901715414527
      vertex -36.84193605180854 -62.797092570102066 39.24639336202034
    endloop
  endfacet
  facet normal -0.19509032201611778 -0.30307931947739725 -0.9327822320138637
    outer loop
      vertex -35.60730291653872 -64.69956064551762 37.92169385481212
      vertex -35.60730291653872 -63.3680815227044 37.48907006268719
      vertex -34.84193605180854 -64.74660568166517 37.77690412155498
    endloop
  endfacet
  facet normal 0.19509032201611778 -0.30307931947740013 -0.9327822320138627
    outer loop
      vertex -34.84193605180854 -64.74660568166517 37.77690412155498
      vertex -34.84193605180854 -63.415126558851966 37.34428032943005
      vertex -34.076569187078356 -64.69956064551762 37.92169385481212
    endloop
  endfacet
  facet normal 0.555570233019612 -0.2569382405078336 -0.7907745928817344
    outer loop
      vertex -34.076569187078356 -64.69956064551762 37.92169385481212
      vertex -34.076569187078356 -63.3680815227044 37.48907006268719
      vertex -33.427722489435446 -64.5655877173641 38.33402013021737
    endloop
  endfacet
  facet normal 3.4929244489714587e-15 -0.951056516295153 0.3090169943749489
    outer loop
      vertex -35.60730291653872 -64.69956064551762 37.92169385481212
      vertex -34.84193605180854 -64.74660568166517 37.77690412155498
      vertex -35.60730291653872 -63.55758274031294 41.43634045347844
    endloop
  endfacet
  facet normal -3.224657096242018e-15 -0.9510565162951535 0.30901699437494773
    outer loop
      vertex -34.84193605180854 -64.74660568166517 37.77690412155498
      vertex -34.076569187078356 -64.69956064551762 37.92169385481212
      vertex -34.84193605180854 -63.51053770416539 41.58113018673558
    endloop
  endfacet
  facet normal 8.292913123072414e-15 -0.9510565162951531 0.3090169943749489
    outer loop
      vertex -34.076569187078356 -64.69956064551762 37.92169385481212
      vertex -33.427722489435446 -64.5655877173641 38.33402013021737
      vertex -34.076569187078356 -63.55758274031294 41.43634045347844
    endloop
  endfacet
  facet normal -1.2003556541331016e-14 -0.9510565162951542 0.3090169943749453
    outer loop
      vertex -33.427722489435446 -64.5655877173641 38.33402013021737
      vertex -32.994176986785966 -64.36508306104838 38.95111001008725
      vertex -33.427722489435446 -63.691555668466464 41.02401417807319
    endloop
  endfacet
  facet normal -0.19509032201612322 -0.30307931947739986 -0.9327822320138617
    outer loop
      vertex -34.84193605180854 -64.74660568166517 37.77690412155498
      vertex -35.60730291653872 -63.3680815227044 37.48907006268719
      vertex -34.84193605180854 -63.415126558851966 37.34428032943005
    endloop
  endfacet
  facet normal 0.1950903220161232 -0.30307931947739686 -0.9327822320138626
    outer loop
      vertex -34.076569187078356 -64.69956064551762 37.92169385481212
      vertex -34.84193605180854 -63.415126558851966 37.34428032943005
      vertex -34.076569187078356 -63.3680815227044 37.48907006268719
    endloop
  endfacet
  facet normal 0.5555702330196081 -0.25693824050783687 -0.790774592881736
    outer loop
      vertex -33.427722489435446 -64.5655877173641 38.33402013021737
      vertex -34.076569187078356 -63.3680815227044 37.48907006268719
      vertex -33.427722489435446 -63.23410859455089 37.90139633809244
    endloop
  endfacet
  facet normal 0.8314696123025411 -0.17168064357190876 -0.5283786903729154
    outer loop
      vertex -33.427722489435446 -64.5655877173641 38.33402013021737
      vertex -32.994176986785966 -63.03360393823516 38.51848621796232
      vertex -32.994176986785966 -64.36508306104838 38.95111001008725
    endloop
  endfacet
  facet normal 0.8314696123025428 -0.1716806435719096 -0.5283786903729124
    outer loop
      vertex -33.427722489435446 -64.5655877173641 38.33402013021737
      vertex -33.427722489435446 -63.23410859455089 37.90139633809244
      vertex -32.994176986785966 -63.03360393823516 38.51848621796232
    endloop
  endfacet
  facet normal 0.9807852804032298 -0.06028622494106568 -0.1855419220195618
    outer loop
      vertex -32.994176986785966 -64.36508306104838 38.95111001008725
      vertex -32.84193605180854 -62.797092570102066 39.24639336202034
      vertex -32.84193605180854 -64.12857169291529 39.67901715414527
    endloop
  endfacet
  facet normal -3.007140460239658e-14 -0.9510565162951522 0.3090169943749518
    outer loop
      vertex -32.994176986785966 -64.36508306104838 38.95111001008725
      vertex -32.84193605180854 -64.12857169291529 39.67901715414527
      vertex -32.994176986785966 -63.89206032478218 40.40692429820331
    endloop
  endfacet
  facet normal 0.9807852804032298 -0.06028622494106569 -0.18554192201956185
    outer loop
      vertex -32.994176986785966 -64.36508306104838 38.95111001008725
      vertex -32.994176986785966 -63.03360393823516 38.51848621796232
      vertex -32.84193605180854 -62.797092570102066 39.24639336202034
    endloop
  endfacet
  facet normal 0.9807852804032304 0.06028622494106466 0.18554192201955869
    outer loop
      vertex -32.84193605180854 -64.12857169291529 39.67901715414527
      vertex -32.84193605180854 -62.797092570102066 39.24639336202034
      vertex -32.994176986785966 -62.56058120196897 39.97430050607838
    endloop
  endfacet
  facet normal -0.9807852804032305 0.06028622494106432 0.18554192201955763
    outer loop
      vertex -36.84193605180854 -64.12857169291529 39.67901715414527
      vertex -36.68969511683111 -63.89206032478218 40.40692429820331
      vertex -36.84193605180854 -62.797092570102066 39.24639336202034
    endloop
  endfacet
  facet normal -0.9807852804032303 0.06028622494106524 0.18554192201955846
    outer loop
      vertex -36.68969511683111 -63.89206032478218 40.40692429820331
      vertex -36.68969511683111 -62.56058120196897 39.97430050607838
      vertex -36.84193605180854 -62.797092570102066 39.24639336202034
    endloop
  endfacet
  facet normal -1.1937460607947612e-14 -0.9510565162951542 0.3090169943749453
    outer loop
      vertex -36.25614961418163 -64.5655877173641 38.33402013021737
      vertex -36.25614961418163 -63.691555668466464 41.02401417807319
      vertex -36.68969511683111 -63.89206032478218 40.40692429820331
    endloop
  endfacet
  facet normal 8.295562523465855e-15 -0.9510565162951531 0.3090169943749489
    outer loop
      vertex -36.25614961418163 -63.691555668466464 41.02401417807319
      vertex -35.60730291653872 -64.69956064551762 37.92169385481212
      vertex -35.60730291653872 -63.55758274031294 41.43634045347844
    endloop
  endfacet
  facet normal -0.8314696123025411 0.1716806435719104 0.528378690372915
    outer loop
      vertex -36.68969511683111 -63.89206032478218 40.40692429820331
      vertex -36.25614961418163 -63.691555668466464 41.02401417807319
      vertex -36.68969511683111 -62.56058120196897 39.97430050607838
    endloop
  endfacet
  facet normal -0.555570233019612 0.2569382405078361 0.7907745928817336
    outer loop
      vertex -36.25614961418163 -63.691555668466464 41.02401417807319
      vertex -35.60730291653872 -63.55758274031294 41.43634045347844
      vertex -35.60730291653872 -62.22610361749973 41.00371666135351
    endloop
  endfacet
  facet normal -0.8314696123025428 0.17168064357190796 0.5283786903729131
    outer loop
      vertex -36.25614961418163 -63.691555668466464 41.02401417807319
      vertex -36.25614961418163 -62.36007654565324 40.59139038594826
      vertex -36.68969511683111 -62.56058120196897 39.97430050607838
    endloop
  endfacet
  facet normal -0.5555702330196082 0.2569382405078344 0.7907745928817369
    outer loop
      vertex -36.25614961418163 -63.691555668466464 41.02401417807319
      vertex -35.60730291653872 -62.22610361749973 41.00371666135351
      vertex -36.25614961418163 -62.36007654565324 40.59139038594826
    endloop
  endfacet
  facet normal -3.314368694026825e-15 -0.9510565162951535 0.30901699437494773
    outer loop
      vertex -34.84193605180854 -64.74660568166517 37.77690412155498
      vertex -34.84193605180854 -63.51053770416539 41.58113018673558
      vertex -35.60730291653872 -63.55758274031294 41.43634045347844
    endloop
  endfacet
  facet normal 3.356569003786321e-15 -0.951056516295153 0.3090169943749489
    outer loop
      vertex -34.076569187078356 -64.69956064551762 37.92169385481212
      vertex -34.076569187078356 -63.55758274031294 41.43634045347844
      vertex -34.84193605180854 -63.51053770416539 41.58113018673558
    endloop
  endfacet
  facet normal 0.19509032201611778 0.30307931947740013 0.9327822320138627
    outer loop
      vertex -34.076569187078356 -62.22610361749973 41.00371666135351
      vertex -34.84193605180854 -63.51053770416539 41.58113018673558
      vertex -34.076569187078356 -63.55758274031294 41.43634045347844
    endloop
  endfacet
  facet normal -0.19509032201611778 0.30307931947740013 0.9327822320138627
    outer loop
      vertex -35.60730291653872 -62.22610361749973 41.00371666135351
      vertex -35.60730291653872 -63.55758274031294 41.43634045347844
      vertex -34.84193605180854 -62.17905858135218 41.14850639461065
    endloop
  endfacet
  facet normal 0.19509032201611778 0.30307931947740013 0.9327822320138627
    outer loop
      vertex -34.84193605180854 -62.17905858135218 41.14850639461065
      vertex -34.84193605180854 -63.51053770416539 41.58113018673558
      vertex -34.076569187078356 -62.22610361749973 41.00371666135351
    endloop
  endfacet
  facet normal 2.2078239466038803e-14 -0.9510565162951521 0.3090169943749518
    outer loop
      vertex -32.994176986785966 -64.36508306104838 38.95111001008725
      vertex -32.994176986785966 -63.89206032478218 40.40692429820331
      vertex -33.427722489435446 -63.691555668466464 41.02401417807319
    endloop
  endfacet
  facet normal -1.0833736419286242e-14 -0.9510565162951542 0.3090169943749453
    outer loop
      vertex -33.427722489435446 -64.5655877173641 38.33402013021737
      vertex -33.427722489435446 -63.691555668466464 41.02401417807319
      vertex -34.076569187078356 -63.55758274031294 41.43634045347844
    endloop
  endfacet
  facet normal 0.9807852804032307 0.060286224941064906 0.18554192201955744
    outer loop
      vertex -32.84193605180854 -64.12857169291529 39.67901715414527
      vertex -32.994176986785966 -62.56058120196897 39.97430050607838
      vertex -32.994176986785966 -63.89206032478218 40.40692429820331
    endloop
  endfacet
  facet normal 0.831469612302541 0.17168064357190874 0.5283786903729154
    outer loop
      vertex -33.427722489435446 -63.691555668466464 41.02401417807319
      vertex -32.994176986785966 -63.89206032478218 40.40692429820331
      vertex -33.427722489435446 -62.36007654565324 40.59139038594826
    endloop
  endfacet
  facet normal 0.555570233019612 0.2569382405078336 0.7907745928817344
    outer loop
      vertex -33.427722489435446 -63.691555668466464 41.02401417807319
      vertex -33.427722489435446 -62.36007654565324 40.59139038594826
      vertex -34.076569187078356 -63.55758274031294 41.43634045347844
    endloop
  endfacet
  facet normal 0.8314696123025457 0.17168064357191104 0.5283786903729074
    outer loop
      vertex -32.994176986785966 -63.89206032478218 40.40692429820331
      vertex -33.064671784757785 -62.52797900646006 40.0746397464719
      vertex -33.427722489435446 -62.36007654565324 40.59139038594826
    endloop
  endfacet
  facet normal 0.8314696123025279 0.17168064357191648 0.5283786903729336
    outer loop
      vertex -32.994176986785966 -63.89206032478218 40.40692429820331
      vertex -32.994176986785966 -62.56058120196897 39.97430050607838
      vertex -33.064671784757785 -62.52797900646006 40.0746397464719
    endloop
  endfacet
  facet normal 0.5555702330196081 0.25693824050783687 0.790774592881736
    outer loop
      vertex -34.076569187078356 -62.22610361749973 41.00371666135351
      vertex -34.076569187078356 -63.55758274031294 41.43634045347844
      vertex -33.427722489435446 -62.36007654565324 40.59139038594826
    endloop
  endfacet
  facet normal -0.19509032201611778 0.30307931947740013 0.9327822320138627
    outer loop
      vertex -34.84193605180854 -62.17905858135218 41.14850639461065
      vertex -35.60730291653872 -63.55758274031294 41.43634045347844
      vertex -34.84193605180854 -63.51053770416539 41.58113018673558
    endloop
  endfacet
  facet normal -0.19509032201614065 -0.30307931947739875 -0.9327822320138581
    outer loop
      vertex -0.7653668647301796 -64.97718314482427 32.53676449064689
      vertex 0 -65.02422818097183 32.39197475738973
      vertex 0 -66.35570730378504 32.82459854951466
    endloop
  endfacet
  facet normal -0.19509032201613521 -0.30307931947739614 -0.9327822320138601
    outer loop
      vertex -0.7653668647301796 -66.30866226763749 32.96938828277182
      vertex -0.7653668647301796 -64.97718314482427 32.53676449064689
      vertex 0 -66.35570730378504 32.82459854951466
    endloop
  endfacet
  facet normal -0.5555702330196044 -0.2569382405078351 -0.790774592881739
    outer loop
      vertex -0.7653668647301796 -66.30866226763749 32.96938828277182
      vertex -1.4142135623730951 -64.84321021667076 32.94909076605214
      vertex -0.7653668647301796 -64.97718314482427 32.53676449064689
    endloop
  endfacet
  facet normal -0.9807852804032301 -0.06028622494106517 -0.18554192201956027
    outer loop
      vertex -1.8477590650225735 -64.64270556035503 33.56618064592202
      vertex -1.8477590650225735 -65.97418468316825 33.998804438046946
      vertex -2 -65.73767331503515 34.72671158210497
    endloop
  endfacet
  facet normal 2.990773627887016e-14 -0.9510565162951521 0.3090169943749518
    outer loop
      vertex -1.8477590650225735 -65.97418468316825 33.998804438046946
      vertex -1.8477590650225735 -65.50116194690204 35.454618726163005
      vertex -2 -65.73767331503515 34.72671158210497
    endloop
  endfacet
  facet normal -0.9807852804032301 -0.060286224941065183 -0.18554192201956024
    outer loop
      vertex -1.8477590650225735 -64.64270556035503 33.56618064592202
      vertex -2 -65.73767331503515 34.72671158210497
      vertex -2 -64.40619419222193 34.29408778998004
    endloop
  endfacet
  facet normal -0.831469612302542 -0.17168064357190996 -0.5283786903729136
    outer loop
      vertex -1.4142135623730951 -66.17468933948396 33.381714558177066
      vertex -1.8477590650225735 -65.97418468316825 33.998804438046946
      vertex -1.4142135623730951 -64.84321021667076 32.94909076605214
    endloop
  endfacet
  facet normal -0.5555702330196084 -0.2569382405078368 -0.7907745928817359
    outer loop
      vertex -1.4142135623730951 -66.17468933948396 33.381714558177066
      vertex -1.4142135623730951 -64.84321021667076 32.94909076605214
      vertex -0.7653668647301796 -66.30866226763749 32.96938828277182
    endloop
  endfacet
  facet normal 2.2116678916130397e-14 -0.9510565162951522 0.3090169943749518
    outer loop
      vertex -1.4142135623730951 -66.17468933948396 33.381714558177066
      vertex -1.8477590650225735 -65.50116194690204 35.454618726163005
      vertex -1.8477590650225735 -65.97418468316825 33.998804438046946
    endloop
  endfacet
  facet normal -1.0852925497853137e-14 -0.9510565162951542 0.30901699437494534
    outer loop
      vertex -1.4142135623730951 -66.17468933948396 33.381714558177066
      vertex -0.7653668647301796 -66.30866226763749 32.96938828277182
      vertex -1.4142135623730951 -65.30065729058633 36.071708606032885
    endloop
  endfacet
  facet normal 9.22376192316725e-15 -0.9510565162951531 0.30901699437494895
    outer loop
      vertex -0.7653668647301796 -66.30866226763749 32.96938828277182
      vertex 0 -66.35570730378504 32.82459854951466
      vertex -0.7653668647301796 -65.1666843624328 36.484034881438134
    endloop
  endfacet
  facet normal -0.8314696123025438 -0.17168064357190752 -0.5283786903729117
    outer loop
      vertex -1.8477590650225735 -64.64270556035503 33.56618064592202
      vertex -1.4142135623730951 -64.84321021667076 32.94909076605214
      vertex -1.8477590650225735 -65.97418468316825 33.998804438046946
    endloop
  endfacet
  facet normal -0.980785280403231 0.06028622494106381 0.18554192201955608
    outer loop
      vertex -2 -65.73767331503515 34.72671158210497
      vertex -1.8477590650225735 -65.50116194690204 35.454618726163005
      vertex -2 -64.40619419222193 34.29408778998004
    endloop
  endfacet
  facet normal -0.9807852804032309 0.06028622494106474 0.18554192201955694
    outer loop
      vertex -2 -64.40619419222193 34.29408778998004
      vertex -1.8477590650225735 -65.50116194690204 35.454618726163005
      vertex -1.8477590650225735 -64.16968282408884 35.02199493403808
    endloop
  endfacet
  facet normal -1.1937460607947657e-14 -0.9510565162951543 0.3090169943749454
    outer loop
      vertex -1.4142135623730951 -66.17468933948396 33.381714558177066
      vertex -1.4142135623730951 -65.30065729058633 36.071708606032885
      vertex -1.8477590650225735 -65.50116194690204 35.454618726163005
    endloop
  endfacet
  facet normal 8.2381479204845e-15 -0.951056516295153 0.3090169943749489
    outer loop
      vertex -0.7653668647301796 -66.30866226763749 32.96938828277182
      vertex -0.7653668647301796 -65.1666843624328 36.484034881438134
      vertex -1.4142135623730951 -65.30065729058633 36.071708606032885
    endloop
  endfacet
  facet normal -3.007477496262542e-15 -0.9510565162951539 0.3090169943749466
    outer loop
      vertex -0.7653668647301796 -65.1666843624328 36.484034881438134
      vertex 0 -66.35570730378504 32.82459854951466
      vertex 0 -65.11963932628525 36.628824614695276
    endloop
  endfacet
  facet normal -0.831469612302542 0.17168064357190996 0.5283786903729136
    outer loop
      vertex -1.8477590650225735 -65.50116194690204 35.454618726163005
      vertex -1.4142135623730951 -65.30065729058633 36.071708606032885
      vertex -1.8477590650225735 -64.16968282408884 35.02199493403808
    endloop
  endfacet
  facet normal -0.8314696123025438 0.17168064357190757 0.5283786903729119
    outer loop
      vertex -1.4142135623730951 -65.30065729058633 36.071708606032885
      vertex -1.4142135623730951 -63.96917816777311 35.63908481390796
      vertex -1.8477590650225735 -64.16968282408884 35.02199493403808
    endloop
  endfacet
  facet normal -0.5555702330196044 0.2569382405078351 0.790774592881739
    outer loop
      vertex -1.4142135623730951 -65.30065729058633 36.071708606032885
      vertex -0.7653668647301796 -63.8352052396196 36.051411089313206
      vertex -1.4142135623730951 -63.96917816777311 35.63908481390796
    endloop
  endfacet
  facet normal -0.5555702330196084 0.2569382405078368 0.7907745928817359
    outer loop
      vertex -1.4142135623730951 -65.30065729058633 36.071708606032885
      vertex -0.7653668647301796 -65.1666843624328 36.484034881438134
      vertex -0.7653668647301796 -63.8352052396196 36.051411089313206
    endloop
  endfacet
  facet normal -0.19509032201611856 0.30307931947740013 0.9327822320138623
    outer loop
      vertex -0.7653668647301796 -63.8352052396196 36.051411089313206
      vertex -0.7653668647301796 -65.1666843624328 36.484034881438134
      vertex 0 -63.788160203472046 36.19620082257035
    endloop
  endfacet
  facet normal -0.19509032201611856 0.30307931947740013 0.9327822320138623
    outer loop
      vertex -0.7653668647301796 -65.1666843624328 36.484034881438134
      vertex 0 -65.11963932628525 36.628824614695276
      vertex 0 -63.788160203472046 36.19620082257035
    endloop
  endfacet
  facet normal 0.19509032201614063 -0.30307931947739586 -0.9327822320138592
    outer loop
      vertex 0.7653668647301796 -66.30866226763749 32.96938828277182
      vertex 0 -65.02422818097183 32.39197475738973
      vertex 0.7653668647301796 -64.97718314482427 32.53676449064689
    endloop
  endfacet
  facet normal 0.19509032201613524 -0.30307931947739913 -0.9327822320138593
    outer loop
      vertex 0 -66.35570730378504 32.82459854951466
      vertex 0 -65.02422818097183 32.39197475738973
      vertex 0.7653668647301796 -66.30866226763749 32.96938828277182
    endloop
  endfacet
  facet normal 0.5555702330196083 -0.2569382405078343 -0.7907745928817366
    outer loop
      vertex 0.7653668647301796 -66.30866226763749 32.96938828277182
      vertex 0.7653668647301796 -64.97718314482427 32.53676449064689
      vertex 1.4142135623730951 -66.17468933948396 33.381714558177066
    endloop
  endfacet
  facet normal 0.5555702330196045 -0.2569382405078376 -0.7907745928817382
    outer loop
      vertex 1.4142135623730951 -66.17468933948396 33.381714558177066
      vertex 0.7653668647301796 -64.97718314482427 32.53676449064689
      vertex 1.4142135623730951 -64.84321021667076 32.94909076605214
    endloop
  endfacet
  facet normal 0.831469612302542 -0.17168064357190832 -0.5283786903729142
    outer loop
      vertex 1.4142135623730951 -66.17468933948396 33.381714558177066
      vertex 1.8477590650225735 -64.64270556035503 33.56618064592202
      vertex 1.8477590650225735 -65.97418468316825 33.998804438046946
    endloop
  endfacet
  facet normal -8.745123806310193e-15 -0.9510565162951539 0.3090169943749466
    outer loop
      vertex 0 -66.35570730378504 32.82459854951466
      vertex 0.7653668647301796 -66.30866226763749 32.96938828277182
      vertex 0 -65.11963932628525 36.628824614695276
    endloop
  endfacet
  facet normal 8.292913123072335e-15 -0.951056516295153 0.3090169943749489
    outer loop
      vertex 0.7653668647301796 -66.30866226763749 32.96938828277182
      vertex 1.4142135623730951 -66.17468933948396 33.381714558177066
      vertex 0.7653668647301796 -65.1666843624328 36.484034881438134
    endloop
  endfacet
  facet normal -1.2003556541331062e-14 -0.9510565162951543 0.3090169943749454
    outer loop
      vertex 1.4142135623730951 -66.17468933948396 33.381714558177066
      vertex 1.8477590650225735 -65.97418468316825 33.998804438046946
      vertex 1.4142135623730951 -65.30065729058633 36.071708606032885
    endloop
  endfacet
  facet normal 0.8314696123025438 -0.1716806435719092 -0.5283786903729113
    outer loop
      vertex 1.4142135623730951 -66.17468933948396 33.381714558177066
      vertex 1.4142135623730951 -64.84321021667076 32.94909076605214
      vertex 1.8477590650225735 -64.64270556035503 33.56618064592202
    endloop
  endfacet
  facet normal -3.007140460239684e-14 -0.9510565162951521 0.3090169943749518
    outer loop
      vertex 1.8477590650225735 -65.97418468316825 33.998804438046946
      vertex 2 -65.73767331503515 34.72671158210497
      vertex 1.8477590650225735 -65.50116194690204 35.454618726163005
    endloop
  endfacet
  facet normal 0.9807852804032301 -0.06028622494106517 -0.18554192201956027
    outer loop
      vertex 1.8477590650225735 -64.64270556035503 33.56618064592202
      vertex 2 -64.40619419222193 34.29408778998004
      vertex 1.8477590650225735 -65.97418468316825 33.998804438046946
    endloop
  endfacet
  facet normal 0.9807852804032301 -0.06028622494106517 -0.18554192201956027
    outer loop
      vertex 1.8477590650225735 -65.97418468316825 33.998804438046946
      vertex 2 -64.40619419222193 34.29408778998004
      vertex 2 -65.73767331503515 34.72671158210497
    endloop
  endfacet
  facet normal 0.9807852804032309 0.060286224941064157 0.18554192201955713
    outer loop
      vertex 2 -65.73767331503515 34.72671158210497
      vertex 2 -64.40619419222193 34.29408778998004
      vertex 1.8477590650225735 -64.16968282408884 35.02199493403808
    endloop
  endfacet
  facet normal 3.3565690037863353e-15 -0.9510565162951531 0.30901699437494895
    outer loop
      vertex 0.7653668647301796 -66.30866226763749 32.96938828277182
      vertex 0.7653668647301796 -65.1666843624328 36.484034881438134
      vertex 0 -65.11963932628525 36.628824614695276
    endloop
  endfacet
  facet normal -1.083373641928614e-14 -0.9510565162951542 0.30901699437494534
    outer loop
      vertex 1.4142135623730951 -66.17468933948396 33.381714558177066
      vertex 1.4142135623730951 -65.30065729058633 36.071708606032885
      vertex 0.7653668647301796 -65.1666843624328 36.484034881438134
    endloop
  endfacet
  facet normal 2.2116678916130397e-14 -0.9510565162951522 0.3090169943749518
    outer loop
      vertex 1.4142135623730951 -65.30065729058633 36.071708606032885
      vertex 1.8477590650225735 -65.97418468316825 33.998804438046946
      vertex 1.8477590650225735 -65.50116194690204 35.454618726163005
    endloop
  endfacet
  facet normal 0.8314696123025438 0.1716806435719092 0.5283786903729113
    outer loop
      vertex 1.8477590650225735 -65.50116194690204 35.454618726163005
      vertex 1.8477590650225735 -64.16968282408884 35.02199493403808
      vertex 1.4142135623730951 -63.96917816777311 35.63908481390796
    endloop
  endfacet
  facet normal 0.19509032201611856 0.30307931947740013 0.9327822320138623
    outer loop
      vertex 0.7653668647301796 -63.8352052396196 36.051411089313206
      vertex 0 -63.788160203472046 36.19620082257035
      vertex 0 -65.11963932628525 36.628824614695276
    endloop
  endfacet
  facet normal 0.19509032201611856 0.30307931947740013 0.9327822320138623
    outer loop
      vertex 0.7653668647301796 -63.8352052396196 36.051411089313206
      vertex 0 -65.11963932628525 36.628824614695276
      vertex 0.7653668647301796 -65.1666843624328 36.484034881438134
    endloop
  endfacet
  facet normal 0.8314696123025419 0.1716806435719083 0.5283786903729141
    outer loop
      vertex 1.4142135623730951 -65.30065729058633 36.071708606032885
      vertex 1.8477590650225735 -65.50116194690204 35.454618726163005
      vertex 1.4142135623730951 -63.96917816777311 35.63908481390796
    endloop
  endfacet
  facet normal 0.5555702330196083 0.2569382405078343 0.7907745928817366
    outer loop
      vertex 1.4142135623730951 -65.30065729058633 36.071708606032885
      vertex 1.4142135623730951 -63.96917816777311 35.63908481390796
      vertex 0.7653668647301796 -65.1666843624328 36.484034881438134
    endloop
  endfacet
  facet normal 0.5555702330196045 0.2569382405078376 0.7907745928817382
    outer loop
      vertex 0.7653668647301796 -63.8352052396196 36.051411089313206
      vertex 0.7653668647301796 -65.1666843624328 36.484034881438134
      vertex 1.4142135623730951 -63.96917816777311 35.63908481390796
    endloop
  endfacet
  facet normal 0.980785280403231 0.0602862249410644 0.1855419220195559
    outer loop
      vertex 2 -65.73767331503515 34.72671158210497
      vertex 1.8477590650225735 -64.16968282408884 35.02199493403808
      vertex 1.8477590650225735 -65.50116194690204 35.454618726163005
    endloop
  endfacet
  facet normal -0.19509032201611778 -0.30307931947739725 -0.9327822320138637
    outer loop
      vertex 34.076569187078356 -64.69956064551762 37.92169385481212
      vertex 34.076569187078356 -63.3680815227044 37.48907006268719
      vertex 34.84193605180854 -64.74660568166517 37.77690412155498
    endloop
  endfacet
  facet normal 0.19509032201611778 -0.30307931947740013 -0.9327822320138627
    outer loop
      vertex 34.84193605180854 -64.74660568166517 37.77690412155498
      vertex 34.84193605180854 -63.415126558851966 37.34428032943005
      vertex 35.60730291653872 -64.69956064551762 37.92169385481212
    endloop
  endfacet
  facet normal 2.2116678916130315e-14 -0.9510565162951521 0.3090169943749518
    outer loop
      vertex 33.427722489435446 -64.5655877173641 38.33402013021737
      vertex 32.994176986785966 -63.89206032478218 40.40692429820331
      vertex 32.994176986785966 -64.36508306104838 38.95111001008725
    endloop
  endfacet
  facet normal -1.0852925497853239e-14 -0.9510565162951542 0.3090169943749453
    outer loop
      vertex 33.427722489435446 -64.5655877173641 38.33402013021737
      vertex 34.076569187078356 -64.69956064551762 37.92169385481212
      vertex 33.427722489435446 -63.691555668466464 41.02401417807319
    endloop
  endfacet
  facet normal 3.4929244489714587e-15 -0.951056516295153 0.3090169943749489
    outer loop
      vertex 34.076569187078356 -64.69956064551762 37.92169385481212
      vertex 34.84193605180854 -64.74660568166517 37.77690412155498
      vertex 34.076569187078356 -63.55758274031294 41.43634045347844
    endloop
  endfacet
  facet normal -3.224657096242018e-15 -0.9510565162951535 0.30901699437494773
    outer loop
      vertex 34.84193605180854 -64.74660568166517 37.77690412155498
      vertex 35.60730291653872 -64.69956064551762 37.92169385481212
      vertex 34.84193605180854 -63.51053770416539 41.58113018673558
    endloop
  endfacet
  facet normal -0.555570233019612 -0.2569382405078361 -0.7907745928817336
    outer loop
      vertex 33.427722489435446 -64.5655877173641 38.33402013021737
      vertex 33.427722489435446 -63.23410859455089 37.90139633809244
      vertex 34.076569187078356 -64.69956064551762 37.92169385481212
    endloop
  endfacet
  facet normal -0.5555702330196082 -0.2569382405078344 -0.7907745928817369
    outer loop
      vertex 34.076569187078356 -64.69956064551762 37.92169385481212
      vertex 33.427722489435446 -63.23410859455089 37.90139633809244
      vertex 34.076569187078356 -63.3680815227044 37.48907006268719
    endloop
  endfacet
  facet normal -0.19509032201612322 -0.30307931947739986 -0.9327822320138617
    outer loop
      vertex 34.84193605180854 -64.74660568166517 37.77690412155498
      vertex 34.076569187078356 -63.3680815227044 37.48907006268719
      vertex 34.84193605180854 -63.415126558851966 37.34428032943005
    endloop
  endfacet
  facet normal 0.1950903220161232 -0.30307931947739686 -0.9327822320138626
    outer loop
      vertex 35.60730291653872 -64.69956064551762 37.92169385481212
      vertex 34.84193605180854 -63.415126558851966 37.34428032943005
      vertex 35.60730291653872 -63.3680815227044 37.48907006268719
    endloop
  endfacet
  facet normal -0.8314696123025411 -0.1716806435719104 -0.528378690372915
    outer loop
      vertex 33.427722489435446 -64.5655877173641 38.33402013021737
      vertex 32.994176986785966 -64.36508306104838 38.95111001008725
      vertex 33.427722489435446 -63.23410859455089 37.90139633809244
    endloop
  endfacet
  facet normal -0.8314696123025428 -0.17168064357190796 -0.5283786903729131
    outer loop
      vertex 32.994176986785966 -64.36508306104838 38.95111001008725
      vertex 32.994176986785966 -63.03360393823516 38.51848621796232
      vertex 33.427722489435446 -63.23410859455089 37.90139633809244
    endloop
  endfacet
  facet normal -0.9807852804032298 -0.06028622494106568 -0.1855419220195618
    outer loop
      vertex 32.994176986785966 -64.36508306104838 38.95111001008725
      vertex 32.84193605180854 -64.12857169291529 39.67901715414527
      vertex 32.994176986785966 -63.03360393823516 38.51848621796232
    endloop
  endfacet
  facet normal 2.99077362788699e-14 -0.9510565162951522 0.3090169943749518
    outer loop
      vertex 32.994176986785966 -64.36508306104838 38.95111001008725
      vertex 32.994176986785966 -63.89206032478218 40.40692429820331
      vertex 32.84193605180854 -64.12857169291529 39.67901715414527
    endloop
  endfacet
  facet normal -0.9807852804032298 -0.06028622494106568 -0.1855419220195618
    outer loop
      vertex 32.994176986785966 -63.03360393823516 38.51848621796232
      vertex 32.84193605180854 -64.12857169291529 39.67901715414527
      vertex 32.84193605180854 -62.797092570102066 39.24639336202034
    endloop
  endfacet
  facet normal 0.555570233019612 -0.2569382405078336 -0.7907745928817344
    outer loop
      vertex 35.60730291653872 -64.69956064551762 37.92169385481212
      vertex 35.60730291653872 -63.3680815227044 37.48907006268719
      vertex 36.25614961418163 -64.5655877173641 38.33402013021737
    endloop
  endfacet
  facet normal 8.292913123072414e-15 -0.9510565162951531 0.3090169943749489
    outer loop
      vertex 35.60730291653872 -64.69956064551762 37.92169385481212
      vertex 36.25614961418163 -64.5655877173641 38.33402013021737
      vertex 35.60730291653872 -63.55758274031294 41.43634045347844
    endloop
  endfacet
  facet normal -1.2003556541331016e-14 -0.9510565162951542 0.3090169943749453
    outer loop
      vertex 36.25614961418163 -64.5655877173641 38.33402013021737
      vertex 36.68969511683111 -64.36508306104838 38.95111001008725
      vertex 36.25614961418163 -63.691555668466464 41.02401417807319
    endloop
  endfacet
  facet normal 0.5555702330196081 -0.25693824050783687 -0.790774592881736
    outer loop
      vertex 35.60730291653872 -63.3680815227044 37.48907006268719
      vertex 36.25614961418163 -63.23410859455089 37.90139633809244
      vertex 36.25614961418163 -64.5655877173641 38.33402013021737
    endloop
  endfacet
  facet normal 0.8314696123025411 -0.17168064357190876 -0.5283786903729154
    outer loop
      vertex 36.25614961418163 -64.5655877173641 38.33402013021737
      vertex 36.68969511683111 -63.03360393823516 38.51848621796232
      vertex 36.68969511683111 -64.36508306104838 38.95111001008725
    endloop
  endfacet
  facet normal 0.8314696123025428 -0.1716806435719096 -0.5283786903729124
    outer loop
      vertex 36.25614961418163 -64.5655877173641 38.33402013021737
      vertex 36.25614961418163 -63.23410859455089 37.90139633809244
      vertex 36.68969511683111 -63.03360393823516 38.51848621796232
    endloop
  endfacet
  facet normal 0.9807852804032298 -0.06028622494106568 -0.1855419220195618
    outer loop
      vertex 36.68969511683111 -64.36508306104838 38.95111001008725
      vertex 36.84193605180854 -62.797092570102066 39.24639336202034
      vertex 36.84193605180854 -64.12857169291529 39.67901715414527
    endloop
  endfacet
  facet normal -3.007140460239658e-14 -0.9510565162951522 0.3090169943749518
    outer loop
      vertex 36.68969511683111 -64.36508306104838 38.95111001008725
      vertex 36.84193605180854 -64.12857169291529 39.67901715414527
      vertex 36.68969511683111 -63.89206032478218 40.40692429820331
    endloop
  endfacet
  facet normal 0.9807852804032298 -0.06028622494106569 -0.18554192201956185
    outer loop
      vertex 36.68969511683111 -64.36508306104838 38.95111001008725
      vertex 36.68969511683111 -63.03360393823516 38.51848621796232
      vertex 36.84193605180854 -62.797092570102066 39.24639336202034
    endloop
  endfacet
  facet normal 0.9807852804032304 0.06028622494106466 0.18554192201955869
    outer loop
      vertex 36.84193605180854 -64.12857169291529 39.67901715414527
      vertex 36.84193605180854 -62.797092570102066 39.24639336202034
      vertex 36.68969511683111 -62.56058120196897 39.97430050607838
    endloop
  endfacet
  facet normal -0.9807852804032305 0.06028622494106432 0.18554192201955763
    outer loop
      vertex 32.84193605180854 -64.12857169291529 39.67901715414527
      vertex 32.994176986785966 -63.89206032478218 40.40692429820331
      vertex 32.84193605180854 -62.797092570102066 39.24639336202034
    endloop
  endfacet
  facet normal -0.9807852804032303 0.06028622494106524 0.18554192201955846
    outer loop
      vertex 32.994176986785966 -63.89206032478218 40.40692429820331
      vertex 32.994176986785966 -62.56058120196897 39.97430050607838
      vertex 32.84193605180854 -62.797092570102066 39.24639336202034
    endloop
  endfacet
  facet normal -1.1937460607947612e-14 -0.9510565162951542 0.3090169943749453
    outer loop
      vertex 33.427722489435446 -64.5655877173641 38.33402013021737
      vertex 33.427722489435446 -63.691555668466464 41.02401417807319
      vertex 32.994176986785966 -63.89206032478218 40.40692429820331
    endloop
  endfacet
  facet normal 8.238147920484577e-15 -0.9510565162951531 0.3090169943749489
    outer loop
      vertex 34.076569187078356 -64.69956064551762 37.92169385481212
      vertex 34.076569187078356 -63.55758274031294 41.43634045347844
      vertex 33.427722489435446 -63.691555668466464 41.02401417807319
    endloop
  endfacet
  facet normal -0.8314696123025411 0.1716806435719104 0.528378690372915
    outer loop
      vertex 32.994176986785966 -63.89206032478218 40.40692429820331
      vertex 33.427722489435446 -63.691555668466464 41.02401417807319
      vertex 32.994176986785966 -62.56058120196897 39.97430050607838
    endloop
  endfacet
  facet normal -0.555570233019612 0.2569382405078361 0.7907745928817336
    outer loop
      vertex 33.427722489435446 -63.691555668466464 41.02401417807319
      vertex 34.076569187078356 -63.55758274031294 41.43634045347844
      vertex 34.076569187078356 -62.22610361749973 41.00371666135351
    endloop
  endfacet
  facet normal -0.8314696123025428 0.17168064357190796 0.5283786903729131
    outer loop
      vertex 33.427722489435446 -63.691555668466464 41.02401417807319
      vertex 33.427722489435446 -62.36007654565324 40.59139038594826
      vertex 32.994176986785966 -62.56058120196897 39.97430050607838
    endloop
  endfacet
  facet normal -0.5555702330196082 0.2569382405078344 0.7907745928817369
    outer loop
      vertex 33.427722489435446 -63.691555668466464 41.02401417807319
      vertex 34.076569187078356 -62.22610361749973 41.00371666135351
      vertex 33.427722489435446 -62.36007654565324 40.59139038594826
    endloop
  endfacet
  facet normal -3.314368694026825e-15 -0.9510565162951535 0.30901699437494773
    outer loop
      vertex 34.84193605180854 -64.74660568166517 37.77690412155498
      vertex 34.84193605180854 -63.51053770416539 41.58113018673558
      vertex 34.076569187078356 -63.55758274031294 41.43634045347844
    endloop
  endfacet
  facet normal 3.356569003786321e-15 -0.951056516295153 0.3090169943749489
    outer loop
      vertex 35.60730291653872 -64.69956064551762 37.92169385481212
      vertex 35.60730291653872 -63.55758274031294 41.43634045347844
      vertex 34.84193605180854 -63.51053770416539 41.58113018673558
    endloop
  endfacet
  facet normal 0.19509032201611778 0.30307931947740013 0.9327822320138627
    outer loop
      vertex 35.60730291653872 -62.22610361749973 41.00371666135351
      vertex 34.84193605180854 -63.51053770416539 41.58113018673558
      vertex 35.60730291653872 -63.55758274031294 41.43634045347844
    endloop
  endfacet
  facet normal -0.19509032201611778 0.30307931947740013 0.9327822320138627
    outer loop
      vertex 34.076569187078356 -62.22610361749973 41.00371666135351
      vertex 34.076569187078356 -63.55758274031294 41.43634045347844
      vertex 34.84193605180854 -62.17905858135218 41.14850639461065
    endloop
  endfacet
  facet normal 0.19509032201611778 0.30307931947740013 0.9327822320138627
    outer loop
      vertex 34.84193605180854 -62.17905858135218 41.14850639461065
      vertex 34.84193605180854 -63.51053770416539 41.58113018673558
      vertex 35.60730291653872 -62.22610361749973 41.00371666135351
    endloop
  endfacet
  facet normal -0.19509032201611778 0.30307931947740013 0.9327822320138627
    outer loop
      vertex 34.84193605180854 -62.17905858135218 41.14850639461065
      vertex 34.076569187078356 -63.55758274031294 41.43634045347844
      vertex 34.84193605180854 -63.51053770416539 41.58113018673558
    endloop
  endfacet
  facet normal 2.2078239466038803e-14 -0.9510565162951521 0.3090169943749518
    outer loop
      vertex 36.68969511683111 -64.36508306104838 38.95111001008725
      vertex 36.68969511683111 -63.89206032478218 40.40692429820331
      vertex 36.25614961418163 -63.691555668466464 41.02401417807319
    endloop
  endfacet
  facet normal -1.0838674765976956e-14 -0.9510565162951542 0.3090169943749453
    outer loop
      vertex 35.60730291653872 -63.55758274031294 41.43634045347844
      vertex 36.25614961418163 -64.5655877173641 38.33402013021737
      vertex 36.25614961418163 -63.691555668466464 41.02401417807319
    endloop
  endfacet
  facet normal 0.9807852804032307 0.060286224941064906 0.18554192201955744
    outer loop
      vertex 36.84193605180854 -64.12857169291529 39.67901715414527
      vertex 36.68969511683111 -62.56058120196897 39.97430050607838
      vertex 36.68969511683111 -63.89206032478218 40.40692429820331
    endloop
  endfacet
  facet normal 0.831469612302541 0.17168064357190874 0.5283786903729154
    outer loop
      vertex 36.25614961418163 -63.691555668466464 41.02401417807319
      vertex 36.68969511683111 -63.89206032478218 40.40692429820331
      vertex 36.25614961418163 -62.36007654565324 40.59139038594826
    endloop
  endfacet
  facet normal 0.555570233019612 0.2569382405078336 0.7907745928817344
    outer loop
      vertex 35.60730291653872 -63.55758274031294 41.43634045347844
      vertex 36.25614961418163 -63.691555668466464 41.02401417807319
      vertex 36.25614961418163 -62.36007654565324 40.59139038594826
    endloop
  endfacet
  facet normal 0.8314696123025428 0.1716806435719096 0.5283786903729124
    outer loop
      vertex 36.68969511683111 -63.89206032478218 40.40692429820331
      vertex 36.68969511683111 -62.56058120196897 39.97430050607838
      vertex 36.25614961418163 -62.36007654565324 40.59139038594826
    endloop
  endfacet
  facet normal 0.5555702330196081 0.25693824050783687 0.790774592881736
    outer loop
      vertex 35.60730291653872 -62.22610361749973 41.00371666135351
      vertex 35.60730291653872 -63.55758274031294 41.43634045347844
      vertex 36.25614961418163 -62.36007654565324 40.59139038594826
    endloop
  endfacet
  facet normal -0.19509032201613716 -0.30307931947739897 -0.932782232013859
    outer loop
      vertex 65.87365144187872 -60.01287595527563 52.34582616990119
      vertex 65.87365144187872 -58.681396832462426 51.91320237777626
      vertex 66.6390183066089 -60.05992099142319 52.20103643664403
    endloop
  endfacet
  facet normal 0.19509032201613719 -0.3030793194773976 -0.9327822320138596
    outer loop
      vertex 66.6390183066089 -60.05992099142319 52.20103643664403
      vertex 66.6390183066089 -58.72844186860998 51.7684126445191
      vertex 67.40438517133909 -60.01287595527563 52.34582616990119
    endloop
  endfacet
  facet normal 0.5555702330195961 -0.25693824050783937 -0.7907745928817437
    outer loop
      vertex 67.40438517133909 -60.01287595527563 52.34582616990119
      vertex 67.40438517133909 -58.681396832462426 51.91320237777626
      vertex 68.053231868982 -59.87890302712212 52.75815244530642
    endloop
  endfacet
  facet normal -0.8314696123025428 -0.17168064357190793 -0.528378690372913
    outer loop
      vertex 65.22480474423581 -59.87890302712212 52.75815244530642
      vertex 64.79125924158633 -59.67839837080639 53.3752423251763
      vertex 65.22480474423581 -58.5474239043089 52.32552865318149
    endloop
  endfacet
  facet normal -0.831469612302541 -0.1716806435719104 -0.528378690372915
    outer loop
      vertex 64.79125924158633 -59.67839837080639 53.3752423251763
      vertex 64.79125924158633 -58.346919247993185 52.94261853305137
      vertex 65.22480474423581 -58.5474239043089 52.32552865318149
    endloop
  endfacet
  facet normal -0.5555702330195961 -0.25693824050783687 -0.7907745928817445
    outer loop
      vertex 65.87365144187872 -60.01287595527563 52.34582616990119
      vertex 65.22480474423581 -59.87890302712212 52.75815244530642
      vertex 65.22480474423581 -58.5474239043089 52.32552865318149
    endloop
  endfacet
  facet normal -0.5555702330196 -0.25693824050783853 -0.7907745928817411
    outer loop
      vertex 65.87365144187872 -60.01287595527563 52.34582616990119
      vertex 65.22480474423581 -58.5474239043089 52.32552865318149
      vertex 65.87365144187872 -58.681396832462426 51.91320237777626
    endloop
  endfacet
  facet normal -0.19509032201613447 -0.3030793194773977 -0.9327822320138599
    outer loop
      vertex 66.6390183066089 -60.05992099142319 52.20103643664403
      vertex 65.87365144187872 -58.681396832462426 51.91320237777626
      vertex 66.6390183066089 -58.72844186860998 51.7684126445191
    endloop
  endfacet
  facet normal 0.1950903220161344 -0.30307931947739913 -0.9327822320138596
    outer loop
      vertex 67.40438517133909 -60.01287595527563 52.34582616990119
      vertex 66.6390183066089 -58.72844186860998 51.7684126445191
      vertex 67.40438517133909 -58.681396832462426 51.91320237777626
    endloop
  endfacet
  facet normal 0.5555702330196 -0.2569382405078361 -0.790774592881742
    outer loop
      vertex 67.40438517133909 -58.681396832462426 51.91320237777626
      vertex 68.053231868982 -58.5474239043089 52.32552865318149
      vertex 68.053231868982 -59.87890302712212 52.75815244530642
    endloop
  endfacet
  facet normal 0.8314696123025411 -0.17168064357190876 -0.5283786903729155
    outer loop
      vertex 68.053231868982 -59.87890302712212 52.75815244530642
      vertex 68.053231868982 -58.5474239043089 52.32552865318149
      vertex 68.48677737163148 -58.346919247993185 52.94261853305137
    endloop
  endfacet
  facet normal -1.9958373948119304e-14 -0.9510565162951544 0.3090169943749448
    outer loop
      vertex 65.22480474423581 -59.87890302712212 52.75815244530642
      vertex 64.79125924158633 -59.2053756345402 54.831056613292375
      vertex 64.79125924158633 -59.67839837080639 53.3752423251763
    endloop
  endfacet
  facet normal 5.372631309464373e-15 -0.9510565162951533 0.30901699437494834
    outer loop
      vertex 65.87365144187872 -60.01287595527563 52.34582616990119
      vertex 65.22480474423581 -59.004870978224474 55.448146493162255
      vertex 65.22480474423581 -59.87890302712212 52.75815244530642
    endloop
  endfacet
  facet normal -3.317180301812959e-16 -0.9510565162951542 0.3090169943749455
    outer loop
      vertex 65.87365144187872 -60.01287595527563 52.34582616990119
      vertex 66.6390183066089 -60.05992099142319 52.20103643664403
      vertex 65.87365144187872 -58.87089805007096 55.860472768567504
    endloop
  endfacet
  facet normal -2.5125738140879473e-16 -0.9510565162951533 0.30901699437494823
    outer loop
      vertex 66.6390183066089 -60.05992099142319 52.20103643664403
      vertex 67.40438517133909 -60.01287595527563 52.34582616990119
      vertex 66.6390183066089 -58.8238530139234 56.005262501824646
    endloop
  endfacet
  facet normal -3.3229041612885736e-15 -0.9510565162951542 0.3090169943749454
    outer loop
      vertex 67.40438517133909 -60.01287595527563 52.34582616990119
      vertex 68.053231868982 -59.87890302712212 52.75815244530642
      vertex 67.40438517133909 -58.87089805007096 55.860472768567504
    endloop
  endfacet
  facet normal -0.9807852804032303 -0.060286224941065225 -0.18554192201955844
    outer loop
      vertex 64.79125924158633 -59.67839837080639 53.3752423251763
      vertex 64.6390183066089 -59.4418870026733 54.10314946923434
      vertex 64.79125924158633 -58.346919247993185 52.94261853305137
    endloop
  endfacet
  facet normal -0.9807852804032304 -0.06028622494106479 -0.18554192201955808
    outer loop
      vertex 64.6390183066089 -59.4418870026733 54.10314946923434
      vertex 64.6390183066089 -58.110407879860084 53.67052567710941
      vertex 64.79125924158633 -58.346919247993185 52.94261853305137
    endloop
  endfacet
  facet normal 2.2266556766748352e-14 -0.9510565162951544 0.30901699437494484
    outer loop
      vertex 64.79125924158633 -59.67839837080639 53.3752423251763
      vertex 64.79125924158633 -59.2053756345402 54.831056613292375
      vertex 64.6390183066089 -59.4418870026733 54.10314946923434
    endloop
  endfacet
  facet normal -0.9807852804032304 0.06028622494106479 0.18554192201955808
    outer loop
      vertex 64.6390183066089 -59.4418870026733 54.10314946923434
      vertex 64.79125924158633 -59.2053756345402 54.831056613292375
      vertex 64.6390183066089 -58.110407879860084 53.67052567710941
    endloop
  endfacet
  facet normal -1.1446301668116185e-15 -0.9510565162951532 0.30901699437494834
    outer loop
      vertex 65.22480474423581 -59.87890302712212 52.75815244530642
      vertex 65.22480474423581 -59.004870978224474 55.448146493162255
      vertex 64.79125924158633 -59.2053756345402 54.831056613292375
    endloop
  endfacet
  facet normal -0.9807852804032304 0.06028622494106479 0.18554192201955808
    outer loop
      vertex 64.79125924158633 -59.2053756345402 54.831056613292375
      vertex 64.79125924158633 -57.87389651172698 54.39843282116745
      vertex 64.6390183066089 -58.110407879860084 53.67052567710941
    endloop
  endfacet
  facet normal -1.0147942920432207e-14 -0.9510565162951542 0.3090169943749454
    outer loop
      vertex 65.87365144187872 -60.01287595527563 52.34582616990119
      vertex 65.87365144187872 -58.87089805007096 55.860472768567504
      vertex 65.22480474423581 -59.004870978224474 55.448146493162255
    endloop
  endfacet
  facet normal -0.8314696123025419 0.17168064357190918 0.528378690372914
    outer loop
      vertex 64.79125924158633 -59.2053756345402 54.831056613292375
      vertex 65.22480474423581 -59.004870978224474 55.448146493162255
      vertex 64.79125924158633 -57.87389651172698 54.39843282116745
    endloop
  endfacet
  facet normal -0.5555702330196081 0.2569382405078344 0.7907745928817369
    outer loop
      vertex 65.22480474423581 -59.004870978224474 55.448146493162255
      vertex 65.87365144187872 -58.87089805007096 55.860472768567504
      vertex 65.87365144187872 -57.53941892725774 55.427848976442576
    endloop
  endfacet
  facet normal -0.8314696123025419 0.17168064357190918 0.528378690372914
    outer loop
      vertex 65.22480474423581 -59.004870978224474 55.448146493162255
      vertex 65.22480474423581 -57.67339185541126 55.01552270103733
      vertex 64.79125924158633 -57.87389651172698 54.39843282116745
    endloop
  endfacet
  facet normal -0.5555702330196101 0.25693824050783526 0.7907745928817352
    outer loop
      vertex 65.22480474423581 -59.004870978224474 55.448146493162255
      vertex 65.87365144187872 -57.53941892725774 55.427848976442576
      vertex 65.22480474423581 -57.67339185541126 55.01552270103733
    endloop
  endfacet
  facet normal -0.19509032201611778 0.30307931947739725 0.9327822320138637
    outer loop
      vertex 65.87365144187872 -58.87089805007096 55.860472768567504
      vertex 66.6390183066089 -57.49237389111019 55.57263870969972
      vertex 65.87365144187872 -57.53941892725774 55.427848976442576
    endloop
  endfacet
  facet normal 1.4397915769754145e-14 -0.9510565162951533 0.30901699437494823
    outer loop
      vertex 66.6390183066089 -60.05992099142319 52.20103643664403
      vertex 66.6390183066089 -58.8238530139234 56.005262501824646
      vertex 65.87365144187872 -58.87089805007096 55.860472768567504
    endloop
  endfacet
  facet normal -1.5029521837130217e-14 -0.9510565162951542 0.3090169943749455
    outer loop
      vertex 67.40438517133909 -60.01287595527563 52.34582616990119
      vertex 67.40438517133909 -58.87089805007096 55.860472768567504
      vertex 66.6390183066089 -58.8238530139234 56.005262501824646
    endloop
  endfacet
  facet normal 1.214961878885097e-14 -0.9510565162951533 0.30901699437494834
    outer loop
      vertex 67.40438517133909 -58.87089805007096 55.860472768567504
      vertex 68.053231868982 -59.87890302712212 52.75815244530642
      vertex 68.053231868982 -59.004870978224474 55.448146493162255
    endloop
  endfacet
  facet normal -0.1950903220161232 0.30307931947739986 0.9327822320138617
    outer loop
      vertex 65.87365144187872 -58.87089805007096 55.860472768567504
      vertex 66.6390183066089 -58.8238530139234 56.005262501824646
      vertex 66.6390183066089 -57.49237389111019 55.57263870969972
    endloop
  endfacet
  facet normal 0.1950903220161232 0.30307931947739686 0.9327822320138626
    outer loop
      vertex 66.6390183066089 -58.8238530139234 56.005262501824646
      vertex 67.40438517133909 -58.87089805007096 55.860472768567504
      vertex 67.40438517133909 -57.53941892725774 55.427848976442576
    endloop
  endfacet
  facet normal 0.5555702330196082 0.25693824050783565 0.7907745928817365
    outer loop
      vertex 67.40438517133909 -58.87089805007096 55.860472768567504
      vertex 68.053231868982 -59.004870978224474 55.448146493162255
      vertex 68.053231868982 -57.67339185541126 55.01552270103733
    endloop
  endfacet
  facet normal 0.5555702330196101 0.256938240507834 0.7907745928817356
    outer loop
      vertex 67.40438517133909 -58.87089805007096 55.860472768567504
      vertex 68.053231868982 -57.67339185541126 55.01552270103733
      vertex 67.40438517133909 -57.53941892725774 55.427848976442576
    endloop
  endfacet
  facet normal 0.19509032201611778 0.30307931947740013 0.9327822320138627
    outer loop
      vertex 66.6390183066089 -58.8238530139234 56.005262501824646
      vertex 67.40438517133909 -57.53941892725774 55.427848976442576
      vertex 66.6390183066089 -57.49237389111019 55.57263870969972
    endloop
  endfacet
  facet normal 1.4341516858150065e-14 -0.9510565162951532 0.30901699437494834
    outer loop
      vertex 68.053231868982 -59.87890302712212 52.75815244530642
      vertex 68.48677737163148 -59.67839837080639 53.3752423251763
      vertex 68.053231868982 -59.004870978224474 55.448146493162255
    endloop
  endfacet
  facet normal 0.8314696123025428 -0.1716806435719096 -0.5283786903729124
    outer loop
      vertex 68.053231868982 -59.87890302712212 52.75815244530642
      vertex 68.48677737163148 -58.346919247993185 52.94261853305137
      vertex 68.48677737163148 -59.67839837080639 53.3752423251763
    endloop
  endfacet
  facet normal 0.9807852804032304 -0.06028622494106495 -0.18554192201955852
    outer loop
      vertex 68.48677737163148 -59.67839837080639 53.3752423251763
      vertex 68.6390183066089 -58.110407879860084 53.67052567710941
      vertex 68.6390183066089 -59.4418870026733 54.10314946923434
    endloop
  endfacet
  facet normal 0.9807852804032303 -0.060286224941065066 -0.18554192201955794
    outer loop
      vertex 68.48677737163148 -59.67839837080639 53.3752423251763
      vertex 68.48677737163148 -58.346919247993185 52.94261853305137
      vertex 68.6390183066089 -58.110407879860084 53.67052567710941
    endloop
  endfacet
  facet normal -2.2080394744015356e-14 -0.9510565162951544 0.30901699437494484
    outer loop
      vertex 68.48677737163148 -59.67839837080639 53.3752423251763
      vertex 68.6390183066089 -59.4418870026733 54.10314946923434
      vertex 68.48677737163148 -59.2053756345402 54.831056613292375
    endloop
  endfacet
  facet normal -4.373840810717187e-15 -0.9510565162951544 0.30901699437494484
    outer loop
      vertex 68.48677737163148 -59.67839837080639 53.3752423251763
      vertex 68.48677737163148 -59.2053756345402 54.831056613292375
      vertex 68.053231868982 -59.004870978224474 55.448146493162255
    endloop
  endfacet
  facet normal 0.9807852804032304 0.06028622494106479 0.18554192201955808
    outer loop
      vertex 68.6390183066089 -59.4418870026733 54.10314946923434
      vertex 68.6390183066089 -58.110407879860084 53.67052567710941
      vertex 68.48677737163148 -57.87389651172698 54.39843282116745
    endloop
  endfacet
  facet normal 0.9807852804032304 0.06028622494106479 0.18554192201955805
    outer loop
      vertex 68.6390183066089 -59.4418870026733 54.10314946923434
      vertex 68.48677737163148 -57.87389651172698 54.39843282116745
      vertex 68.48677737163148 -59.2053756345402 54.831056613292375
    endloop
  endfacet
  facet normal 0.8314696123025419 0.17168064357190918 0.528378690372914
    outer loop
      vertex 68.48677737163148 -59.2053756345402 54.831056613292375
      vertex 68.053231868982 -57.67339185541126 55.01552270103733
      vertex 68.053231868982 -59.004870978224474 55.448146493162255
    endloop
  endfacet
  facet normal 0.8314696123025419 0.17168064357190918 0.528378690372914
    outer loop
      vertex 68.48677737163148 -59.2053756345402 54.831056613292375
      vertex 68.48677737163148 -57.87389651172698 54.39843282116745
      vertex 68.053231868982 -57.67339185541126 55.01552270103733
    endloop
  endfacet
  facet normal -0.8314696123025411 -0.1716806435719104 -0.528378690372915
    outer loop
      vertex 91.19827066445413 -52.524206931286855 75.39357954038572
      vertex 90.76472516180465 -52.32370227497114 76.0106694202556
      vertex 91.19827066445413 -51.19272780847365 74.96095574826079
    endloop
  endfacet
  facet normal -0.8314696123025428 -0.17168064357190796 -0.5283786903729131
    outer loop
      vertex 90.76472516180465 -52.32370227497114 76.0106694202556
      vertex 90.76472516180465 -50.99222315215792 75.57804562813067
      vertex 91.19827066445413 -51.19272780847365 74.96095574826079
    endloop
  endfacet
  facet normal -0.9807852804032298 -0.060286224941065523 -0.18554192201956132
    outer loop
      vertex 90.76472516180465 -52.32370227497114 76.0106694202556
      vertex 90.61248422682722 -52.08719090683804 76.73857656431362
      vertex 90.76472516180465 -50.99222315215792 75.57804562813067
    endloop
  endfacet
  facet normal -0.19509032201613444 -0.3030793194773962 -0.9327822320138605
    outer loop
      vertex 91.84711736209704 -52.65817985944038 74.98125326498047
      vertex 91.84711736209704 -51.32670073662716 74.54862947285554
      vertex 92.61248422682722 -52.70522489558793 74.83646353172331
    endloop
  endfacet
  facet normal -0.555570233019612 -0.2569382405078361 -0.7907745928817336
    outer loop
      vertex 91.19827066445413 -52.524206931286855 75.39357954038572
      vertex 91.19827066445413 -51.19272780847365 74.96095574826079
      vertex 91.84711736209704 -52.65817985944038 74.98125326498047
    endloop
  endfacet
  facet normal -0.5555702330196082 -0.2569382405078344 -0.7907745928817369
    outer loop
      vertex 91.84711736209704 -52.65817985944038 74.98125326498047
      vertex 91.19827066445413 -51.19272780847365 74.96095574826079
      vertex 91.84711736209704 -51.32670073662716 74.54862947285554
    endloop
  endfacet
  facet normal 0.19509032201613444 -0.3030793194773977 -0.9327822320138599
    outer loop
      vertex 92.61248422682722 -52.70522489558793 74.83646353172331
      vertex 92.61248422682722 -51.37374577277472 74.40383973959838
      vertex 93.3778510915574 -52.65817985944038 74.98125326498047
    endloop
  endfacet
  facet normal -0.1950903220161372 -0.3030793194773976 -0.9327822320138596
    outer loop
      vertex 92.61248422682722 -52.70522489558793 74.83646353172331
      vertex 91.84711736209704 -51.32670073662716 74.54862947285554
      vertex 92.61248422682722 -51.37374577277472 74.40383973959838
    endloop
  endfacet
  facet normal 9.22376192316721e-15 -0.951056516295153 0.3090169943749489
    outer loop
      vertex 91.84711736209704 -52.65817985944038 74.98125326498047
      vertex 92.61248422682722 -52.70522489558793 74.83646353172331
      vertex 91.84711736209704 -51.5162019542357 78.49589986364678
    endloop
  endfacet
  facet normal 2.2116678916130315e-14 -0.9510565162951521 0.3090169943749518
    outer loop
      vertex 91.19827066445413 -52.524206931286855 75.39357954038572
      vertex 90.76472516180465 -51.85067953870494 77.46648370837165
      vertex 90.76472516180465 -52.32370227497114 76.0106694202556
    endloop
  endfacet
  facet normal -1.4398216875493502e-14 -0.9510565162951522 0.3090169943749518
    outer loop
      vertex 90.76472516180465 -52.32370227497114 76.0106694202556
      vertex 90.76472516180465 -51.85067953870494 77.46648370837165
      vertex 90.61248422682722 -52.08719090683804 76.73857656431362
    endloop
  endfacet
  facet normal -0.9807852804032297 -0.060286224941065975 -0.1855419220195617
    outer loop
      vertex 90.76472516180465 -50.99222315215792 75.57804562813067
      vertex 90.61248422682722 -52.08719090683804 76.73857656431362
      vertex 90.61248422682722 -50.755711784024825 76.30595277218869
    endloop
  endfacet
  facet normal -0.9807852804032304 0.06028622494106479 0.18554192201955808
    outer loop
      vertex 90.61248422682722 -52.08719090683804 76.73857656431362
      vertex 90.76472516180465 -51.85067953870494 77.46648370837165
      vertex 90.61248422682722 -50.755711784024825 76.30595277218869
    endloop
  endfacet
  facet normal -1.1937460607947612e-14 -0.9510565162951542 0.3090169943749453
    outer loop
      vertex 91.19827066445413 -52.524206931286855 75.39357954038572
      vertex 91.19827066445413 -51.65017488238922 78.08357358824153
      vertex 90.76472516180465 -51.85067953870494 77.46648370837165
    endloop
  endfacet
  facet normal -0.8314696123025411 0.1716806435719104 0.528378690372915
    outer loop
      vertex 90.76472516180465 -51.85067953870494 77.46648370837165
      vertex 91.19827066445413 -51.65017488238922 78.08357358824153
      vertex 90.76472516180465 -50.51920041589173 77.03385991624673
    endloop
  endfacet
  facet normal -0.9807852804032303 0.06028622494106524 0.18554192201955846
    outer loop
      vertex 90.76472516180465 -51.85067953870494 77.46648370837165
      vertex 90.76472516180465 -50.51920041589173 77.03385991624673
      vertex 90.61248422682722 -50.755711784024825 76.30595277218869
    endloop
  endfacet
  facet normal -0.8314696123025428 0.17168064357190796 0.5283786903729131
    outer loop
      vertex 91.19827066445413 -51.65017488238922 78.08357358824153
      vertex 91.19827066445413 -50.318695759576 77.6509497961166
      vertex 90.76472516180465 -50.51920041589173 77.03385991624673
    endloop
  endfacet
  facet normal -1.0852925497853239e-14 -0.9510565162951542 0.3090169943749453
    outer loop
      vertex 91.19827066445413 -52.524206931286855 75.39357954038572
      vertex 91.84711736209704 -52.65817985944038 74.98125326498047
      vertex 91.19827066445413 -51.65017488238922 78.08357358824153
    endloop
  endfacet
  facet normal -8.745123806310156e-15 -0.9510565162951539 0.3090169943749467
    outer loop
      vertex 92.61248422682722 -52.70522489558793 74.83646353172331
      vertex 93.3778510915574 -52.65817985944038 74.98125326498047
      vertex 92.61248422682722 -51.469156918088146 78.64068959690393
    endloop
  endfacet
  facet normal 8.238147920484577e-15 -0.9510565162951531 0.3090169943749489
    outer loop
      vertex 91.84711736209704 -52.65817985944038 74.98125326498047
      vertex 91.84711736209704 -51.5162019542357 78.49589986364678
      vertex 91.19827066445413 -51.65017488238922 78.08357358824153
    endloop
  endfacet
  facet normal -3.088923713369081e-15 -0.9510565162951539 0.3090169943749467
    outer loop
      vertex 92.61248422682722 -52.70522489558793 74.83646353172331
      vertex 92.61248422682722 -51.469156918088146 78.64068959690393
      vertex 91.84711736209704 -51.5162019542357 78.49589986364678
    endloop
  endfacet
  facet normal -0.5555702330196082 0.2569382405078344 0.7907745928817369
    outer loop
      vertex 91.19827066445413 -51.65017488238922 78.08357358824153
      vertex 91.84711736209704 -50.18472283142249 78.06327607152186
      vertex 91.19827066445413 -50.318695759576 77.6509497961166
    endloop
  endfacet
  facet normal -0.555570233019612 0.2569382405078361 0.7907745928817336
    outer loop
      vertex 91.19827066445413 -51.65017488238922 78.08357358824153
      vertex 91.84711736209704 -51.5162019542357 78.49589986364678
      vertex 91.84711736209704 -50.18472283142249 78.06327607152186
    endloop
  endfacet
  facet normal -0.19509032201612322 0.30307931947739986 0.9327822320138617
    outer loop
      vertex 91.84711736209704 -51.5162019542357 78.49589986364678
      vertex 92.61248422682722 -50.137677795274925 78.208065804779
      vertex 91.84711736209704 -50.18472283142249 78.06327607152186
    endloop
  endfacet
  facet normal -0.19509032201611778 0.30307931947739725 0.9327822320138637
    outer loop
      vertex 91.84711736209704 -51.5162019542357 78.49589986364678
      vertex 92.61248422682722 -51.469156918088146 78.64068959690393
      vertex 92.61248422682722 -50.137677795274925 78.208065804779
    endloop
  endfacet
  facet normal 0.19509032201612322 0.3030793194773969 0.9327822320138627
    outer loop
      vertex 92.61248422682722 -50.137677795274925 78.208065804779
      vertex 92.61248422682722 -51.469156918088146 78.64068959690393
      vertex 93.3778510915574 -50.18472283142249 78.06327607152186
    endloop
  endfacet
  facet normal 0.555570233019612 -0.2569382405078336 -0.7907745928817344
    outer loop
      vertex 93.3778510915574 -52.65817985944038 74.98125326498047
      vertex 93.3778510915574 -51.32670073662716 74.54862947285554
      vertex 94.02669778920031 -52.524206931286855 75.39357954038572
    endloop
  endfacet
  facet normal 0.19509032201613713 -0.303079319477396 -0.9327822320138599
    outer loop
      vertex 92.61248422682722 -51.37374577277472 74.40383973959838
      vertex 93.3778510915574 -51.32670073662716 74.54862947285554
      vertex 93.3778510915574 -52.65817985944038 74.98125326498047
    endloop
  endfacet
  facet normal 0.5555702330196081 -0.25693824050783687 -0.790774592881736
    outer loop
      vertex 94.02669778920031 -52.524206931286855 75.39357954038572
      vertex 93.3778510915574 -51.32670073662716 74.54862947285554
      vertex 94.02669778920031 -51.19272780847365 74.96095574826079
    endloop
  endfacet
  facet normal 0.8314696123025411 -0.17168064357190876 -0.5283786903729154
    outer loop
      vertex 94.02669778920031 -52.524206931286855 75.39357954038572
      vertex 94.46024329184979 -50.99222315215792 75.57804562813067
      vertex 94.46024329184979 -52.32370227497114 76.0106694202556
    endloop
  endfacet
  facet normal 0.8314696123025428 -0.1716806435719096 -0.5283786903729124
    outer loop
      vertex 94.02669778920031 -52.524206931286855 75.39357954038572
      vertex 94.02669778920031 -51.19272780847365 74.96095574826079
      vertex 94.46024329184979 -50.99222315215792 75.57804562813067
    endloop
  endfacet
  facet normal 0.9807852804032298 -0.06028622494106569 -0.18554192201956185
    outer loop
      vertex 94.46024329184979 -52.32370227497114 76.0106694202556
      vertex 94.46024329184979 -50.99222315215792 75.57804562813067
      vertex 94.61248422682722 -50.755711784024825 76.30595277218869
    endloop
  endfacet
  facet normal 8.292913123072414e-15 -0.9510565162951531 0.3090169943749489
    outer loop
      vertex 93.3778510915574 -52.65817985944038 74.98125326498047
      vertex 94.02669778920031 -52.524206931286855 75.39357954038572
      vertex 93.3778510915574 -51.5162019542357 78.49589986364678
    endloop
  endfacet
  facet normal -1.2003556541331016e-14 -0.9510565162951542 0.3090169943749453
    outer loop
      vertex 94.02669778920031 -52.524206931286855 75.39357954038572
      vertex 94.46024329184979 -52.32370227497114 76.0106694202556
      vertex 94.02669778920031 -51.65017488238922 78.08357358824153
    endloop
  endfacet
  facet normal 1.431654526476765e-14 -0.9510565162951522 0.3090169943749518
    outer loop
      vertex 94.46024329184979 -52.32370227497114 76.0106694202556
      vertex 94.61248422682722 -52.08719090683804 76.73857656431362
      vertex 94.46024329184979 -51.85067953870494 77.46648370837165
    endloop
  endfacet
  facet normal 0.9807852804032298 -0.0602862249410658 -0.18554192201956116
    outer loop
      vertex 94.46024329184979 -52.32370227497114 76.0106694202556
      vertex 94.61248422682722 -50.755711784024825 76.30595277218869
      vertex 94.61248422682722 -52.08719090683804 76.73857656431362
    endloop
  endfacet
  facet normal -1.0833736419286242e-14 -0.9510565162951542 0.3090169943749453
    outer loop
      vertex 94.02669778920031 -52.524206931286855 75.39357954038572
      vertex 94.02669778920031 -51.65017488238922 78.08357358824153
      vertex 93.3778510915574 -51.5162019542357 78.49589986364678
    endloop
  endfacet
  facet normal 3.356569003786321e-15 -0.951056516295153 0.3090169943749489
    outer loop
      vertex 93.3778510915574 -52.65817985944038 74.98125326498047
      vertex 93.3778510915574 -51.5162019542357 78.49589986364678
      vertex 92.61248422682722 -51.469156918088146 78.64068959690393
    endloop
  endfacet
  facet normal 2.2078239466038803e-14 -0.9510565162951521 0.3090169943749518
    outer loop
      vertex 94.46024329184979 -52.32370227497114 76.0106694202556
      vertex 94.46024329184979 -51.85067953870494 77.46648370837165
      vertex 94.02669778920031 -51.65017488238922 78.08357358824153
    endloop
  endfacet
  facet normal 0.9807852804032303 0.060286224941065066 0.1855419220195579
    outer loop
      vertex 94.61248422682722 -52.08719090683804 76.73857656431362
      vertex 94.46024329184979 -50.51920041589173 77.03385991624673
      vertex 94.46024329184979 -51.85067953870494 77.46648370837165
    endloop
  endfacet
  facet normal 0.8314696123025411 0.17168064357190876 0.5283786903729154
    outer loop
      vertex 94.46024329184979 -51.85067953870494 77.46648370837165
      vertex 94.02669778920031 -50.318695759576 77.6509497961166
      vertex 94.02669778920031 -51.65017488238922 78.08357358824153
    endloop
  endfacet
  facet normal 0.9807852804032304 0.06028622494106495 0.18554192201955855
    outer loop
      vertex 94.61248422682722 -52.08719090683804 76.73857656431362
      vertex 94.61248422682722 -50.755711784024825 76.30595277218869
      vertex 94.46024329184979 -50.51920041589173 77.03385991624673
    endloop
  endfacet
  facet normal 0.8314696123025428 0.1716806435719096 0.5283786903729124
    outer loop
      vertex 94.46024329184979 -51.85067953870494 77.46648370837165
      vertex 94.46024329184979 -50.51920041589173 77.03385991624673
      vertex 94.02669778920031 -50.318695759576 77.6509497961166
    endloop
  endfacet
  facet normal 0.555570233019612 0.2569382405078336 0.7907745928817344
    outer loop
      vertex 94.02669778920031 -51.65017488238922 78.08357358824153
      vertex 94.02669778920031 -50.318695759576 77.6509497961166
      vertex 93.3778510915574 -51.5162019542357 78.49589986364678
    endloop
  endfacet
  facet normal 0.5555702330196081 0.25693824050783687 0.790774592881736
    outer loop
      vertex 93.3778510915574 -51.5162019542357 78.49589986364678
      vertex 94.02669778920031 -50.318695759576 77.6509497961166
      vertex 93.3778510915574 -50.18472283142249 78.06327607152186
    endloop
  endfacet
  facet normal 0.19509032201611778 0.30307931947740013 0.9327822320138627
    outer loop
      vertex 92.61248422682722 -51.469156918088146 78.64068959690393
      vertex 93.3778510915574 -51.5162019542357 78.49589986364678
      vertex 93.3778510915574 -50.18472283142249 78.06327607152186
    endloop
  endfacet
  facet normal -0.9205048534524413 0.12074255893448205 0.371607385869082
    outer loop
      vertex -65.13662653930584 -75 1.6897060593499091
      vertex -65.81876009813189 -75 0
      vertex -65.89077485405038 -75.54901877952688 0
    endloop
  endfacet
  facet normal 0 -0.9510565162951535 0.3090169943749474
    outer loop
      vertex -58.749667103892286 -70.35030363980037 16
      vertex -19.04256482039338 -70.35030363980037 16
      vertex -49.08120278010395 -63.311676914573994 37.662665596550994
    endloop
  endfacet
  facet normal -0.9205048534524404 0.12074255893448678 0.3716073858690828
    outer loop
      vertex -58.749667103892286 -70.35030363980037 16
      vertex -49.08120278010395 -48.094772653851535 32.718393686551835
      vertex -49.08120278010395 -23.36730323017754 24.683951832803203
    endloop
  endfacet
  facet normal 0 -0.9510565162951532 0.30901699437494823
    outer loop
      vertex -65.13662653930584 -75 1.6897060593499091
      vertex -65.89077485405038 -75.54901877952688 0
      vertex 65.13662653930584 -75 1.6897060593499091
    endloop
  endfacet
  facet normal 1.7994326171960026e-15 -0.9510565162951542 0.30901699437494534
    outer loop
      vertex -19.04256482039338 -70.35030363980037 16
      vertex 2.1891506060398847 -65.76073111210876 30.125251811148274
      vertex -3.8583235032466474 -66.18008629260342 28.834609275910722
    endloop
  endfacet
  facet normal -7.109773074076229e-16 -0.9510565162951532 0.30901699437494884
    outer loop
      vertex -19.04256482039338 -70.35030363980037 16
      vertex 3.87303320446565 -66.3272451134796 28.38170099554995
      vertex 2.1891506060398847 -65.76073111210876 30.125251811148274
    endloop
  endfacet
  facet normal -0.9205048534524404 0.12074255893448681 0.3716073858690828
    outer loop
      vertex -58.749667103892286 -70.35030363980037 16
      vertex -49.08120278010395 -63.311676914573994 37.662665596550994
      vertex -49.08120278010395 -48.094772653851535 32.718393686551835
    endloop
  endfacet
  facet normal 7.937916214518348e-16 -0.9510565162951531 0.3090169943749489
    outer loop
      vertex -43.63022795334541 -63.955352481007864 35.68163590245551
      vertex -47.398163653394136 -62.08642709411235 41.4335967979127
      vertex -49.08120278010395 -63.311676914573994 37.662665596550994
    endloop
  endfacet
  facet normal 1.739983902464041e-14 -0.95105651629515 0.3090169943749587
    outer loop
      vertex -43.63022795334541 -63.955352481007864 35.68163590245551
      vertex -43.48811984764063 -63.872604454231876 35.93630814219769
      vertex -47.398163653394136 -62.08642709411235 41.4335967979127
    endloop
  endfacet
  facet normal 4.574052467285356e-16 -0.9510565162951533 0.3090169943749482
    outer loop
      vertex -19.04256482039338 -70.35030363980037 16
      vertex -43.63022795334541 -63.955352481007864 35.68163590245551
      vertex -49.08120278010395 -63.311676914573994 37.662665596550994
    endloop
  endfacet
  facet normal -1.1468836204504535e-15 -0.9510565162951541 0.30901699437494595
    outer loop
      vertex -19.04256482039338 -70.35030363980037 16
      vertex -41.408822757076294 -63.792747601564486 36.182082262982775
      vertex -43.63022795334541 -63.955352481007864 35.68163590245551
    endloop
  endfacet
  facet normal 6.001485725610334e-16 -0.9510565162951535 0.3090169943749479
    outer loop
      vertex -19.04256482039338 -70.35030363980037 16
      vertex -36.25614961418163 -63.23410859455089 37.90139633809244
      vertex -41.408822757076294 -63.792747601564486 36.182082262982775
    endloop
  endfacet
  facet normal 2.4201164292030194e-14 -0.9510565162951484 0.30901699437496316
    outer loop
      vertex -19.04256482039338 -70.35030363980037 16
      vertex -35.60730291653872 -63.3680815227044 37.48907006268719
      vertex -36.25614961418163 -63.23410859455089 37.90139633809244
    endloop
  endfacet
  facet normal -1.5983265161881453e-14 -0.9510565162951573 0.3090169943749357
    outer loop
      vertex -19.04256482039338 -70.35030363980037 16
      vertex -34.84193605180854 -63.415126558851966 37.34428032943005
      vertex -35.60730291653872 -63.3680815227044 37.48907006268719
    endloop
  endfacet
  facet normal 1.2281468621016223e-14 -0.9510565162951508 0.309016994374956
    outer loop
      vertex -19.04256482039338 -70.35030363980037 16
      vertex -34.076569187078356 -63.3680815227044 37.48907006268719
      vertex -34.84193605180854 -63.415126558851966 37.34428032943005
    endloop
  endfacet
  facet normal -7.619872491995499e-15 -0.9510565162951552 0.3090169943749428
    outer loop
      vertex -19.04256482039338 -70.35030363980037 16
      vertex -33.427722489435446 -63.23410859455089 37.90139633809244
      vertex -34.076569187078356 -63.3680815227044 37.48907006268719
    endloop
  endfacet
  facet normal 1.233297663304842e-15 -0.951056516295154 0.30901699437494584
    outer loop
      vertex -41.408822757076294 -63.792747601564486 36.182082262982775
      vertex -36.25614961418163 -63.23410859455089 37.90139633809244
      vertex -40.63213947567259 -63.11353632522564 38.272479626434645
    endloop
  endfacet
  facet normal 2.4762041885641047e-15 -0.9510565162951498 0.3090169943749591
    outer loop
      vertex -40.63213947567259 -63.11353632522564 38.272479626434645
      vertex -36.25614961418163 -63.23410859455089 37.90139633809244
      vertex -36.68969511683111 -63.03360393823516 38.51848621796232
    endloop
  endfacet
  facet normal 3.3290608166574026e-15 -0.9510565162951539 0.30901699437494673
    outer loop
      vertex -40.63213947567259 -63.11353632522564 38.272479626434645
      vertex -36.68969511683111 -63.03360393823516 38.51848621796232
      vertex -36.84193605180854 -62.797092570102066 39.24639336202034
    endloop
  endfacet
  facet normal 5.351490778463306e-15 -0.9510565162951561 0.3090169943749397
    outer loop
      vertex -40.63213947567259 -63.11353632522564 38.272479626434645
      vertex -36.84193605180854 -62.797092570102066 39.24639336202034
      vertex -36.68969511683111 -62.56058120196897 39.97430050607838
    endloop
  endfacet
  facet normal 1.405844627649822e-14 -0.9510565162951549 0.30901699437494345
    outer loop
      vertex -32.994176986785966 -63.03360393823516 38.51848621796232
      vertex -32.19230149613341 -62.44994339757112 40.31480865526284
      vertex -32.84193605180854 -62.797092570102066 39.24639336202034
    endloop
  endfacet
  facet normal -7.963960129547147e-15 -0.9510565162951552 0.3090169943749421
    outer loop
      vertex -32.19230149613341 -62.44994339757112 40.31480865526284
      vertex -27.311153229235202 -64.13660817154633 35.12378824766594
      vertex -31.813118395894076 -62.03922871298565 41.5788584784877
    endloop
  endfacet
  facet normal -8.627437986750549e-16 -0.9510565162951538 0.309016994374947
    outer loop
      vertex -43.48811984764063 -63.872604454231876 35.93630814219769
      vertex -41.47068477259132 -59.936294141537644 48.051025588789926
      vertex -47.398163653394136 -62.08642709411235 41.4335967979127
    endloop
  endfacet
  facet normal 1.5690448059478805e-15 -0.9510565162951536 0.3090169943749476
    outer loop
      vertex -40.63213947567259 -63.11353632522564 38.272479626434645
      vertex -36.68969511683111 -62.56058120196897 39.97430050607838
      vertex -34.70814174578414 -60.68735151989149 45.73950865995626
    endloop
  endfacet
  facet normal 2.9230588999965896e-14 -0.9510565162951563 0.30901699437493885
    outer loop
      vertex -36.68969511683111 -62.56058120196897 39.97430050607838
      vertex -36.25614961418163 -62.36007654565324 40.59139038594826
      vertex -34.70814174578414 -60.68735151989149 45.73950865995626
    endloop
  endfacet
  facet normal 2.2277435615834725e-15 -0.9510565162951539 0.3090169943749465
    outer loop
      vertex -43.48811984764063 -63.872604454231876 35.93630814219769
      vertex -38.45452883015512 -60.29838592130052 46.936621679267205
      vertex -41.47068477259132 -59.936294141537644 48.051025588789926
    endloop
  endfacet
  facet normal 1.4277583114974536e-14 -0.9510565162951549 0.3090169943749433
    outer loop
      vertex -32.84193605180854 -62.797092570102066 39.24639336202034
      vertex -32.19230149613341 -62.44994339757112 40.31480865526284
      vertex -32.994176986785966 -62.56058120196897 39.97430050607838
    endloop
  endfacet
  facet normal -2.2581429913994703e-14 -0.9510565162951293 0.3090169943750218
    outer loop
      vertex -32.994176986785966 -62.56058120196897 39.97430050607838
      vertex -32.19230149613341 -62.44994339757112 40.31480865526284
      vertex -33.064671784757785 -62.52797900646006 40.0746397464719
    endloop
  endfacet
  facet normal 4.9541462791599895e-15 -0.9510565162951565 0.3090169943749381
    outer loop
      vertex -34.076569187078356 -62.22610361749973 41.00371666135351
      vertex -33.427722489435446 -62.36007654565324 40.59139038594826
      vertex -32.42032203973557 -62.08936062811516 41.424568308606524
    endloop
  endfacet
  facet normal 7.461825442864794e-16 -0.9510565162951552 0.3090169943749428
    outer loop
      vertex -33.427722489435446 -62.36007654565324 40.59139038594826
      vertex -33.064671784757785 -62.52797900646006 40.0746397464719
      vertex -32.42032203973557 -62.08936062811516 41.424568308606524
    endloop
  endfacet
  facet normal 1.1961561800085863e-15 -0.9510565162951533 0.3090169943749479
    outer loop
      vertex -31.813118395894076 -62.03922871298565 41.5788584784877
      vertex -27.311153229235202 -64.13660817154633 35.12378824766594
      vertex -27.775749477877177 -61.30598481921892 43.83555113906782
    endloop
  endfacet
  facet normal -1.3737555165289074e-14 -0.9510565162951524 0.3090169943749506
    outer loop
      vertex -36.25614961418163 -62.36007654565324 40.59139038594826
      vertex -35.60730291653872 -62.22610361749973 41.00371666135351
      vertex -34.70814174578414 -60.68735151989149 45.73950865995626
    endloop
  endfacet
  facet normal -3.4750723401448876e-15 -0.9510565162951531 0.30901699437494884
    outer loop
      vertex -35.60730291653872 -62.22610361749973 41.00371666135351
      vertex -34.84193605180854 -62.17905858135218 41.14850639461065
      vertex -34.70814174578414 -60.68735151989149 45.73950865995626
    endloop
  endfacet
  facet normal 3.4379478126404127e-15 -0.9510565162951531 0.3090169943749487
    outer loop
      vertex -34.84193605180854 -62.17905858135218 41.14850639461065
      vertex -34.076569187078356 -62.22610361749973 41.00371666135351
      vertex -34.70814174578414 -60.68735151989149 45.73950865995626
    endloop
  endfacet
  facet normal 2.0336799580586854e-15 -0.9510565162951532 0.3090169943749485
    outer loop
      vertex -34.076569187078356 -62.22610361749973 41.00371666135351
      vertex -32.42032203973557 -62.08936062811516 41.424568308606524
      vertex -34.70814174578414 -60.68735151989149 45.73950865995626
    endloop
  endfacet
  facet normal 1.5701434776363914e-15 -0.9510565162951533 0.3090169943749483
    outer loop
      vertex -32.42032203973557 -62.08936062811516 41.424568308606524
      vertex -31.674976987020056 -60.986343284618826 44.819306627903956
      vertex -34.70814174578414 -60.68735151989149 45.73950865995626
    endloop
  endfacet
  facet normal 0.3621251985288144 0.2880438458198702 0.8865078022644615
    outer loop
      vertex -41.47068477259132 -59.936294141537644 48.051025588789926
      vertex -38.45452883015512 -60.29838592130052 46.936621679267205
      vertex -41.47068477259132 -44.719389880815186 43.10675367879077
    endloop
  endfacet
  facet normal 0.3621251985288151 0.2880438458198703 0.8865078022644612
    outer loop
      vertex -38.45452883015512 -60.29838592130052 46.936621679267205
      vertex -38.45452883015512 -45.08148166057807 41.992349769268046
      vertex -41.47068477259132 -44.719389880815186 43.10675367879077
    endloop
  endfacet
  facet normal 0.30390515757425174 0.2944011984864784 0.9060737219064984
    outer loop
      vertex -34.70814174578414 -60.68735151989149 45.73950865995626
      vertex -31.674976987020056 -60.986343284618826 44.819306627903956
      vertex -34.70814174578414 -45.47044725916904 40.7952367499571
    endloop
  endfacet
  facet normal 0.3039051575742518 0.2944011984864784 0.9060737219064982
    outer loop
      vertex -31.674976987020056 -60.986343284618826 44.819306627903956
      vertex -31.674976987020056 -45.769439023896375 39.875034717904796
      vertex -34.70814174578414 -45.47044725916904 40.7952367499571
    endloop
  endfacet
  facet normal 1.2331875367315471e-12 -0.9510565162949858 0.3090169943754638
    outer loop
      vertex -19.04256482039338 -70.35030363980037 16
      vertex -26.439377819360693 -64.78855173651125 33.117312270606035
      vertex -27.311153229235202 -64.13660817154633 35.12378824766594
    endloop
  endfacet
  facet normal -3.1184172849297234e-16 -0.9510565162951533 0.3090169943749477
    outer loop
      vertex -19.04256482039338 -70.35030363980037 16
      vertex -19.16536685427161 -63.803355923750544 36.14943320443366
      vertex -26.439377819360693 -64.78855173651125 33.117312270606035
    endloop
  endfacet
  facet normal 7.544167920355339e-15 -0.9510565162951519 0.3090169943749528
    outer loop
      vertex -19.04256482039338 -70.35030363980037 16
      vertex -32.994176986785966 -63.03360393823516 38.51848621796232
      vertex -33.427722489435446 -63.23410859455089 37.90139633809244
    endloop
  endfacet
  facet normal -3.143578941023168e-15 -0.9510565162951539 0.3090169943749464
    outer loop
      vertex -19.04256482039338 -70.35030363980037 16
      vertex -27.311153229235202 -64.13660817154633 35.12378824766594
      vertex -32.19230149613341 -62.44994339757112 40.31480865526284
    endloop
  endfacet
  facet normal 1.3896055444730663e-15 -0.9510565162951532 0.30901699437494845
    outer loop
      vertex -19.04256482039338 -70.35030363980037 16
      vertex -32.19230149613341 -62.44994339757112 40.31480865526284
      vertex -32.994176986785966 -63.03360393823516 38.51848621796232
    endloop
  endfacet
  facet normal -4.7668075746036714e-14 -0.9510565162951535 0.3090169943749474
    outer loop
      vertex -19.04256482039338 -70.35030363980037 16
      vertex -19.061131770427686 -65.42742570896088 31.151060363268073
      vertex -19.16536685427161 -63.803355923750544 36.14943320443366
    endloop
  endfacet
  facet normal 1.409820522658167e-16 -0.9510565162951535 0.3090169943749475
    outer loop
      vertex -19.04256482039338 -70.35030363980037 16
      vertex -11.28678552369009 -63.33564366698192 37.588903517225546
      vertex -19.061131770427686 -65.42742570896088 31.151060363268073
    endloop
  endfacet
  facet normal -2.7796265940934123e-16 -0.9510565162951534 0.30901699437494756
    outer loop
      vertex -26.439377819360693 -64.78855173651125 33.117312270606035
      vertex -19.16536685427161 -63.803355923750544 36.14943320443366
      vertex -20.671151557215435 -61.78972421232726 42.34675437261514
    endloop
  endfacet
  facet normal 8.111038723473508e-16 -0.9510565162951538 0.3090169943749466
    outer loop
      vertex -19.061131770427686 -65.42742570896088 31.151060363268073
      vertex -11.28678552369009 -63.33564366698192 37.588903517225546
      vertex -13.33302522274964 -62.136638445097304 41.279062149607014
    endloop
  endfacet
  facet normal 1.7264354045063868e-15 -0.9510565162951538 0.3090169943749469
    outer loop
      vertex -19.04256482039338 -70.35030363980037 16
      vertex -11.52889370060434 -65.92858358471376 29.608655019537693
      vertex -11.28678552369009 -63.33564366698192 37.588903517225546
    endloop
  endfacet
  facet normal -2.3281348699566017e-15 -0.9510565162951532 0.30901699437494895
    outer loop
      vertex -19.04256482039338 -70.35030363980037 16
      vertex -3.689274402158617 -62.74061033950417 39.42022779327442
      vertex -11.52889370060434 -65.92858358471376 29.608655019537693
    endloop
  endfacet
  facet normal -5.133773152593376e-16 -0.9510565162951534 0.3090169943749479
    outer loop
      vertex -19.04256482039338 -70.35030363980037 16
      vertex -3.8583235032466474 -66.18008629260342 28.834609275910722
      vertex -3.689274402158617 -62.74061033950417 39.42022779327442
    endloop
  endfacet
  facet normal 8.33726647682269e-15 -0.951056516295155 0.309016994374943
    outer loop
      vertex -3.8583235032466474 -66.18008629260342 28.834609275910722
      vertex -0.7653668647301796 -64.97718314482427 32.53676449064689
      vertex -1.4142135623730951 -64.84321021667076 32.94909076605214
    endloop
  endfacet
  facet normal 1.2508667758476765e-15 -0.9510565162951534 0.3090169943749479
    outer loop
      vertex -3.8583235032466474 -66.18008629260342 28.834609275910722
      vertex 2.1891506060398847 -65.76073111210876 30.125251811148274
      vertex 0.7653668647301796 -64.97718314482427 32.53676449064689
    endloop
  endfacet
  facet normal -7.207372468001978e-15 -0.9510565162951512 0.30901699437495483
    outer loop
      vertex -3.8583235032466474 -66.18008629260342 28.834609275910722
      vertex 0 -65.02422818097183 32.39197475738973
      vertex -0.7653668647301796 -64.97718314482427 32.53676449064689
    endloop
  endfacet
  facet normal 1.0931063777807754e-14 -0.951056516295157 0.3090169943749372
    outer loop
      vertex -3.8583235032466474 -66.18008629260342 28.834609275910722
      vertex 0.7653668647301796 -64.97718314482427 32.53676449064689
      vertex 0 -65.02422818097183 32.39197475738973
    endloop
  endfacet
  facet normal -8.650876158342155e-15 -0.9510565162951521 0.3090169943749522
    outer loop
      vertex -3.8583235032466474 -66.18008629260342 28.834609275910722
      vertex -1.4142135623730951 -64.84321021667076 32.94909076605214
      vertex -1.8477590650225735 -64.64270556035503 33.56618064592202
    endloop
  endfacet
  facet normal 4.7047732889103326e-15 -0.9510565162951538 0.30901699437494695
    outer loop
      vertex -3.8583235032466474 -66.18008629260342 28.834609275910722
      vertex -1.8477590650225735 -64.64270556035503 33.56618064592202
      vertex -2 -64.40619419222193 34.29408778998004
    endloop
  endfacet
  facet normal 6.689866745981353e-14 -0.9510565162951597 0.30901699437492813
    outer loop
      vertex -3.8583235032466474 -66.18008629260342 28.834609275910722
      vertex -2 -64.40619419222193 34.29408778998004
      vertex -1.8477590650225735 -64.16968282408884 35.02199493403808
    endloop
  endfacet
  facet normal -1.7292113456402014e-15 -0.9510565162951533 0.30901699437494795
    outer loop
      vertex -3.8583235032466474 -66.18008629260342 28.834609275910722
      vertex -1.8477590650225735 -64.16968282408884 35.02199493403808
      vertex -3.4848270777174344 -62.44355264286972 40.334477375797476
    endloop
  endfacet
  facet normal 3.483076829270532e-15 -0.9510565162951545 0.3090169943749448
    outer loop
      vertex -11.52889370060434 -65.92858358471376 29.608655019537693
      vertex -3.689274402158617 -62.74061033950417 39.42022779327442
      vertex -5.343889795208395 -62.345342529179334 40.63673702588652
    endloop
  endfacet
  facet normal 9.865409657460372e-15 -0.9510565162951523 0.3090169943749512
    outer loop
      vertex -1.8477590650225735 -64.16968282408884 35.02199493403808
      vertex -1.4142135623730951 -63.96917816777311 35.63908481390796
      vertex -3.4848270777174344 -62.44355264286972 40.334477375797476
    endloop
  endfacet
  facet normal -8.877596378771052e-15 -0.9510565162951548 0.30901699437494373
    outer loop
      vertex -1.4142135623730951 -63.96917816777311 35.63908481390796
      vertex -0.7653668647301796 -63.8352052396196 36.051411089313206
      vertex -3.4848270777174344 -62.44355264286972 40.334477375797476
    endloop
  endfacet
  facet normal -3.100712381370821e-15 -0.9510565162951538 0.30901699437494706
    outer loop
      vertex -0.7653668647301796 -63.8352052396196 36.051411089313206
      vertex 0 -63.788160203472046 36.19620082257035
      vertex -3.4848270777174344 -62.44355264286972 40.334477375797476
    endloop
  endfacet
  facet normal -4.1893758453182935e-16 -0.9510565162951531 0.3090169943749491
    outer loop
      vertex -3.4848270777174344 -62.44355264286972 40.334477375797476
      vertex 0 -63.788160203472046 36.19620082257035
      vertex 3.449503010422995 -62.45718230279145 40.29252959583907
    endloop
  endfacet
  facet normal 0.06171855413789123 0.3084278821653726 0.9492434153461962
    outer loop
      vertex -5.343889795208395 -62.345342529179334 40.63673702588652
      vertex -3.5670310469932986 -62.37929565357915 40.532240053885516
      vertex -5.343889795208395 -47.128438268456875 35.69246511588736
    endloop
  endfacet
  facet normal 1.7736691903309538e-16 -0.9510565162951534 0.30901699437494784
    outer loop
      vertex -27.311153229235202 -64.13660817154633 35.12378824766594
      vertex -24.7687094285817 -61.54031897504491 43.114344765484304
      vertex -27.775749477877177 -61.30598481921892 43.83555113906782
    endloop
  endfacet
  facet normal -1.0346507669994197e-15 -0.9510565162951536 0.30901699437494745
    outer loop
      vertex -19.16536685427161 -63.803355923750544 36.14943320443366
      vertex -17.76327607925068 -61.958139182141 41.828426392605536
      vertex -20.671151557215435 -61.78972421232726 42.34675437261514
    endloop
  endfacet
  facet normal -9.0337203235015e-18 -0.951056516295154 0.3090169943749462
    outer loop
      vertex -11.28678552369009 -63.33564366698192 37.588903517225546
      vertex -10.686633432724093 -62.238163864100585 40.9665990389358
      vertex -13.33302522274964 -62.136638445097304 41.279062149607014
    endloop
  endfacet
  facet normal 7.13636330726906e-17 -0.9510565162951558 0.3090169943749406
    outer loop
      vertex -3.689274402158617 -62.74061033950417 39.42022779327442
      vertex -3.509624577333254 -62.433984619916544 40.363924722523805
      vertex -5.343889795208395 -62.345342529179334 40.63673702588652
    endloop
  endfacet
  facet normal 6.953638011944023e-15 -0.9510565162951422 0.30901699437498253
    outer loop
      vertex -5.343889795208395 -62.345342529179334 40.63673702588652
      vertex -3.509624577333254 -62.433984619916544 40.363924722523805
      vertex -3.5670310469932986 -62.37929565357915 40.532240053885516
    endloop
  endfacet
  facet normal 0.1842152741040176 0.30372845297731244 0.9347800594999822
    outer loop
      vertex -17.76327607925068 -61.958139182141 41.828426392605536
      vertex -17.76327607925068 -46.741234921418545 36.88415448260638
      vertex -20.671151557215435 -46.57281995160481 37.40248246261598
    endloop
  endfacet
  facet normal 0.1842152741040177 0.30372845297731227 0.9347800594999822
    outer loop
      vertex -20.671151557215435 -46.57281995160481 37.40248246261598
      vertex -17.76327607925068 -46.741234921418545 36.88415448260638
      vertex -17.76327607925068 -22.01376549774455 28.849712628857745
    endloop
  endfacet
  facet normal 0.18421527410400754 0.303728452977314 0.9347800594999837
    outer loop
      vertex -20.671151557215435 -46.57281995160481 37.40248246261598
      vertex -17.76327607925068 -22.01376549774455 28.849712628857745
      vertex -24.164680911171473 -46.37048575774116 38.02520308007776
    endloop
  endfacet
  facet normal 0.18421527410397426 0.30372845297731477 0.93478005949999
    outer loop
      vertex -17.326599988406127 -46.76652582235816 36.80631709314419
      vertex -17.326599988406127 -22.039056398684167 28.771875239395555
      vertex -17.76327607925068 -46.741234921418545 36.88415448260638
    endloop
  endfacet
  facet normal 0.1232017868891745 0.3066627917121131 0.9438110255165743
    outer loop
      vertex -10.686633432724093 -62.238163864100585 40.9665990389358
      vertex -13.33302522274964 -46.919734184374846 36.334790239607855
      vertex -13.33302522274964 -62.136638445097304 41.279062149607014
    endloop
  endfacet
  facet normal 0.12320178688917448 0.3066627917121131 0.9438110255165743
    outer loop
      vertex -10.686633432724093 -62.238163864100585 40.9665990389358
      vertex -10.686633432724093 -47.02125960337813 36.02232712893664
      vertex -13.33302522274964 -46.919734184374846 36.334790239607855
    endloop
  endfacet
  facet normal 0.061718554137891325 0.3084278821653726 0.9492434153461962
    outer loop
      vertex -3.5670310469932986 -62.37929565357915 40.532240053885516
      vertex -3.5670310469932986 -47.16239139285669 35.58796814388636
      vertex -5.343889795208395 -47.128438268456875 35.69246511588736
    endloop
  endfacet
  facet normal 0.06171855413789124 0.3084278821653726 0.9492434153461963
    outer loop
      vertex -5.343889795208395 -47.128438268456875 35.69246511588736
      vertex -3.5670310469932986 -47.16239139285669 35.58796814388636
      vertex -5.343889795208395 -22.40096884478288 27.658023262138727
    endloop
  endfacet
  facet normal 0.06171855413782084 0.30842788216537387 0.9492434153462003
    outer loop
      vertex -3.5670310469932986 -47.16239139285669 35.58796814388636
      vertex -3.478573036757028 -47.16408169369166 35.58276593283374
      vertex -3.478573036757028 -22.436612270017662 27.548324079085106
    endloop
  endfacet
  facet normal 0.123201786889177 0.3066627917121127 0.943811025516574
    outer loop
      vertex -17.326599988406127 -46.76652582235816 36.80631709314419
      vertex -13.33302522274964 -46.919734184374846 36.334790239607855
      vertex -10.686633432724093 -22.293790179704132 27.987885275188006
    endloop
  endfacet
  facet normal 0.12320178688917449 0.306662791712113 0.9438110255165743
    outer loop
      vertex -10.686633432724093 -47.02125960337813 36.02232712893664
      vertex -10.686633432724093 -22.293790179704132 27.987885275188006
      vertex -13.33302522274964 -46.919734184374846 36.334790239607855
    endloop
  endfacet
  facet normal 0.12320178688917147 0.30666279171211314 0.9438110255165746
    outer loop
      vertex -10.686633432724093 -47.02125960337813 36.02232712893664
      vertex -10.422455957207323 -47.03139443261776 35.991135331833746
      vertex -10.422455957207323 -22.303925008943764 27.956693478085114
    endloop
  endfacet
  facet normal 0.06171855413789207 0.3084278821653726 0.9492434153461963
    outer loop
      vertex -10.422455957207323 -47.03139443261776 35.991135331833746
      vertex -5.343889795208395 -47.128438268456875 35.69246511588736
      vertex -5.343889795208395 -22.40096884478288 27.658023262138727
    endloop
  endfacet
  facet normal 0.2445263826850489 0.29963605404969923 0.9221849506929133
    outer loop
      vertex -27.775749477877177 -61.30598481921892 43.83555113906782
      vertex -24.7687094285817 -61.54031897504491 43.114344765484304
      vertex -27.775749477877177 -46.08908055849647 38.89127922906866
    endloop
  endfacet
  facet normal 0.24452638268504884 0.29963605404969923 0.9221849506929133
    outer loop
      vertex -24.7687094285817 -61.54031897504491 43.114344765484304
      vertex -24.7687094285817 -46.32341471432246 38.170072855485145
      vertex -27.775749477877177 -46.08908055849647 38.89127922906866
    endloop
  endfacet
  facet normal 0.1842152741040177 0.30372845297731244 0.9347800594999822
    outer loop
      vertex -20.671151557215435 -61.78972421232726 42.34675437261514
      vertex -17.76327607925068 -61.958139182141 41.828426392605536
      vertex -20.671151557215435 -46.57281995160481 37.40248246261598
    endloop
  endfacet
  facet normal -0.9205048534524404 0.1207425589344868 0.37160738586908254
    outer loop
      vertex -58.749667103892286 -70.35030363980037 16
      vertex -49.08120278010395 -23.36730323017754 24.683951832803203
      vertex -50.75029386009436 -9.365494633980873 16
    endloop
  endfacet
  facet normal -0.9205048534524405 0.12074255893448672 0.37160738586908243
    outer loop
      vertex -49.08120278010395 -23.36730323017754 24.683951832803203
      vertex -49.08120278010395 -8.150398969455086 19.739679922804044
      vertex -50.75029386009436 -9.365494633980873 16
    endloop
  endfacet
  facet normal -4.635994140662987e-15 0.9510565162951544 -0.3090169943749451
    outer loop
      vertex -50.75029386009436 -9.365494633980873 16
      vertex -49.08120278010395 -8.150398969455086 19.739679922804044
      vertex -45.24775882193859 -5.930428192535185 26.572047435940576
    endloop
  endfacet
  facet normal 2.7407337986669718e-17 0.9510565162951535 -0.3090169943749474
    outer loop
      vertex -50.75029386009436 -9.365494633980873 16
      vertex -45.24775882193859 -5.930428192535185 26.572047435940576
      vertex -38.56236703947754 -6.142237729760968 25.920164710204077
    endloop
  endfacet
  facet normal -8.248144547052624e-16 0.9510565162951536 -0.3090169943749472
    outer loop
      vertex -49.08120278010395 -8.150398969455086 19.739679922804044
      vertex -45.45091664490176 -5.507556408761747 27.87351296319602
      vertex -45.24775882193859 -5.930428192535185 26.572047435940576
    endloop
  endfacet
  facet normal 0 0.9510565162951536 -0.30901699437494734
    outer loop
      vertex -50.75029386009436 -9.365494633980873 16
      vertex -24.338964440699606 -7.217826785760838 22.609841979787404
      vertex -21.66698710145491 -9.365494633980873 16
    endloop
  endfacet
  facet normal 5.031149334144354e-16 0.9510565162951534 -0.30901699437494795
    outer loop
      vertex -50.75029386009436 -9.365494633980873 16
      vertex -38.56236703947754 -6.142237729760968 25.920164710204077
      vertex -38.319041119064764 -6.491231656324789 24.846071847844456
    endloop
  endfacet
  facet normal -2.1427516405581313e-16 0.9510565162951538 -0.30901699437494706
    outer loop
      vertex -50.75029386009436 -9.365494633980873 16
      vertex -38.319041119064764 -6.491231656324789 24.846071847844456
      vertex -31.5962032512864 -6.64299769336758 24.378984014135526
    endloop
  endfacet
  facet normal 2.095910850322587e-15 0.9510565162951522 -0.30901699437495195
    outer loop
      vertex -50.75029386009436 -9.365494633980873 16
      vertex -31.5962032512864 -6.64299769336758 24.378984014135526
      vertex -31.341037037324355 -6.920301470678904 23.525530743907964
    endloop
  endfacet
  facet normal -7.420462664760122e-16 0.9510565162951543 -0.3090169943749452
    outer loop
      vertex -50.75029386009436 -9.365494633980873 16
      vertex -31.341037037324355 -6.920301470678904 23.525530743907964
      vertex -24.57908462616363 -7.009298916160457 23.25162477109872
    endloop
  endfacet
  facet normal 7.93744993339515e-16 0.9510565162951526 -0.30901699437495034
    outer loop
      vertex -50.75029386009436 -9.365494633980873 16
      vertex -24.57908462616363 -7.009298916160457 23.25162477109872
      vertex -24.338964440699606 -7.217826785760838 22.609841979787404
    endloop
  endfacet
  facet normal -1.7022704448029123e-16 0.9510565162951538 -0.3090169943749468
    outer loop
      vertex -38.319041119064764 -6.491231656324789 24.846071847844456
      vertex -34.70814174578414 -5.526073574772592 27.816522986209307
      vertex -31.5962032512864 -6.64299769336758 24.378984014135526
    endloop
  endfacet
  facet normal -1.3985327520043435e-15 0.9510565162951534 -0.30901699437494784
    outer loop
      vertex -31.5962032512864 -6.64299769336758 24.378984014135526
      vertex -34.70814174578414 -5.526073574772592 27.816522986209307
      vertex -31.674976987020056 -5.825065339499925 26.896320954157005
    endloop
  endfacet
  facet normal 0.1842152741040177 0.3037284529773124 0.9347800594999821
    outer loop
      vertex -20.671151557215435 -6.628446267208357 24.423768698868187
      vertex -17.76327607925068 -22.01376549774455 28.849712628857745
      vertex -17.76327607925068 -6.796861237022096 23.905440718858586
    endloop
  endfacet
  facet normal -1.761513654691187e-16 0.9510565162951535 -0.30901699437494745
    outer loop
      vertex -21.66698710145491 -9.365494633980873 16
      vertex -24.338964440699606 -7.217826785760838 22.609841979787404
      vertex -20.671151557215435 -6.628446267208357 24.423768698868187
    endloop
  endfacet
  facet normal -8.258214450460579e-16 0.9510565162951535 -0.3090169943749475
    outer loop
      vertex -31.341037037324355 -6.920301470678904 23.525530743907964
      vertex -27.775749477877177 -6.14470687410002 25.912565465320867
      vertex -24.57908462616363 -7.009298916160457 23.25162477109872
    endloop
  endfacet
  facet normal 2.0871451443649764e-16 0.951056516295154 -0.3090169943749465
    outer loop
      vertex -27.775749477877177 -6.14470687410002 25.912565465320867
      vertex -24.7687094285817 -6.379041029926011 25.191359091737354
      vertex -24.57908462616363 -7.009298916160457 23.25162477109872
    endloop
  endfacet
  facet normal -3.137735801876741e-16 0.9510565162951535 -0.3090169943749474
    outer loop
      vertex -21.66698710145491 -9.365494633980873 16
      vertex -20.671151557215435 -6.628446267208357 24.423768698868187
      vertex -17.537598506691833 -7.241099764967 22.538215114823572
    endloop
  endfacet
  facet normal 5.936787223432497e-15 0.9510565162951524 -0.30901699437495106
    outer loop
      vertex -21.66698710145491 -9.365494633980873 16
      vertex -17.537598506691833 -7.241099764967 22.538215114823572
      vertex -17.33781395217641 -7.3844403749689 22.097058079212076
    endloop
  endfacet
  facet normal 4.3783420621952516e-16 0.9510565162951535 -0.30901699437494745
    outer loop
      vertex -21.66698710145491 -9.365494633980873 16
      vertex -17.33781395217641 -7.3844403749689 22.097058079212076
      vertex -13.33302522274964 -6.975360499978397 23.356076475860064
    endloop
  endfacet
  facet normal -1.8988313427120335e-17 0.9510565162951536 -0.3090169943749469
    outer loop
      vertex -21.66698710145491 -9.365494633980873 16
      vertex -13.33302522274964 -6.975360499978397 23.356076475860064
      vertex -10.686633432724093 -7.076885918981677 23.043613365188847
    endloop
  endfacet
  facet normal 1.6340870562702085e-15 0.9510565162951544 -0.30901699437494445
    outer loop
      vertex -20.671151557215435 -6.628446267208357 24.423768698868187
      vertex -17.76327607925068 -6.796861237022096 23.905440718858586
      vertex -17.537598506691833 -7.241099764967 22.538215114823572
    endloop
  endfacet
  facet normal 0.1232017868891745 0.3066627917121132 0.9438110255165743
    outer loop
      vertex -13.33302522274964 -6.975360499978397 23.356076475860064
      vertex -10.686633432724093 -22.293790179704132 27.987885275188006
      vertex -10.686633432724093 -7.076885918981677 23.043613365188847
    endloop
  endfacet
  facet normal 0.06171855413789145 0.30842788216537265 0.9492434153461963
    outer loop
      vertex -5.343889795208395 -7.184064584060426 22.713751352139568
      vertex -5.343889795208395 -22.40096884478288 27.658023262138727
      vertex -3.5670310469932986 -22.434921969182696 27.553526290137725
    endloop
  endfacet
  facet normal 0.061718554137891235 0.3084278821653727 0.9492434153461963
    outer loop
      vertex -5.343889795208395 -7.184064584060426 22.713751352139568
      vertex -3.5670310469932986 -22.434921969182696 27.553526290137725
      vertex -3.5670310469932986 -7.218017708460241 22.609254380138566
    endloop
  endfacet
  facet normal 0 0.9510565162951535 -0.3090169943749477
    outer loop
      vertex -21.66698710145491 -9.365494633980873 16
      vertex -3.486947135573454 -7.303484184581041 22.346215613601203
      vertex 0.47982167891742966 -9.365494633980873 16
    endloop
  endfacet
  facet normal -2.6611200724433457e-15 0.951056516295155 -0.3090169943749429
    outer loop
      vertex -21.66698710145491 -9.365494633980873 16
      vertex -10.49816566375028 -7.3388499096749875 22.237371103699317
      vertex -10.362269891405631 -7.421211687775024 21.983887615148348
    endloop
  endfacet
  facet normal 8.347982669736503e-16 0.9510565162951533 -0.30901699437494823
    outer loop
      vertex -21.66698710145491 -9.365494633980873 16
      vertex -10.686633432724093 -7.076885918981677 23.043613365188847
      vertex -10.49816566375028 -7.3388499096749875 22.237371103699317
    endloop
  endfacet
  facet normal 7.033732446357513e-16 0.9510565162951532 -0.30901699437494845
    outer loop
      vertex -21.66698710145491 -9.365494633980873 16
      vertex -10.362269891405631 -7.421211687775024 21.983887615148348
      vertex -5.343889795208395 -7.184064584060426 22.713751352139568
    endloop
  endfacet
  facet normal -4.046243941396128e-15 0.9510565162951566 -0.3090169943749379
    outer loop
      vertex -21.66698710145491 -9.365494633980873 16
      vertex -5.343889795208395 -7.184064584060426 22.713751352139568
      vertex -3.5670310469932986 -7.218017708460241 22.609254380138566
    endloop
  endfacet
  facet normal 1.492561826161697e-15 0.951056516295152 -0.30901699437495206
    outer loop
      vertex -21.66698710145491 -9.365494633980873 16
      vertex -3.5670310469932986 -7.218017708460241 22.609254380138566
      vertex -3.486947135573454 -7.303484184581041 22.346215613601203
    endloop
  endfacet
  facet normal -0.9205048534524403 0.12074255893448671 0.37160738586908265
    outer loop
      vertex -49.08120278010395 -23.36730323017754 24.683951832803203
      vertex -49.08120278010395 -48.094772653851535 32.718393686551835
      vertex -44.023676246886474 -19.685431918653904 36.01558655427736
    endloop
  endfacet
  facet normal -0.9205048534524403 0.12074255893448674 0.37160738586908265
    outer loop
      vertex -49.08120278010395 -48.094772653851535 32.718393686551835
      vertex -44.023676246886474 -44.4129013423279 44.050028408025995
      vertex -44.023676246886474 -19.685431918653904 36.01558655427736
    endloop
  endfacet
  facet normal 0.3621251985288185 0.28804384581986975 0.8865078022644601
    outer loop
      vertex -44.023676246886474 -44.4129013423279 44.050028408025995
      vertex -41.47068477259132 -19.99192045714119 35.072311825042135
      vertex -44.023676246886474 -19.685431918653904 36.01558655427736
    endloop
  endfacet
  facet normal 0.36212519852881503 0.2880438458198701 0.8865078022644612
    outer loop
      vertex -41.47068477259132 -44.719389880815186 43.10675367879077
      vertex -38.45452883015512 -45.08148166057807 41.992349769268046
      vertex -38.45452883015512 -20.354012236904076 33.957907915519414
    endloop
  endfacet
  facet normal 0.36212519852881436 0.2880438458198702 0.8865078022644616
    outer loop
      vertex -38.45452883015512 -45.08148166057807 41.992349769268046
      vertex -37.538715395464564 -45.191425749287895 41.65397665743609
      vertex -37.538715395464564 -20.4639563256139 33.61953480368746
    endloop
  endfacet
  facet normal 0.30390515757425174 0.2944011984864783 0.9060737219064984
    outer loop
      vertex -34.70814174578414 -45.47044725916904 40.7952367499571
      vertex -31.674976987020056 -45.769439023896375 39.875034717904796
      vertex -31.674976987020056 -21.04196960022238 31.840592864156164
    endloop
  endfacet
  facet normal 0.30390515757424985 0.29440119848647867 0.9060737219064988
    outer loop
      vertex -37.538715395464564 -45.191425749287895 41.65397665743609
      vertex -34.70814174578414 -45.47044725916904 40.7952367499571
      vertex -31.674976987020056 -21.04196960022238 31.840592864156164
    endloop
  endfacet
  facet normal 0.3039051575742395 0.29440119848647944 0.906073721906502
    outer loop
      vertex -31.674976987020056 -45.769439023896375 39.875034717904796
      vertex -30.910626392686762 -45.84478426599368 39.64314590669744
      vertex -30.910626392686762 -21.117314842319686 31.60870405294881
    endloop
  endfacet
  facet normal 0.30390515757425174 0.294401198486478 0.9060737219064984
    outer loop
      vertex -37.538715395464564 -45.191425749287895 41.65397665743609
      vertex -31.674976987020056 -21.04196960022238 31.840592864156164
      vertex -34.70814174578414 -20.742977835495047 32.760794896208466
    endloop
  endfacet
  facet normal 0.3039051575742395 0.2944011984864794 0.906073721906502
    outer loop
      vertex -31.674976987020056 -45.769439023896375 39.875034717904796
      vertex -30.910626392686762 -21.117314842319686 31.60870405294881
      vertex -31.674976987020056 -21.04196960022238 31.840592864156164
    endloop
  endfacet
  facet normal 0.24452638268504787 0.29963605404969906 0.9221849506929134
    outer loop
      vertex -30.910626392686762 -45.84478426599368 39.64314590669744
      vertex -27.775749477877177 -21.361611134822475 30.856837375320026
      vertex -30.910626392686762 -21.117314842319686 31.60870405294881
    endloop
  endfacet
  facet normal 0.3039051575742499 0.29440119848647844 0.9060737219064989
    outer loop
      vertex -37.538715395464564 -45.191425749287895 41.65397665743609
      vertex -34.70814174578414 -20.742977835495047 32.760794896208466
      vertex -37.538715395464564 -20.4639563256139 33.61953480368746
    endloop
  endfacet
  facet normal 0.36212519852881514 0.28804384581987047 0.886507802264461
    outer loop
      vertex -44.023676246886474 -44.4129013423279 44.050028408025995
      vertex -38.45452883015512 -20.354012236904076 33.957907915519414
      vertex -41.47068477259132 -19.99192045714119 35.072311825042135
    endloop
  endfacet
  facet normal 0.3621251985288141 0.28804384581987025 0.8865078022644617
    outer loop
      vertex -38.45452883015512 -45.08148166057807 41.992349769268046
      vertex -37.538715395464564 -20.4639563256139 33.61953480368746
      vertex -38.45452883015512 -20.354012236904076 33.957907915519414
    endloop
  endfacet
  facet normal 0.36212519852881864 0.2880438458198692 0.8865078022644601
    outer loop
      vertex -44.023676246886474 -44.4129013423279 44.050028408025995
      vertex -41.47068477259132 -44.719389880815186 43.10675367879077
      vertex -38.45452883015512 -20.354012236904076 33.957907915519414
    endloop
  endfacet
  facet normal 0.36212519852881503 0.28804384581987025 0.8865078022644614
    outer loop
      vertex -41.47068477259132 -19.99192045714119 35.072311825042135
      vertex -38.45452883015512 -20.354012236904076 33.957907915519414
      vertex -41.47068477259132 -4.775016196418736 30.128039915042976
    endloop
  endfacet
  facet normal 0.36212519852881503 0.28804384581987025 0.8865078022644614
    outer loop
      vertex -38.45452883015512 -20.354012236904076 33.957907915519414
      vertex -38.45452883015512 -5.137107976181621 29.013636005520254
      vertex -41.47068477259132 -4.775016196418736 30.128039915042976
    endloop
  endfacet
  facet normal 0.3039051575742517 0.2944011984864783 0.9060737219064983
    outer loop
      vertex -34.70814174578414 -20.742977835495047 32.760794896208466
      vertex -31.674976987020056 -21.04196960022238 31.840592864156164
      vertex -34.70814174578414 -5.526073574772592 27.816522986209307
    endloop
  endfacet
  facet normal 0.30390515757425174 0.2944011984864783 0.9060737219064983
    outer loop
      vertex -31.674976987020056 -21.04196960022238 31.840592864156164
      vertex -31.674976987020056 -5.825065339499925 26.896320954157005
      vertex -34.70814174578414 -5.526073574772592 27.816522986209307
    endloop
  endfacet
  facet normal 1.1521340807441785e-16 0.9510565162951538 -0.30901699437494695
    outer loop
      vertex -38.56236703947754 -6.142237729760968 25.920164710204077
      vertex -45.24775882193859 -5.930428192535185 26.572047435940576
      vertex -41.47068477259132 -4.775016196418736 30.128039915042976
    endloop
  endfacet
  facet normal -1.867967864327371e-16 0.9510565162951536 -0.3090169943749471
    outer loop
      vertex -38.56236703947754 -6.142237729760968 25.920164710204077
      vertex -41.47068477259132 -4.775016196418736 30.128039915042976
      vertex -38.45452883015512 -5.137107976181621 29.013636005520254
    endloop
  endfacet
  facet normal 0.244526382685046 0.2996360540496993 0.922184950692914
    outer loop
      vertex -24.7687094285817 -46.32341471432246 38.170072855485145
      vertex -24.164680911171473 -21.643016334067163 29.990761226329127
      vertex -24.7687094285817 -21.595945290648466 30.135631001736513
    endloop
  endfacet
  facet normal 0.18421527410400748 0.3037284529773129 0.934780059499984
    outer loop
      vertex -24.164680911171473 -46.37048575774116 38.02520308007776
      vertex -20.671151557215435 -21.845350527930812 29.368040608867346
      vertex -24.164680911171473 -21.643016334067163 29.990761226329127
    endloop
  endfacet
  facet normal 0.18421527410401753 0.30372845297731094 0.9347800594999828
    outer loop
      vertex -24.164680911171473 -46.37048575774116 38.02520308007776
      vertex -17.76327607925068 -22.01376549774455 28.849712628857745
      vertex -20.671151557215435 -21.845350527930812 29.368040608867346
    endloop
  endfacet
  facet normal 0.12320178688917714 0.30666279171211297 0.9438110255165738
    outer loop
      vertex -17.326599988406127 -46.76652582235816 36.80631709314419
      vertex -13.33302522274964 -22.19226476070085 28.300348385859223
      vertex -17.326599988406127 -22.039056398684167 28.771875239395555
    endloop
  endfacet
  facet normal 0.18421527410397429 0.30372845297731477 0.93478005949999
    outer loop
      vertex -17.76327607925068 -46.741234921418545 36.88415448260638
      vertex -17.326599988406127 -22.039056398684167 28.771875239395555
      vertex -17.76327607925068 -22.01376549774455 28.849712628857745
    endloop
  endfacet
  facet normal 0.24452638268504784 0.2996360540496993 0.9221849506929136
    outer loop
      vertex -30.910626392686762 -45.84478426599368 39.64314590669744
      vertex -27.775749477877177 -46.08908055849647 38.89127922906866
      vertex -24.7687094285817 -21.595945290648466 30.135631001736513
    endloop
  endfacet
  facet normal 0.24452638268504892 0.29963605404969906 0.9221849506929133
    outer loop
      vertex -27.775749477877177 -46.08908055849647 38.89127922906866
      vertex -24.7687094285817 -46.32341471432246 38.170072855485145
      vertex -24.7687094285817 -21.595945290648466 30.135631001736513
    endloop
  endfacet
  facet normal 0.24452638268504603 0.2996360540496993 0.922184950692914
    outer loop
      vertex -24.164680911171473 -46.37048575774116 38.02520308007776
      vertex -24.164680911171473 -21.643016334067163 29.990761226329127
      vertex -24.7687094285817 -46.32341471432246 38.170072855485145
    endloop
  endfacet
  facet normal 0.24452638268504906 0.2996360540496989 0.9221849506929133
    outer loop
      vertex -30.910626392686762 -45.84478426599368 39.64314590669744
      vertex -24.7687094285817 -21.595945290648466 30.135631001736513
      vertex -27.775749477877177 -21.361611134822475 30.856837375320026
    endloop
  endfacet
  facet normal 0.1232017868891745 0.3066627917121134 0.943811025516574
    outer loop
      vertex -17.326599988406127 -46.76652582235816 36.80631709314419
      vertex -10.686633432724093 -22.293790179704132 27.987885275188006
      vertex -13.33302522274964 -22.19226476070085 28.300348385859223
    endloop
  endfacet
  facet normal 0.12320178688917059 0.3066627917121132 0.9438110255165747
    outer loop
      vertex -10.686633432724093 -47.02125960337813 36.02232712893664
      vertex -10.422455957207323 -22.303925008943764 27.956693478085114
      vertex -10.686633432724093 -22.293790179704132 27.987885275188006
    endloop
  endfacet
  facet normal 0.061718554137892 0.3084278821653726 0.9492434153461963
    outer loop
      vertex -10.422455957207323 -47.03139443261776 35.991135331833746
      vertex -5.343889795208395 -22.40096884478288 27.658023262138727
      vertex -10.422455957207323 -22.303925008943764 27.956693478085114
    endloop
  endfacet
  facet normal 0.06171855413789135 0.30842788216537254 0.9492434153461962
    outer loop
      vertex -3.5670310469932986 -47.16239139285669 35.58796814388636
      vertex -3.5670310469932986 -22.434921969182696 27.553526290137725
      vertex -5.343889795208395 -22.40096884478288 27.658023262138727
    endloop
  endfacet
  facet normal 0.06171855413781586 0.308427882165374 0.9492434153462007
    outer loop
      vertex -3.5670310469932986 -47.16239139285669 35.58796814388636
      vertex -3.478573036757028 -22.436612270017662 27.548324079085106
      vertex -3.5670310469932986 -22.434921969182696 27.553526290137725
    endloop
  endfacet
  facet normal 6.299657140044493e-17 0.30901699437494734 0.9510565162951536
    outer loop
      vertex -3.478573036757028 -47.16408169369166 35.58276593283374
      vertex 3.4785730367570236 -22.436612270017662 27.548324079085106
      vertex -3.478573036757028 -22.436612270017662 27.548324079085106
    endloop
  endfacet
  facet normal 0.2445263826850488 0.29963605404969923 0.9221849506929134
    outer loop
      vertex -27.775749477877177 -6.14470687410002 25.912565465320867
      vertex -27.775749477877177 -21.361611134822475 30.856837375320026
      vertex -24.7687094285817 -21.595945290648466 30.135631001736513
    endloop
  endfacet
  facet normal 0.24452638268504892 0.2996360540496992 0.9221849506929133
    outer loop
      vertex -27.775749477877177 -6.14470687410002 25.912565465320867
      vertex -24.7687094285817 -21.595945290648466 30.135631001736513
      vertex -24.7687094285817 -6.379041029926011 25.191359091737354
    endloop
  endfacet
  facet normal 0.18421527410401756 0.30372845297731244 0.9347800594999822
    outer loop
      vertex -20.671151557215435 -6.628446267208357 24.423768698868187
      vertex -20.671151557215435 -21.845350527930812 29.368040608867346
      vertex -17.76327607925068 -22.01376549774455 28.849712628857745
    endloop
  endfacet
  facet normal 0.12320178688917456 0.3066627917121132 0.9438110255165743
    outer loop
      vertex -13.33302522274964 -6.975360499978397 23.356076475860064
      vertex -13.33302522274964 -22.19226476070085 28.300348385859223
      vertex -10.686633432724093 -22.293790179704132 27.987885275188006
    endloop
  endfacet
  facet normal 7.855537783153643e-20 -0.9510565162951533 0.3090169943749483
    outer loop
      vertex 65.13662653930584 -75 1.6897060593499091
      vertex -65.89077485405038 -75.54901877952688 0
      vertex 65.89077485405038 -75.54901877952688 0
    endloop
  endfacet
  facet normal 0 -0.9510565162951534 0.3090169943749477
    outer loop
      vertex -19.04256482039338 -70.35030363980037 16
      vertex 55.22390794815279 -70.35030363980037 16
      vertex 3.87303320446565 -66.3272451134796 28.38170099554995
    endloop
  endfacet
  facet normal 0 -0.9510565162951534 0.30901699437494745
    outer loop
      vertex 55.22390794815279 -70.35030363980037 16
      vertex 58.749667103892286 -70.35030363980037 16
      vertex 36.25614961418163 -63.23410859455089 37.90139633809244
    endloop
  endfacet
  facet normal 0.9205048534524403 0.12074255893448681 0.3716073858690827
    outer loop
      vertex 50.75029386009436 -9.365494633980873 16
      vertex 49.08120278010395 -63.311676914573994 37.662665596550994
      vertex 58.749667103892286 -70.35030363980037 16
    endloop
  endfacet
  facet normal -8.303147933902078e-15 -0.951056516295155 0.30901699437494284
    outer loop
      vertex 2.1891506060398847 -65.76073111210876 30.125251811148274
      vertex 1.4142135623730951 -64.84321021667076 32.94909076605214
      vertex 0.7653668647301796 -64.97718314482427 32.53676449064689
    endloop
  endfacet
  facet normal 1.424030442683666e-14 -0.9510565162951532 0.30901699437494845
    outer loop
      vertex 2.1891506060398847 -65.76073111210876 30.125251811148274
      vertex 1.8477590650225735 -64.64270556035503 33.56618064592202
      vertex 1.4142135623730951 -64.84321021667076 32.94909076605214
    endloop
  endfacet
  facet normal -4.3130615500965704e-15 -0.9510565162951538 0.3090169943749468
    outer loop
      vertex 2.1891506060398847 -65.76073111210876 30.125251811148274
      vertex 2 -64.40619419222193 34.29408778998004
      vertex 1.8477590650225735 -64.64270556035503 33.56618064592202
    endloop
  endfacet
  facet normal 5.101784199140577e-16 -0.9510565162951538 0.309016994374947
    outer loop
      vertex 2.1891506060398847 -65.76073111210876 30.125251811148274
      vertex 3.449503010422995 -62.45718230279145 40.29252959583907
      vertex 2 -64.40619419222193 34.29408778998004
    endloop
  endfacet
  facet normal 1.151424448141625e-15 -0.9510565162951538 0.30901699437494695
    outer loop
      vertex 3.87303320446565 -66.3272451134796 28.38170099554995
      vertex 10.362269891405631 -62.582489632893925 39.9068732888953
      vertex 3.4848270777174304 -62.44355264286973 40.33447737579746
    endloop
  endfacet
  facet normal 2.985891800167358e-15 -0.9510565162951539 0.3090169943749465
    outer loop
      vertex 0.7653668647301796 -63.8352052396196 36.051411089313206
      vertex 3.449503010422995 -62.45718230279145 40.29252959583907
      vertex 0 -63.788160203472046 36.19620082257035
    endloop
  endfacet
  facet normal 1.581727594465281e-14 -0.9510565162951548 0.3090169943749436
    outer loop
      vertex 2 -64.40619419222193 34.29408778998004
      vertex 3.449503010422995 -62.45718230279145 40.29252959583907
      vertex 1.8477590650225735 -64.16968282408884 35.02199493403808
    endloop
  endfacet
  facet normal -1.0495440999901648e-14 -0.9510565162951524 0.30901699437495084
    outer loop
      vertex 1.4142135623730951 -63.96917816777311 35.63908481390796
      vertex 1.8477590650225735 -64.16968282408884 35.02199493403808
      vertex 3.449503010422995 -62.45718230279145 40.29252959583907
    endloop
  endfacet
  facet normal 8.596795027388013e-15 -0.9510565162951549 0.30901699437494334
    outer loop
      vertex 0.7653668647301796 -63.8352052396196 36.051411089313206
      vertex 1.4142135623730951 -63.96917816777311 35.63908481390796
      vertex 3.449503010422995 -62.45718230279145 40.29252959583907
    endloop
  endfacet
  facet normal -0.061718554137892456 0.3084278821653726 0.9492434153461962
    outer loop
      vertex 3.56703104699354 -62.37929565357915 40.53224005388553
      vertex 5.343889795203803 -62.34534252917942 40.63673702588625
      vertex 3.56703104699354 -47.16239139285669 35.58796814388637
    endloop
  endfacet
  facet normal -0.1232017868891738 0.30666279171211325 0.9438110255165743
    outer loop
      vertex 10.686633432724332 -62.23816386410057 40.96659903893581
      vertex 13.33302522274736 -62.13663844509739 41.27906214960673
      vertex 10.686633432724332 -47.02125960337812 36.02232712893665
    endloop
  endfacet
  facet normal -2.854524431146158e-17 -0.9510565162951535 0.3090169943749476
    outer loop
      vertex 55.22390794815279 -70.35030363980037 16
      vertex 10.362269891405631 -62.582489632893925 39.9068732888953
      vertex 3.87303320446565 -66.3272451134796 28.38170099554995
    endloop
  endfacet
  facet normal -3.919136466718222e-15 -0.9510565162951554 0.30901699437494173
    outer loop
      vertex 55.22390794815279 -70.35030363980037 16
      vertex 10.49816566375028 -62.50012785479389 40.16035677744627
      vertex 10.362269891405631 -62.582489632893925 39.9068732888953
    endloop
  endfacet
  facet normal 2.0815193189766495e-15 -0.9510565162951525 0.3090169943749506
    outer loop
      vertex 55.22390794815279 -70.35030363980037 16
      vertex 10.686633432724332 -62.23816386410057 40.96659903893581
      vertex 10.49816566375028 -62.50012785479389 40.16035677744627
    endloop
  endfacet
  facet normal -1.0193025039211078e-15 -0.951056516295154 0.30901699437494584
    outer loop
      vertex 55.22390794815279 -70.35030363980037 16
      vertex 13.33302522274736 -62.13663844509739 41.27906214960673
      vertex 10.686633432724332 -62.23816386410057 40.96659903893581
    endloop
  endfacet
  facet normal -1.7049675808617929e-15 -0.9510565162951495 0.30901699437496016
    outer loop
      vertex 3.4848270777174304 -62.44355264286973 40.33447737579746
      vertex 5.343889795203803 -62.34534252917942 40.63673702588625
      vertex 3.56703104699354 -62.37929565357915 40.53224005388553
    endloop
  endfacet
  facet normal 1.0404039846504056e-15 -0.9510565162951543 0.30901699437494484
    outer loop
      vertex 3.4848270777174304 -62.44355264286973 40.33447737579746
      vertex 10.362269891405631 -62.582489632893925 39.9068732888953
      vertex 5.343889795203803 -62.34534252917942 40.63673702588625
    endloop
  endfacet
  facet normal 1.5814182810311074e-15 -0.9510565162951553 0.30901699437494173
    outer loop
      vertex 17.537598506691833 -62.4023777100859 40.46120078857052
      vertex 20.67115155721457 -61.789724212327314 42.34675437261498
      vertex 17.763276079250932 -61.95813918214098 41.82842639260559
    endloop
  endfacet
  facet normal -7.550770778857204e-16 -0.9510565162951544 0.30901699437494484
    outer loop
      vertex 24.579084626163635 -62.17057686127936 41.17461044484567
      vertex 31.341037037324337 -62.08157941579782 41.44851641765487
      vertex 27.775749477877778 -61.30598481921888 43.835551139067974
    endloop
  endfacet
  facet normal 1.8091224030236988e-15 -0.9510565162951553 0.309016994374942
    outer loop
      vertex 24.579084626163635 -62.17057686127936 41.17461044484567
      vertex 27.775749477877778 -61.30598481921888 43.835551139067974
      vertex 24.76870942858157 -61.540318975044926 43.11434476548429
    endloop
  endfacet
  facet normal -0.06171855413789268 0.3084278821653726 0.9492434153461962
    outer loop
      vertex 5.343889795203803 -62.34534252917942 40.63673702588625
      vertex 5.343889795203803 -47.12843826845696 35.69246511588709
      vertex 3.56703104699354 -47.16239139285669 35.58796814388637
    endloop
  endfacet
  facet normal -0.12320178688917369 0.30666279171211325 0.9438110255165743
    outer loop
      vertex 13.33302522274736 -62.13663844509739 41.27906214960673
      vertex 13.33302522274736 -46.91973418437494 36.33479023960757
      vertex 10.686633432724332 -47.02125960337812 36.02232712893665
    endloop
  endfacet
  facet normal 0 0.30901699437494734 0.9510565162951536
    outer loop
      vertex -3.478573036757028 -47.16408169369166 35.58276593283374
      vertex 3.4785730367570236 -47.16408169369166 35.58276593283374
      vertex 3.4785730367570236 -22.436612270017662 27.548324079085106
    endloop
  endfacet
  facet normal -0.06171855413780206 0.30842788216537426 0.9492434153462014
    outer loop
      vertex 3.56703104699354 -47.16239139285669 35.58796814388637
      vertex 3.56703104699354 -22.434921969182696 27.55352629013774
      vertex 3.4785730367570236 -47.16408169369166 35.58276593283374
    endloop
  endfacet
  facet normal -0.06171855413789246 0.30842788216537254 0.9492434153461963
    outer loop
      vertex 3.56703104699354 -47.16239139285669 35.58796814388637
      vertex 5.343889795203803 -47.12843826845696 35.69246511588709
      vertex 3.56703104699354 -22.434921969182696 27.55352629013774
    endloop
  endfacet
  facet normal -0.06171855413788926 0.30842788216537265 0.9492434153461965
    outer loop
      vertex 5.343889795203803 -47.12843826845696 35.69246511588709
      vertex 10.422455957207323 -47.03139443261776 35.99113533183373
      vertex 10.422455957207323 -22.303925008943764 27.9566934780851
    endloop
  endfacet
  facet normal -0.12320178688917029 0.3066627917121132 0.9438110255165748
    outer loop
      vertex 10.422455957207323 -47.03139443261776 35.99113533183373
      vertex 10.686633432724332 -47.02125960337812 36.02232712893665
      vertex 10.686633432724332 -22.293790179704125 27.98788527518802
    endloop
  endfacet
  facet normal -0.1232017868891738 0.306662791712112 0.9438110255165747
    outer loop
      vertex 10.686633432724332 -47.02125960337812 36.02232712893665
      vertex 13.33302522274736 -46.91973418437494 36.33479023960757
      vertex 17.326599988406127 -22.039056398684167 28.771875239395555
    endloop
  endfacet
  facet normal -0.18421527410401248 0.3037284529773126 0.9347800594999831
    outer loop
      vertex 20.67115155721457 -61.789724212327314 42.34675437261498
      vertex 20.67115155721457 -46.572819951604856 37.40248246261582
      vertex 17.763276079250932 -46.741234921418524 36.884154482606434
    endloop
  endfacet
  facet normal -0.12320178688918085 0.3066627917121128 0.9438110255165735
    outer loop
      vertex 13.33302522274736 -46.91973418437494 36.33479023960757
      vertex 17.326599988406127 -46.76652582235816 36.80631709314419
      vertex 17.326599988406127 -22.039056398684167 28.771875239395555
    endloop
  endfacet
  facet normal -0.18421527410400335 0.30372845297731305 0.9347800594999848
    outer loop
      vertex 17.326599988406127 -46.76652582235816 36.80631709314419
      vertex 17.763276079250932 -46.741234921418524 36.884154482606434
      vertex 17.763276079250932 -22.01376549774453 28.8497126288578
    endloop
  endfacet
  facet normal -0.1842152741040126 0.3037284529773126 0.9347800594999831
    outer loop
      vertex 17.763276079250932 -46.741234921418524 36.884154482606434
      vertex 20.67115155721457 -46.572819951604856 37.40248246261582
      vertex 24.164680911171473 -21.643016334067156 29.99076122632914
    endloop
  endfacet
  facet normal -0.1842152741040126 0.3037284529773126 0.9347800594999831
    outer loop
      vertex 17.763276079250932 -61.95813918214098 41.82842639260559
      vertex 20.67115155721457 -61.789724212327314 42.34675437261498
      vertex 17.763276079250932 -46.741234921418524 36.884154482606434
    endloop
  endfacet
  facet normal -0.24452638268504745 0.2996360540496992 0.9221849506929136
    outer loop
      vertex 24.76870942858157 -61.540318975044926 43.11434476548429
      vertex 27.775749477877778 -61.30598481921888 43.835551139067974
      vertex 24.76870942858157 -46.32341471432247 38.17007285548513
    endloop
  endfacet
  facet normal -0.24452638268504745 0.2996360540496992 0.9221849506929136
    outer loop
      vertex 27.775749477877778 -61.30598481921888 43.835551139067974
      vertex 27.775749477877778 -46.08908055849642 38.891279229068815
      vertex 24.76870942858157 -46.32341471432247 38.17007285548513
    endloop
  endfacet
  facet normal 2.8565645817954904e-15 -0.9510565162951522 0.3090169943749516
    outer loop
      vertex 55.22390794815279 -70.35030363980037 16
      vertex 17.537598506691833 -62.4023777100859 40.46120078857052
      vertex 17.33781395217641 -62.5457183200878 40.020043752959026
    endloop
  endfacet
  facet normal 8.44783672977918e-16 -0.951056516295153 0.30901699437494934
    outer loop
      vertex 55.22390794815279 -70.35030363980037 16
      vertex 17.33781395217641 -62.5457183200878 40.020043752959026
      vertex 13.33302522274736 -62.13663844509739 41.27906214960673
    endloop
  endfacet
  facet normal -1.2548972951486668e-15 -0.9510565162951541 0.3090169943749459
    outer loop
      vertex 55.22390794815279 -70.35030363980037 16
      vertex 20.67115155721457 -61.789724212327314 42.34675437261498
      vertex 17.537598506691833 -62.4023777100859 40.46120078857052
    endloop
  endfacet
  facet normal -1.3945085930217888e-15 -0.9510565162951538 0.3090169943749467
    outer loop
      vertex 55.22390794815279 -70.35030363980037 16
      vertex 24.338964440699606 -62.379104730879746 40.532827653534355
      vertex 20.67115155721457 -61.789724212327314 42.34675437261498
    endloop
  endfacet
  facet normal 8.131841254775984e-15 -0.9510565162951502 0.3090169943749579
    outer loop
      vertex 55.22390794815279 -70.35030363980037 16
      vertex 24.579084626163635 -62.17057686127936 41.17461044484567
      vertex 24.338964440699606 -62.379104730879746 40.532827653534355
    endloop
  endfacet
  facet normal 3.0793132874589025e-15 -0.9510565162951525 0.3090169943749506
    outer loop
      vertex 55.22390794815279 -70.35030363980037 16
      vertex 33.46973628502234 -63.83360534364911 36.056335062802745
      vertex 32.23883955629398 -64.20899104164808 34.901016679980316
    endloop
  endfacet
  facet normal -4.507724955859746e-13 -0.9510565162953066 0.30901699437447583
    outer loop
      vertex 55.22390794815279 -70.35030363980037 16
      vertex 32.23883955629398 -64.20899104164808 34.901016679980316
      vertex 24.579084626163635 -62.17057686127936 41.17461044484567
    endloop
  endfacet
  facet normal -3.1210740081498795e-15 -0.9510565162951545 0.30901699437494473
    outer loop
      vertex 55.22390794815279 -70.35030363980037 16
      vertex 34.84193605180854 -63.415126558851966 37.34428032943005
      vertex 33.46973628502234 -63.83360534364911 36.056335062802745
    endloop
  endfacet
  facet normal 1.1858966851467367e-14 -0.9510565162951501 0.3090169943749578
    outer loop
      vertex 55.22390794815279 -70.35030363980037 16
      vertex 35.60730291653872 -63.3680815227044 37.48907006268719
      vertex 34.84193605180854 -63.415126558851966 37.34428032943005
    endloop
  endfacet
  facet normal -6.9663574309641635e-15 -0.9510565162951554 0.3090169943749417
    outer loop
      vertex 55.22390794815279 -70.35030363980037 16
      vertex 36.25614961418163 -63.23410859455089 37.90139633809244
      vertex 35.60730291653872 -63.3680815227044 37.48907006268719
    endloop
  endfacet
  facet normal -9.039642230569873e-16 -0.9510565162951532 0.30901699437494823
    outer loop
      vertex 24.579084626163635 -62.17057686127936 41.17461044484567
      vertex 32.23883955629398 -64.20899104164808 34.901016679980316
      vertex 31.341037037324337 -62.08157941579782 41.44851641765487
    endloop
  endfacet
  facet normal 1.01907693255217e-14 -0.9510565162951542 0.3090169943749456
    outer loop
      vertex 33.46973628502234 -63.83360534364911 36.056335062802745
      vertex 34.076569187078356 -63.3680815227044 37.48907006268719
      vertex 33.427722489435446 -63.23410859455089 37.90139633809244
    endloop
  endfacet
  facet normal -8.207011791033206e-15 -0.9510565162951543 0.3090169943749453
    outer loop
      vertex 33.46973628502234 -63.83360534364911 36.056335062802745
      vertex 33.427722489435446 -63.23410859455089 37.90139633809244
      vertex 32.54524473599486 -62.832236203724094 39.138232379385315
    endloop
  endfacet
  facet normal -1.3017520104218125e-14 -0.9510565162951513 0.3090169943749545
    outer loop
      vertex 33.46973628502234 -63.83360534364911 36.056335062802745
      vertex 34.84193605180854 -63.415126558851966 37.34428032943005
      vertex 34.076569187078356 -63.3680815227044 37.48907006268719
    endloop
  endfacet
  facet normal 7.103889218726196e-13 -0.9510565162950041 0.3090169943754076
    outer loop
      vertex 32.994176986785966 -63.03360393823516 38.51848621796232
      vertex 32.54524473599486 -62.832236203724094 39.138232379385315
      vertex 33.427722489435446 -63.23410859455089 37.90139633809244
    endloop
  endfacet
  facet normal 5.470668385099024e-15 -0.9510565162951536 0.3090169943749472
    outer loop
      vertex 32.994176986785966 -63.03360393823516 38.51848621796232
      vertex 32.84193605180854 -62.797092570102066 39.24639336202034
      vertex 32.54524473599486 -62.832236203724094 39.138232379385315
    endloop
  endfacet
  facet normal 8.811821440484931e-15 -0.9510565162951563 0.309016994374939
    outer loop
      vertex 32.54524473599486 -62.832236203724094 39.138232379385315
      vertex 32.84193605180854 -62.797092570102066 39.24639336202034
      vertex 32.994176986785966 -62.56058120196897 39.97430050607838
    endloop
  endfacet
  facet normal 5.929338006769133e-15 -0.9510565162951515 0.3090169943749535
    outer loop
      vertex 58.749667103892286 -70.35030363980037 16
      vertex 36.68969511683111 -63.03360393823516 38.51848621796232
      vertex 36.25614961418163 -63.23410859455089 37.90139633809244
    endloop
  endfacet
  facet normal -1.7159374787009917e-15 -0.9510565162951538 0.30901699437494673
    outer loop
      vertex 58.749667103892286 -70.35030363980037 16
      vertex 36.84193605180854 -62.797092570102066 39.24639336202034
      vertex 36.68969511683111 -63.03360393823516 38.51848621796232
    endloop
  endfacet
  facet normal -1.560389306843067e-15 -0.951056516295154 0.3090169943749463
    outer loop
      vertex 58.749667103892286 -70.35030363980037 16
      vertex 38.319041119064764 -61.6525096014437 42.76905752159141
      vertex 36.84193605180854 -62.797092570102066 39.24639336202034
    endloop
  endfacet
  facet normal -9.827691303710639e-15 -0.9510565162951549 0.3090169943749436
    outer loop
      vertex 58.749667103892286 -70.35030363980037 16
      vertex 49.08120278010395 -63.311676914573994 37.662665596550994
      vertex 45.24775882193859 -61.091706137654086 44.495033109687526
    endloop
  endfacet
  facet normal 5.022815637131351e-15 -0.9510565162951526 0.3090169943749503
    outer loop
      vertex 58.749667103892286 -70.35030363980037 16
      vertex 38.56236703947754 -61.303515674879876 43.84315038395101
      vertex 38.319041119064764 -61.6525096014437 42.76905752159141
    endloop
  endfacet
  facet normal 3.681994343230545e-16 -0.9510565162951534 0.3090169943749479
    outer loop
      vertex 58.749667103892286 -70.35030363980037 16
      vertex 45.24775882193859 -61.091706137654086 44.495033109687526
      vertex 38.56236703947754 -61.303515674879876 43.84315038395101
    endloop
  endfacet
  facet normal -2.2590928856056677e-15 -0.9510565162951545 0.30901699437494434
    outer loop
      vertex 32.54524473599486 -62.832236203724094 39.138232379385315
      vertex 32.994176986785966 -62.56058120196897 39.97430050607838
      vertex 31.596203251286386 -61.8042756384865 42.30196968788245
    endloop
  endfacet
  facet normal 1.0136655644028975e-14 -0.9510565162951524 0.30901699437495106
    outer loop
      vertex 32.994176986785966 -62.56058120196897 39.97430050607838
      vertex 33.427722489435446 -62.36007654565324 40.59139038594826
      vertex 31.596203251286386 -61.8042756384865 42.30196968788245
    endloop
  endfacet
  facet normal -4.2512732202868736e-15 -0.951056516295157 0.3090169943749372
    outer loop
      vertex 33.427722489435446 -62.36007654565324 40.59139038594826
      vertex 34.076569187078356 -62.22610361749973 41.00371666135351
      vertex 31.596203251286386 -61.8042756384865 42.30196968788245
    endloop
  endfacet
  facet normal -1.8812056730764396e-15 -0.9510565162951556 0.3090169943749413
    outer loop
      vertex 34.076569187078356 -62.22610361749973 41.00371666135351
      vertex 34.84193605180854 -62.17905858135218 41.14850639461065
      vertex 31.596203251286386 -61.8042756384865 42.30196968788245
    endloop
  endfacet
  facet normal 4.999767871396214e-16 -0.9510565162951536 0.30901699437494734
    outer loop
      vertex 34.84193605180854 -62.17905858135218 41.14850639461065
      vertex 38.319041119064764 -61.6525096014437 42.76905752159141
      vertex 31.596203251286386 -61.8042756384865 42.30196968788245
    endloop
  endfacet
  facet normal -4.601171461522462e-15 -0.951056516295152 0.30901699437495206
    outer loop
      vertex 31.596203251286386 -61.8042756384865 42.30196968788245
      vertex 34.708141745783756 -60.687351519891536 45.739508659956144
      vertex 31.67497698702004 -60.986343284618826 44.819306627903956
    endloop
  endfacet
  facet normal 4.468678896244471e-16 -0.9510565162951534 0.30901699437494795
    outer loop
      vertex 31.596203251286386 -61.8042756384865 42.30196968788245
      vertex 38.319041119064764 -61.6525096014437 42.76905752159141
      vertex 34.708141745783756 -60.687351519891536 45.739508659956144
    endloop
  endfacet
  facet normal 8.787149225746033e-15 -0.9510565162951552 0.3090169943749423
    outer loop
      vertex 36.84193605180854 -62.797092570102066 39.24639336202034
      vertex 38.319041119064764 -61.6525096014437 42.76905752159141
      vertex 36.68969511683111 -62.56058120196897 39.97430050607838
    endloop
  endfacet
  facet normal -9.089771519555224e-15 -0.9510565162951521 0.3090169943749517
    outer loop
      vertex 36.25614961418163 -62.36007654565324 40.59139038594826
      vertex 36.68969511683111 -62.56058120196897 39.97430050607838
      vertex 38.319041119064764 -61.6525096014437 42.76905752159141
    endloop
  endfacet
  facet normal 2.3794398610289936e-15 -0.9510565162951548 0.3090169943749437
    outer loop
      vertex 34.84193605180854 -62.17905858135218 41.14850639461065
      vertex 35.60730291653872 -62.22610361749973 41.00371666135351
      vertex 38.319041119064764 -61.6525096014437 42.76905752159141
    endloop
  endfacet
  facet normal 5.632674050470181e-15 -0.9510565162951563 0.3090169943749391
    outer loop
      vertex 35.60730291653872 -62.22610361749973 41.00371666135351
      vertex 36.25614961418163 -62.36007654565324 40.59139038594826
      vertex 38.319041119064764 -61.6525096014437 42.76905752159141
    endloop
  endfacet
  facet normal -1.2151091355894567e-15 -0.951056516295154 0.3090169943749461
    outer loop
      vertex 34.708141745783756 -60.687351519891536 45.739508659956144
      vertex 38.319041119064764 -61.6525096014437 42.76905752159141
      vertex 37.82647447078326 -60.867143500240346 45.186165841920484
    endloop
  endfacet
  facet normal 3.9658105824659944e-16 -0.9510565162951535 0.3090169943749476
    outer loop
      vertex 38.56236703947754 -61.303515674879876 43.84315038395101
      vertex 45.24775882193859 -61.091706137654086 44.495033109687526
      vertex 37.98412748501271 -60.797843884046614 45.39944812981247
    endloop
  endfacet
  facet normal 4.718813110269218e-16 -0.9510565162951533 0.3090169943749482
    outer loop
      vertex 37.98412748501271 -60.797843884046614 45.39944812981247
      vertex 45.24775882193859 -61.091706137654086 44.495033109687526
      vertex 38.454528830155255 -60.29838592130051 46.93662167926725
    endloop
  endfacet
  facet normal -3.590023028125824e-16 -0.951056516295154 0.3090169943749461
    outer loop
      vertex 45.24775882193859 -61.091706137654086 44.495033109687526
      vertex 41.470684772591625 -59.9362941415376 48.05102558879004
      vertex 38.454528830155255 -60.29838592130051 46.93662167926725
    endloop
  endfacet
  facet normal 0.9205048534524404 0.1207425589344867 0.3716073858690825
    outer loop
      vertex 50.75029386009436 -9.365494633980873 16
      vertex 49.08120278010395 -48.094772653851535 32.718393686551835
      vertex 49.08120278010395 -63.311676914573994 37.662665596550994
    endloop
  endfacet
  facet normal 0.9205048534524403 0.12074255893448671 0.37160738586908265
    outer loop
      vertex 49.08120278010395 -23.36730323017754 24.683951832803203
      vertex 44.023676246886474 -44.4129013423279 44.050028408025995
      vertex 49.08120278010395 -48.094772653851535 32.718393686551835
    endloop
  endfacet
  facet normal -0.3039051575742507 0.2944011984864785 0.9060737219064986
    outer loop
      vertex 31.67497698702004 -60.986343284618826 44.819306627903956
      vertex 34.708141745783756 -60.687351519891536 45.739508659956144
      vertex 31.67497698702004 -45.769439023896375 39.875034717904796
    endloop
  endfacet
  facet normal -0.30390515757425135 0.29440119848647833 0.9060737219064985
    outer loop
      vertex 34.708141745783756 -60.687351519891536 45.739508659956144
      vertex 34.708141745783756 -45.47044725916908 40.795236749956985
      vertex 31.67497698702004 -45.769439023896375 39.875034717904796
    endloop
  endfacet
  facet normal -0.3621251985288172 0.28804384581986997 0.8865078022644604
    outer loop
      vertex 38.454528830155255 -60.29838592130051 46.93662167926725
      vertex 41.470684772591625 -59.9362941415376 48.05102558879004
      vertex 38.454528830155255 -45.081481660578056 41.99234976926809
    endloop
  endfacet
  facet normal -0.36212519852881725 0.28804384581986997 0.8865078022644604
    outer loop
      vertex 41.470684772591625 -59.9362941415376 48.05102558879004
      vertex 41.470684772591625 -44.71938988081515 43.10675367879088
      vertex 38.454528830155255 -45.081481660578056 41.99234976926809
    endloop
  endfacet
  facet normal -0.06171855413789256 0.30842788216537265 0.9492434153461962
    outer loop
      vertex 3.56703104699354 -7.218017708460241 22.60925438013858
      vertex 3.56703104699354 -22.434921969182696 27.55352629013774
      vertex 5.343889795203803 -22.400968844782966 27.658023262138457
    endloop
  endfacet
  facet normal -0.061718554137892456 0.30842788216537265 0.9492434153461962
    outer loop
      vertex 3.56703104699354 -7.218017708460241 22.60925438013858
      vertex 5.343889795203803 -22.400968844782966 27.658023262138457
      vertex 5.343889795203803 -7.184064584060511 22.713751352139298
    endloop
  endfacet
  facet normal -0.1232017868891738 0.30666279171211325 0.9438110255165744
    outer loop
      vertex 10.686633432724332 -7.07688591898167 23.04361336518886
      vertex 10.686633432724332 -22.293790179704125 27.98788527518802
      vertex 13.33302522274736 -22.192264760700944 28.30034838585894
    endloop
  endfacet
  facet normal -0.12320178688917384 0.30666279171211325 0.9438110255165744
    outer loop
      vertex 10.686633432724332 -7.07688591898167 23.04361336518886
      vertex 13.33302522274736 -22.192264760700944 28.30034838585894
      vertex 13.33302522274736 -6.975360499978489 23.35607647585978
    endloop
  endfacet
  facet normal 0 0.9510565162951536 -0.3090169943749471
    outer loop
      vertex 3.779840017742145 -9.365494633980873 16
      vertex 5.343889795203803 -7.184064584060511 22.713751352139298
      vertex 9.109238865782451 -9.365494633980873 16
    endloop
  endfacet
  facet normal 8.314862950727868e-16 0.9510565162951535 -0.30901699437494745
    outer loop
      vertex 11.398003700174089 -9.36549463398087 16
      vertex 11.286785523690087 -8.174365721863008 19.66591784347861
      vertex 17.493410530286123 -9.365494633980875 16
    endloop
  endfacet
  facet normal 1.4875229234120556e-15 0.951056516295154 -0.30901699437494645
    outer loop
      vertex 11.286785523690087 -8.174365721863008 19.66591784347861
      vertex 13.33302522274736 -6.975360499978489 23.35607647585978
      vertex 17.493410530286123 -9.365494633980875 16
    endloop
  endfacet
  facet normal 3.3523795221222085e-15 0.9510565162951534 -0.3090169943749478
    outer loop
      vertex 3.779840017742145 -9.365494633980873 16
      vertex 3.689274402158651 -7.579332394385336 21.497242119527257
      vertex 5.343889795203803 -7.184064584060511 22.713751352139298
    endloop
  endfacet
  facet normal 6.83091734681625e-16 0.9510565162951545 -0.3090169943749444
    outer loop
      vertex 3.56703104699354 -7.218017708460241 22.60925438013858
      vertex 5.343889795203803 -7.184064584060511 22.713751352139298
      vertex 3.689274402158651 -7.579332394385336 21.497242119527257
    endloop
  endfacet
  facet normal 8.468325252114826e-16 0.951056516295154 -0.30901699437494606
    outer loop
      vertex 11.286785523690087 -8.174365721863008 19.66591784347861
      vertex 10.686633432724332 -7.07688591898167 23.04361336518886
      vertex 13.33302522274736 -6.975360499978489 23.35607647585978
    endloop
  endfacet
  facet normal -0.18421527410401256 0.30372845297731266 0.9347800594999831
    outer loop
      vertex 17.763276079250932 -6.796861237022075 23.905440718858642
      vertex 20.67115155721457 -21.84535052793086 29.36804060886719
      vertex 20.67115155721457 -6.628446267208407 24.42376869886803
    endloop
  endfacet
  facet normal 0 0.9510565162951534 -0.3090169943749482
    outer loop
      vertex 19.118936955500583 -9.365494633980875 16
      vertex 19.165366854271632 -8.642077978631665 18.22644753068664
      vertex 25.935847223324068 -9.365494633980875 16
    endloop
  endfacet
  facet normal 1.9918373429819796e-16 0.9510565162951535 -0.3090169943749476
    outer loop
      vertex 25.935847223324068 -9.365494633980875 16
      vertex 19.165366854271632 -8.642077978631665 18.22644753068664
      vertex 20.67115155721457 -6.628446267208407 24.42376869886803
    endloop
  endfacet
  facet normal -4.305074148985356e-16 0.9510565162951535 -0.3090169943749475
    outer loop
      vertex 19.165366854271632 -8.642077978631665 18.22644753068664
      vertex 17.763276079250932 -6.796861237022075 23.905440718858642
      vertex 20.67115155721457 -6.628446267208407 24.42376869886803
    endloop
  endfacet
  facet normal -3.446461122300598e-16 0.9510565162951536 -0.30901699437494756
    outer loop
      vertex 27.311153229235195 -8.97533022642742 17.200802573919006
      vertex 24.76870942858157 -6.379041029926018 25.19135909173734
      vertex 27.775749477877778 -6.14470687409997 25.912565465321023
    endloop
  endfacet
  facet normal 0.9205048534524405 0.12074255893448659 0.37160738586908226
    outer loop
      vertex 49.08120278010395 -23.36730323017754 24.683951832803203
      vertex 49.08120278010395 -48.094772653851535 32.718393686551835
      vertex 50.75029386009436 -9.365494633980873 16
    endloop
  endfacet
  facet normal -9.4793122513483e-17 0.9510565162951514 -0.3090169943749539
    outer loop
      vertex 26.78942749315611 -9.365494633980877 16
      vertex 35.70938461328323 -9.16699610451806 16.610915656281193
      vertex 44.611561658393384 -9.365494633980875 16
    endloop
  endfacet
  facet normal -7.952689841312417e-16 0.9510565162951535 -0.3090169943749477
    outer loop
      vertex 26.78942749315611 -9.365494633980877 16
      vertex 27.311153229235195 -8.97533022642742 17.200802573919006
      vertex 33.63796253365858 -8.854542773118421 17.57254813046542
    endloop
  endfacet
  facet normal -4.728418536422243e-16 0.9510565162951531 -0.30901699437494895
    outer loop
      vertex 26.78942749315611 -9.365494633980877 16
      vertex 33.63796253365858 -8.854542773118421 17.57254813046542
      vertex 35.70938461328323 -9.16699610451806 16.610915656281193
    endloop
  endfacet
  facet normal 4.97168927334954e-16 0.951056516295154 -0.3090169943749462
    outer loop
      vertex 35.70938461328323 -9.16699610451806 16.610915656281193
      vertex 40.63213947567259 -7.952258380106731 20.349493952687695
      vertex 44.611561658393384 -9.365494633980875 16
    endloop
  endfacet
  facet normal -3.362955177582602e-15 0.9510565162951529 -0.30901699437494934
    outer loop
      vertex 40.63213947567259 -7.952258380106731 20.349493952687695
      vertex 43.488119847640625 -8.711326509112975 18.01332246845074
      vertex 44.611561658393384 -9.365494633980875 16
    endloop
  endfacet
  facet normal -8.028318569485595e-16 0.9510565162951535 -0.30901699437494745
    outer loop
      vertex 27.311153229235195 -8.97533022642742 17.200802573919006
      vertex 27.775749477877778 -6.14470687409997 25.912565465321023
      vertex 33.63796253365858 -8.854542773118421 17.57254813046542
    endloop
  endfacet
  facet normal 7.779466031362702e-16 0.9510565162951535 -0.3090169943749471
    outer loop
      vertex 35.70938461328323 -9.16699610451806 16.610915656281193
      vertex 31.67497698702004 -5.825065339499925 26.896320954157005
      vertex 34.708141745783756 -5.526073574772628 27.816522986209193
    endloop
  endfacet
  facet normal 1.3161854803406067e-15 0.9510565162951536 -0.30901699437494706
    outer loop
      vertex 35.70938461328323 -9.16699610451806 16.610915656281193
      vertex 34.708141745783756 -5.526073574772628 27.816522986209193
      vertex 40.63213947567259 -7.952258380106731 20.349493952687695
    endloop
  endfacet
  facet normal 7.324018686877715e-16 0.9510565162951538 -0.3090169943749472
    outer loop
      vertex 43.488119847640625 -8.711326509112975 18.01332246845074
      vertex 38.454528830155255 -5.137107976181607 29.013636005520297
      vertex 41.470684772591625 -4.775016196418701 30.12803991504309
    endloop
  endfacet
  facet normal 0.9205048534524405 0.12074255893448672 0.37160738586908243
    outer loop
      vertex 49.08120278010395 -23.36730323017754 24.683951832803203
      vertex 50.75029386009436 -9.365494633980873 16
      vertex 49.08120278010395 -8.150398969455086 19.739679922804044
    endloop
  endfacet
  facet normal 6.03836142686763e-17 0.9510565162951535 -0.3090169943749476
    outer loop
      vertex 44.611561658393384 -9.365494633980875 16
      vertex 43.488119847640625 -8.711326509112975 18.01332246845074
      vertex 49.08120278010395 -8.150398969455086 19.739679922804044
    endloop
  endfacet
  facet normal -2.7520596955002425e-16 0.9510565162951536 -0.3090169943749472
    outer loop
      vertex 44.611561658393384 -9.365494633980875 16
      vertex 49.08120278010395 -8.150398969455086 19.739679922804044
      vertex 50.75029386009436 -9.365494633980873 16
    endloop
  endfacet
  facet normal 5.354657694875931e-17 0.9510565162951535 -0.30901699437494756
    outer loop
      vertex 43.488119847640625 -8.711326509112975 18.01332246845074
      vertex 47.398163653394136 -6.925149148993452 23.51061112416575
      vertex 49.08120278010395 -8.150398969455086 19.739679922804044
    endloop
  endfacet
  facet normal -4.0224176946804105e-16 0.9510565162951535 -0.30901699437494723
    outer loop
      vertex 43.488119847640625 -8.711326509112975 18.01332246845074
      vertex 41.470684772591625 -4.775016196418701 30.12803991504309
      vertex 47.398163653394136 -6.925149148993452 23.51061112416575
    endloop
  endfacet
  facet normal -0.06171855413780733 0.30842788216537415 0.949243415346201
    outer loop
      vertex 3.4785730367570236 -47.16408169369166 35.58276593283374
      vertex 3.56703104699354 -22.434921969182696 27.55352629013774
      vertex 3.4785730367570236 -22.436612270017662 27.548324079085106
    endloop
  endfacet
  facet normal -0.061718554137892165 0.30842788216537254 0.9492434153461963
    outer loop
      vertex 5.343889795203803 -47.12843826845696 35.69246511588709
      vertex 5.343889795203803 -22.400968844782966 27.658023262138457
      vertex 3.56703104699354 -22.434921969182696 27.55352629013774
    endloop
  endfacet
  facet normal -0.06171855413788934 0.30842788216537265 0.9492434153461965
    outer loop
      vertex 5.343889795203803 -47.12843826845696 35.69246511588709
      vertex 10.422455957207323 -22.303925008943764 27.9566934780851
      vertex 5.343889795203803 -22.400968844782966 27.658023262138457
    endloop
  endfacet
  facet normal -0.1232017868891713 0.3066627917121132 0.9438110255165747
    outer loop
      vertex 10.422455957207323 -47.03139443261776 35.99113533183373
      vertex 10.686633432724332 -22.293790179704125 27.98788527518802
      vertex 10.422455957207323 -22.303925008943764 27.9566934780851
    endloop
  endfacet
  facet normal -0.12320178688917388 0.3066627917121131 0.9438110255165743
    outer loop
      vertex 10.686633432724332 -47.02125960337812 36.02232712893665
      vertex 13.33302522274736 -22.192264760700944 28.30034838585894
      vertex 10.686633432724332 -22.293790179704125 27.98788527518802
    endloop
  endfacet
  facet normal -0.12320178688918076 0.3066627917121135 0.9438110255165734
    outer loop
      vertex 10.686633432724332 -47.02125960337812 36.02232712893665
      vertex 17.326599988406127 -22.039056398684167 28.771875239395555
      vertex 13.33302522274736 -22.192264760700944 28.30034838585894
    endloop
  endfacet
  facet normal -0.18421527410400276 0.3037284529773131 0.9347800594999849
    outer loop
      vertex 17.326599988406127 -46.76652582235816 36.80631709314419
      vertex 17.763276079250932 -22.01376549774453 28.8497126288578
      vertex 17.326599988406127 -22.039056398684167 28.771875239395555
    endloop
  endfacet
  facet normal -0.18421527410401242 0.30372845297731255 0.9347800594999831
    outer loop
      vertex 17.763276079250932 -46.741234921418524 36.884154482606434
      vertex 20.67115155721457 -21.84535052793086 29.36804060886719
      vertex 17.763276079250932 -22.01376549774453 28.8497126288578
    endloop
  endfacet
  facet normal -0.18421527410401234 0.30372845297731255 0.9347800594999831
    outer loop
      vertex 17.763276079250932 -46.741234921418524 36.884154482606434
      vertex 24.164680911171473 -21.643016334067156 29.99076122632914
      vertex 20.67115155721457 -21.84535052793086 29.36804060886719
    endloop
  endfacet
  facet normal -0.24452638268504853 0.2996360540496991 0.9221849506929135
    outer loop
      vertex 24.164680911171473 -46.37048575774115 38.02520308007777
      vertex 24.76870942858157 -21.595945290648473 30.1356310017365
      vertex 24.164680911171473 -21.643016334067156 29.99076122632914
    endloop
  endfacet
  facet normal -0.24452638268504742 0.2996360540496991 0.9221849506929137
    outer loop
      vertex 24.76870942858157 -46.32341471432247 38.17007285548513
      vertex 27.775749477877778 -21.361611134822425 30.856837375320183
      vertex 24.76870942858157 -21.595945290648473 30.1356310017365
    endloop
  endfacet
  facet normal -0.18421527410401237 0.3037284529773126 0.9347800594999831
    outer loop
      vertex 20.67115155721457 -46.572819951604856 37.40248246261582
      vertex 24.164680911171473 -46.37048575774115 38.02520308007777
      vertex 24.164680911171473 -21.643016334067156 29.99076122632914
    endloop
  endfacet
  facet normal -0.24452638268504862 0.29963605404969906 0.9221849506929133
    outer loop
      vertex 24.164680911171473 -46.37048575774115 38.02520308007777
      vertex 24.76870942858157 -46.32341471432247 38.17007285548513
      vertex 24.76870942858157 -21.595945290648473 30.1356310017365
    endloop
  endfacet
  facet normal -0.24452638268504742 0.29963605404969934 0.9221849506929135
    outer loop
      vertex 24.76870942858157 -46.32341471432247 38.17007285548513
      vertex 27.775749477877778 -46.08908055849642 38.891279229068815
      vertex 30.91062639268674 -21.117314842319686 31.60870405294881
    endloop
  endfacet
  facet normal -0.24452638268504578 0.29963605404969906 0.9221849506929141
    outer loop
      vertex 24.76870942858157 -46.32341471432247 38.17007285548513
      vertex 30.91062639268674 -21.117314842319686 31.60870405294881
      vertex 27.775749477877778 -21.361611134822425 30.856837375320183
    endloop
  endfacet
  facet normal -0.18421527410401267 0.30372845297731266 0.934780059499983
    outer loop
      vertex 17.763276079250932 -6.796861237022075 23.905440718858642
      vertex 17.763276079250932 -22.01376549774453 28.8497126288578
      vertex 20.67115155721457 -21.84535052793086 29.36804060886719
    endloop
  endfacet
  facet normal -0.24452638268504742 0.2996360540496993 0.9221849506929135
    outer loop
      vertex 24.76870942858157 -6.379041029926018 25.19135909173734
      vertex 24.76870942858157 -21.595945290648473 30.1356310017365
      vertex 27.775749477877778 -21.361611134822425 30.856837375320183
    endloop
  endfacet
  facet normal -0.24452638268504745 0.2996360540496993 0.9221849506929135
    outer loop
      vertex 24.76870942858157 -6.379041029926018 25.19135909173734
      vertex 27.775749477877778 -21.361611134822425 30.856837375320183
      vertex 27.775749477877778 -6.14470687409997 25.912565465321023
    endloop
  endfacet
  facet normal -0.24452638268504573 0.2996360540496993 0.9221849506929141
    outer loop
      vertex 27.775749477877778 -46.08908055849642 38.891279229068815
      vertex 30.91062639268674 -45.84478426599368 39.64314590669744
      vertex 30.91062639268674 -21.117314842319686 31.60870405294881
    endloop
  endfacet
  facet normal -0.303905157574237 0.29440119848647966 0.9060737219065028
    outer loop
      vertex 30.91062639268674 -45.84478426599368 39.64314590669744
      vertex 31.67497698702004 -45.769439023896375 39.875034717904796
      vertex 31.67497698702004 -21.04196960022238 31.840592864156164
    endloop
  endfacet
  facet normal -0.30390515757425135 0.29440119848647905 0.9060737219064983
    outer loop
      vertex 31.67497698702004 -45.769439023896375 39.875034717904796
      vertex 34.708141745783756 -45.47044725916908 40.795236749956985
      vertex 37.538715395464564 -20.463956325613907 33.61953480368744
    endloop
  endfacet
  facet normal -0.30390515757423725 0.29440119848647966 0.9060737219065028
    outer loop
      vertex 30.91062639268674 -45.84478426599368 39.64314590669744
      vertex 31.67497698702004 -21.04196960022238 31.840592864156164
      vertex 30.91062639268674 -21.117314842319686 31.60870405294881
    endloop
  endfacet
  facet normal -0.30390515757425124 0.2944011984864783 0.9060737219064986
    outer loop
      vertex 31.67497698702004 -45.769439023896375 39.875034717904796
      vertex 34.708141745783756 -20.742977835495083 32.76079489620835
      vertex 31.67497698702004 -21.04196960022238 31.840592864156164
    endloop
  endfacet
  facet normal -0.3039051575742442 0.2944011984864781 0.9060737219065008
    outer loop
      vertex 31.67497698702004 -45.769439023896375 39.875034717904796
      vertex 37.538715395464564 -20.463956325613907 33.61953480368744
      vertex 34.708141745783756 -20.742977835495083 32.76079489620835
    endloop
  endfacet
  facet normal -0.303905157574244 0.294401198486479 0.9060737219065007
    outer loop
      vertex 34.708141745783756 -45.47044725916908 40.795236749956985
      vertex 37.538715395464564 -45.1914257492879 41.653976657436075
      vertex 37.538715395464564 -20.463956325613907 33.61953480368744
    endloop
  endfacet
  facet normal -0.3621251985288216 0.28804384581986925 0.8865078022644589
    outer loop
      vertex 37.538715395464564 -45.1914257492879 41.653976657436075
      vertex 38.454528830155255 -45.081481660578056 41.99234976926809
      vertex 38.454528830155255 -20.35401223690406 33.957907915519456
    endloop
  endfacet
  facet normal -0.36212519852882197 0.28804384581986925 0.8865078022644588
    outer loop
      vertex 37.538715395464564 -45.1914257492879 41.653976657436075
      vertex 38.454528830155255 -20.35401223690406 33.957907915519456
      vertex 37.538715395464564 -20.463956325613907 33.61953480368744
    endloop
  endfacet
  facet normal -0.36212519852881697 0.2880438458198698 0.8865078022644605
    outer loop
      vertex 38.454528830155255 -45.081481660578056 41.99234976926809
      vertex 41.470684772591625 -19.991920457141156 35.07231182504225
      vertex 38.454528830155255 -20.35401223690406 33.957907915519456
    endloop
  endfacet
  facet normal -0.36212519852881847 0.28804384581986986 0.8865078022644599
    outer loop
      vertex 38.454528830155255 -45.081481660578056 41.99234976926809
      vertex 44.023676246886474 -19.685431918653904 36.01558655427736
      vertex 41.470684772591625 -19.991920457141156 35.07231182504225
    endloop
  endfacet
  facet normal 0.9205048534524403 0.1207425589344867 0.37160738586908265
    outer loop
      vertex 49.08120278010395 -23.36730323017754 24.683951832803203
      vertex 44.023676246886474 -19.685431918653904 36.01558655427736
      vertex 44.023676246886474 -44.4129013423279 44.050028408025995
    endloop
  endfacet
  facet normal -0.36212519852881714 0.28804384581986964 0.8865078022644605
    outer loop
      vertex 38.454528830155255 -45.081481660578056 41.99234976926809
      vertex 41.470684772591625 -44.71938988081515 43.10675367879088
      vertex 44.023676246886474 -19.685431918653904 36.01558655427736
    endloop
  endfacet
  facet normal -0.3621251985288185 0.2880438458198697 0.88650780226446
    outer loop
      vertex 41.470684772591625 -44.71938988081515 43.10675367879088
      vertex 44.023676246886474 -44.4129013423279 44.050028408025995
      vertex 44.023676246886474 -19.685431918653904 36.01558655427736
    endloop
  endfacet
  facet normal -0.30390515757425135 0.2944011984864784 0.9060737219064984
    outer loop
      vertex 31.67497698702004 -21.04196960022238 31.840592864156164
      vertex 34.708141745783756 -20.742977835495083 32.76079489620835
      vertex 31.67497698702004 -5.825065339499925 26.896320954157005
    endloop
  endfacet
  facet normal -0.3039051575742513 0.2944011984864784 0.9060737219064984
    outer loop
      vertex 34.708141745783756 -20.742977835495083 32.76079489620835
      vertex 34.708141745783756 -5.526073574772628 27.816522986209193
      vertex 31.67497698702004 -5.825065339499925 26.896320954157005
    endloop
  endfacet
  facet normal -0.36212519852881714 0.2880438458198699 0.8865078022644605
    outer loop
      vertex 38.454528830155255 -20.35401223690406 33.957907915519456
      vertex 41.470684772591625 -19.991920457141156 35.07231182504225
      vertex 38.454528830155255 -5.137107976181607 29.013636005520297
    endloop
  endfacet
  facet normal -0.3621251985288171 0.28804384581986997 0.8865078022644606
    outer loop
      vertex 41.470684772591625 -19.991920457141156 35.07231182504225
      vertex 41.470684772591625 -4.775016196418701 30.12803991504309
      vertex 38.454528830155255 -5.137107976181607 29.013636005520297
    endloop
  endfacet
  facet normal 0.9205048534524413 0.12074255893448207 0.371607385869082
    outer loop
      vertex 65.13662653930584 -75 1.6897060593499091
      vertex 65.89077485405038 -75.54901877952688 0
      vertex 65.81876009813189 -75 0
    endloop
  endfacet
  facet normal -1 0 0
    outer loop
      vertex -96.0362 -75 5.6
      vertex -96.0362 -73 5.6
      vertex -96.0362 -75 0
    endloop
  endfacet
  facet normal -1 0 0
    outer loop
      vertex -96.0362 -75 7.6
      vertex -96.0362 -75 10.4
      vertex -96.0362 -73 7.6
    endloop
  endfacet
  facet normal -1 0 0
    outer loop
      vertex -96.0362 -75 10.4
      vertex -96.0362 -73 10.4
      vertex -96.0362 -73 7.6
    endloop
  endfacet
  facet normal -1 0 0
    outer loop
      vertex -96.0362 -75 12.4
      vertex -96.0362 -75 16
      vertex -96.0362 -73 12.4
    endloop
  endfacet
  facet normal 0 -1 0
    outer loop
      vertex -96.0362 -75 5.6
      vertex -96.0362 -75 0
      vertex -65.13662653930584 -75 1.6897060593499091
    endloop
  endfacet
  facet normal 0 -1 0
    outer loop
      vertex -65.13662653930584 -75 1.6897060593499091
      vertex -96.0362 -75 0
      vertex -65.81876009813189 -75 0
    endloop
  endfacet
  facet normal 0 0 1
    outer loop
      vertex -96.0362 -75 16
      vertex -19.04256482039338 -70.35030363980037 16
      vertex -58.749667103892286 -70.35030363980037 16
    endloop
  endfacet
  facet normal 0 0 1
    outer loop
      vertex -96.0362 -75 16
      vertex -58.749667103892286 -70.35030363980037 16
      vertex -50.75029386009436 -9.365494633980873 16
    endloop
  endfacet
  facet normal -1 0 0
    outer loop
      vertex -96.0362 -73 5.6
      vertex -96.0362 75 16
      vertex -96.0362 -75 0
    endloop
  endfacet
  facet normal -1 0 0
    outer loop
      vertex -96.0362 -73 5.6
      vertex -96.0362 -73 7.6
      vertex -96.0362 75 16
    endloop
  endfacet
  facet normal -1 0 0
    outer loop
      vertex -96.0362 -73 7.6
      vertex -96.0362 -73 10.4
      vertex -96.0362 75 16
    endloop
  endfacet
  facet normal -1 0 0
    outer loop
      vertex -96.0362 -73 10.4
      vertex -96.0362 -73 12.4
      vertex -96.0362 75 16
    endloop
  endfacet
  facet normal -1 0 0
    outer loop
      vertex -96.0362 -75 16
      vertex -96.0362 75 16
      vertex -96.0362 -73 12.4
    endloop
  endfacet
  facet normal 0 0 1
    outer loop
      vertex -96.0362 -75 16
      vertex -50.75029386009436 -9.365494633980873 16
      vertex -96.0362 75 16
    endloop
  endfacet
  facet normal 0 -1 0
    outer loop
      vertex -96.0362 -75 5.6
      vertex -65.13662653930584 -75 1.6897060593499091
      vertex 65.13662653930584 -75 1.6897060593499091
    endloop
  endfacet
  facet normal 0 -1 0
    outer loop
      vertex -96.0362 -75 7.6
      vertex 96.0362 -75 10.4
      vertex -96.0362 -75 10.4
    endloop
  endfacet
  facet normal 0 -1 0
    outer loop
      vertex -96.0362 -75 12.4
      vertex 96.0362 -75 16
      vertex -96.0362 -75 16
    endloop
  endfacet
  facet normal 0 0 1
    outer loop
      vertex -96.0362 -75 16
      vertex 96.0362 -75 16
      vertex -19.04256482039338 -70.35030363980037 16
    endloop
  endfacet
  facet normal -1 0 0
    outer loop
      vertex -96.0362 75 16
      vertex -96.0362 75 0
      vertex -96.0362 -75 0
    endloop
  endfacet
  facet normal 0 0 1
    outer loop
      vertex -50.75029386009436 -9.365494633980873 16
      vertex -21.66698710145491 -9.365494633980873 16
      vertex -96.0362 75 16
    endloop
  endfacet
  facet normal 0 0 1
    outer loop
      vertex -21.66698710145491 -9.365494633980873 16
      vertex 0.47982167891742966 -9.365494633980873 16
      vertex -96.0362 75 16
    endloop
  endfacet
  facet normal 0 0 1
    outer loop
      vertex -96.0362 75 16
      vertex 0.47982167891742966 -9.365494633980873 16
      vertex 3.779840017742145 -9.365494633980873 16
    endloop
  endfacet
  facet normal 0 0 1
    outer loop
      vertex -96.0362 75 16
      vertex 3.779840017742145 -9.365494633980873 16
      vertex 9.109238865782451 -9.365494633980873 16
    endloop
  endfacet
  facet normal 0 0 1
    outer loop
      vertex -96.0362 75 16
      vertex 9.109238865782451 -9.365494633980873 16
      vertex 11.398003700174089 -9.36549463398087 16
    endloop
  endfacet
  facet normal 0 1 0
    outer loop
      vertex -96.0362 75 16
      vertex 96.0362 75 0
      vertex -96.0362 75 0
    endloop
  endfacet
  facet normal 0 -1 0
    outer loop
      vertex -96.0362 -75 5.6
      vertex 65.13662653930584 -75 1.6897060593499091
      vertex 96.0362 -75 5.6
    endloop
  endfacet
  facet normal 0 -1 0
    outer loop
      vertex -96.0362 -75 7.6
      vertex 96.0362 -75 7.6
      vertex 96.0362 -75 10.4
    endloop
  endfacet
  facet normal 0 -1 0
    outer loop
      vertex -96.0362 -75 12.4
      vertex 96.0362 -75 12.4
      vertex 96.0362 -75 16
    endloop
  endfacet
  facet normal 0 0 1
    outer loop
      vertex -19.04256482039338 -70.35030363980037 16
      vertex 96.0362 -75 16
      vertex 55.22390794815279 -70.35030363980037 16
    endloop
  endfacet
  facet normal 0 -1 0
    outer loop
      vertex 65.13662653930584 -75 1.6897060593499091
      vertex 65.81876009813189 -75 0
      vertex 96.0362 -75 5.6
    endloop
  endfacet
  facet normal 0 0 1
    outer loop
      vertex 55.22390794815279 -70.35030363980037 16
      vertex 96.0362 -75 16
      vertex 58.749667103892286 -70.35030363980037 16
    endloop
  endfacet
  facet normal 0 0 1
    outer loop
      vertex 50.75029386009436 -9.365494633980873 16
      vertex 58.749667103892286 -70.35030363980037 16
      vertex 96.0362 -75 16
    endloop
  endfacet
  facet normal 0 -1 0
    outer loop
      vertex 96.0362 -75 5.6
      vertex 65.81876009813189 -75 0
      vertex 96.0362 -75 0
    endloop
  endfacet
  facet normal 1 0 0
    outer loop
      vertex 96.0362 -75 5.6
      vertex 96.0362 -75 0
      vertex 96.0362 -73 5.6
    endloop
  endfacet
  facet normal 1 0 0
    outer loop
      vertex 96.0362 -75 7.6
      vertex 96.0362 -73 7.6
      vertex 96.0362 -73 10.4
    endloop
  endfacet
  facet normal 1 0 0
    outer loop
      vertex 96.0362 -75 7.6
      vertex 96.0362 -73 10.4
      vertex 96.0362 -75 10.4
    endloop
  endfacet
  facet normal 1 0 0
    outer loop
      vertex 96.0362 -75 12.4
      vertex 96.0362 -73 12.4
      vertex 96.0362 -75 16
    endloop
  endfacet
  facet normal 0 0 1
    outer loop
      vertex 50.75029386009436 -9.365494633980873 16
      vertex 96.0362 -75 16
      vertex 96.0362 75 16
    endloop
  endfacet
  facet normal 1 0 0
    outer loop
      vertex 96.0362 -73 5.6
      vertex 96.0362 -75 0
      vertex 96.0362 75 0
    endloop
  endfacet
  facet normal 1 0 0
    outer loop
      vertex 96.0362 -73 5.6
      vertex 96.0362 75 0
      vertex 96.0362 -73 7.6
    endloop
  endfacet
  facet normal 1 0 0
    outer loop
      vertex 96.0362 -73 7.6
      vertex 96.0362 75 0
      vertex 96.0362 -73 10.4
    endloop
  endfacet
  facet normal 1 0 0
    outer loop
      vertex 96.0362 -75 16
      vertex 96.0362 -73 12.4
      vertex 96.0362 75 0
    endloop
  endfacet
  facet normal 1 0 0
    outer loop
      vertex 96.0362 -73 10.4
      vertex 96.0362 75 0
      vertex 96.0362 -73 12.4
    endloop
  endfacet
  facet normal 0 0 1
    outer loop
      vertex 11.398003700174089 -9.36549463398087 16
      vertex 17.493410530286123 -9.365494633980875 16
      vertex 96.0362 75 16
    endloop
  endfacet
  facet normal 0 0 1
    outer loop
      vertex 17.493410530286123 -9.365494633980875 16
      vertex 19.118936955500583 -9.365494633980875 16
      vertex 96.0362 75 16
    endloop
  endfacet
  facet normal 0 0 1
    outer loop
      vertex 19.118936955500583 -9.365494633980875 16
      vertex 25.935847223324068 -9.365494633980875 16
      vertex 96.0362 75 16
    endloop
  endfacet
  facet normal 0 0 1
    outer loop
      vertex 25.935847223324068 -9.365494633980875 16
      vertex 26.78942749315611 -9.365494633980877 16
      vertex 96.0362 75 16
    endloop
  endfacet
  facet normal 0 0 1
    outer loop
      vertex 26.78942749315611 -9.365494633980877 16
      vertex 44.611561658393384 -9.365494633980875 16
      vertex 96.0362 75 16
    endloop
  endfacet
  facet normal 0 0 1
    outer loop
      vertex -96.0362 75 16
      vertex 11.398003700174089 -9.36549463398087 16
      vertex 96.0362 75 16
    endloop
  endfacet
  facet normal 0 1 0
    outer loop
      vertex -96.0362 75 16
      vertex 96.0362 75 16
      vertex 96.0362 75 0
    endloop
  endfacet
  facet normal 0 0 1
    outer loop
      vertex 44.611561658393384 -9.365494633980875 16
      vertex 50.75029386009436 -9.365494633980873 16
      vertex 96.0362 75 16
    endloop
  endfacet
  facet normal 1 0 0
    outer loop
      vertex 96.0362 -75 16
      vertex 96.0362 75 0
      vertex 96.0362 75 16
    endloop
  endfacet
  facet normal 0 0 -1
    outer loop
      vertex -96.0362 -75 0
      vertex 96.0362 75 0
      vertex -65.81876009813189 -75 0
    endloop
  endfacet
  facet normal 0 0 -1
    outer loop
      vertex 96.0362 75 0
      vertex -65.89077485405038 -75.54901877952688 0
      vertex -65.81876009813189 -75 0
    endloop
  endfacet
  facet normal 0 0 -1
    outer loop
      vertex -96.0362 -75 0
      vertex -96.0362 75 0
      vertex 96.0362 75 0
    endloop
  endfacet
  facet normal 0 0 -1
    outer loop
      vertex 65.89077485405038 -75.54901877952688 0
      vertex -65.89077485405038 -75.54901877952688 0
      vertex 65.81876009813189 -75 0
    endloop
  endfacet
  facet normal 0 0 -1
    outer loop
      vertex 96.0362 75 0
      vertex 65.81876009813189 -75 0
      vertex -65.89077485405038 -75.54901877952688 0
    endloop
  endfacet
  facet normal 0 0 -1
    outer loop
      vertex 96.0362 75 0
      vertex 96.0362 -75 0
      vertex 65.81876009813189 -75 0
    endloop
  endfacet
endsolid OpenSCAD_Model
