solid OpenSCAD_Model
  facet normal 0.8492021815265958 0.5280678506503407 0
    outer loop
      vertex 105.19775681356646 -0.85 3
      vertex 105.25650165908567 -0.9444693961333237 0
      vertex 105.19775681356646 -0.85 0
    endloop
  endfacet
  facet normal 0.9569403357322234 0.2902846772544146 0
    outer loop
      vertex 105.02792609530859 -0.43999237667428526 3
      vertex 105.06021877985832 -0.5464470910153747 0
      vertex 105.02792609530859 -0.43999237667428526 0
    endloop
  endfacet
  facet normal 0.881921264348333 0.4713967368260391 0
    outer loop
      vertex 105.14531633939443 -0.7518907733723021 3
      vertex 105.19775681356646 -0.85 0
      vertex 105.14531633939443 -0.7518907733723021 0
    endloop
  endfacet
  facet normal 0.9108638249211992 0.41270702980434326 0
    outer loop
      vertex 105.09940479473082 -0.6505618350206526 3
      vertex 105.14531633939443 -0.7518907733723021 0
      vertex 105.09940479473082 -0.6505618350206526 0
    endloop
  endfacet
  facet normal 0.9359059267573061 0.35225004792128556 0
    outer loop
      vertex 105.06021877985832 -0.5464470910153747 3
      vertex 105.09940479473082 -0.6505618350206526 0
      vertex 105.06021877985832 -0.5464470910153747 0
    endloop
  endfacet
  facet normal 0.9738769792773242 0.22707626303441397 0
    outer loop
      vertex 105.0026650233145 -0.33165354742741804 3
      vertex 105.02792609530859 -0.43999237667428526 0
      vertex 105.0026650233145 -0.33165354742741804 0
    endloop
  endfacet
  facet normal 0.9866433320848937 0.16289547339449886 0
    outer loop
      vertex 104.98454373566453 -0.22189452677408766 3
      vertex 105.0026650233145 -0.33165354742741804 0
      vertex 104.98454373566453 -0.22189452677408766 0
    endloop
  endfacet
  facet normal 0.9951847266721928 0.09801714032960228 0
    outer loop
      vertex 104.97363983049438 -0.1111853196912432 3
      vertex 104.98454373566453 -0.22189452677408766 0
      vertex 104.97363983049438 -0.1111853196912432 0
    endloop
  endfacet
  facet normal 0.9994645874763642 0.03271908282181864 0
    outer loop
      vertex 104.97 0 3
      vertex 104.97363983049438 -0.1111853196912432 0
      vertex 104.97 0 0
    endloop
  endfacet
  facet normal -0.03271908282177627 0.9994645874763656 0
    outer loop
      vertex 106.67 -1.7 3
      vertex 106.78118531969125 -1.6963601695056258 0
      vertex 106.67 -1.7 0
    endloop
  endfacet
  facet normal 0.6343932841636857 0.7730104533627039 0
    outer loop
      vertex 105.54911211432989 -1.2781276727142616 3
      vertex 105.63510557068517 -1.3487006784950997 0
      vertex 105.54911211432989 -1.2781276727142616 0
    endloop
  endfacet
  facet normal 0.5824776968677934 0.8128466845916215 0
    outer loop
      vertex 105.63510557068517 -1.3487006784950997 3
      vertex 105.72553060386667 -1.413498340914327 0
      vertex 105.63510557068517 -1.3487006784950997 0
    endloop
  endfacet
  facet normal 0.7730104533627122 0.6343932841636755 0
    outer loop
      vertex 105.3212993215049 -1.034894429314825 3
      vertex 105.39187232728574 -1.120887885670117 0
      vertex 105.3212993215049 -1.034894429314825 0
    endloop
  endfacet
  facet normal 0.7298640726978373 0.6835923020228695 0
    outer loop
      vertex 105.39187232728574 -1.120887885670117 3
      vertex 105.46791847198287 -1.2020815280171309 0
      vertex 105.39187232728574 -1.120887885670117 0
    endloop
  endfacet
  facet normal 0.8128466845916289 0.5824776968677832 0
    outer loop
      vertex 105.25650165908567 -0.9444693961333237 3
      vertex 105.3212993215049 -1.034894429314825 0
      vertex 105.25650165908567 -0.9444693961333237 0
    endloop
  endfacet
  facet normal 0.6835923020228556 0.7298640726978504 0
    outer loop
      vertex 105.46791847198287 -1.2020815280171309 3
      vertex 105.54911211432989 -1.2781276727142616 0
      vertex 105.46791847198287 -1.2020815280171309 0
    endloop
  endfacet
  facet normal 0.4713967368259934 0.8819212643483573 0
    outer loop
      vertex 105.82000000000001 -1.4722431864335457 3
      vertex 105.9181092266277 -1.52468366060557 0
      vertex 105.82000000000001 -1.4722431864335457 0
    endloop
  endfacet
  facet normal 0.5280678506503256 0.8492021815266053 0
    outer loop
      vertex 105.72553060386667 -1.413498340914327 3
      vertex 105.82000000000001 -1.4722431864335457 0
      vertex 105.72553060386667 -1.413498340914327 0
    endloop
  endfacet
  facet normal 0.41270702980441937 0.9108638249211647 0
    outer loop
      vertex 105.9181092266277 -1.52468366060557 3
      vertex 106.01943816497935 -1.5705952052691874 0
      vertex 105.9181092266277 -1.52468366060557 0
    endloop
  endfacet
  facet normal 0.35225004792125064 0.9359059267573193 0
    outer loop
      vertex 106.01943816497935 -1.5705952052691874 3
      vertex 106.12355290898462 -1.6097812201416797 0
      vertex 106.01943816497935 -1.5705952052691874 0
    endloop
  endfacet
  facet normal 0.29028467725444157 0.9569403357322152 0
    outer loop
      vertex 106.12355290898462 -1.6097812201416797 3
      vertex 106.23000762332572 -1.6420739046914161 0
      vertex 106.12355290898462 -1.6097812201416797 0
    endloop
  endfacet
  facet normal 0.22707626303438427 0.9738769792773312 0
    outer loop
      vertex 106.23000762332572 -1.6420739046914161 3
      vertex 106.33834645257258 -1.6673349766854917 0
      vertex 106.23000762332572 -1.6420739046914161 0
    endloop
  endfacet
  facet normal 0.16289547339459123 0.9866433320848785 0
    outer loop
      vertex 106.33834645257258 -1.6673349766854917 3
      vertex 106.44810547322591 -1.6854562643354776 0
      vertex 106.33834645257258 -1.6673349766854917 0
    endloop
  endfacet
  facet normal 0.09801714032955713 0.9951847266721973 0
    outer loop
      vertex 106.44810547322591 -1.6854562643354776 3
      vertex 106.55881468030876 -1.6963601695056258 0
      vertex 106.44810547322591 -1.6854562643354776 0
    endloop
  endfacet
  facet normal 0.03271908282177627 0.9994645874763656 0
    outer loop
      vertex 106.55881468030876 -1.6963601695056258 3
      vertex 106.67 -1.7 0
      vertex 106.55881468030876 -1.6963601695056258 0
    endloop
  endfacet
  facet normal -0.09801714032955713 0.9951847266721973 0
    outer loop
      vertex 106.78118531969125 -1.6963601695056258 3
      vertex 106.8918945267741 -1.6854562643354776 0
      vertex 106.78118531969125 -1.6963601695056258 0
    endloop
  endfacet
  facet normal -0.16289547339459123 0.9866433320848785 0
    outer loop
      vertex 106.8918945267741 -1.6854562643354776 3
      vertex 107.00165354742742 -1.6673349766854917 0
      vertex 106.8918945267741 -1.6854562643354776 0
    endloop
  endfacet
  facet normal -0.22707626303438427 0.9738769792773312 0
    outer loop
      vertex 107.00165354742742 -1.6673349766854917 3
      vertex 107.10999237667428 -1.6420739046914161 0
      vertex 107.00165354742742 -1.6673349766854917 0
    endloop
  endfacet
  facet normal -0.29028467725444157 0.9569403357322152 0
    outer loop
      vertex 107.10999237667428 -1.6420739046914161 3
      vertex 107.21644709101538 -1.6097812201416797 0
      vertex 107.10999237667428 -1.6420739046914161 0
    endloop
  endfacet
  facet normal -0.35225004792125064 0.9359059267573193 0
    outer loop
      vertex 107.21644709101538 -1.6097812201416797 3
      vertex 107.32056183502065 -1.5705952052691874 0
      vertex 107.21644709101538 -1.6097812201416797 0
    endloop
  endfacet
  facet normal -0.41270702980441937 0.9108638249211647 0
    outer loop
      vertex 107.32056183502065 -1.5705952052691874 3
      vertex 107.4218907733723 -1.52468366060557 0
      vertex 107.32056183502065 -1.5705952052691874 0
    endloop
  endfacet
  facet normal -0.4713967368259934 0.8819212643483573 0
    outer loop
      vertex 107.4218907733723 -1.52468366060557 3
      vertex 107.52 -1.4722431864335457 0
      vertex 107.4218907733723 -1.52468366060557 0
    endloop
  endfacet
  facet normal -0.5280678506503256 0.8492021815266053 0
    outer loop
      vertex 107.52 -1.4722431864335457 3
      vertex 107.61446939613333 -1.413498340914327 0
      vertex 107.52 -1.4722431864335457 0
    endloop
  endfacet
  facet normal -0.5824776968677934 0.8128466845916215 0
    outer loop
      vertex 107.61446939613333 -1.413498340914327 3
      vertex 107.70489442931483 -1.3487006784950997 0
      vertex 107.61446939613333 -1.413498340914327 0
    endloop
  endfacet
  facet normal -0.6343932841636857 0.7730104533627039 0
    outer loop
      vertex 107.70489442931483 -1.3487006784950997 3
      vertex 107.79088788567012 -1.2781276727142616 0
      vertex 107.70489442931483 -1.3487006784950997 0
    endloop
  endfacet
  facet normal -0.6835923020228556 0.7298640726978504 0
    outer loop
      vertex 107.79088788567012 -1.2781276727142616 3
      vertex 107.87208152801713 -1.2020815280171309 0
      vertex 107.79088788567012 -1.2781276727142616 0
    endloop
  endfacet
  facet normal -0.7298640726978373 0.6835923020228695 0
    outer loop
      vertex 107.87208152801713 -1.2020815280171309 3
      vertex 107.94812767271426 -1.120887885670117 0
      vertex 107.87208152801713 -1.2020815280171309 0
    endloop
  endfacet
  facet normal -0.7730104533627122 0.6343932841636755 0
    outer loop
      vertex 107.94812767271426 -1.120887885670117 3
      vertex 108.01870067849511 -1.034894429314825 0
      vertex 107.94812767271426 -1.120887885670117 0
    endloop
  endfacet
  facet normal -0.8128466845916289 0.5824776968677832 0
    outer loop
      vertex 108.01870067849511 -1.034894429314825 3
      vertex 108.08349834091433 -0.9444693961333237 0
      vertex 108.01870067849511 -1.034894429314825 0
    endloop
  endfacet
  facet normal -0.8492021815265958 0.5280678506503407 0
    outer loop
      vertex 108.08349834091433 -0.9444693961333237 3
      vertex 108.14224318643355 -0.85 0
      vertex 108.08349834091433 -0.9444693961333237 0
    endloop
  endfacet
  facet normal -0.881921264348333 0.4713967368260391 0
    outer loop
      vertex 108.14224318643355 -0.85 3
      vertex 108.19468366060558 -0.7518907733723021 0
      vertex 108.14224318643355 -0.85 0
    endloop
  endfacet
  facet normal -0.9108638249211992 0.41270702980434326 0
    outer loop
      vertex 108.19468366060558 -0.7518907733723021 3
      vertex 108.24059520526919 -0.6505618350206526 0
      vertex 108.19468366060558 -0.7518907733723021 0
    endloop
  endfacet
  facet normal -0.9359059267573061 0.35225004792128556 0
    outer loop
      vertex 108.24059520526919 -0.6505618350206526 3
      vertex 108.27978122014169 -0.5464470910153747 0
      vertex 108.24059520526919 -0.6505618350206526 0
    endloop
  endfacet
  facet normal -0.9569403357322234 0.2902846772544146 0
    outer loop
      vertex 108.27978122014169 -0.5464470910153747 3
      vertex 108.31207390469142 -0.43999237667428526 0
      vertex 108.27978122014169 -0.5464470910153747 0
    endloop
  endfacet
  facet normal -0.9738769792773242 0.22707626303441397 0
    outer loop
      vertex 108.31207390469142 -0.43999237667428526 3
      vertex 108.3373349766855 -0.33165354742741804 0
      vertex 108.31207390469142 -0.43999237667428526 0
    endloop
  endfacet
  facet normal -0.9866433320848937 0.16289547339449886 0
    outer loop
      vertex 108.3373349766855 -0.33165354742741804 3
      vertex 108.35545626433547 -0.22189452677408766 0
      vertex 108.3373349766855 -0.33165354742741804 0
    endloop
  endfacet
  facet normal -0.9951847266721928 0.09801714032960228 0
    outer loop
      vertex 108.35545626433547 -0.22189452677408766 3
      vertex 108.36636016950563 -0.1111853196912432 0
      vertex 108.35545626433547 -0.22189452677408766 0
    endloop
  endfacet
  facet normal -0.9994645874763642 0.03271908282181864 0
    outer loop
      vertex 108.36636016950563 -0.1111853196912432 3
      vertex 108.37 0 0
      vertex 108.36636016950563 -0.1111853196912432 0
    endloop
  endfacet
  facet normal 0.8492021815265958 0.5280678506503407 0
    outer loop
      vertex 105.25650165908567 -0.9444693961333237 3
      vertex 105.25650165908567 -0.9444693961333237 0
      vertex 105.19775681356646 -0.85 3
    endloop
  endfacet
  facet normal 0.9569403357322234 0.2902846772544146 0
    outer loop
      vertex 105.06021877985832 -0.5464470910153747 3
      vertex 105.06021877985832 -0.5464470910153747 0
      vertex 105.02792609530859 -0.43999237667428526 3
    endloop
  endfacet
  facet normal 0.881921264348333 0.4713967368260391 0
    outer loop
      vertex 105.19775681356646 -0.85 3
      vertex 105.19775681356646 -0.85 0
      vertex 105.14531633939443 -0.7518907733723021 3
    endloop
  endfacet
  facet normal 0.9108638249211992 0.41270702980434326 0
    outer loop
      vertex 105.14531633939443 -0.7518907733723021 3
      vertex 105.14531633939443 -0.7518907733723021 0
      vertex 105.09940479473082 -0.6505618350206526 3
    endloop
  endfacet
  facet normal 0.9359059267573061 0.35225004792128556 0
    outer loop
      vertex 105.09940479473082 -0.6505618350206526 3
      vertex 105.09940479473082 -0.6505618350206526 0
      vertex 105.06021877985832 -0.5464470910153747 3
    endloop
  endfacet
  facet normal 0.9738769792773242 0.22707626303441397 0
    outer loop
      vertex 105.02792609530859 -0.43999237667428526 3
      vertex 105.02792609530859 -0.43999237667428526 0
      vertex 105.0026650233145 -0.33165354742741804 3
    endloop
  endfacet
  facet normal 0.9866433320848937 0.16289547339449886 0
    outer loop
      vertex 105.0026650233145 -0.33165354742741804 3
      vertex 105.0026650233145 -0.33165354742741804 0
      vertex 104.98454373566453 -0.22189452677408766 3
    endloop
  endfacet
  facet normal 0.9951847266721928 0.09801714032960228 -1.0021188648122902e-19
    outer loop
      vertex 104.97363983049438 -0.1111853196912432 3
      vertex 104.98454373566453 -0.22189452677408766 3
      vertex 104.98454373566453 -0.22189452677408766 0
    endloop
  endfacet
  facet normal 0.9994645874763642 0.03271908282181864 0
    outer loop
      vertex 104.97363983049438 -0.1111853196912432 3
      vertex 104.97363983049438 -0.1111853196912432 0
      vertex 104.97 0 3
    endloop
  endfacet
  facet normal 0.03271908282177627 0.9994645874763656 -4.3533048312030126e-20
    outer loop
      vertex 106.55881468030876 -1.6963601695056258 3
      vertex 106.67 -1.7 3
      vertex 106.67 -1.7 0
    endloop
  endfacet
  facet normal 0.6343932841636857 0.7730104533627039 9.492980718754717e-20
    outer loop
      vertex 105.54911211432989 -1.2781276727142616 3
      vertex 105.63510557068517 -1.3487006784950997 3
      vertex 105.63510557068517 -1.3487006784950997 0
    endloop
  endfacet
  facet normal 0.5824776968677934 0.8128466845916215 -2.3396997520518055e-19
    outer loop
      vertex 105.63510557068517 -1.3487006784950997 3
      vertex 105.72553060386667 -1.413498340914327 3
      vertex 105.72553060386667 -1.413498340914327 0
    endloop
  endfacet
  facet normal 0.7730104533627122 0.6343932841636755 0
    outer loop
      vertex 105.39187232728574 -1.120887885670117 3
      vertex 105.39187232728574 -1.120887885670117 0
      vertex 105.3212993215049 -1.034894429314825 3
    endloop
  endfacet
  facet normal 0.7298640726978373 0.6835923020228695 -7.67948778815344e-19
    outer loop
      vertex 105.39187232728574 -1.120887885670117 3
      vertex 105.46791847198287 -1.2020815280171309 3
      vertex 105.46791847198287 -1.2020815280171309 0
    endloop
  endfacet
  facet normal 0.8128466845916289 0.5824776968677832 6.268323330956869e-20
    outer loop
      vertex 105.25650165908567 -0.9444693961333237 3
      vertex 105.3212993215049 -1.034894429314825 3
      vertex 105.3212993215049 -1.034894429314825 0
    endloop
  endfacet
  facet normal 0.6835923020228556 0.7298640726978504 0
    outer loop
      vertex 105.54911211432989 -1.2781276727142616 3
      vertex 105.54911211432989 -1.2781276727142616 0
      vertex 105.46791847198287 -1.2020815280171309 3
    endloop
  endfacet
  facet normal 0.4713967368259934 0.8819212643483573 1.027602232862494e-18
    outer loop
      vertex 105.82000000000001 -1.4722431864335457 3
      vertex 105.9181092266277 -1.52468366060557 3
      vertex 105.9181092266277 -1.52468366060557 0
    endloop
  endfacet
  facet normal 0.5280678506503256 0.8492021815266053 7.145751170003134e-20
    outer loop
      vertex 105.72553060386667 -1.413498340914327 3
      vertex 105.82000000000001 -1.4722431864335457 3
      vertex 105.82000000000001 -1.4722431864335457 0
    endloop
  endfacet
  facet normal 0.41270702980441937 0.9108638249211647 -1.0711864367248878e-18
    outer loop
      vertex 105.9181092266277 -1.52468366060557 3
      vertex 106.01943816497935 -1.5705952052691874 3
      vertex 106.01943816497935 -1.5705952052691874 0
    endloop
  endfacet
  facet normal 0.35225004792125064 0.9359059267573193 -3.522070069829291e-19
    outer loop
      vertex 106.01943816497935 -1.5705952052691874 3
      vertex 106.12355290898462 -1.6097812201416797 3
      vertex 106.12355290898462 -1.6097812201416797 0
    endloop
  endfacet
  facet normal 0.29028467725444157 0.9569403357322152 -6.117580710846372e-19
    outer loop
      vertex 106.12355290898462 -1.6097812201416797 3
      vertex 106.23000762332572 -1.6420739046914161 3
      vertex 106.23000762332572 -1.6420739046914161 0
    endloop
  endfacet
  facet normal 0.22707626303438427 0.9738769792773312 2.5250971473025533e-19
    outer loop
      vertex 106.23000762332572 -1.6420739046914161 3
      vertex 106.33834645257258 -1.6673349766854917 3
      vertex 106.33834645257258 -1.6673349766854917 0
    endloop
  endfacet
  facet normal 0.16289547339459123 0.9866433320848785 5.148814904628537e-19
    outer loop
      vertex 106.33834645257258 -1.6673349766854917 3
      vertex 106.44810547322591 -1.6854562643354776 3
      vertex 106.44810547322591 -1.6854562643354776 0
    endloop
  endfacet
  facet normal 0.09801714032955713 0.9951847266721973 0
    outer loop
      vertex 106.55881468030876 -1.6963601695056258 3
      vertex 106.55881468030876 -1.6963601695056258 0
      vertex 106.44810547322591 -1.6854562643354776 3
    endloop
  endfacet
  facet normal -0.03271908282177627 0.9994645874763656 4.3533048312030126e-20
    outer loop
      vertex 106.67 -1.7 3
      vertex 106.78118531969125 -1.6963601695056258 3
      vertex 106.78118531969125 -1.6963601695056258 0
    endloop
  endfacet
  facet normal -0.09801714032955713 0.9951847266721973 2.746605188369776e-19
    outer loop
      vertex 106.78118531969125 -1.6963601695056258 3
      vertex 106.8918945267741 -1.6854562643354776 3
      vertex 106.8918945267741 -1.6854562643354776 0
    endloop
  endfacet
  facet normal -0.16289547339459123 0.9866433320848785 -5.148814904628537e-19
    outer loop
      vertex 106.8918945267741 -1.6854562643354776 3
      vertex 107.00165354742742 -1.6673349766854917 3
      vertex 107.00165354742742 -1.6673349766854917 0
    endloop
  endfacet
  facet normal -0.22707626303438427 0.9738769792773312 -2.5250971473025533e-19
    outer loop
      vertex 107.00165354742742 -1.6673349766854917 3
      vertex 107.10999237667428 -1.6420739046914161 3
      vertex 107.10999237667428 -1.6420739046914161 0
    endloop
  endfacet
  facet normal -0.29028467725444157 0.9569403357322152 6.117580710846372e-19
    outer loop
      vertex 107.10999237667428 -1.6420739046914161 3
      vertex 107.21644709101538 -1.6097812201416797 3
      vertex 107.21644709101538 -1.6097812201416797 0
    endloop
  endfacet
  facet normal -0.35225004792125064 0.9359059267573193 3.522070069829291e-19
    outer loop
      vertex 107.21644709101538 -1.6097812201416797 3
      vertex 107.32056183502065 -1.5705952052691874 3
      vertex 107.32056183502065 -1.5705952052691874 0
    endloop
  endfacet
  facet normal -0.41270702980441937 0.9108638249211647 1.0711864367248878e-18
    outer loop
      vertex 107.32056183502065 -1.5705952052691874 3
      vertex 107.4218907733723 -1.52468366060557 3
      vertex 107.4218907733723 -1.52468366060557 0
    endloop
  endfacet
  facet normal -0.4713967368259934 0.8819212643483573 -1.027602232862494e-18
    outer loop
      vertex 107.4218907733723 -1.52468366060557 3
      vertex 107.52 -1.4722431864335457 3
      vertex 107.52 -1.4722431864335457 0
    endloop
  endfacet
  facet normal -0.5280678506503256 0.8492021815266053 -7.145751170003134e-20
    outer loop
      vertex 107.52 -1.4722431864335457 3
      vertex 107.61446939613333 -1.413498340914327 3
      vertex 107.61446939613333 -1.413498340914327 0
    endloop
  endfacet
  facet normal -0.5824776968677934 0.8128466845916215 2.3396997520518055e-19
    outer loop
      vertex 107.61446939613333 -1.413498340914327 3
      vertex 107.70489442931483 -1.3487006784950997 3
      vertex 107.70489442931483 -1.3487006784950997 0
    endloop
  endfacet
  facet normal -0.6343932841636857 0.7730104533627039 -9.492980718754717e-20
    outer loop
      vertex 107.70489442931483 -1.3487006784950997 3
      vertex 107.79088788567012 -1.2781276727142616 3
      vertex 107.79088788567012 -1.2781276727142616 0
    endloop
  endfacet
  facet normal -0.6835923020228556 0.7298640726978504 2.5535164367978677e-19
    outer loop
      vertex 107.79088788567012 -1.2781276727142616 3
      vertex 107.87208152801713 -1.2020815280171309 3
      vertex 107.87208152801713 -1.2020815280171309 0
    endloop
  endfacet
  facet normal -0.7298640726978373 0.6835923020228695 7.67948778815344e-19
    outer loop
      vertex 107.87208152801713 -1.2020815280171309 3
      vertex 107.94812767271426 -1.120887885670117 3
      vertex 107.94812767271426 -1.120887885670117 0
    endloop
  endfacet
  facet normal -0.7730104533627122 0.6343932841636755 3.5573870785851404e-19
    outer loop
      vertex 107.94812767271426 -1.120887885670117 3
      vertex 108.01870067849511 -1.034894429314825 3
      vertex 108.01870067849511 -1.034894429314825 0
    endloop
  endfacet
  facet normal -0.8128466845916289 0.5824776968677832 -6.268323330956869e-20
    outer loop
      vertex 108.01870067849511 -1.034894429314825 3
      vertex 108.08349834091433 -0.9444693961333237 3
      vertex 108.08349834091433 -0.9444693961333237 0
    endloop
  endfacet
  facet normal -0.8492021815265958 0.5280678506503407 3.53564600408046e-19
    outer loop
      vertex 108.08349834091433 -0.9444693961333237 3
      vertex 108.14224318643355 -0.85 3
      vertex 108.14224318643355 -0.85 0
    endloop
  endfacet
  facet normal -0.881921264348333 0.4713967368260391 8.42472064061731e-19
    outer loop
      vertex 108.14224318643355 -0.85 3
      vertex 108.19468366060558 -0.7518907733723021 3
      vertex 108.19468366060558 -0.7518907733723021 0
    endloop
  endfacet
  facet normal -0.9108638249211992 0.41270702980434326 3.285985199700812e-19
    outer loop
      vertex 108.19468366060558 -0.7518907733723021 3
      vertex 108.24059520526919 -0.6505618350206526 3
      vertex 108.24059520526919 -0.6505618350206526 0
    endloop
  endfacet
  facet normal -0.9359059267573061 0.35225004792128556 -4.099762283662766e-19
    outer loop
      vertex 108.24059520526919 -0.6505618350206526 3
      vertex 108.27978122014169 -0.5464470910153747 3
      vertex 108.27978122014169 -0.5464470910153747 0
    endloop
  endfacet
  facet normal -0.9569403357322234 0.2902846772544146 -5.288892815126859e-19
    outer loop
      vertex 108.27978122014169 -0.5464470910153747 3
      vertex 108.31207390469142 -0.43999237667428526 3
      vertex 108.31207390469142 -0.43999237667428526 0
    endloop
  endfacet
  facet normal -0.9738769792773242 0.22707626303441397 4.461311539441881e-19
    outer loop
      vertex 108.31207390469142 -0.43999237667428526 3
      vertex 108.3373349766855 -0.33165354742741804 3
      vertex 108.3373349766855 -0.33165354742741804 0
    endloop
  endfacet
  facet normal -0.9866433320848937 0.16289547339449886 4.960655542694116e-19
    outer loop
      vertex 108.3373349766855 -0.33165354742741804 3
      vertex 108.35545626433547 -0.22189452677408766 3
      vertex 108.35545626433547 -0.22189452677408766 0
    endloop
  endfacet
  facet normal -0.9951847266721928 0.09801714032960228 1.0021188648122902e-19
    outer loop
      vertex 108.35545626433547 -0.22189452677408766 3
      vertex 108.36636016950563 -0.1111853196912432 3
      vertex 108.36636016950563 -0.1111853196912432 0
    endloop
  endfacet
  facet normal -0.9994645874763642 0.03271908282181864 4.95874081130228e-20
    outer loop
      vertex 108.36636016950563 -0.1111853196912432 3
      vertex 108.37 0 3
      vertex 108.37 0 0
    endloop
  endfacet
  facet normal 0 0 -1
    outer loop
      vertex 104.97363983049438 -0.1111853196912432 3
      vertex 104.97363983049438 0.1111853196912432 3
      vertex 104.98454373566453 -0.22189452677408766 3
    endloop
  endfacet
  facet normal 0 0 -1
    outer loop
      vertex 105.0026650233145 -0.33165354742741804 3
      vertex 104.98454373566453 -0.22189452677408766 3
      vertex 104.98454373566453 0.22189452677408766 3
    endloop
  endfacet
  facet normal 0 0 -1
    outer loop
      vertex 105.02792609530859 -0.43999237667428526 3
      vertex 105.0026650233145 -0.33165354742741804 3
      vertex 105.0026650233145 0.33165354742741804 3
    endloop
  endfacet
  facet normal 0 0 -1
    outer loop
      vertex 105.06021877985832 -0.5464470910153747 3
      vertex 105.02792609530859 -0.43999237667428526 3
      vertex 105.02792609530859 0.43999237667428526 3
    endloop
  endfacet
  facet normal 0 0 -1
    outer loop
      vertex 105.09940479473082 -0.6505618350206526 3
      vertex 105.06021877985832 -0.5464470910153747 3
      vertex 105.06021877985832 0.5464470910153747 3
    endloop
  endfacet
  facet normal 0 0 -1
    outer loop
      vertex 105.14531633939443 -0.7518907733723021 3
      vertex 105.09940479473082 -0.6505618350206526 3
      vertex 105.09940479473082 0.6505618350206526 3
    endloop
  endfacet
  facet normal 0 0 -1
    outer loop
      vertex 105.19775681356646 -0.85 3
      vertex 105.14531633939443 -0.7518907733723021 3
      vertex 105.14531633939443 0.7518907733723021 3
    endloop
  endfacet
  facet normal 0 0 -1
    outer loop
      vertex 105.25650165908567 -0.9444693961333237 3
      vertex 105.19775681356646 -0.85 3
      vertex 105.19775681356646 0.85 3
    endloop
  endfacet
  facet normal 0 0 -1
    outer loop
      vertex 105.54911211432989 -1.2781276727142616 3
      vertex 105.46791847198287 -1.2020815280171309 3
      vertex 105.46791847198287 1.2020815280171309 3
    endloop
  endfacet
  facet normal 0 0 -1
    outer loop
      vertex 105.54911211432989 -1.2781276727142616 3
      vertex 105.54911211432989 1.2781276727142616 3
      vertex 105.63510557068517 -1.3487006784950997 3
    endloop
  endfacet
  facet normal 0 0 -1
    outer loop
      vertex 105.63510557068517 -1.3487006784950997 3
      vertex 105.63510557068517 1.3487006784950997 3
      vertex 105.72553060386667 -1.413498340914327 3
    endloop
  endfacet
  facet normal 0 0 -1
    outer loop
      vertex 105.25650165908567 -0.9444693961333237 3
      vertex 105.25650165908567 0.9444693961333237 3
      vertex 105.3212993215049 -1.034894429314825 3
    endloop
  endfacet
  facet normal 0 0 -1
    outer loop
      vertex 105.39187232728574 -1.120887885670117 3
      vertex 105.3212993215049 -1.034894429314825 3
      vertex 105.3212993215049 1.034894429314825 3
    endloop
  endfacet
  facet normal 0 0 -1
    outer loop
      vertex 105.39187232728574 -1.120887885670117 3
      vertex 105.39187232728574 1.120887885670117 3
      vertex 105.46791847198287 -1.2020815280171309 3
    endloop
  endfacet
  facet normal 0 0 -1
    outer loop
      vertex 105.72553060386667 -1.413498340914327 3
      vertex 105.72553060386667 1.413498340914327 3
      vertex 105.82000000000001 -1.4722431864335457 3
    endloop
  endfacet
  facet normal 0 0 -1
    outer loop
      vertex 105.82000000000001 -1.4722431864335457 3
      vertex 105.82000000000001 1.4722431864335457 3
      vertex 105.9181092266277 -1.52468366060557 3
    endloop
  endfacet
  facet normal 0 0 -1
    outer loop
      vertex 105.9181092266277 -1.52468366060557 3
      vertex 105.9181092266277 1.52468366060557 3
      vertex 106.01943816497935 -1.5705952052691874 3
    endloop
  endfacet
  facet normal 0 0 -1
    outer loop
      vertex 106.01943816497935 -1.5705952052691874 3
      vertex 106.01943816497935 1.5705952052691874 3
      vertex 106.12355290898462 -1.6097812201416797 3
    endloop
  endfacet
  facet normal 0 0 -1
    outer loop
      vertex 106.12355290898462 -1.6097812201416797 3
      vertex 106.12355290898462 1.6097812201416797 3
      vertex 106.23000762332572 -1.6420739046914161 3
    endloop
  endfacet
  facet normal 0 0 -1
    outer loop
      vertex 106.23000762332572 -1.6420739046914161 3
      vertex 106.23000762332572 1.6420739046914161 3
      vertex 106.33834645257258 -1.6673349766854917 3
    endloop
  endfacet
  facet normal 0 0 -1
    outer loop
      vertex 106.33834645257258 -1.6673349766854917 3
      vertex 106.33834645257258 1.6673349766854917 3
      vertex 106.44810547322591 -1.6854562643354776 3
    endloop
  endfacet
  facet normal 0 0 -1
    outer loop
      vertex 106.55881468030876 -1.6963601695056258 3
      vertex 106.44810547322591 -1.6854562643354776 3
      vertex 106.44810547322591 1.6854562643354776 3
    endloop
  endfacet
  facet normal 0 0 -1
    outer loop
      vertex 106.55881468030876 -1.6963601695056258 3
      vertex 106.55881468030876 1.6963601695056258 3
      vertex 106.67 -1.7 3
    endloop
  endfacet
  facet normal 0 0 -1
    outer loop
      vertex 106.67 -1.7 3
      vertex 106.67 1.7 3
      vertex 106.78118531969125 -1.6963601695056258 3
    endloop
  endfacet
  facet normal 0 0 -1
    outer loop
      vertex 106.78118531969125 -1.6963601695056258 3
      vertex 106.78118531969125 1.6963601695056258 3
      vertex 106.8918945267741 -1.6854562643354776 3
    endloop
  endfacet
  facet normal 0 0 -1
    outer loop
      vertex 106.8918945267741 -1.6854562643354776 3
      vertex 106.8918945267741 1.6854562643354776 3
      vertex 107.00165354742742 -1.6673349766854917 3
    endloop
  endfacet
  facet normal 0 0 -1
    outer loop
      vertex 107.00165354742742 -1.6673349766854917 3
      vertex 107.00165354742742 1.6673349766854917 3
      vertex 107.10999237667428 -1.6420739046914161 3
    endloop
  endfacet
  facet normal 0 0 -1
    outer loop
      vertex 107.10999237667428 -1.6420739046914161 3
      vertex 107.10999237667428 1.6420739046914161 3
      vertex 107.21644709101538 -1.6097812201416797 3
    endloop
  endfacet
  facet normal 0 0 -1
    outer loop
      vertex 107.21644709101538 -1.6097812201416797 3
      vertex 107.21644709101538 1.6097812201416797 3
      vertex 107.32056183502065 -1.5705952052691874 3
    endloop
  endfacet
  facet normal 0 0 -1
    outer loop
      vertex 107.32056183502065 -1.5705952052691874 3
      vertex 107.32056183502065 1.5705952052691874 3
      vertex 107.4218907733723 -1.52468366060557 3
    endloop
  endfacet
  facet normal 0 0 -1
    outer loop
      vertex 107.4218907733723 -1.52468366060557 3
      vertex 107.4218907733723 1.52468366060557 3
      vertex 107.52 -1.4722431864335457 3
    endloop
  endfacet
  facet normal 0 0 -1
    outer loop
      vertex 107.52 -1.4722431864335457 3
      vertex 107.52 1.4722431864335457 3
      vertex 107.61446939613333 -1.413498340914327 3
    endloop
  endfacet
  facet normal 0 0 -1
    outer loop
      vertex 107.61446939613333 -1.413498340914327 3
      vertex 107.61446939613333 1.413498340914327 3
      vertex 107.70489442931483 -1.3487006784950997 3
    endloop
  endfacet
  facet normal 0 0 -1
    outer loop
      vertex 107.70489442931483 -1.3487006784950997 3
      vertex 107.70489442931483 1.3487006784950997 3
      vertex 107.79088788567012 -1.2781276727142616 3
    endloop
  endfacet
  facet normal 0 0 -1
    outer loop
      vertex 107.79088788567012 -1.2781276727142616 3
      vertex 107.79088788567012 1.2781276727142616 3
      vertex 107.87208152801713 -1.2020815280171309 3
    endloop
  endfacet
  facet normal 0 0 -1
    outer loop
      vertex 107.87208152801713 -1.2020815280171309 3
      vertex 107.87208152801713 1.2020815280171309 3
      vertex 107.94812767271426 -1.120887885670117 3
    endloop
  endfacet
  facet normal 0 0 -1
    outer loop
      vertex 107.94812767271426 -1.120887885670117 3
      vertex 107.94812767271426 1.120887885670117 3
      vertex 108.01870067849511 -1.034894429314825 3
    endloop
  endfacet
  facet normal 0 0 -1
    outer loop
      vertex 108.01870067849511 -1.034894429314825 3
      vertex 108.01870067849511 1.034894429314825 3
      vertex 108.08349834091433 -0.9444693961333237 3
    endloop
  endfacet
  facet normal 0 0 -1
    outer loop
      vertex 108.08349834091433 -0.9444693961333237 3
      vertex 108.08349834091433 0.9444693961333237 3
      vertex 108.14224318643355 -0.85 3
    endloop
  endfacet
  facet normal 0 0 -1
    outer loop
      vertex 108.14224318643355 -0.85 3
      vertex 108.14224318643355 0.85 3
      vertex 108.19468366060558 -0.7518907733723021 3
    endloop
  endfacet
  facet normal 0 0 -1
    outer loop
      vertex 108.19468366060558 -0.7518907733723021 3
      vertex 108.19468366060558 0.7518907733723021 3
      vertex 108.24059520526919 -0.6505618350206526 3
    endloop
  endfacet
  facet normal 0 0 -1
    outer loop
      vertex 108.24059520526919 -0.6505618350206526 3
      vertex 108.24059520526919 0.6505618350206526 3
      vertex 108.27978122014169 -0.5464470910153747 3
    endloop
  endfacet
  facet normal 0 0 -1
    outer loop
      vertex 108.27978122014169 -0.5464470910153747 3
      vertex 108.27978122014169 0.5464470910153747 3
      vertex 108.31207390469142 -0.43999237667428526 3
    endloop
  endfacet
  facet normal 0 0 -1
    outer loop
      vertex 108.31207390469142 -0.43999237667428526 3
      vertex 108.31207390469142 0.43999237667428526 3
      vertex 108.3373349766855 -0.33165354742741804 3
    endloop
  endfacet
  facet normal 0 0 -1
    outer loop
      vertex 108.3373349766855 -0.33165354742741804 3
      vertex 108.3373349766855 0.33165354742741804 3
      vertex 108.35545626433547 -0.22189452677408766 3
    endloop
  endfacet
  facet normal 0 0 -1
    outer loop
      vertex 108.35545626433547 -0.22189452677408766 3
      vertex 108.35545626433547 0.22189452677408766 3
      vertex 108.36636016950563 -0.1111853196912432 3
    endloop
  endfacet
  facet normal 0.9994645874763642 -0.03271908282181864 0
    outer loop
      vertex 104.97363983049438 0.1111853196912432 3
      vertex 104.97 0 0
      vertex 104.97363983049438 0.1111853196912432 0
    endloop
  endfacet
  facet normal 0.9951847266721928 -0.09801714032960228 0
    outer loop
      vertex 104.98454373566453 0.22189452677408766 3
      vertex 104.97363983049438 0.1111853196912432 0
      vertex 104.98454373566453 0.22189452677408766 0
    endloop
  endfacet
  facet normal 0.9866433320848937 -0.16289547339449886 0
    outer loop
      vertex 105.0026650233145 0.33165354742741804 3
      vertex 104.98454373566453 0.22189452677408766 0
      vertex 105.0026650233145 0.33165354742741804 0
    endloop
  endfacet
  facet normal 0.9738769792773242 -0.22707626303441397 0
    outer loop
      vertex 105.02792609530859 0.43999237667428526 3
      vertex 105.0026650233145 0.33165354742741804 0
      vertex 105.02792609530859 0.43999237667428526 0
    endloop
  endfacet
  facet normal 0.9569403357322234 -0.2902846772544146 0
    outer loop
      vertex 105.06021877985832 0.5464470910153747 3
      vertex 105.02792609530859 0.43999237667428526 0
      vertex 105.06021877985832 0.5464470910153747 0
    endloop
  endfacet
  facet normal 0.9359059267573061 -0.35225004792128556 0
    outer loop
      vertex 105.09940479473082 0.6505618350206526 3
      vertex 105.06021877985832 0.5464470910153747 0
      vertex 105.09940479473082 0.6505618350206526 0
    endloop
  endfacet
  facet normal 0.9108638249211992 -0.41270702980434326 0
    outer loop
      vertex 105.14531633939443 0.7518907733723021 3
      vertex 105.09940479473082 0.6505618350206526 0
      vertex 105.14531633939443 0.7518907733723021 0
    endloop
  endfacet
  facet normal 0.881921264348333 -0.4713967368260391 0
    outer loop
      vertex 105.19775681356646 0.85 3
      vertex 105.14531633939443 0.7518907733723021 0
      vertex 105.19775681356646 0.85 0
    endloop
  endfacet
  facet normal 0.8492021815265958 -0.5280678506503407 0
    outer loop
      vertex 105.25650165908567 0.9444693961333237 3
      vertex 105.19775681356646 0.85 0
      vertex 105.25650165908567 0.9444693961333237 0
    endloop
  endfacet
  facet normal 0.8128466845916289 -0.5824776968677832 0
    outer loop
      vertex 105.3212993215049 1.034894429314825 3
      vertex 105.25650165908567 0.9444693961333237 0
      vertex 105.3212993215049 1.034894429314825 0
    endloop
  endfacet
  facet normal 0.7730104533627122 -0.6343932841636755 0
    outer loop
      vertex 105.39187232728574 1.120887885670117 3
      vertex 105.3212993215049 1.034894429314825 0
      vertex 105.39187232728574 1.120887885670117 0
    endloop
  endfacet
  facet normal 0.7298640726978373 -0.6835923020228695 0
    outer loop
      vertex 105.46791847198287 1.2020815280171309 3
      vertex 105.39187232728574 1.120887885670117 0
      vertex 105.46791847198287 1.2020815280171309 0
    endloop
  endfacet
  facet normal 0.6835923020228556 -0.7298640726978504 0
    outer loop
      vertex 105.54911211432989 1.2781276727142616 3
      vertex 105.46791847198287 1.2020815280171309 0
      vertex 105.54911211432989 1.2781276727142616 0
    endloop
  endfacet
  facet normal 0.6343932841636857 -0.7730104533627039 0
    outer loop
      vertex 105.63510557068517 1.3487006784950997 3
      vertex 105.54911211432989 1.2781276727142616 0
      vertex 105.63510557068517 1.3487006784950997 0
    endloop
  endfacet
  facet normal 0.5824776968677934 -0.8128466845916215 0
    outer loop
      vertex 105.72553060386667 1.413498340914327 3
      vertex 105.63510557068517 1.3487006784950997 0
      vertex 105.72553060386667 1.413498340914327 0
    endloop
  endfacet
  facet normal 0.5280678506503256 -0.8492021815266053 0
    outer loop
      vertex 105.82000000000001 1.4722431864335457 3
      vertex 105.72553060386667 1.413498340914327 0
      vertex 105.82000000000001 1.4722431864335457 0
    endloop
  endfacet
  facet normal 0.4713967368259934 -0.8819212643483573 0
    outer loop
      vertex 105.9181092266277 1.52468366060557 3
      vertex 105.82000000000001 1.4722431864335457 0
      vertex 105.9181092266277 1.52468366060557 0
    endloop
  endfacet
  facet normal 0.41270702980441937 -0.9108638249211647 0
    outer loop
      vertex 106.01943816497935 1.5705952052691874 3
      vertex 105.9181092266277 1.52468366060557 0
      vertex 106.01943816497935 1.5705952052691874 0
    endloop
  endfacet
  facet normal 0.35225004792125064 -0.9359059267573193 0
    outer loop
      vertex 106.12355290898462 1.6097812201416797 3
      vertex 106.01943816497935 1.5705952052691874 0
      vertex 106.12355290898462 1.6097812201416797 0
    endloop
  endfacet
  facet normal 0.29028467725444157 -0.9569403357322152 0
    outer loop
      vertex 106.23000762332572 1.6420739046914161 3
      vertex 106.12355290898462 1.6097812201416797 0
      vertex 106.23000762332572 1.6420739046914161 0
    endloop
  endfacet
  facet normal 0.22707626303438427 -0.9738769792773312 0
    outer loop
      vertex 106.33834645257258 1.6673349766854917 3
      vertex 106.23000762332572 1.6420739046914161 0
      vertex 106.33834645257258 1.6673349766854917 0
    endloop
  endfacet
  facet normal 0.16289547339459123 -0.9866433320848785 0
    outer loop
      vertex 106.44810547322591 1.6854562643354776 3
      vertex 106.33834645257258 1.6673349766854917 0
      vertex 106.44810547322591 1.6854562643354776 0
    endloop
  endfacet
  facet normal 0.09801714032955713 -0.9951847266721973 0
    outer loop
      vertex 106.55881468030876 1.6963601695056258 3
      vertex 106.44810547322591 1.6854562643354776 0
      vertex 106.55881468030876 1.6963601695056258 0
    endloop
  endfacet
  facet normal -0.03271908282177627 -0.9994645874763656 0
    outer loop
      vertex 106.78118531969125 1.6963601695056258 3
      vertex 106.67 1.7 0
      vertex 106.78118531969125 1.6963601695056258 0
    endloop
  endfacet
  facet normal -0.09801714032955713 -0.9951847266721973 0
    outer loop
      vertex 106.8918945267741 1.6854562643354776 3
      vertex 106.78118531969125 1.6963601695056258 0
      vertex 106.8918945267741 1.6854562643354776 0
    endloop
  endfacet
  facet normal -0.16289547339459123 -0.9866433320848785 0
    outer loop
      vertex 107.00165354742742 1.6673349766854917 3
      vertex 106.8918945267741 1.6854562643354776 0
      vertex 107.00165354742742 1.6673349766854917 0
    endloop
  endfacet
  facet normal 0.03271908282177627 -0.9994645874763656 0
    outer loop
      vertex 106.67 1.7 3
      vertex 106.55881468030876 1.6963601695056258 0
      vertex 106.67 1.7 0
    endloop
  endfacet
  facet normal -0.22707626303438427 -0.9738769792773312 0
    outer loop
      vertex 107.10999237667428 1.6420739046914161 3
      vertex 107.00165354742742 1.6673349766854917 0
      vertex 107.10999237667428 1.6420739046914161 0
    endloop
  endfacet
  facet normal -0.29028467725444157 -0.9569403357322152 0
    outer loop
      vertex 107.21644709101538 1.6097812201416797 3
      vertex 107.10999237667428 1.6420739046914161 0
      vertex 107.21644709101538 1.6097812201416797 0
    endloop
  endfacet
  facet normal -0.35225004792125064 -0.9359059267573193 0
    outer loop
      vertex 107.32056183502065 1.5705952052691874 3
      vertex 107.21644709101538 1.6097812201416797 0
      vertex 107.32056183502065 1.5705952052691874 0
    endloop
  endfacet
  facet normal -0.41270702980441937 -0.9108638249211647 0
    outer loop
      vertex 107.4218907733723 1.52468366060557 3
      vertex 107.32056183502065 1.5705952052691874 0
      vertex 107.4218907733723 1.52468366060557 0
    endloop
  endfacet
  facet normal -0.5280678506503256 -0.8492021815266053 0
    outer loop
      vertex 107.61446939613333 1.413498340914327 3
      vertex 107.52 1.4722431864335457 0
      vertex 107.61446939613333 1.413498340914327 0
    endloop
  endfacet
  facet normal -0.4713967368259934 -0.8819212643483573 0
    outer loop
      vertex 107.52 1.4722431864335457 3
      vertex 107.4218907733723 1.52468366060557 0
      vertex 107.52 1.4722431864335457 0
    endloop
  endfacet
  facet normal -0.5824776968677934 -0.8128466845916215 0
    outer loop
      vertex 107.70489442931483 1.3487006784950997 3
      vertex 107.61446939613333 1.413498340914327 0
      vertex 107.70489442931483 1.3487006784950997 0
    endloop
  endfacet
  facet normal -0.6343932841636857 -0.7730104533627039 0
    outer loop
      vertex 107.79088788567012 1.2781276727142616 3
      vertex 107.70489442931483 1.3487006784950997 0
      vertex 107.79088788567012 1.2781276727142616 0
    endloop
  endfacet
  facet normal -0.9108638249211992 -0.41270702980434326 0
    outer loop
      vertex 108.24059520526919 0.6505618350206526 3
      vertex 108.19468366060558 0.7518907733723021 0
      vertex 108.24059520526919 0.6505618350206526 0
    endloop
  endfacet
  facet normal -0.881921264348333 -0.4713967368260391 0
    outer loop
      vertex 108.19468366060558 0.7518907733723021 3
      vertex 108.14224318643355 0.85 0
      vertex 108.19468366060558 0.7518907733723021 0
    endloop
  endfacet
  facet normal -0.9994645874763642 -0.03271908282181864 0
    outer loop
      vertex 108.37 0 3
      vertex 108.36636016950563 0.1111853196912432 0
      vertex 108.37 0 0
    endloop
  endfacet
  facet normal -0.9951847266721928 -0.09801714032960228 0
    outer loop
      vertex 108.36636016950563 0.1111853196912432 3
      vertex 108.35545626433547 0.22189452677408766 0
      vertex 108.36636016950563 0.1111853196912432 0
    endloop
  endfacet
  facet normal -0.9866433320848937 -0.16289547339449886 0
    outer loop
      vertex 108.35545626433547 0.22189452677408766 3
      vertex 108.3373349766855 0.33165354742741804 0
      vertex 108.35545626433547 0.22189452677408766 0
    endloop
  endfacet
  facet normal -0.9738769792773242 -0.22707626303441397 0
    outer loop
      vertex 108.3373349766855 0.33165354742741804 3
      vertex 108.31207390469142 0.43999237667428526 0
      vertex 108.3373349766855 0.33165354742741804 0
    endloop
  endfacet
  facet normal -0.9569403357322234 -0.2902846772544146 0
    outer loop
      vertex 108.31207390469142 0.43999237667428526 3
      vertex 108.27978122014169 0.5464470910153747 0
      vertex 108.31207390469142 0.43999237667428526 0
    endloop
  endfacet
  facet normal -0.9359059267573061 -0.35225004792128556 0
    outer loop
      vertex 108.27978122014169 0.5464470910153747 3
      vertex 108.24059520526919 0.6505618350206526 0
      vertex 108.27978122014169 0.5464470910153747 0
    endloop
  endfacet
  facet normal -0.7298640726978373 -0.6835923020228695 0
    outer loop
      vertex 107.94812767271426 1.120887885670117 3
      vertex 107.87208152801713 1.2020815280171309 0
      vertex 107.94812767271426 1.120887885670117 0
    endloop
  endfacet
  facet normal -0.7730104533627122 -0.6343932841636755 0
    outer loop
      vertex 108.01870067849511 1.034894429314825 3
      vertex 107.94812767271426 1.120887885670117 0
      vertex 108.01870067849511 1.034894429314825 0
    endloop
  endfacet
  facet normal -0.6835923020228556 -0.7298640726978504 0
    outer loop
      vertex 107.87208152801713 1.2020815280171309 3
      vertex 107.79088788567012 1.2781276727142616 0
      vertex 107.87208152801713 1.2020815280171309 0
    endloop
  endfacet
  facet normal -0.8492021815265958 -0.5280678506503407 0
    outer loop
      vertex 108.14224318643355 0.85 3
      vertex 108.08349834091433 0.9444693961333237 0
      vertex 108.14224318643355 0.85 0
    endloop
  endfacet
  facet normal -0.8128466845916289 -0.5824776968677832 0
    outer loop
      vertex 108.08349834091433 0.9444693961333237 3
      vertex 108.01870067849511 1.034894429314825 0
      vertex 108.08349834091433 0.9444693961333237 0
    endloop
  endfacet
  facet normal 0.9994645874763642 -0.03271908282181864 0
    outer loop
      vertex 104.97 0 3
      vertex 104.97 0 0
      vertex 104.97363983049438 0.1111853196912432 3
    endloop
  endfacet
  facet normal 0.9951847266721928 -0.09801714032960228 0
    outer loop
      vertex 104.97363983049438 0.1111853196912432 3
      vertex 104.97363983049438 0.1111853196912432 0
      vertex 104.98454373566453 0.22189452677408766 3
    endloop
  endfacet
  facet normal 0.9866433320848937 -0.16289547339449886 0
    outer loop
      vertex 104.98454373566453 0.22189452677408766 3
      vertex 104.98454373566453 0.22189452677408766 0
      vertex 105.0026650233145 0.33165354742741804 3
    endloop
  endfacet
  facet normal 0.9738769792773242 -0.22707626303441397 0
    outer loop
      vertex 105.0026650233145 0.33165354742741804 3
      vertex 105.0026650233145 0.33165354742741804 0
      vertex 105.02792609530859 0.43999237667428526 3
    endloop
  endfacet
  facet normal 0.9569403357322234 -0.2902846772544146 0
    outer loop
      vertex 105.02792609530859 0.43999237667428526 3
      vertex 105.02792609530859 0.43999237667428526 0
      vertex 105.06021877985832 0.5464470910153747 3
    endloop
  endfacet
  facet normal 0.9359059267573061 -0.35225004792128556 0
    outer loop
      vertex 105.06021877985832 0.5464470910153747 3
      vertex 105.06021877985832 0.5464470910153747 0
      vertex 105.09940479473082 0.6505618350206526 3
    endloop
  endfacet
  facet normal 0.9108638249211992 -0.41270702980434326 0
    outer loop
      vertex 105.09940479473082 0.6505618350206526 3
      vertex 105.09940479473082 0.6505618350206526 0
      vertex 105.14531633939443 0.7518907733723021 3
    endloop
  endfacet
  facet normal 0.881921264348333 -0.4713967368260391 0
    outer loop
      vertex 105.14531633939443 0.7518907733723021 3
      vertex 105.14531633939443 0.7518907733723021 0
      vertex 105.19775681356646 0.85 3
    endloop
  endfacet
  facet normal 0.8492021815265958 -0.5280678506503407 0
    outer loop
      vertex 105.19775681356646 0.85 3
      vertex 105.19775681356646 0.85 0
      vertex 105.25650165908567 0.9444693961333237 3
    endloop
  endfacet
  facet normal 0.8128466845916289 -0.5824776968677832 0
    outer loop
      vertex 105.25650165908567 0.9444693961333237 3
      vertex 105.25650165908567 0.9444693961333237 0
      vertex 105.3212993215049 1.034894429314825 3
    endloop
  endfacet
  facet normal 0.7730104533627122 -0.6343932841636755 0
    outer loop
      vertex 105.3212993215049 1.034894429314825 3
      vertex 105.3212993215049 1.034894429314825 0
      vertex 105.39187232728574 1.120887885670117 3
    endloop
  endfacet
  facet normal 0.7298640726978373 -0.6835923020228695 0
    outer loop
      vertex 105.39187232728574 1.120887885670117 3
      vertex 105.39187232728574 1.120887885670117 0
      vertex 105.46791847198287 1.2020815280171309 3
    endloop
  endfacet
  facet normal 0.6835923020228556 -0.7298640726978504 0
    outer loop
      vertex 105.46791847198287 1.2020815280171309 3
      vertex 105.46791847198287 1.2020815280171309 0
      vertex 105.54911211432989 1.2781276727142616 3
    endloop
  endfacet
  facet normal 0.6343932841636857 -0.7730104533627039 0
    outer loop
      vertex 105.54911211432989 1.2781276727142616 3
      vertex 105.54911211432989 1.2781276727142616 0
      vertex 105.63510557068517 1.3487006784950997 3
    endloop
  endfacet
  facet normal 0.5824776968677934 -0.8128466845916215 0
    outer loop
      vertex 105.63510557068517 1.3487006784950997 3
      vertex 105.63510557068517 1.3487006784950997 0
      vertex 105.72553060386667 1.413498340914327 3
    endloop
  endfacet
  facet normal 0.5280678506503256 -0.8492021815266053 0
    outer loop
      vertex 105.72553060386667 1.413498340914327 3
      vertex 105.72553060386667 1.413498340914327 0
      vertex 105.82000000000001 1.4722431864335457 3
    endloop
  endfacet
  facet normal 0.4713967368259934 -0.8819212643483573 0
    outer loop
      vertex 105.82000000000001 1.4722431864335457 3
      vertex 105.82000000000001 1.4722431864335457 0
      vertex 105.9181092266277 1.52468366060557 3
    endloop
  endfacet
  facet normal 0.41270702980441937 -0.9108638249211647 0
    outer loop
      vertex 105.9181092266277 1.52468366060557 3
      vertex 105.9181092266277 1.52468366060557 0
      vertex 106.01943816497935 1.5705952052691874 3
    endloop
  endfacet
  facet normal 0.35225004792125064 -0.9359059267573193 0
    outer loop
      vertex 106.01943816497935 1.5705952052691874 3
      vertex 106.01943816497935 1.5705952052691874 0
      vertex 106.12355290898462 1.6097812201416797 3
    endloop
  endfacet
  facet normal 0.29028467725444157 -0.9569403357322152 0
    outer loop
      vertex 106.12355290898462 1.6097812201416797 3
      vertex 106.12355290898462 1.6097812201416797 0
      vertex 106.23000762332572 1.6420739046914161 3
    endloop
  endfacet
  facet normal 0.22707626303438427 -0.9738769792773312 0
    outer loop
      vertex 106.23000762332572 1.6420739046914161 3
      vertex 106.23000762332572 1.6420739046914161 0
      vertex 106.33834645257258 1.6673349766854917 3
    endloop
  endfacet
  facet normal 0.16289547339459123 -0.9866433320848785 0
    outer loop
      vertex 106.33834645257258 1.6673349766854917 3
      vertex 106.33834645257258 1.6673349766854917 0
      vertex 106.44810547322591 1.6854562643354776 3
    endloop
  endfacet
  facet normal 0.09801714032955713 -0.9951847266721973 0
    outer loop
      vertex 106.44810547322591 1.6854562643354776 3
      vertex 106.44810547322591 1.6854562643354776 0
      vertex 106.55881468030876 1.6963601695056258 3
    endloop
  endfacet
  facet normal 0.03271908282177627 -0.9994645874763656 0
    outer loop
      vertex 106.55881468030876 1.6963601695056258 3
      vertex 106.55881468030876 1.6963601695056258 0
      vertex 106.67 1.7 3
    endloop
  endfacet
  facet normal -0.09801714032955713 -0.9951847266721973 -2.746605188369776e-19
    outer loop
      vertex 106.8918945267741 1.6854562643354776 3
      vertex 106.78118531969125 1.6963601695056258 3
      vertex 106.78118531969125 1.6963601695056258 0
    endloop
  endfacet
  facet normal -0.16289547339459123 -0.9866433320848785 0
    outer loop
      vertex 106.8918945267741 1.6854562643354776 3
      vertex 106.8918945267741 1.6854562643354776 0
      vertex 107.00165354742742 1.6673349766854917 3
    endloop
  endfacet
  facet normal -0.03271908282177627 -0.9994645874763656 0
    outer loop
      vertex 106.67 1.7 3
      vertex 106.67 1.7 0
      vertex 106.78118531969125 1.6963601695056258 3
    endloop
  endfacet
  facet normal -0.22707626303438427 -0.9738769792773312 0
    outer loop
      vertex 107.00165354742742 1.6673349766854917 3
      vertex 107.00165354742742 1.6673349766854917 0
      vertex 107.10999237667428 1.6420739046914161 3
    endloop
  endfacet
  facet normal -0.29028467725444157 -0.9569403357322152 0
    outer loop
      vertex 107.10999237667428 1.6420739046914161 3
      vertex 107.10999237667428 1.6420739046914161 0
      vertex 107.21644709101538 1.6097812201416797 3
    endloop
  endfacet
  facet normal -0.35225004792125064 -0.9359059267573193 0
    outer loop
      vertex 107.21644709101538 1.6097812201416797 3
      vertex 107.21644709101538 1.6097812201416797 0
      vertex 107.32056183502065 1.5705952052691874 3
    endloop
  endfacet
  facet normal -0.41270702980441937 -0.9108638249211647 0
    outer loop
      vertex 107.32056183502065 1.5705952052691874 3
      vertex 107.32056183502065 1.5705952052691874 0
      vertex 107.4218907733723 1.52468366060557 3
    endloop
  endfacet
  facet normal -0.6835923020228556 -0.7298640726978504 -2.5535164367978677e-19
    outer loop
      vertex 107.87208152801713 1.2020815280171309 3
      vertex 107.79088788567012 1.2781276727142616 3
      vertex 107.79088788567012 1.2781276727142616 0
    endloop
  endfacet
  facet normal -0.5280678506503256 -0.8492021815266053 0
    outer loop
      vertex 107.52 1.4722431864335457 3
      vertex 107.52 1.4722431864335457 0
      vertex 107.61446939613333 1.413498340914327 3
    endloop
  endfacet
  facet normal -0.4713967368259934 -0.8819212643483573 1.027602232862494e-18
    outer loop
      vertex 107.52 1.4722431864335457 3
      vertex 107.4218907733723 1.52468366060557 3
      vertex 107.4218907733723 1.52468366060557 0
    endloop
  endfacet
  facet normal -0.5824776968677934 -0.8128466845916215 0
    outer loop
      vertex 107.61446939613333 1.413498340914327 3
      vertex 107.61446939613333 1.413498340914327 0
      vertex 107.70489442931483 1.3487006784950997 3
    endloop
  endfacet
  facet normal -0.6343932841636857 -0.7730104533627039 0
    outer loop
      vertex 107.70489442931483 1.3487006784950997 3
      vertex 107.70489442931483 1.3487006784950997 0
      vertex 107.79088788567012 1.2781276727142616 3
    endloop
  endfacet
  facet normal -0.9108638249211992 -0.41270702980434326 -3.285985199700812e-19
    outer loop
      vertex 108.24059520526919 0.6505618350206526 3
      vertex 108.19468366060558 0.7518907733723021 3
      vertex 108.19468366060558 0.7518907733723021 0
    endloop
  endfacet
  facet normal -0.881921264348333 -0.4713967368260391 -8.42472064061731e-19
    outer loop
      vertex 108.19468366060558 0.7518907733723021 3
      vertex 108.14224318643355 0.85 3
      vertex 108.14224318643355 0.85 0
    endloop
  endfacet
  facet normal -0.9994645874763642 -0.03271908282181864 -4.95874081130228e-20
    outer loop
      vertex 108.37 0 3
      vertex 108.36636016950563 0.1111853196912432 3
      vertex 108.36636016950563 0.1111853196912432 0
    endloop
  endfacet
  facet normal -0.9951847266721928 -0.09801714032960228 -1.0021188648122902e-19
    outer loop
      vertex 108.36636016950563 0.1111853196912432 3
      vertex 108.35545626433547 0.22189452677408766 3
      vertex 108.35545626433547 0.22189452677408766 0
    endloop
  endfacet
  facet normal -0.9866433320848937 -0.16289547339449886 -4.960655542694116e-19
    outer loop
      vertex 108.35545626433547 0.22189452677408766 3
      vertex 108.3373349766855 0.33165354742741804 3
      vertex 108.3373349766855 0.33165354742741804 0
    endloop
  endfacet
  facet normal -0.9738769792773242 -0.22707626303441397 -4.461311539441881e-19
    outer loop
      vertex 108.3373349766855 0.33165354742741804 3
      vertex 108.31207390469142 0.43999237667428526 3
      vertex 108.31207390469142 0.43999237667428526 0
    endloop
  endfacet
  facet normal -0.9359059267573061 -0.35225004792128556 4.099762283662766e-19
    outer loop
      vertex 108.27978122014169 0.5464470910153747 3
      vertex 108.24059520526919 0.6505618350206526 3
      vertex 108.24059520526919 0.6505618350206526 0
    endloop
  endfacet
  facet normal -0.9569403357322234 -0.2902846772544146 5.288892815126859e-19
    outer loop
      vertex 108.31207390469142 0.43999237667428526 3
      vertex 108.27978122014169 0.5464470910153747 3
      vertex 108.27978122014169 0.5464470910153747 0
    endloop
  endfacet
  facet normal -0.7298640726978373 -0.6835923020228695 0
    outer loop
      vertex 107.87208152801713 1.2020815280171309 3
      vertex 107.87208152801713 1.2020815280171309 0
      vertex 107.94812767271426 1.120887885670117 3
    endloop
  endfacet
  facet normal -0.7730104533627122 -0.6343932841636755 -3.5573870785851404e-19
    outer loop
      vertex 108.01870067849511 1.034894429314825 3
      vertex 107.94812767271426 1.120887885670117 3
      vertex 107.94812767271426 1.120887885670117 0
    endloop
  endfacet
  facet normal -0.8128466845916289 -0.5824776968677832 0
    outer loop
      vertex 108.01870067849511 1.034894429314825 3
      vertex 108.01870067849511 1.034894429314825 0
      vertex 108.08349834091433 0.9444693961333237 3
    endloop
  endfacet
  facet normal -0.8492021815265958 -0.5280678506503407 0
    outer loop
      vertex 108.08349834091433 0.9444693961333237 3
      vertex 108.08349834091433 0.9444693961333237 0
      vertex 108.14224318643355 0.85 3
    endloop
  endfacet
  facet normal 0 0 -1
    outer loop
      vertex 104.97363983049438 -0.1111853196912432 3
      vertex 104.97 0 3
      vertex 104.97363983049438 0.1111853196912432 3
    endloop
  endfacet
  facet normal 0 0 -1
    outer loop
      vertex 104.98454373566453 -0.22189452677408766 3
      vertex 104.97363983049438 0.1111853196912432 3
      vertex 104.98454373566453 0.22189452677408766 3
    endloop
  endfacet
  facet normal 0 0 -1
    outer loop
      vertex 105.0026650233145 -0.33165354742741804 3
      vertex 104.98454373566453 0.22189452677408766 3
      vertex 105.0026650233145 0.33165354742741804 3
    endloop
  endfacet
  facet normal 0 0 -1
    outer loop
      vertex 105.02792609530859 -0.43999237667428526 3
      vertex 105.0026650233145 0.33165354742741804 3
      vertex 105.02792609530859 0.43999237667428526 3
    endloop
  endfacet
  facet normal 0 0 -1
    outer loop
      vertex 105.06021877985832 -0.5464470910153747 3
      vertex 105.02792609530859 0.43999237667428526 3
      vertex 105.06021877985832 0.5464470910153747 3
    endloop
  endfacet
  facet normal 0 0 -1
    outer loop
      vertex 105.09940479473082 -0.6505618350206526 3
      vertex 105.06021877985832 0.5464470910153747 3
      vertex 105.09940479473082 0.6505618350206526 3
    endloop
  endfacet
  facet normal 0 0 -1
    outer loop
      vertex 105.14531633939443 -0.7518907733723021 3
      vertex 105.09940479473082 0.6505618350206526 3
      vertex 105.14531633939443 0.7518907733723021 3
    endloop
  endfacet
  facet normal 0 0 -1
    outer loop
      vertex 105.19775681356646 -0.85 3
      vertex 105.14531633939443 0.7518907733723021 3
      vertex 105.19775681356646 0.85 3
    endloop
  endfacet
  facet normal 0 0 -1
    outer loop
      vertex 105.25650165908567 -0.9444693961333237 3
      vertex 105.19775681356646 0.85 3
      vertex 105.25650165908567 0.9444693961333237 3
    endloop
  endfacet
  facet normal 0 0 -1
    outer loop
      vertex 105.3212993215049 -1.034894429314825 3
      vertex 105.25650165908567 0.9444693961333237 3
      vertex 105.3212993215049 1.034894429314825 3
    endloop
  endfacet
  facet normal 0 0 -1
    outer loop
      vertex 105.39187232728574 -1.120887885670117 3
      vertex 105.3212993215049 1.034894429314825 3
      vertex 105.39187232728574 1.120887885670117 3
    endloop
  endfacet
  facet normal 0 0 -1
    outer loop
      vertex 105.46791847198287 -1.2020815280171309 3
      vertex 105.39187232728574 1.120887885670117 3
      vertex 105.46791847198287 1.2020815280171309 3
    endloop
  endfacet
  facet normal 0 0 -1
    outer loop
      vertex 105.54911211432989 -1.2781276727142616 3
      vertex 105.46791847198287 1.2020815280171309 3
      vertex 105.54911211432989 1.2781276727142616 3
    endloop
  endfacet
  facet normal 0 0 -1
    outer loop
      vertex 105.63510557068517 -1.3487006784950997 3
      vertex 105.54911211432989 1.2781276727142616 3
      vertex 105.63510557068517 1.3487006784950997 3
    endloop
  endfacet
  facet normal 0 0 -1
    outer loop
      vertex 105.72553060386667 -1.413498340914327 3
      vertex 105.63510557068517 1.3487006784950997 3
      vertex 105.72553060386667 1.413498340914327 3
    endloop
  endfacet
  facet normal 0 0 -1
    outer loop
      vertex 105.82000000000001 -1.4722431864335457 3
      vertex 105.72553060386667 1.413498340914327 3
      vertex 105.82000000000001 1.4722431864335457 3
    endloop
  endfacet
  facet normal 0 0 -1
    outer loop
      vertex 105.9181092266277 -1.52468366060557 3
      vertex 105.82000000000001 1.4722431864335457 3
      vertex 105.9181092266277 1.52468366060557 3
    endloop
  endfacet
  facet normal 0 0 -1
    outer loop
      vertex 106.01943816497935 -1.5705952052691874 3
      vertex 105.9181092266277 1.52468366060557 3
      vertex 106.01943816497935 1.5705952052691874 3
    endloop
  endfacet
  facet normal 0 0 -1
    outer loop
      vertex 106.12355290898462 -1.6097812201416797 3
      vertex 106.01943816497935 1.5705952052691874 3
      vertex 106.12355290898462 1.6097812201416797 3
    endloop
  endfacet
  facet normal 0 0 -1
    outer loop
      vertex 106.23000762332572 -1.6420739046914161 3
      vertex 106.12355290898462 1.6097812201416797 3
      vertex 106.23000762332572 1.6420739046914161 3
    endloop
  endfacet
  facet normal 0 0 -1
    outer loop
      vertex 106.33834645257258 -1.6673349766854917 3
      vertex 106.23000762332572 1.6420739046914161 3
      vertex 106.33834645257258 1.6673349766854917 3
    endloop
  endfacet
  facet normal 0 0 -1
    outer loop
      vertex 106.44810547322591 -1.6854562643354776 3
      vertex 106.33834645257258 1.6673349766854917 3
      vertex 106.44810547322591 1.6854562643354776 3
    endloop
  endfacet
  facet normal 0 0 -1
    outer loop
      vertex 106.55881468030876 -1.6963601695056258 3
      vertex 106.44810547322591 1.6854562643354776 3
      vertex 106.55881468030876 1.6963601695056258 3
    endloop
  endfacet
  facet normal 0 0 -1
    outer loop
      vertex 106.67 -1.7 3
      vertex 106.55881468030876 1.6963601695056258 3
      vertex 106.67 1.7 3
    endloop
  endfacet
  facet normal 0 0 -1
    outer loop
      vertex 106.78118531969125 -1.6963601695056258 3
      vertex 106.67 1.7 3
      vertex 106.78118531969125 1.6963601695056258 3
    endloop
  endfacet
  facet normal 0 0 -1
    outer loop
      vertex 106.8918945267741 -1.6854562643354776 3
      vertex 106.78118531969125 1.6963601695056258 3
      vertex 106.8918945267741 1.6854562643354776 3
    endloop
  endfacet
  facet normal 0 0 -1
    outer loop
      vertex 107.00165354742742 -1.6673349766854917 3
      vertex 106.8918945267741 1.6854562643354776 3
      vertex 107.00165354742742 1.6673349766854917 3
    endloop
  endfacet
  facet normal 0 0 -1
    outer loop
      vertex 107.10999237667428 -1.6420739046914161 3
      vertex 107.00165354742742 1.6673349766854917 3
      vertex 107.10999237667428 1.6420739046914161 3
    endloop
  endfacet
  facet normal 0 0 -1
    outer loop
      vertex 107.21644709101538 -1.6097812201416797 3
      vertex 107.10999237667428 1.6420739046914161 3
      vertex 107.21644709101538 1.6097812201416797 3
    endloop
  endfacet
  facet normal 0 0 -1
    outer loop
      vertex 107.32056183502065 -1.5705952052691874 3
      vertex 107.21644709101538 1.6097812201416797 3
      vertex 107.32056183502065 1.5705952052691874 3
    endloop
  endfacet
  facet normal 0 0 -1
    outer loop
      vertex 107.4218907733723 -1.52468366060557 3
      vertex 107.32056183502065 1.5705952052691874 3
      vertex 107.4218907733723 1.52468366060557 3
    endloop
  endfacet
  facet normal 0 0 -1
    outer loop
      vertex 107.52 -1.4722431864335457 3
      vertex 107.4218907733723 1.52468366060557 3
      vertex 107.52 1.4722431864335457 3
    endloop
  endfacet
  facet normal 0 0 -1
    outer loop
      vertex 107.61446939613333 -1.413498340914327 3
      vertex 107.52 1.4722431864335457 3
      vertex 107.61446939613333 1.413498340914327 3
    endloop
  endfacet
  facet normal 0 0 -1
    outer loop
      vertex 107.70489442931483 -1.3487006784950997 3
      vertex 107.61446939613333 1.413498340914327 3
      vertex 107.70489442931483 1.3487006784950997 3
    endloop
  endfacet
  facet normal 0 0 -1
    outer loop
      vertex 107.79088788567012 -1.2781276727142616 3
      vertex 107.70489442931483 1.3487006784950997 3
      vertex 107.79088788567012 1.2781276727142616 3
    endloop
  endfacet
  facet normal 0 0 -1
    outer loop
      vertex 107.94812767271426 -1.120887885670117 3
      vertex 107.87208152801713 1.2020815280171309 3
      vertex 107.94812767271426 1.120887885670117 3
    endloop
  endfacet
  facet normal 0 0 -1
    outer loop
      vertex 108.01870067849511 -1.034894429314825 3
      vertex 107.94812767271426 1.120887885670117 3
      vertex 108.01870067849511 1.034894429314825 3
    endloop
  endfacet
  facet normal 0 0 -1
    outer loop
      vertex 108.14224318643355 -0.85 3
      vertex 108.08349834091433 0.9444693961333237 3
      vertex 108.14224318643355 0.85 3
    endloop
  endfacet
  facet normal 0 0 -1
    outer loop
      vertex 108.08349834091433 -0.9444693961333237 3
      vertex 108.01870067849511 1.034894429314825 3
      vertex 108.08349834091433 0.9444693961333237 3
    endloop
  endfacet
  facet normal 0 0 -1
    outer loop
      vertex 108.19468366060558 -0.7518907733723021 3
      vertex 108.14224318643355 0.85 3
      vertex 108.19468366060558 0.7518907733723021 3
    endloop
  endfacet
  facet normal 0 0 -1
    outer loop
      vertex 108.24059520526919 -0.6505618350206526 3
      vertex 108.19468366060558 0.7518907733723021 3
      vertex 108.24059520526919 0.6505618350206526 3
    endloop
  endfacet
  facet normal 0 0 -1
    outer loop
      vertex 107.87208152801713 -1.2020815280171309 3
      vertex 107.79088788567012 1.2781276727142616 3
      vertex 107.87208152801713 1.2020815280171309 3
    endloop
  endfacet
  facet normal 0 0 -1
    outer loop
      vertex 108.36636016950563 -0.1111853196912432 3
      vertex 108.36636016950563 0.1111853196912432 3
      vertex 108.37 0 3
    endloop
  endfacet
  facet normal 0 0 -1
    outer loop
      vertex 108.36636016950563 -0.1111853196912432 3
      vertex 108.35545626433547 0.22189452677408766 3
      vertex 108.36636016950563 0.1111853196912432 3
    endloop
  endfacet
  facet normal 0 0 -1
    outer loop
      vertex 108.31207390469142 -0.43999237667428526 3
      vertex 108.27978122014169 0.5464470910153747 3
      vertex 108.31207390469142 0.43999237667428526 3
    endloop
  endfacet
  facet normal 0 0 -1
    outer loop
      vertex 108.3373349766855 -0.33165354742741804 3
      vertex 108.31207390469142 0.43999237667428526 3
      vertex 108.3373349766855 0.33165354742741804 3
    endloop
  endfacet
  facet normal 0 0 -1
    outer loop
      vertex 108.35545626433547 -0.22189452677408766 3
      vertex 108.3373349766855 0.33165354742741804 3
      vertex 108.35545626433547 0.22189452677408766 3
    endloop
  endfacet
  facet normal 0 0 -1
    outer loop
      vertex 108.27978122014169 -0.5464470910153747 3
      vertex 108.24059520526919 0.6505618350206526 3
      vertex 108.27978122014169 0.5464470910153747 3
    endloop
  endfacet
  facet normal 0.7298640726978513 0.6835923020228546 0
    outer loop
      vertex 74.14895267645477 74.30619246349892 3
      vertex 74.2249988211519 74.2249988211519 0
      vertex 74.14895267645477 74.30619246349892 0
    endloop
  endfacet
  facet normal 0.6835923020228546 0.7298640726978513 0
    outer loop
      vertex 74.2249988211519 74.2249988211519 3
      vertex 74.30619246349892 74.14895267645477 0
      vertex 74.2249988211519 74.2249988211519 0
    endloop
  endfacet
  facet normal 0.8128466845916357 0.5824776968677736 0
    outer loop
      vertex 74.0135820082547 74.4826109530357 3
      vertex 74.07837967067393 74.3921859198542 0
      vertex 74.0135820082547 74.4826109530357 0
    endloop
  endfacet
  facet normal 0.8492021815266223 0.5280678506502982 0
    outer loop
      vertex 73.95483716273549 74.57708034916904 3
      vertex 74.0135820082547 74.4826109530357 0
      vertex 73.95483716273549 74.57708034916904 0
    endloop
  endfacet
  facet normal 0.8819212643483348 0.47139673682603533 0
    outer loop
      vertex 73.90239668856346 74.67518957579674 3
      vertex 73.95483716273549 74.57708034916904 0
      vertex 73.90239668856346 74.67518957579674 0
    endloop
  endfacet
  facet normal 0.7730104533626785 0.6343932841637167 0
    outer loop
      vertex 74.07837967067393 74.3921859198542 3
      vertex 74.14895267645477 74.30619246349892 0
      vertex 74.07837967067393 74.3921859198542 0
    endloop
  endfacet
  facet normal 0.5824776968677736 0.8128466845916357 0
    outer loop
      vertex 74.3921859198542 74.07837967067393 3
      vertex 74.4826109530357 74.0135820082547 0
      vertex 74.3921859198542 74.07837967067393 0
    endloop
  endfacet
  facet normal 0.6343932841637167 0.7730104533626785 0
    outer loop
      vertex 74.30619246349892 74.14895267645477 3
      vertex 74.3921859198542 74.07837967067393 0
      vertex 74.30619246349892 74.14895267645477 0
    endloop
  endfacet
  facet normal 0.5280678506502982 0.8492021815266223 0
    outer loop
      vertex 74.4826109530357 74.0135820082547 3
      vertex 74.57708034916904 73.95483716273549 0
      vertex 74.4826109530357 74.0135820082547 0
    endloop
  endfacet
  facet normal 0.47139673682603533 0.8819212643483348 0
    outer loop
      vertex 74.57708034916904 73.95483716273549 3
      vertex 74.67518957579674 73.90239668856346 0
      vertex 74.57708034916904 73.95483716273549 0
    endloop
  endfacet
  facet normal 0.41270702980436796 0.9108638249211879 0
    outer loop
      vertex 74.67518957579674 73.90239668856346 3
      vertex 74.77651851414838 73.85648514389985 0
      vertex 74.67518957579674 73.90239668856346 0
    endloop
  endfacet
  facet normal 0.9359059267573001 0.3522500479213013 0
    outer loop
      vertex 73.81729912902735 74.88063325815365 3
      vertex 73.85648514389985 74.77651851414838 0
      vertex 73.81729912902735 74.88063325815365 0
    endloop
  endfacet
  facet normal 0.9569403357322296 0.29028467725439405 0
    outer loop
      vertex 73.78500644447762 74.98708797249475 3
      vertex 73.81729912902735 74.88063325815365 0
      vertex 73.78500644447762 74.98708797249475 0
    endloop
  endfacet
  facet normal 0.9738769792773214 0.2270762630344259 0
    outer loop
      vertex 73.75974537248354 75.09542680174161 3
      vertex 73.78500644447762 74.98708797249475 0
      vertex 73.75974537248354 75.09542680174161 0
    endloop
  endfacet
  facet normal 0.9866433320848933 0.16289547339450183 0
    outer loop
      vertex 73.74162408483356 75.20518582239494 3
      vertex 73.75974537248354 75.09542680174161 0
      vertex 73.74162408483356 75.20518582239494 0
    endloop
  endfacet
  facet normal 0.9951847266721932 0.09801714032959864 0
    outer loop
      vertex 73.73072017966341 75.31589502947779 3
      vertex 73.74162408483356 75.20518582239494 0
      vertex 73.73072017966341 75.31589502947779 0
    endloop
  endfacet
  facet normal 0.9994645874763642 0.03271908282181814 0
    outer loop
      vertex 73.72708034916903 75.42708034916903 3
      vertex 73.73072017966341 75.31589502947779 0
      vertex 73.72708034916903 75.42708034916903 0
    endloop
  endfacet
  facet normal 0.9994645874763642 -0.03271908282181814 0
    outer loop
      vertex 73.73072017966341 75.53826566886028 3
      vertex 73.72708034916903 75.42708034916903 0
      vertex 73.73072017966341 75.53826566886028 0
    endloop
  endfacet
  facet normal 0.9951847266721932 -0.09801714032959864 0
    outer loop
      vertex 73.74162408483356 75.64897487594313 3
      vertex 73.73072017966341 75.53826566886028 0
      vertex 73.74162408483356 75.64897487594313 0
    endloop
  endfacet
  facet normal 0.9866433320848933 -0.16289547339450183 0
    outer loop
      vertex 73.75974537248354 75.75873389659645 3
      vertex 73.74162408483356 75.64897487594313 0
      vertex 73.75974537248354 75.75873389659645 0
    endloop
  endfacet
  facet normal 0.9738769792773214 -0.2270762630344259 0
    outer loop
      vertex 73.78500644447762 75.86707272584331 3
      vertex 73.75974537248354 75.75873389659645 0
      vertex 73.78500644447762 75.86707272584331 0
    endloop
  endfacet
  facet normal 0.9569403357322296 -0.29028467725439405 0
    outer loop
      vertex 73.81729912902735 75.97352744018441 3
      vertex 73.78500644447762 75.86707272584331 0
      vertex 73.81729912902735 75.97352744018441 0
    endloop
  endfacet
  facet normal 0.9359059267573001 -0.3522500479213013 0
    outer loop
      vertex 73.85648514389985 76.07764218418968 3
      vertex 73.81729912902735 75.97352744018441 0
      vertex 73.85648514389985 76.07764218418968 0
    endloop
  endfacet
  facet normal 0.9108638249211879 0.41270702980436796 0
    outer loop
      vertex 73.85648514389985 74.77651851414838 3
      vertex 73.90239668856346 74.67518957579674 0
      vertex 73.85648514389985 74.77651851414838 0
    endloop
  endfacet
  facet normal 0.9108638249211879 -0.41270702980436796 0
    outer loop
      vertex 73.90239668856346 76.17897112254133 3
      vertex 73.85648514389985 76.07764218418968 0
      vertex 73.90239668856346 76.17897112254133 0
    endloop
  endfacet
  facet normal 0.8819212643483348 -0.47139673682603533 0
    outer loop
      vertex 73.95483716273549 76.27708034916903 3
      vertex 73.90239668856346 76.17897112254133 0
      vertex 73.95483716273549 76.27708034916903 0
    endloop
  endfacet
  facet normal 0.8492021815266223 -0.5280678506502982 0
    outer loop
      vertex 74.0135820082547 76.37154974530236 3
      vertex 73.95483716273549 76.27708034916903 0
      vertex 74.0135820082547 76.37154974530236 0
    endloop
  endfacet
  facet normal 0.8128466845916357 -0.5824776968677736 0
    outer loop
      vertex 74.07837967067393 76.46197477848386 3
      vertex 74.0135820082547 76.37154974530236 0
      vertex 74.07837967067393 76.46197477848386 0
    endloop
  endfacet
  facet normal 0.7730104533626785 -0.6343932841637167 0
    outer loop
      vertex 74.14895267645477 76.54796823483915 3
      vertex 74.07837967067393 76.46197477848386 0
      vertex 74.14895267645477 76.54796823483915 0
    endloop
  endfacet
  facet normal 0.7298640726978513 -0.6835923020228546 0
    outer loop
      vertex 74.2249988211519 76.62916187718616 3
      vertex 74.14895267645477 76.54796823483915 0
      vertex 74.2249988211519 76.62916187718616 0
    endloop
  endfacet
  facet normal 0.6835923020228546 -0.7298640726978513 0
    outer loop
      vertex 74.30619246349892 76.7052080218833 3
      vertex 74.2249988211519 76.62916187718616 0
      vertex 74.30619246349892 76.7052080218833 0
    endloop
  endfacet
  facet normal 0.6343932841637167 -0.7730104533626785 0
    outer loop
      vertex 74.3921859198542 76.77578102766414 3
      vertex 74.30619246349892 76.7052080218833 0
      vertex 74.3921859198542 76.77578102766414 0
    endloop
  endfacet
  facet normal 0.5824776968677736 -0.8128466845916357 0
    outer loop
      vertex 74.4826109530357 76.84057869008336 3
      vertex 74.3921859198542 76.77578102766414 0
      vertex 74.4826109530357 76.84057869008336 0
    endloop
  endfacet
  facet normal 0.5280678506502982 -0.8492021815266223 0
    outer loop
      vertex 74.57708034916904 76.89932353560258 3
      vertex 74.4826109530357 76.84057869008336 0
      vertex 74.57708034916904 76.89932353560258 0
    endloop
  endfacet
  facet normal 0.47139673682603533 -0.8819212643483348 0
    outer loop
      vertex 74.67518957579674 76.9517640097746 3
      vertex 74.57708034916904 76.89932353560258 0
      vertex 74.67518957579674 76.9517640097746 0
    endloop
  endfacet
  facet normal 0.3522500479213013 0.9359059267573001 0
    outer loop
      vertex 74.77651851414838 73.85648514389985 3
      vertex 74.88063325815365 73.81729912902735 0
      vertex 74.77651851414838 73.85648514389985 0
    endloop
  endfacet
  facet normal 0.29028467725439405 0.9569403357322296 0
    outer loop
      vertex 74.88063325815365 73.81729912902735 3
      vertex 74.98708797249475 73.78500644447762 0
      vertex 74.88063325815365 73.81729912902735 0
    endloop
  endfacet
  facet normal 0.2270762630344259 0.9738769792773214 0
    outer loop
      vertex 74.98708797249475 73.78500644447762 3
      vertex 75.09542680174161 73.75974537248354 0
      vertex 74.98708797249475 73.78500644447762 0
    endloop
  endfacet
  facet normal 0.16289547339450183 0.9866433320848933 0
    outer loop
      vertex 75.09542680174161 73.75974537248354 3
      vertex 75.20518582239494 73.74162408483356 0
      vertex 75.09542680174161 73.75974537248354 0
    endloop
  endfacet
  facet normal 0.09801714032959864 0.9951847266721932 0
    outer loop
      vertex 75.20518582239494 73.74162408483356 3
      vertex 75.31589502947779 73.73072017966341 0
      vertex 75.20518582239494 73.74162408483356 0
    endloop
  endfacet
  facet normal 0.03271908282181814 0.9994645874763642 0
    outer loop
      vertex 75.31589502947779 73.73072017966341 3
      vertex 75.42708034916903 73.72708034916903 0
      vertex 75.31589502947779 73.73072017966341 0
    endloop
  endfacet
  facet normal -0.03271908282181814 0.9994645874763642 0
    outer loop
      vertex 75.42708034916903 73.72708034916903 3
      vertex 75.53826566886028 73.73072017966341 0
      vertex 75.42708034916903 73.72708034916903 0
    endloop
  endfacet
  facet normal -0.09801714032959864 0.9951847266721932 0
    outer loop
      vertex 75.53826566886028 73.73072017966341 3
      vertex 75.64897487594313 73.74162408483356 0
      vertex 75.53826566886028 73.73072017966341 0
    endloop
  endfacet
  facet normal -0.16289547339450183 0.9866433320848933 0
    outer loop
      vertex 75.64897487594313 73.74162408483356 3
      vertex 75.75873389659645 73.75974537248354 0
      vertex 75.64897487594313 73.74162408483356 0
    endloop
  endfacet
  facet normal -0.2270762630344259 0.9738769792773214 0
    outer loop
      vertex 75.75873389659645 73.75974537248354 3
      vertex 75.86707272584331 73.78500644447762 0
      vertex 75.75873389659645 73.75974537248354 0
    endloop
  endfacet
  facet normal -0.29028467725439405 0.9569403357322296 0
    outer loop
      vertex 75.86707272584331 73.78500644447762 3
      vertex 75.97352744018441 73.81729912902735 0
      vertex 75.86707272584331 73.78500644447762 0
    endloop
  endfacet
  facet normal -0.3522500479213013 0.9359059267573001 0
    outer loop
      vertex 75.97352744018441 73.81729912902735 3
      vertex 76.07764218418968 73.85648514389985 0
      vertex 75.97352744018441 73.81729912902735 0
    endloop
  endfacet
  facet normal -0.41270702980436796 0.9108638249211879 0
    outer loop
      vertex 76.07764218418968 73.85648514389985 3
      vertex 76.17897112254133 73.90239668856346 0
      vertex 76.07764218418968 73.85648514389985 0
    endloop
  endfacet
  facet normal -0.47139673682603533 0.8819212643483348 0
    outer loop
      vertex 76.17897112254133 73.90239668856346 3
      vertex 76.27708034916903 73.95483716273549 0
      vertex 76.17897112254133 73.90239668856346 0
    endloop
  endfacet
  facet normal -0.5280678506502982 0.8492021815266223 0
    outer loop
      vertex 76.27708034916903 73.95483716273549 3
      vertex 76.37154974530236 74.0135820082547 0
      vertex 76.27708034916903 73.95483716273549 0
    endloop
  endfacet
  facet normal -0.5824776968677736 0.8128466845916357 0
    outer loop
      vertex 76.37154974530236 74.0135820082547 3
      vertex 76.46197477848386 74.07837967067393 0
      vertex 76.37154974530236 74.0135820082547 0
    endloop
  endfacet
  facet normal -0.6343932841637167 0.7730104533626785 0
    outer loop
      vertex 76.46197477848386 74.07837967067393 3
      vertex 76.54796823483915 74.14895267645477 0
      vertex 76.46197477848386 74.07837967067393 0
    endloop
  endfacet
  facet normal -0.6835923020228546 0.7298640726978513 0
    outer loop
      vertex 76.54796823483915 74.14895267645477 3
      vertex 76.62916187718616 74.2249988211519 0
      vertex 76.54796823483915 74.14895267645477 0
    endloop
  endfacet
  facet normal -0.7298640726978513 0.6835923020228546 0
    outer loop
      vertex 76.62916187718616 74.2249988211519 3
      vertex 76.7052080218833 74.30619246349892 0
      vertex 76.62916187718616 74.2249988211519 0
    endloop
  endfacet
  facet normal -0.7730104533626785 0.6343932841637167 0
    outer loop
      vertex 76.7052080218833 74.30619246349892 3
      vertex 76.77578102766414 74.3921859198542 0
      vertex 76.7052080218833 74.30619246349892 0
    endloop
  endfacet
  facet normal -0.8128466845916357 0.5824776968677736 0
    outer loop
      vertex 76.77578102766414 74.3921859198542 3
      vertex 76.84057869008336 74.4826109530357 0
      vertex 76.77578102766414 74.3921859198542 0
    endloop
  endfacet
  facet normal -0.8492021815266223 0.5280678506502982 0
    outer loop
      vertex 76.84057869008336 74.4826109530357 3
      vertex 76.89932353560258 74.57708034916904 0
      vertex 76.84057869008336 74.4826109530357 0
    endloop
  endfacet
  facet normal -0.8819212643483348 0.47139673682603533 0
    outer loop
      vertex 76.89932353560258 74.57708034916904 3
      vertex 76.9517640097746 74.67518957579674 0
      vertex 76.89932353560258 74.57708034916904 0
    endloop
  endfacet
  facet normal -0.9108638249211879 0.41270702980436796 0
    outer loop
      vertex 76.9517640097746 74.67518957579674 3
      vertex 76.99767555443822 74.77651851414838 0
      vertex 76.9517640097746 74.67518957579674 0
    endloop
  endfacet
  facet normal 0.41270702980436796 -0.9108638249211879 0
    outer loop
      vertex 74.77651851414838 76.99767555443822 3
      vertex 74.67518957579674 76.9517640097746 0
      vertex 74.77651851414838 76.99767555443822 0
    endloop
  endfacet
  facet normal 0.3522500479213013 -0.9359059267573001 0
    outer loop
      vertex 74.88063325815365 77.03686156931072 3
      vertex 74.77651851414838 76.99767555443822 0
      vertex 74.88063325815365 77.03686156931072 0
    endloop
  endfacet
  facet normal 0.29028467725439405 -0.9569403357322296 0
    outer loop
      vertex 74.98708797249475 77.06915425386045 3
      vertex 74.88063325815365 77.03686156931072 0
      vertex 74.98708797249475 77.06915425386045 0
    endloop
  endfacet
  facet normal 0.2270762630344259 -0.9738769792773214 0
    outer loop
      vertex 75.09542680174161 77.09441532585453 3
      vertex 74.98708797249475 77.06915425386045 0
      vertex 75.09542680174161 77.09441532585453 0
    endloop
  endfacet
  facet normal 0.16289547339450183 -0.9866433320848933 0
    outer loop
      vertex 75.20518582239494 77.1125366135045 3
      vertex 75.09542680174161 77.09441532585453 0
      vertex 75.20518582239494 77.1125366135045 0
    endloop
  endfacet
  facet normal 0.09801714032959864 -0.9951847266721932 0
    outer loop
      vertex 75.31589502947779 77.12344051867466 3
      vertex 75.20518582239494 77.1125366135045 0
      vertex 75.31589502947779 77.12344051867466 0
    endloop
  endfacet
  facet normal 0.03271908282181814 -0.9994645874763642 0
    outer loop
      vertex 75.42708034916903 77.12708034916903 3
      vertex 75.31589502947779 77.12344051867466 0
      vertex 75.42708034916903 77.12708034916903 0
    endloop
  endfacet
  facet normal -0.03271908282181814 -0.9994645874763642 0
    outer loop
      vertex 75.53826566886028 77.12344051867466 3
      vertex 75.42708034916903 77.12708034916903 0
      vertex 75.53826566886028 77.12344051867466 0
    endloop
  endfacet
  facet normal -0.09801714032959864 -0.9951847266721932 0
    outer loop
      vertex 75.64897487594313 77.1125366135045 3
      vertex 75.53826566886028 77.12344051867466 0
      vertex 75.64897487594313 77.1125366135045 0
    endloop
  endfacet
  facet normal -0.16289547339450183 -0.9866433320848933 0
    outer loop
      vertex 75.75873389659645 77.09441532585453 3
      vertex 75.64897487594313 77.1125366135045 0
      vertex 75.75873389659645 77.09441532585453 0
    endloop
  endfacet
  facet normal -0.2270762630344259 -0.9738769792773214 0
    outer loop
      vertex 75.86707272584331 77.06915425386045 3
      vertex 75.75873389659645 77.09441532585453 0
      vertex 75.86707272584331 77.06915425386045 0
    endloop
  endfacet
  facet normal -0.29028467725439405 -0.9569403357322296 0
    outer loop
      vertex 75.97352744018441 77.03686156931072 3
      vertex 75.86707272584331 77.06915425386045 0
      vertex 75.97352744018441 77.03686156931072 0
    endloop
  endfacet
  facet normal -0.3522500479213013 -0.9359059267573001 0
    outer loop
      vertex 76.07764218418968 76.99767555443822 3
      vertex 75.97352744018441 77.03686156931072 0
      vertex 76.07764218418968 76.99767555443822 0
    endloop
  endfacet
  facet normal -0.41270702980436796 -0.9108638249211879 0
    outer loop
      vertex 76.17897112254133 76.9517640097746 3
      vertex 76.07764218418968 76.99767555443822 0
      vertex 76.17897112254133 76.9517640097746 0
    endloop
  endfacet
  facet normal -0.47139673682603533 -0.8819212643483348 0
    outer loop
      vertex 76.27708034916903 76.89932353560258 3
      vertex 76.17897112254133 76.9517640097746 0
      vertex 76.27708034916903 76.89932353560258 0
    endloop
  endfacet
  facet normal -0.5280678506502982 -0.8492021815266223 0
    outer loop
      vertex 76.37154974530236 76.84057869008336 3
      vertex 76.27708034916903 76.89932353560258 0
      vertex 76.37154974530236 76.84057869008336 0
    endloop
  endfacet
  facet normal -0.9359059267573001 0.3522500479213013 0
    outer loop
      vertex 76.99767555443822 74.77651851414838 3
      vertex 77.03686156931072 74.88063325815365 0
      vertex 76.99767555443822 74.77651851414838 0
    endloop
  endfacet
  facet normal -0.9569403357322296 0.29028467725439405 0
    outer loop
      vertex 77.03686156931072 74.88063325815365 3
      vertex 77.06915425386045 74.98708797249475 0
      vertex 77.03686156931072 74.88063325815365 0
    endloop
  endfacet
  facet normal -0.9738769792773214 0.2270762630344259 0
    outer loop
      vertex 77.06915425386045 74.98708797249475 3
      vertex 77.09441532585453 75.09542680174161 0
      vertex 77.06915425386045 74.98708797249475 0
    endloop
  endfacet
  facet normal -0.9866433320848933 0.16289547339450183 0
    outer loop
      vertex 77.09441532585453 75.09542680174161 3
      vertex 77.1125366135045 75.20518582239494 0
      vertex 77.09441532585453 75.09542680174161 0
    endloop
  endfacet
  facet normal -0.9951847266721932 0.09801714032959864 0
    outer loop
      vertex 77.1125366135045 75.20518582239494 3
      vertex 77.12344051867466 75.31589502947779 0
      vertex 77.1125366135045 75.20518582239494 0
    endloop
  endfacet
  facet normal -0.9994645874763642 0.03271908282181814 0
    outer loop
      vertex 77.12344051867466 75.31589502947779 3
      vertex 77.12708034916903 75.42708034916903 0
      vertex 77.12344051867466 75.31589502947779 0
    endloop
  endfacet
  facet normal -0.9994645874763642 -0.03271908282181814 0
    outer loop
      vertex 77.12708034916903 75.42708034916903 3
      vertex 77.12344051867466 75.53826566886028 0
      vertex 77.12708034916903 75.42708034916903 0
    endloop
  endfacet
  facet normal -0.8128466845916357 -0.5824776968677736 0
    outer loop
      vertex 76.84057869008336 76.37154974530236 3
      vertex 76.77578102766414 76.46197477848386 0
      vertex 76.84057869008336 76.37154974530236 0
    endloop
  endfacet
  facet normal -0.9951847266721932 -0.09801714032959864 0
    outer loop
      vertex 77.12344051867466 75.53826566886028 3
      vertex 77.1125366135045 75.64897487594313 0
      vertex 77.12344051867466 75.53826566886028 0
    endloop
  endfacet
  facet normal -0.9866433320848933 -0.16289547339450183 0
    outer loop
      vertex 77.1125366135045 75.64897487594313 3
      vertex 77.09441532585453 75.75873389659645 0
      vertex 77.1125366135045 75.64897487594313 0
    endloop
  endfacet
  facet normal -0.9738769792773214 -0.2270762630344259 0
    outer loop
      vertex 77.09441532585453 75.75873389659645 3
      vertex 77.06915425386045 75.86707272584331 0
      vertex 77.09441532585453 75.75873389659645 0
    endloop
  endfacet
  facet normal -0.9569403357322296 -0.29028467725439405 0
    outer loop
      vertex 77.06915425386045 75.86707272584331 3
      vertex 77.03686156931072 75.97352744018441 0
      vertex 77.06915425386045 75.86707272584331 0
    endloop
  endfacet
  facet normal -0.9359059267573001 -0.3522500479213013 0
    outer loop
      vertex 77.03686156931072 75.97352744018441 3
      vertex 76.99767555443822 76.07764218418968 0
      vertex 77.03686156931072 75.97352744018441 0
    endloop
  endfacet
  facet normal -0.9108638249211879 -0.41270702980436796 0
    outer loop
      vertex 76.99767555443822 76.07764218418968 3
      vertex 76.9517640097746 76.17897112254133 0
      vertex 76.99767555443822 76.07764218418968 0
    endloop
  endfacet
  facet normal -0.8819212643483348 -0.47139673682603533 0
    outer loop
      vertex 76.9517640097746 76.17897112254133 3
      vertex 76.89932353560258 76.27708034916903 0
      vertex 76.9517640097746 76.17897112254133 0
    endloop
  endfacet
  facet normal -0.8492021815266223 -0.5280678506502982 0
    outer loop
      vertex 76.89932353560258 76.27708034916903 3
      vertex 76.84057869008336 76.37154974530236 0
      vertex 76.89932353560258 76.27708034916903 0
    endloop
  endfacet
  facet normal -0.6835923020228546 -0.7298640726978513 0
    outer loop
      vertex 76.62916187718616 76.62916187718616 3
      vertex 76.54796823483915 76.7052080218833 0
      vertex 76.62916187718616 76.62916187718616 0
    endloop
  endfacet
  facet normal -0.5824776968677736 -0.8128466845916357 0
    outer loop
      vertex 76.46197477848386 76.77578102766414 3
      vertex 76.37154974530236 76.84057869008336 0
      vertex 76.46197477848386 76.77578102766414 0
    endloop
  endfacet
  facet normal -0.6343932841637167 -0.7730104533626785 0
    outer loop
      vertex 76.54796823483915 76.7052080218833 3
      vertex 76.46197477848386 76.77578102766414 0
      vertex 76.54796823483915 76.7052080218833 0
    endloop
  endfacet
  facet normal -0.7298640726978513 -0.6835923020228546 0
    outer loop
      vertex 76.7052080218833 76.54796823483915 3
      vertex 76.62916187718616 76.62916187718616 0
      vertex 76.7052080218833 76.54796823483915 0
    endloop
  endfacet
  facet normal -0.7730104533626785 -0.6343932841637167 0
    outer loop
      vertex 76.77578102766414 76.46197477848386 3
      vertex 76.7052080218833 76.54796823483915 0
      vertex 76.77578102766414 76.46197477848386 0
    endloop
  endfacet
  facet normal 0.7298640726978513 0.6835923020228546 0
    outer loop
      vertex 74.2249988211519 74.2249988211519 3
      vertex 74.2249988211519 74.2249988211519 0
      vertex 74.14895267645477 74.30619246349892 3
    endloop
  endfacet
  facet normal 0.6835923020228546 0.7298640726978513 -8.126394868707978e-19
    outer loop
      vertex 74.2249988211519 74.2249988211519 3
      vertex 74.30619246349892 74.14895267645477 3
      vertex 74.30619246349892 74.14895267645477 0
    endloop
  endfacet
  facet normal 0.8128466845916357 0.5824776968677736 3.6931902391075436e-19
    outer loop
      vertex 74.0135820082547 74.4826109530357 3
      vertex 74.07837967067393 74.3921859198542 3
      vertex 74.07837967067393 74.3921859198542 0
    endloop
  endfacet
  facet normal 0.8492021815266223 0.5280678506502982 0
    outer loop
      vertex 74.0135820082547 74.4826109530357 3
      vertex 74.0135820082547 74.4826109530357 0
      vertex 73.95483716273549 74.57708034916904 3
    endloop
  endfacet
  facet normal 0.8819212643483348 0.47139673682603533 6.87205366885993e-19
    outer loop
      vertex 73.90239668856346 74.67518957579674 3
      vertex 73.95483716273549 74.57708034916904 3
      vertex 73.95483716273549 74.57708034916904 0
    endloop
  endfacet
  facet normal 0.9108638249211879 0.41270702980436796 -6.905569277105089e-19
    outer loop
      vertex 73.85648514389985 74.77651851414838 3
      vertex 73.90239668856346 74.67518957579674 3
      vertex 73.90239668856346 74.67518957579674 0
    endloop
  endfacet
  facet normal 0.7730104533626785 0.6343932841637167 -8.730397515535718e-19
    outer loop
      vertex 74.07837967067393 74.3921859198542 3
      vertex 74.14895267645477 74.30619246349892 3
      vertex 74.14895267645477 74.30619246349892 0
    endloop
  endfacet
  facet normal 0.5824776968677736 0.8128466845916357 3.6931902391075436e-19
    outer loop
      vertex 74.3921859198542 74.07837967067393 3
      vertex 74.4826109530357 74.0135820082547 3
      vertex 74.4826109530357 74.0135820082547 0
    endloop
  endfacet
  facet normal 0.6343932841637167 0.7730104533626785 0
    outer loop
      vertex 74.3921859198542 74.07837967067393 3
      vertex 74.3921859198542 74.07837967067393 0
      vertex 74.30619246349892 74.14895267645477 3
    endloop
  endfacet
  facet normal 0.5280678506502982 0.8492021815266223 -1.2302484536244338e-18
    outer loop
      vertex 74.4826109530357 74.0135820082547 3
      vertex 74.57708034916904 73.95483716273549 3
      vertex 74.57708034916904 73.95483716273549 0
    endloop
  endfacet
  facet normal 0.47139673682603533 0.8819212643483348 0
    outer loop
      vertex 74.67518957579674 73.90239668856346 3
      vertex 74.67518957579674 73.90239668856346 0
      vertex 74.57708034916904 73.95483716273549 3
    endloop
  endfacet
  facet normal 0.9569403357322296 0.29028467725439405 0
    outer loop
      vertex 73.81729912902735 74.88063325815365 3
      vertex 73.81729912902735 74.88063325815365 0
      vertex 73.78500644447762 74.98708797249475 3
    endloop
  endfacet
  facet normal 0.9359059267573001 0.3522500479213013 0
    outer loop
      vertex 73.85648514389985 74.77651851414838 3
      vertex 73.85648514389985 74.77651851414838 0
      vertex 73.81729912902735 74.88063325815365 3
    endloop
  endfacet
  facet normal 0.9738769792773214 0.2270762630344259 0
    outer loop
      vertex 73.78500644447762 74.98708797249475 3
      vertex 73.78500644447762 74.98708797249475 0
      vertex 73.75974537248354 75.09542680174161 3
    endloop
  endfacet
  facet normal 0.9866433320848933 0.16289547339450183 0
    outer loop
      vertex 73.75974537248354 75.09542680174161 3
      vertex 73.75974537248354 75.09542680174161 0
      vertex 73.74162408483356 75.20518582239494 3
    endloop
  endfacet
  facet normal 0.9951847266721932 0.09801714032959864 0
    outer loop
      vertex 73.74162408483356 75.20518582239494 3
      vertex 73.74162408483356 75.20518582239494 0
      vertex 73.73072017966341 75.31589502947779 3
    endloop
  endfacet
  facet normal 0.9994645874763642 0.03271908282181814 0
    outer loop
      vertex 73.73072017966341 75.31589502947779 3
      vertex 73.73072017966341 75.31589502947779 0
      vertex 73.72708034916903 75.42708034916903 3
    endloop
  endfacet
  facet normal 0.9994645874763642 -0.03271908282181814 0
    outer loop
      vertex 73.72708034916903 75.42708034916903 3
      vertex 73.72708034916903 75.42708034916903 0
      vertex 73.73072017966341 75.53826566886028 3
    endloop
  endfacet
  facet normal 0.9951847266721932 -0.09801714032959864 0
    outer loop
      vertex 73.73072017966341 75.53826566886028 3
      vertex 73.73072017966341 75.53826566886028 0
      vertex 73.74162408483356 75.64897487594313 3
    endloop
  endfacet
  facet normal 0.9866433320848933 -0.16289547339450183 0
    outer loop
      vertex 73.74162408483356 75.64897487594313 3
      vertex 73.74162408483356 75.64897487594313 0
      vertex 73.75974537248354 75.75873389659645 3
    endloop
  endfacet
  facet normal 0.9738769792773214 -0.2270762630344259 0
    outer loop
      vertex 73.75974537248354 75.75873389659645 3
      vertex 73.75974537248354 75.75873389659645 0
      vertex 73.78500644447762 75.86707272584331 3
    endloop
  endfacet
  facet normal 0.9569403357322296 -0.29028467725439405 0
    outer loop
      vertex 73.78500644447762 75.86707272584331 3
      vertex 73.78500644447762 75.86707272584331 0
      vertex 73.81729912902735 75.97352744018441 3
    endloop
  endfacet
  facet normal 0.9359059267573001 -0.3522500479213013 0
    outer loop
      vertex 73.81729912902735 75.97352744018441 3
      vertex 73.81729912902735 75.97352744018441 0
      vertex 73.85648514389985 76.07764218418968 3
    endloop
  endfacet
  facet normal 0.9108638249211879 -0.41270702980436796 0
    outer loop
      vertex 73.85648514389985 76.07764218418968 3
      vertex 73.85648514389985 76.07764218418968 0
      vertex 73.90239668856346 76.17897112254133 3
    endloop
  endfacet
  facet normal 0.8819212643483348 -0.47139673682603533 0
    outer loop
      vertex 73.90239668856346 76.17897112254133 3
      vertex 73.90239668856346 76.17897112254133 0
      vertex 73.95483716273549 76.27708034916903 3
    endloop
  endfacet
  facet normal 0.8492021815266223 -0.5280678506502982 0
    outer loop
      vertex 73.95483716273549 76.27708034916903 3
      vertex 73.95483716273549 76.27708034916903 0
      vertex 74.0135820082547 76.37154974530236 3
    endloop
  endfacet
  facet normal 0.8128466845916357 -0.5824776968677736 0
    outer loop
      vertex 74.0135820082547 76.37154974530236 3
      vertex 74.0135820082547 76.37154974530236 0
      vertex 74.07837967067393 76.46197477848386 3
    endloop
  endfacet
  facet normal 0.7730104533626785 -0.6343932841637167 0
    outer loop
      vertex 74.07837967067393 76.46197477848386 3
      vertex 74.07837967067393 76.46197477848386 0
      vertex 74.14895267645477 76.54796823483915 3
    endloop
  endfacet
  facet normal 0.7298640726978513 -0.6835923020228546 0
    outer loop
      vertex 74.14895267645477 76.54796823483915 3
      vertex 74.14895267645477 76.54796823483915 0
      vertex 74.2249988211519 76.62916187718616 3
    endloop
  endfacet
  facet normal 0.6835923020228546 -0.7298640726978513 0
    outer loop
      vertex 74.2249988211519 76.62916187718616 3
      vertex 74.2249988211519 76.62916187718616 0
      vertex 74.30619246349892 76.7052080218833 3
    endloop
  endfacet
  facet normal 0.6343932841637167 -0.7730104533626785 0
    outer loop
      vertex 74.30619246349892 76.7052080218833 3
      vertex 74.30619246349892 76.7052080218833 0
      vertex 74.3921859198542 76.77578102766414 3
    endloop
  endfacet
  facet normal 0.5824776968677736 -0.8128466845916357 0
    outer loop
      vertex 74.3921859198542 76.77578102766414 3
      vertex 74.3921859198542 76.77578102766414 0
      vertex 74.4826109530357 76.84057869008336 3
    endloop
  endfacet
  facet normal 0.5280678506502982 -0.8492021815266223 0
    outer loop
      vertex 74.4826109530357 76.84057869008336 3
      vertex 74.4826109530357 76.84057869008336 0
      vertex 74.57708034916904 76.89932353560258 3
    endloop
  endfacet
  facet normal 0.47139673682603533 -0.8819212643483348 0
    outer loop
      vertex 74.57708034916904 76.89932353560258 3
      vertex 74.57708034916904 76.89932353560258 0
      vertex 74.67518957579674 76.9517640097746 3
    endloop
  endfacet
  facet normal 0.41270702980436796 -0.9108638249211879 0
    outer loop
      vertex 74.67518957579674 76.9517640097746 3
      vertex 74.67518957579674 76.9517640097746 0
      vertex 74.77651851414838 76.99767555443822 3
    endloop
  endfacet
  facet normal 0.3522500479213013 0.9359059267573001 -2.166961164621453e-19
    outer loop
      vertex 74.77651851414838 73.85648514389985 3
      vertex 74.88063325815365 73.81729912902735 3
      vertex 74.88063325815365 73.81729912902735 0
    endloop
  endfacet
  facet normal 0.29028467725439405 0.9569403357322296 -4.491188868011154e-19
    outer loop
      vertex 74.88063325815365 73.81729912902735 3
      vertex 74.98708797249475 73.78500644447762 3
      vertex 74.98708797249475 73.78500644447762 0
    endloop
  endfacet
  facet normal 0.2270762630344259 0.9738769792773214 -1.7446323763098246e-19
    outer loop
      vertex 74.98708797249475 73.78500644447762 3
      vertex 75.09542680174161 73.75974537248354 3
      vertex 75.09542680174161 73.75974537248354 0
    endloop
  endfacet
  facet normal 0.16289547339450183 0.9866433320848933 5.726490459600851e-19
    outer loop
      vertex 75.09542680174161 73.75974537248354 3
      vertex 75.20518582239494 73.74162408483356 3
      vertex 75.20518582239494 73.74162408483356 0
    endloop
  endfacet
  facet normal 0.09801714032959864 0.9951847266721932 -7.375412545214896e-20
    outer loop
      vertex 75.20518582239494 73.74162408483356 3
      vertex 75.31589502947779 73.73072017966341 3
      vertex 75.31589502947779 73.73072017966341 0
    endloop
  endfacet
  facet normal 0.03271908282181814 0.9994645874763642 2.5239385402771795e-21
    outer loop
      vertex 75.31589502947779 73.73072017966341 3
      vertex 75.42708034916903 73.72708034916903 3
      vertex 75.42708034916903 73.72708034916903 0
    endloop
  endfacet
  facet normal -0.03271908282181814 0.9994645874763642 -2.5239385402771795e-21
    outer loop
      vertex 75.42708034916903 73.72708034916903 3
      vertex 75.53826566886028 73.73072017966341 3
      vertex 75.53826566886028 73.73072017966341 0
    endloop
  endfacet
  facet normal 0.41270702980436796 0.9108638249211879 -6.905569277105089e-19
    outer loop
      vertex 74.67518957579674 73.90239668856346 3
      vertex 74.77651851414838 73.85648514389985 3
      vertex 74.77651851414838 73.85648514389985 0
    endloop
  endfacet
  facet normal -0.09801714032959864 0.9951847266721932 7.375412545214896e-20
    outer loop
      vertex 75.53826566886028 73.73072017966341 3
      vertex 75.64897487594313 73.74162408483356 3
      vertex 75.64897487594313 73.74162408483356 0
    endloop
  endfacet
  facet normal -0.16289547339450183 0.9866433320848933 -5.726490459600851e-19
    outer loop
      vertex 75.64897487594313 73.74162408483356 3
      vertex 75.75873389659645 73.75974537248354 3
      vertex 75.75873389659645 73.75974537248354 0
    endloop
  endfacet
  facet normal -0.2270762630344259 0.9738769792773214 1.7446323763098246e-19
    outer loop
      vertex 75.75873389659645 73.75974537248354 3
      vertex 75.86707272584331 73.78500644447762 3
      vertex 75.86707272584331 73.78500644447762 0
    endloop
  endfacet
  facet normal -0.29028467725439405 0.9569403357322296 4.491188868011154e-19
    outer loop
      vertex 75.86707272584331 73.78500644447762 3
      vertex 75.97352744018441 73.81729912902735 3
      vertex 75.97352744018441 73.81729912902735 0
    endloop
  endfacet
  facet normal -0.3522500479213013 0.9359059267573001 2.166961164621453e-19
    outer loop
      vertex 75.97352744018441 73.81729912902735 3
      vertex 76.07764218418968 73.85648514389985 3
      vertex 76.07764218418968 73.85648514389985 0
    endloop
  endfacet
  facet normal -0.41270702980436796 0.9108638249211879 6.905569277105089e-19
    outer loop
      vertex 76.07764218418968 73.85648514389985 3
      vertex 76.17897112254133 73.90239668856346 3
      vertex 76.17897112254133 73.90239668856346 0
    endloop
  endfacet
  facet normal -0.47139673682603533 0.8819212643483348 -6.87205366885993e-19
    outer loop
      vertex 76.17897112254133 73.90239668856346 3
      vertex 76.27708034916903 73.95483716273549 3
      vertex 76.27708034916903 73.95483716273549 0
    endloop
  endfacet
  facet normal -0.5280678506502982 0.8492021815266223 1.2302484536244338e-18
    outer loop
      vertex 76.27708034916903 73.95483716273549 3
      vertex 76.37154974530236 74.0135820082547 3
      vertex 76.37154974530236 74.0135820082547 0
    endloop
  endfacet
  facet normal -0.5824776968677736 0.8128466845916357 -3.6931902391075436e-19
    outer loop
      vertex 76.37154974530236 74.0135820082547 3
      vertex 76.46197477848386 74.07837967067393 3
      vertex 76.46197477848386 74.07837967067393 0
    endloop
  endfacet
  facet normal -0.6343932841637167 0.7730104533626785 8.730397515535718e-19
    outer loop
      vertex 76.46197477848386 74.07837967067393 3
      vertex 76.54796823483915 74.14895267645477 3
      vertex 76.54796823483915 74.14895267645477 0
    endloop
  endfacet
  facet normal -0.6835923020228546 0.7298640726978513 8.126394868707978e-19
    outer loop
      vertex 76.54796823483915 74.14895267645477 3
      vertex 76.62916187718616 74.2249988211519 3
      vertex 76.62916187718616 74.2249988211519 0
    endloop
  endfacet
  facet normal -0.7298640726978513 0.6835923020228546 8.126394868707978e-19
    outer loop
      vertex 76.62916187718616 74.2249988211519 3
      vertex 76.7052080218833 74.30619246349892 3
      vertex 76.7052080218833 74.30619246349892 0
    endloop
  endfacet
  facet normal -0.7730104533626785 0.6343932841637167 8.730397515535718e-19
    outer loop
      vertex 76.7052080218833 74.30619246349892 3
      vertex 76.77578102766414 74.3921859198542 3
      vertex 76.77578102766414 74.3921859198542 0
    endloop
  endfacet
  facet normal -0.8128466845916357 0.5824776968677736 -3.6931902391075436e-19
    outer loop
      vertex 76.77578102766414 74.3921859198542 3
      vertex 76.84057869008336 74.4826109530357 3
      vertex 76.84057869008336 74.4826109530357 0
    endloop
  endfacet
  facet normal -0.8492021815266223 0.5280678506502982 1.2302484536244338e-18
    outer loop
      vertex 76.84057869008336 74.4826109530357 3
      vertex 76.89932353560258 74.57708034916904 3
      vertex 76.89932353560258 74.57708034916904 0
    endloop
  endfacet
  facet normal -0.8819212643483348 0.47139673682603533 -6.87205366885993e-19
    outer loop
      vertex 76.89932353560258 74.57708034916904 3
      vertex 76.9517640097746 74.67518957579674 3
      vertex 76.9517640097746 74.67518957579674 0
    endloop
  endfacet
  facet normal 0.3522500479213013 -0.9359059267573001 0
    outer loop
      vertex 74.77651851414838 76.99767555443822 3
      vertex 74.77651851414838 76.99767555443822 0
      vertex 74.88063325815365 77.03686156931072 3
    endloop
  endfacet
  facet normal 0.29028467725439405 -0.9569403357322296 0
    outer loop
      vertex 74.88063325815365 77.03686156931072 3
      vertex 74.88063325815365 77.03686156931072 0
      vertex 74.98708797249475 77.06915425386045 3
    endloop
  endfacet
  facet normal 0.2270762630344259 -0.9738769792773214 0
    outer loop
      vertex 74.98708797249475 77.06915425386045 3
      vertex 74.98708797249475 77.06915425386045 0
      vertex 75.09542680174161 77.09441532585453 3
    endloop
  endfacet
  facet normal 0.16289547339450183 -0.9866433320848933 0
    outer loop
      vertex 75.09542680174161 77.09441532585453 3
      vertex 75.09542680174161 77.09441532585453 0
      vertex 75.20518582239494 77.1125366135045 3
    endloop
  endfacet
  facet normal 0.09801714032959864 -0.9951847266721932 0
    outer loop
      vertex 75.20518582239494 77.1125366135045 3
      vertex 75.20518582239494 77.1125366135045 0
      vertex 75.31589502947779 77.12344051867466 3
    endloop
  endfacet
  facet normal 0.03271908282181814 -0.9994645874763642 0
    outer loop
      vertex 75.31589502947779 77.12344051867466 3
      vertex 75.31589502947779 77.12344051867466 0
      vertex 75.42708034916903 77.12708034916903 3
    endloop
  endfacet
  facet normal -0.03271908282181814 -0.9994645874763642 0
    outer loop
      vertex 75.42708034916903 77.12708034916903 3
      vertex 75.42708034916903 77.12708034916903 0
      vertex 75.53826566886028 77.12344051867466 3
    endloop
  endfacet
  facet normal -0.09801714032959864 -0.9951847266721932 0
    outer loop
      vertex 75.53826566886028 77.12344051867466 3
      vertex 75.53826566886028 77.12344051867466 0
      vertex 75.64897487594313 77.1125366135045 3
    endloop
  endfacet
  facet normal -0.16289547339450183 -0.9866433320848933 0
    outer loop
      vertex 75.64897487594313 77.1125366135045 3
      vertex 75.64897487594313 77.1125366135045 0
      vertex 75.75873389659645 77.09441532585453 3
    endloop
  endfacet
  facet normal -0.2270762630344259 -0.9738769792773214 0
    outer loop
      vertex 75.75873389659645 77.09441532585453 3
      vertex 75.75873389659645 77.09441532585453 0
      vertex 75.86707272584331 77.06915425386045 3
    endloop
  endfacet
  facet normal -0.29028467725439405 -0.9569403357322296 -4.491188868011154e-19
    outer loop
      vertex 75.97352744018441 77.03686156931072 3
      vertex 75.86707272584331 77.06915425386045 3
      vertex 75.86707272584331 77.06915425386045 0
    endloop
  endfacet
  facet normal -0.5824776968677736 -0.8128466845916357 0
    outer loop
      vertex 76.37154974530236 76.84057869008336 3
      vertex 76.37154974530236 76.84057869008336 0
      vertex 76.46197477848386 76.77578102766414 3
    endloop
  endfacet
  facet normal -0.3522500479213013 -0.9359059267573001 0
    outer loop
      vertex 75.97352744018441 77.03686156931072 3
      vertex 75.97352744018441 77.03686156931072 0
      vertex 76.07764218418968 76.99767555443822 3
    endloop
  endfacet
  facet normal -0.41270702980436796 -0.9108638249211879 0
    outer loop
      vertex 76.07764218418968 76.99767555443822 3
      vertex 76.07764218418968 76.99767555443822 0
      vertex 76.17897112254133 76.9517640097746 3
    endloop
  endfacet
  facet normal -0.47139673682603533 -0.8819212643483348 0
    outer loop
      vertex 76.17897112254133 76.9517640097746 3
      vertex 76.17897112254133 76.9517640097746 0
      vertex 76.27708034916903 76.89932353560258 3
    endloop
  endfacet
  facet normal -0.5280678506502982 -0.8492021815266223 0
    outer loop
      vertex 76.27708034916903 76.89932353560258 3
      vertex 76.27708034916903 76.89932353560258 0
      vertex 76.37154974530236 76.84057869008336 3
    endloop
  endfacet
  facet normal -0.9108638249211879 0.41270702980436796 6.905569277105089e-19
    outer loop
      vertex 76.9517640097746 74.67518957579674 3
      vertex 76.99767555443822 74.77651851414838 3
      vertex 76.99767555443822 74.77651851414838 0
    endloop
  endfacet
  facet normal -0.9359059267573001 0.3522500479213013 2.166961164621453e-19
    outer loop
      vertex 76.99767555443822 74.77651851414838 3
      vertex 77.03686156931072 74.88063325815365 3
      vertex 77.03686156931072 74.88063325815365 0
    endloop
  endfacet
  facet normal -0.9569403357322296 0.29028467725439405 4.491188868011154e-19
    outer loop
      vertex 77.03686156931072 74.88063325815365 3
      vertex 77.06915425386045 74.98708797249475 3
      vertex 77.06915425386045 74.98708797249475 0
    endloop
  endfacet
  facet normal -0.9738769792773214 0.2270762630344259 1.7446323763098246e-19
    outer loop
      vertex 77.06915425386045 74.98708797249475 3
      vertex 77.09441532585453 75.09542680174161 3
      vertex 77.09441532585453 75.09542680174161 0
    endloop
  endfacet
  facet normal -0.9866433320848933 0.16289547339450183 -5.726490459600851e-19
    outer loop
      vertex 77.09441532585453 75.09542680174161 3
      vertex 77.1125366135045 75.20518582239494 3
      vertex 77.1125366135045 75.20518582239494 0
    endloop
  endfacet
  facet normal -0.9951847266721932 0.09801714032959864 7.375412545214896e-20
    outer loop
      vertex 77.1125366135045 75.20518582239494 3
      vertex 77.12344051867466 75.31589502947779 3
      vertex 77.12344051867466 75.31589502947779 0
    endloop
  endfacet
  facet normal -0.9994645874763642 0.03271908282181814 -2.5239385402771795e-21
    outer loop
      vertex 77.12344051867466 75.31589502947779 3
      vertex 77.12708034916903 75.42708034916903 3
      vertex 77.12708034916903 75.42708034916903 0
    endloop
  endfacet
  facet normal -0.9994645874763642 -0.03271908282181814 2.5239385402771795e-21
    outer loop
      vertex 77.12708034916903 75.42708034916903 3
      vertex 77.12344051867466 75.53826566886028 3
      vertex 77.12344051867466 75.53826566886028 0
    endloop
  endfacet
  facet normal -0.9951847266721932 -0.09801714032959864 -7.375412545214896e-20
    outer loop
      vertex 77.12344051867466 75.53826566886028 3
      vertex 77.1125366135045 75.64897487594313 3
      vertex 77.1125366135045 75.64897487594313 0
    endloop
  endfacet
  facet normal -0.9866433320848933 -0.16289547339450183 5.726490459600851e-19
    outer loop
      vertex 77.1125366135045 75.64897487594313 3
      vertex 77.09441532585453 75.75873389659645 3
      vertex 77.09441532585453 75.75873389659645 0
    endloop
  endfacet
  facet normal -0.9738769792773214 -0.2270762630344259 -1.7446323763098246e-19
    outer loop
      vertex 77.09441532585453 75.75873389659645 3
      vertex 77.06915425386045 75.86707272584331 3
      vertex 77.06915425386045 75.86707272584331 0
    endloop
  endfacet
  facet normal -0.9569403357322296 -0.29028467725439405 0
    outer loop
      vertex 77.03686156931072 75.97352744018441 3
      vertex 77.03686156931072 75.97352744018441 0
      vertex 77.06915425386045 75.86707272584331 3
    endloop
  endfacet
  facet normal -0.9359059267573001 -0.3522500479213013 -2.166961164621453e-19
    outer loop
      vertex 77.03686156931072 75.97352744018441 3
      vertex 76.99767555443822 76.07764218418968 3
      vertex 76.99767555443822 76.07764218418968 0
    endloop
  endfacet
  facet normal -0.9108638249211879 -0.41270702980436796 -6.905569277105089e-19
    outer loop
      vertex 76.99767555443822 76.07764218418968 3
      vertex 76.9517640097746 76.17897112254133 3
      vertex 76.9517640097746 76.17897112254133 0
    endloop
  endfacet
  facet normal -0.8819212643483348 -0.47139673682603533 6.87205366885993e-19
    outer loop
      vertex 76.9517640097746 76.17897112254133 3
      vertex 76.89932353560258 76.27708034916903 3
      vertex 76.89932353560258 76.27708034916903 0
    endloop
  endfacet
  facet normal -0.8492021815266223 -0.5280678506502982 -1.2302484536244338e-18
    outer loop
      vertex 76.89932353560258 76.27708034916903 3
      vertex 76.84057869008336 76.37154974530236 3
      vertex 76.84057869008336 76.37154974530236 0
    endloop
  endfacet
  facet normal -0.6835923020228546 -0.7298640726978513 0
    outer loop
      vertex 76.54796823483915 76.7052080218833 3
      vertex 76.54796823483915 76.7052080218833 0
      vertex 76.62916187718616 76.62916187718616 3
    endloop
  endfacet
  facet normal -0.6343932841637167 -0.7730104533626785 0
    outer loop
      vertex 76.46197477848386 76.77578102766414 3
      vertex 76.46197477848386 76.77578102766414 0
      vertex 76.54796823483915 76.7052080218833 3
    endloop
  endfacet
  facet normal -0.7298640726978513 -0.6835923020228546 -8.126394868707978e-19
    outer loop
      vertex 76.7052080218833 76.54796823483915 3
      vertex 76.62916187718616 76.62916187718616 3
      vertex 76.62916187718616 76.62916187718616 0
    endloop
  endfacet
  facet normal -0.8128466845916357 -0.5824776968677736 0
    outer loop
      vertex 76.77578102766414 76.46197477848386 3
      vertex 76.77578102766414 76.46197477848386 0
      vertex 76.84057869008336 76.37154974530236 3
    endloop
  endfacet
  facet normal -0.7730104533626785 -0.6343932841637167 -8.730397515535718e-19
    outer loop
      vertex 76.77578102766414 76.46197477848386 3
      vertex 76.7052080218833 76.54796823483915 3
      vertex 76.7052080218833 76.54796823483915 0
    endloop
  endfacet
  facet normal 0 0 -1
    outer loop
      vertex 73.85648514389985 74.77651851414838 3
      vertex 73.81729912902735 74.88063325815365 3
      vertex 73.81729912902735 75.97352744018441 3
    endloop
  endfacet
  facet normal 0 0 -1
    outer loop
      vertex 73.75974537248354 75.09542680174161 3
      vertex 73.74162408483356 75.20518582239494 3
      vertex 73.74162408483356 75.64897487594313 3
    endloop
  endfacet
  facet normal 0 0 -1
    outer loop
      vertex 73.78500644447762 74.98708797249475 3
      vertex 73.75974537248354 75.09542680174161 3
      vertex 73.75974537248354 75.75873389659645 3
    endloop
  endfacet
  facet normal 0 0 -1
    outer loop
      vertex 73.81729912902735 74.88063325815365 3
      vertex 73.78500644447762 74.98708797249475 3
      vertex 73.78500644447762 75.86707272584331 3
    endloop
  endfacet
  facet normal 0 0 -1
    outer loop
      vertex 73.74162408483356 75.20518582239494 3
      vertex 73.73072017966341 75.31589502947779 3
      vertex 73.73072017966341 75.53826566886028 3
    endloop
  endfacet
  facet normal 0 0 -1
    outer loop
      vertex 73.73072017966341 75.31589502947779 3
      vertex 73.72708034916903 75.42708034916903 3
      vertex 73.73072017966341 75.53826566886028 3
    endloop
  endfacet
  facet normal 0 0 -1
    outer loop
      vertex 73.74162408483356 75.20518582239494 3
      vertex 73.73072017966341 75.53826566886028 3
      vertex 73.74162408483356 75.64897487594313 3
    endloop
  endfacet
  facet normal 0 0 -1
    outer loop
      vertex 73.75974537248354 75.09542680174161 3
      vertex 73.74162408483356 75.64897487594313 3
      vertex 73.75974537248354 75.75873389659645 3
    endloop
  endfacet
  facet normal 0 0 -1
    outer loop
      vertex 73.78500644447762 74.98708797249475 3
      vertex 73.75974537248354 75.75873389659645 3
      vertex 73.78500644447762 75.86707272584331 3
    endloop
  endfacet
  facet normal 0 0 -1
    outer loop
      vertex 73.81729912902735 74.88063325815365 3
      vertex 73.78500644447762 75.86707272584331 3
      vertex 73.81729912902735 75.97352744018441 3
    endloop
  endfacet
  facet normal 0 0 -1
    outer loop
      vertex 73.85648514389985 74.77651851414838 3
      vertex 73.81729912902735 75.97352744018441 3
      vertex 73.85648514389985 76.07764218418968 3
    endloop
  endfacet
  facet normal 0 0 -1
    outer loop
      vertex 74.0135820082547 74.4826109530357 3
      vertex 74.0135820082547 76.37154974530236 3
      vertex 74.07837967067393 74.3921859198542 3
    endloop
  endfacet
  facet normal 0 0 -1
    outer loop
      vertex 74.0135820082547 74.4826109530357 3
      vertex 73.95483716273549 74.57708034916904 3
      vertex 73.95483716273549 76.27708034916903 3
    endloop
  endfacet
  facet normal 0 0 -1
    outer loop
      vertex 74.07837967067393 74.3921859198542 3
      vertex 74.07837967067393 76.46197477848386 3
      vertex 74.14895267645477 74.30619246349892 3
    endloop
  endfacet
  facet normal 0 0 -1
    outer loop
      vertex 74.2249988211519 74.2249988211519 3
      vertex 74.2249988211519 76.62916187718616 3
      vertex 74.30619246349892 74.14895267645477 3
    endloop
  endfacet
  facet normal 0 0 -1
    outer loop
      vertex 74.2249988211519 74.2249988211519 3
      vertex 74.14895267645477 74.30619246349892 3
      vertex 74.14895267645477 76.54796823483915 3
    endloop
  endfacet
  facet normal 0 0 -1
    outer loop
      vertex 73.85648514389985 74.77651851414838 3
      vertex 73.85648514389985 76.07764218418968 3
      vertex 73.90239668856346 74.67518957579674 3
    endloop
  endfacet
  facet normal 0 0 -1
    outer loop
      vertex 73.90239668856346 74.67518957579674 3
      vertex 73.90239668856346 76.17897112254133 3
      vertex 73.95483716273549 74.57708034916904 3
    endloop
  endfacet
  facet normal 0 0 -1
    outer loop
      vertex 74.3921859198542 74.07837967067393 3
      vertex 74.30619246349892 74.14895267645477 3
      vertex 74.30619246349892 76.7052080218833 3
    endloop
  endfacet
  facet normal 0 0 -1
    outer loop
      vertex 74.3921859198542 74.07837967067393 3
      vertex 74.3921859198542 76.77578102766414 3
      vertex 74.4826109530357 74.0135820082547 3
    endloop
  endfacet
  facet normal 0 0 -1
    outer loop
      vertex 74.67518957579674 73.90239668856346 3
      vertex 74.57708034916904 73.95483716273549 3
      vertex 74.57708034916904 76.89932353560258 3
    endloop
  endfacet
  facet normal 0 0 -1
    outer loop
      vertex 74.67518957579674 73.90239668856346 3
      vertex 74.67518957579674 76.9517640097746 3
      vertex 74.77651851414838 73.85648514389985 3
    endloop
  endfacet
  facet normal 0 0 -1
    outer loop
      vertex 74.4826109530357 74.0135820082547 3
      vertex 74.4826109530357 76.84057869008336 3
      vertex 74.57708034916904 73.95483716273549 3
    endloop
  endfacet
  facet normal 0 0 -1
    outer loop
      vertex 73.90239668856346 74.67518957579674 3
      vertex 73.85648514389985 76.07764218418968 3
      vertex 73.90239668856346 76.17897112254133 3
    endloop
  endfacet
  facet normal 0 0 -1
    outer loop
      vertex 73.95483716273549 74.57708034916904 3
      vertex 73.90239668856346 76.17897112254133 3
      vertex 73.95483716273549 76.27708034916903 3
    endloop
  endfacet
  facet normal 0 0 -1
    outer loop
      vertex 74.0135820082547 74.4826109530357 3
      vertex 73.95483716273549 76.27708034916903 3
      vertex 74.0135820082547 76.37154974530236 3
    endloop
  endfacet
  facet normal 0 0 -1
    outer loop
      vertex 74.07837967067393 74.3921859198542 3
      vertex 74.0135820082547 76.37154974530236 3
      vertex 74.07837967067393 76.46197477848386 3
    endloop
  endfacet
  facet normal 0 0 -1
    outer loop
      vertex 74.14895267645477 74.30619246349892 3
      vertex 74.07837967067393 76.46197477848386 3
      vertex 74.14895267645477 76.54796823483915 3
    endloop
  endfacet
  facet normal 0 0 -1
    outer loop
      vertex 74.2249988211519 74.2249988211519 3
      vertex 74.14895267645477 76.54796823483915 3
      vertex 74.2249988211519 76.62916187718616 3
    endloop
  endfacet
  facet normal 0 0 -1
    outer loop
      vertex 74.30619246349892 74.14895267645477 3
      vertex 74.2249988211519 76.62916187718616 3
      vertex 74.30619246349892 76.7052080218833 3
    endloop
  endfacet
  facet normal 0 0 -1
    outer loop
      vertex 74.3921859198542 74.07837967067393 3
      vertex 74.30619246349892 76.7052080218833 3
      vertex 74.3921859198542 76.77578102766414 3
    endloop
  endfacet
  facet normal 0 0 -1
    outer loop
      vertex 74.4826109530357 74.0135820082547 3
      vertex 74.3921859198542 76.77578102766414 3
      vertex 74.4826109530357 76.84057869008336 3
    endloop
  endfacet
  facet normal 0 0 -1
    outer loop
      vertex 74.4826109530357 76.84057869008336 3
      vertex 74.57708034916904 76.89932353560258 3
      vertex 74.57708034916904 73.95483716273549 3
    endloop
  endfacet
  facet normal 0 0 -1
    outer loop
      vertex 74.67518957579674 73.90239668856346 3
      vertex 74.57708034916904 76.89932353560258 3
      vertex 74.67518957579674 76.9517640097746 3
    endloop
  endfacet
  facet normal 0 0 -1
    outer loop
      vertex 74.77651851414838 73.85648514389985 3
      vertex 74.77651851414838 76.99767555443822 3
      vertex 74.88063325815365 73.81729912902735 3
    endloop
  endfacet
  facet normal 0 0 -1
    outer loop
      vertex 74.88063325815365 73.81729912902735 3
      vertex 74.88063325815365 77.03686156931072 3
      vertex 74.98708797249475 73.78500644447762 3
    endloop
  endfacet
  facet normal 0 0 -1
    outer loop
      vertex 74.98708797249475 73.78500644447762 3
      vertex 74.98708797249475 77.06915425386045 3
      vertex 75.09542680174161 73.75974537248354 3
    endloop
  endfacet
  facet normal 0 0 -1
    outer loop
      vertex 75.09542680174161 73.75974537248354 3
      vertex 75.09542680174161 77.09441532585453 3
      vertex 75.20518582239494 73.74162408483356 3
    endloop
  endfacet
  facet normal 0 0 -1
    outer loop
      vertex 75.20518582239494 73.74162408483356 3
      vertex 75.20518582239494 77.1125366135045 3
      vertex 75.31589502947779 73.73072017966341 3
    endloop
  endfacet
  facet normal 0 0 -1
    outer loop
      vertex 75.31589502947779 73.73072017966341 3
      vertex 75.31589502947779 77.12344051867466 3
      vertex 75.42708034916903 73.72708034916903 3
    endloop
  endfacet
  facet normal 0 0 -1
    outer loop
      vertex 75.42708034916903 73.72708034916903 3
      vertex 75.42708034916903 77.12708034916903 3
      vertex 75.53826566886028 73.73072017966341 3
    endloop
  endfacet
  facet normal 0 0 -1
    outer loop
      vertex 74.77651851414838 73.85648514389985 3
      vertex 74.67518957579674 76.9517640097746 3
      vertex 74.77651851414838 76.99767555443822 3
    endloop
  endfacet
  facet normal 0 0 -1
    outer loop
      vertex 74.88063325815365 73.81729912902735 3
      vertex 74.77651851414838 76.99767555443822 3
      vertex 74.88063325815365 77.03686156931072 3
    endloop
  endfacet
  facet normal 0 0 -1
    outer loop
      vertex 74.98708797249475 73.78500644447762 3
      vertex 74.88063325815365 77.03686156931072 3
      vertex 74.98708797249475 77.06915425386045 3
    endloop
  endfacet
  facet normal 0 0 -1
    outer loop
      vertex 75.09542680174161 73.75974537248354 3
      vertex 74.98708797249475 77.06915425386045 3
      vertex 75.09542680174161 77.09441532585453 3
    endloop
  endfacet
  facet normal 0 0 -1
    outer loop
      vertex 75.20518582239494 73.74162408483356 3
      vertex 75.09542680174161 77.09441532585453 3
      vertex 75.20518582239494 77.1125366135045 3
    endloop
  endfacet
  facet normal 0 0 -1
    outer loop
      vertex 75.31589502947779 73.73072017966341 3
      vertex 75.20518582239494 77.1125366135045 3
      vertex 75.31589502947779 77.12344051867466 3
    endloop
  endfacet
  facet normal 0 0 -1
    outer loop
      vertex 75.42708034916903 73.72708034916903 3
      vertex 75.31589502947779 77.12344051867466 3
      vertex 75.42708034916903 77.12708034916903 3
    endloop
  endfacet
  facet normal 0 0 -1
    outer loop
      vertex 75.53826566886028 73.73072017966341 3
      vertex 75.42708034916903 77.12708034916903 3
      vertex 75.53826566886028 77.12344051867466 3
    endloop
  endfacet
  facet normal 0 0 -1
    outer loop
      vertex 75.53826566886028 73.73072017966341 3
      vertex 75.53826566886028 77.12344051867466 3
      vertex 75.64897487594313 73.74162408483356 3
    endloop
  endfacet
  facet normal 0 0 -1
    outer loop
      vertex 75.64897487594313 73.74162408483356 3
      vertex 75.64897487594313 77.1125366135045 3
      vertex 75.75873389659645 73.75974537248354 3
    endloop
  endfacet
  facet normal 0 0 -1
    outer loop
      vertex 75.75873389659645 73.75974537248354 3
      vertex 75.75873389659645 77.09441532585453 3
      vertex 75.86707272584331 73.78500644447762 3
    endloop
  endfacet
  facet normal 0 0 -1
    outer loop
      vertex 75.86707272584331 73.78500644447762 3
      vertex 75.86707272584331 77.06915425386045 3
      vertex 75.97352744018441 73.81729912902735 3
    endloop
  endfacet
  facet normal 0 0 -1
    outer loop
      vertex 75.97352744018441 73.81729912902735 3
      vertex 75.97352744018441 77.03686156931072 3
      vertex 76.07764218418968 73.85648514389985 3
    endloop
  endfacet
  facet normal 0 0 -1
    outer loop
      vertex 76.07764218418968 73.85648514389985 3
      vertex 76.07764218418968 76.99767555443822 3
      vertex 76.17897112254133 73.90239668856346 3
    endloop
  endfacet
  facet normal 0 0 -1
    outer loop
      vertex 76.17897112254133 73.90239668856346 3
      vertex 76.17897112254133 76.9517640097746 3
      vertex 76.27708034916903 73.95483716273549 3
    endloop
  endfacet
  facet normal 0 0 -1
    outer loop
      vertex 76.27708034916903 73.95483716273549 3
      vertex 76.27708034916903 76.89932353560258 3
      vertex 76.37154974530236 74.0135820082547 3
    endloop
  endfacet
  facet normal 0 0 -1
    outer loop
      vertex 76.37154974530236 74.0135820082547 3
      vertex 76.37154974530236 76.84057869008336 3
      vertex 76.46197477848386 74.07837967067393 3
    endloop
  endfacet
  facet normal 0 0 -1
    outer loop
      vertex 75.86707272584331 73.78500644447762 3
      vertex 75.75873389659645 77.09441532585453 3
      vertex 75.86707272584331 77.06915425386045 3
    endloop
  endfacet
  facet normal 0 0 -1
    outer loop
      vertex 75.97352744018441 73.81729912902735 3
      vertex 75.86707272584331 77.06915425386045 3
      vertex 75.97352744018441 77.03686156931072 3
    endloop
  endfacet
  facet normal 0 0 -1
    outer loop
      vertex 75.64897487594313 73.74162408483356 3
      vertex 75.53826566886028 77.12344051867466 3
      vertex 75.64897487594313 77.1125366135045 3
    endloop
  endfacet
  facet normal 0 0 -1
    outer loop
      vertex 75.75873389659645 73.75974537248354 3
      vertex 75.64897487594313 77.1125366135045 3
      vertex 75.75873389659645 77.09441532585453 3
    endloop
  endfacet
  facet normal 0 0 -1
    outer loop
      vertex 76.07764218418968 73.85648514389985 3
      vertex 75.97352744018441 77.03686156931072 3
      vertex 76.07764218418968 76.99767555443822 3
    endloop
  endfacet
  facet normal 0 0 -1
    outer loop
      vertex 76.17897112254133 73.90239668856346 3
      vertex 76.07764218418968 76.99767555443822 3
      vertex 76.17897112254133 76.9517640097746 3
    endloop
  endfacet
  facet normal 0 0 -1
    outer loop
      vertex 76.27708034916903 73.95483716273549 3
      vertex 76.17897112254133 76.9517640097746 3
      vertex 76.27708034916903 76.89932353560258 3
    endloop
  endfacet
  facet normal 0 0 -1
    outer loop
      vertex 76.37154974530236 74.0135820082547 3
      vertex 76.27708034916903 76.89932353560258 3
      vertex 76.37154974530236 76.84057869008336 3
    endloop
  endfacet
  facet normal 0 0 -1
    outer loop
      vertex 76.46197477848386 74.07837967067393 3
      vertex 76.46197477848386 76.77578102766414 3
      vertex 76.54796823483915 74.14895267645477 3
    endloop
  endfacet
  facet normal 0 0 -1
    outer loop
      vertex 76.54796823483915 74.14895267645477 3
      vertex 76.54796823483915 76.7052080218833 3
      vertex 76.62916187718616 74.2249988211519 3
    endloop
  endfacet
  facet normal 0 0 -1
    outer loop
      vertex 76.62916187718616 74.2249988211519 3
      vertex 76.62916187718616 76.62916187718616 3
      vertex 76.7052080218833 74.30619246349892 3
    endloop
  endfacet
  facet normal 0 0 -1
    outer loop
      vertex 76.7052080218833 74.30619246349892 3
      vertex 76.7052080218833 76.54796823483915 3
      vertex 76.77578102766414 74.3921859198542 3
    endloop
  endfacet
  facet normal 0 0 -1
    outer loop
      vertex 76.77578102766414 74.3921859198542 3
      vertex 76.77578102766414 76.46197477848386 3
      vertex 76.84057869008336 74.4826109530357 3
    endloop
  endfacet
  facet normal 0 0 -1
    outer loop
      vertex 76.84057869008336 74.4826109530357 3
      vertex 76.84057869008336 76.37154974530236 3
      vertex 76.89932353560258 74.57708034916904 3
    endloop
  endfacet
  facet normal 0 0 -1
    outer loop
      vertex 76.89932353560258 74.57708034916904 3
      vertex 76.89932353560258 76.27708034916903 3
      vertex 76.9517640097746 74.67518957579674 3
    endloop
  endfacet
  facet normal 0 0 -1
    outer loop
      vertex 76.9517640097746 74.67518957579674 3
      vertex 76.9517640097746 76.17897112254133 3
      vertex 76.99767555443822 74.77651851414838 3
    endloop
  endfacet
  facet normal 0 0 -1
    outer loop
      vertex 76.99767555443822 74.77651851414838 3
      vertex 76.99767555443822 76.07764218418968 3
      vertex 77.03686156931072 74.88063325815365 3
    endloop
  endfacet
  facet normal 0 0 -1
    outer loop
      vertex 77.03686156931072 74.88063325815365 3
      vertex 77.03686156931072 75.97352744018441 3
      vertex 77.06915425386045 74.98708797249475 3
    endloop
  endfacet
  facet normal 0 0 -1
    outer loop
      vertex 77.06915425386045 74.98708797249475 3
      vertex 77.06915425386045 75.86707272584331 3
      vertex 77.09441532585453 75.09542680174161 3
    endloop
  endfacet
  facet normal 0 0 -1
    outer loop
      vertex 77.09441532585453 75.09542680174161 3
      vertex 77.09441532585453 75.75873389659645 3
      vertex 77.1125366135045 75.20518582239494 3
    endloop
  endfacet
  facet normal 0 0 -1
    outer loop
      vertex 77.1125366135045 75.20518582239494 3
      vertex 77.1125366135045 75.64897487594313 3
      vertex 77.12344051867466 75.31589502947779 3
    endloop
  endfacet
  facet normal 0 0 -1
    outer loop
      vertex 77.12344051867466 75.31589502947779 3
      vertex 77.12344051867466 75.53826566886028 3
      vertex 77.12708034916903 75.42708034916903 3
    endloop
  endfacet
  facet normal 0 0 -1
    outer loop
      vertex 77.12344051867466 75.31589502947779 3
      vertex 77.1125366135045 75.64897487594313 3
      vertex 77.12344051867466 75.53826566886028 3
    endloop
  endfacet
  facet normal 0 0 -1
    outer loop
      vertex 77.1125366135045 75.20518582239494 3
      vertex 77.09441532585453 75.75873389659645 3
      vertex 77.1125366135045 75.64897487594313 3
    endloop
  endfacet
  facet normal 0 0 -1
    outer loop
      vertex 76.46197477848386 74.07837967067393 3
      vertex 76.37154974530236 76.84057869008336 3
      vertex 76.46197477848386 76.77578102766414 3
    endloop
  endfacet
  facet normal 0 0 -1
    outer loop
      vertex 76.54796823483915 74.14895267645477 3
      vertex 76.46197477848386 76.77578102766414 3
      vertex 76.54796823483915 76.7052080218833 3
    endloop
  endfacet
  facet normal 0 0 -1
    outer loop
      vertex 76.62916187718616 74.2249988211519 3
      vertex 76.54796823483915 76.7052080218833 3
      vertex 76.62916187718616 76.62916187718616 3
    endloop
  endfacet
  facet normal 0 0 -1
    outer loop
      vertex 76.84057869008336 74.4826109530357 3
      vertex 76.77578102766414 76.46197477848386 3
      vertex 76.84057869008336 76.37154974530236 3
    endloop
  endfacet
  facet normal 0 0 -1
    outer loop
      vertex 76.7052080218833 74.30619246349892 3
      vertex 76.62916187718616 76.62916187718616 3
      vertex 76.7052080218833 76.54796823483915 3
    endloop
  endfacet
  facet normal 0 0 -1
    outer loop
      vertex 76.77578102766414 74.3921859198542 3
      vertex 76.7052080218833 76.54796823483915 3
      vertex 76.77578102766414 76.46197477848386 3
    endloop
  endfacet
  facet normal 0 0 -1
    outer loop
      vertex 76.89932353560258 74.57708034916904 3
      vertex 76.84057869008336 76.37154974530236 3
      vertex 76.89932353560258 76.27708034916903 3
    endloop
  endfacet
  facet normal 0 0 -1
    outer loop
      vertex 76.9517640097746 74.67518957579674 3
      vertex 76.89932353560258 76.27708034916903 3
      vertex 76.9517640097746 76.17897112254133 3
    endloop
  endfacet
  facet normal 0 0 -1
    outer loop
      vertex 76.99767555443822 74.77651851414838 3
      vertex 76.9517640097746 76.17897112254133 3
      vertex 76.99767555443822 76.07764218418968 3
    endloop
  endfacet
  facet normal 0 0 -1
    outer loop
      vertex 77.03686156931072 74.88063325815365 3
      vertex 76.99767555443822 76.07764218418968 3
      vertex 77.03686156931072 75.97352744018441 3
    endloop
  endfacet
  facet normal 0 0 -1
    outer loop
      vertex 77.03686156931072 75.97352744018441 3
      vertex 77.06915425386045 75.86707272584331 3
      vertex 77.06915425386045 74.98708797249475 3
    endloop
  endfacet
  facet normal 0 0 -1
    outer loop
      vertex 77.09441532585453 75.09542680174161 3
      vertex 77.06915425386045 75.86707272584331 3
      vertex 77.09441532585453 75.75873389659645 3
    endloop
  endfacet
  facet normal 0.5280678506503407 0.8492021815265958 0
    outer loop
      vertex -0.9444693961333237 105.25650165908567 3
      vertex -0.85 105.19775681356646 0
      vertex -0.9444693961333237 105.25650165908567 0
    endloop
  endfacet
  facet normal 0.4713967368260391 0.881921264348333 0
    outer loop
      vertex -0.85 105.19775681356646 3
      vertex -0.7518907733723021 105.14531633939443 0
      vertex -0.85 105.19775681356646 0
    endloop
  endfacet
  facet normal 0.41270702980434326 0.9108638249211992 0
    outer loop
      vertex -0.7518907733723021 105.14531633939443 3
      vertex -0.6505618350206526 105.09940479473082 0
      vertex -0.7518907733723021 105.14531633939443 0
    endloop
  endfacet
  facet normal 0.2902846772544146 0.9569403357322234 0
    outer loop
      vertex -0.5464470910153747 105.06021877985832 3
      vertex -0.43999237667428526 105.02792609530859 0
      vertex -0.5464470910153747 105.06021877985832 0
    endloop
  endfacet
  facet normal 0.35225004792128556 0.9359059267573061 0
    outer loop
      vertex -0.6505618350206526 105.09940479473082 3
      vertex -0.5464470910153747 105.06021877985832 0
      vertex -0.6505618350206526 105.09940479473082 0
    endloop
  endfacet
  facet normal 0.22707626303441397 0.9738769792773242 0
    outer loop
      vertex -0.43999237667428526 105.02792609530859 3
      vertex -0.33165354742741804 105.0026650233145 0
      vertex -0.43999237667428526 105.02792609530859 0
    endloop
  endfacet
  facet normal 0.16289547339449886 0.9866433320848937 0
    outer loop
      vertex -0.33165354742741804 105.0026650233145 3
      vertex -0.22189452677408766 104.98454373566453 0
      vertex -0.33165354742741804 105.0026650233145 0
    endloop
  endfacet
  facet normal 0.09801714032960228 0.9951847266721928 0
    outer loop
      vertex -0.22189452677408766 104.98454373566453 3
      vertex -0.1111853196912432 104.97363983049438 0
      vertex -0.22189452677408766 104.98454373566453 0
    endloop
  endfacet
  facet normal 0.03271908282181864 0.9994645874763642 0
    outer loop
      vertex -0.1111853196912432 104.97363983049438 3
      vertex 0 104.97 0
      vertex -0.1111853196912432 104.97363983049438 0
    endloop
  endfacet
  facet normal 0.9994645874763656 0.03271908282177627 0
    outer loop
      vertex -1.7 106.67 3
      vertex -1.6963601695056258 106.55881468030876 0
      vertex -1.7 106.67 0
    endloop
  endfacet
  facet normal 0.7730104533627039 0.6343932841636857 0
    outer loop
      vertex -1.3487006784950997 105.63510557068517 3
      vertex -1.2781276727142616 105.54911211432989 0
      vertex -1.3487006784950997 105.63510557068517 0
    endloop
  endfacet
  facet normal 0.8128466845916215 0.5824776968677934 0
    outer loop
      vertex -1.413498340914327 105.72553060386667 3
      vertex -1.3487006784950997 105.63510557068517 0
      vertex -1.413498340914327 105.72553060386667 0
    endloop
  endfacet
  facet normal 0.8819212643483573 0.4713967368259934 0
    outer loop
      vertex -1.52468366060557 105.9181092266277 3
      vertex -1.4722431864335457 105.82000000000001 0
      vertex -1.52468366060557 105.9181092266277 0
    endloop
  endfacet
  facet normal 0.9108638249211647 0.41270702980441937 0
    outer loop
      vertex -1.5705952052691874 106.01943816497935 3
      vertex -1.52468366060557 105.9181092266277 0
      vertex -1.5705952052691874 106.01943816497935 0
    endloop
  endfacet
  facet normal 0.9359059267573193 0.35225004792125064 0
    outer loop
      vertex -1.6097812201416797 106.12355290898462 3
      vertex -1.5705952052691874 106.01943816497935 0
      vertex -1.6097812201416797 106.12355290898462 0
    endloop
  endfacet
  facet normal 0.8492021815266053 0.5280678506503256 0
    outer loop
      vertex -1.4722431864335457 105.82000000000001 3
      vertex -1.413498340914327 105.72553060386667 0
      vertex -1.4722431864335457 105.82000000000001 0
    endloop
  endfacet
  facet normal 0.6343932841636755 0.7730104533627122 0
    outer loop
      vertex -1.120887885670117 105.39187232728574 3
      vertex -1.034894429314825 105.3212993215049 0
      vertex -1.120887885670117 105.39187232728574 0
    endloop
  endfacet
  facet normal 0.6835923020228695 0.7298640726978373 0
    outer loop
      vertex -1.2020815280171309 105.46791847198287 3
      vertex -1.120887885670117 105.39187232728574 0
      vertex -1.2020815280171309 105.46791847198287 0
    endloop
  endfacet
  facet normal 0.7298640726978504 0.6835923020228556 0
    outer loop
      vertex -1.2781276727142616 105.54911211432989 3
      vertex -1.2020815280171309 105.46791847198287 0
      vertex -1.2781276727142616 105.54911211432989 0
    endloop
  endfacet
  facet normal 0.5824776968677832 0.8128466845916289 0
    outer loop
      vertex -1.034894429314825 105.3212993215049 3
      vertex -0.9444693961333237 105.25650165908567 0
      vertex -1.034894429314825 105.3212993215049 0
    endloop
  endfacet
  facet normal 0.9569403357322152 0.29028467725444157 0
    outer loop
      vertex -1.6420739046914161 106.23000762332572 3
      vertex -1.6097812201416797 106.12355290898462 0
      vertex -1.6420739046914161 106.23000762332572 0
    endloop
  endfacet
  facet normal 0.9738769792773312 0.22707626303438427 0
    outer loop
      vertex -1.6673349766854917 106.33834645257258 3
      vertex -1.6420739046914161 106.23000762332572 0
      vertex -1.6673349766854917 106.33834645257258 0
    endloop
  endfacet
  facet normal 0.9866433320848785 0.16289547339459123 0
    outer loop
      vertex -1.6854562643354776 106.44810547322591 3
      vertex -1.6673349766854917 106.33834645257258 0
      vertex -1.6854562643354776 106.44810547322591 0
    endloop
  endfacet
  facet normal 0.9951847266721973 0.09801714032955713 0
    outer loop
      vertex -1.6963601695056258 106.55881468030876 3
      vertex -1.6854562643354776 106.44810547322591 0
      vertex -1.6963601695056258 106.55881468030876 0
    endloop
  endfacet
  facet normal 0.9994645874763656 -0.03271908282177627 0
    outer loop
      vertex -1.6963601695056258 106.78118531969125 3
      vertex -1.7 106.67 0
      vertex -1.6963601695056258 106.78118531969125 0
    endloop
  endfacet
  facet normal 0.9951847266721973 -0.09801714032955713 0
    outer loop
      vertex -1.6854562643354776 106.8918945267741 3
      vertex -1.6963601695056258 106.78118531969125 0
      vertex -1.6854562643354776 106.8918945267741 0
    endloop
  endfacet
  facet normal 0.9866433320848785 -0.16289547339459123 0
    outer loop
      vertex -1.6673349766854917 107.00165354742742 3
      vertex -1.6854562643354776 106.8918945267741 0
      vertex -1.6673349766854917 107.00165354742742 0
    endloop
  endfacet
  facet normal 0.9738769792773312 -0.22707626303438427 0
    outer loop
      vertex -1.6420739046914161 107.10999237667428 3
      vertex -1.6673349766854917 107.00165354742742 0
      vertex -1.6420739046914161 107.10999237667428 0
    endloop
  endfacet
  facet normal 0.9569403357322152 -0.29028467725444157 0
    outer loop
      vertex -1.6097812201416797 107.21644709101538 3
      vertex -1.6420739046914161 107.10999237667428 0
      vertex -1.6097812201416797 107.21644709101538 0
    endloop
  endfacet
  facet normal 0.9359059267573193 -0.35225004792125064 0
    outer loop
      vertex -1.5705952052691874 107.32056183502065 3
      vertex -1.6097812201416797 107.21644709101538 0
      vertex -1.5705952052691874 107.32056183502065 0
    endloop
  endfacet
  facet normal 0.9108638249211647 -0.41270702980441937 0
    outer loop
      vertex -1.52468366060557 107.4218907733723 3
      vertex -1.5705952052691874 107.32056183502065 0
      vertex -1.52468366060557 107.4218907733723 0
    endloop
  endfacet
  facet normal 0.8819212643483573 -0.4713967368259934 0
    outer loop
      vertex -1.4722431864335457 107.52 3
      vertex -1.52468366060557 107.4218907733723 0
      vertex -1.4722431864335457 107.52 0
    endloop
  endfacet
  facet normal 0.8492021815266053 -0.5280678506503256 0
    outer loop
      vertex -1.413498340914327 107.61446939613333 3
      vertex -1.4722431864335457 107.52 0
      vertex -1.413498340914327 107.61446939613333 0
    endloop
  endfacet
  facet normal 0.8128466845916215 -0.5824776968677934 0
    outer loop
      vertex -1.3487006784950997 107.70489442931483 3
      vertex -1.413498340914327 107.61446939613333 0
      vertex -1.3487006784950997 107.70489442931483 0
    endloop
  endfacet
  facet normal 0.7730104533627039 -0.6343932841636857 0
    outer loop
      vertex -1.2781276727142616 107.79088788567012 3
      vertex -1.3487006784950997 107.70489442931483 0
      vertex -1.2781276727142616 107.79088788567012 0
    endloop
  endfacet
  facet normal 0.7298640726978504 -0.6835923020228556 0
    outer loop
      vertex -1.2020815280171309 107.87208152801713 3
      vertex -1.2781276727142616 107.79088788567012 0
      vertex -1.2020815280171309 107.87208152801713 0
    endloop
  endfacet
  facet normal 0.6835923020228695 -0.7298640726978373 0
    outer loop
      vertex -1.120887885670117 107.94812767271426 3
      vertex -1.2020815280171309 107.87208152801713 0
      vertex -1.120887885670117 107.94812767271426 0
    endloop
  endfacet
  facet normal 0.6343932841636755 -0.7730104533627122 0
    outer loop
      vertex -1.034894429314825 108.01870067849511 3
      vertex -1.120887885670117 107.94812767271426 0
      vertex -1.034894429314825 108.01870067849511 0
    endloop
  endfacet
  facet normal 0.5824776968677832 -0.8128466845916289 0
    outer loop
      vertex -0.9444693961333237 108.08349834091433 3
      vertex -1.034894429314825 108.01870067849511 0
      vertex -0.9444693961333237 108.08349834091433 0
    endloop
  endfacet
  facet normal 0.5280678506503407 -0.8492021815265958 0
    outer loop
      vertex -0.85 108.14224318643355 3
      vertex -0.9444693961333237 108.08349834091433 0
      vertex -0.85 108.14224318643355 0
    endloop
  endfacet
  facet normal 0.4713967368260391 -0.881921264348333 0
    outer loop
      vertex -0.7518907733723021 108.19468366060558 3
      vertex -0.85 108.14224318643355 0
      vertex -0.7518907733723021 108.19468366060558 0
    endloop
  endfacet
  facet normal 0.41270702980434326 -0.9108638249211992 0
    outer loop
      vertex -0.6505618350206526 108.24059520526919 3
      vertex -0.7518907733723021 108.19468366060558 0
      vertex -0.6505618350206526 108.24059520526919 0
    endloop
  endfacet
  facet normal 0.35225004792128556 -0.9359059267573061 0
    outer loop
      vertex -0.5464470910153747 108.27978122014169 3
      vertex -0.6505618350206526 108.24059520526919 0
      vertex -0.5464470910153747 108.27978122014169 0
    endloop
  endfacet
  facet normal 0.2902846772544146 -0.9569403357322234 0
    outer loop
      vertex -0.43999237667428526 108.31207390469142 3
      vertex -0.5464470910153747 108.27978122014169 0
      vertex -0.43999237667428526 108.31207390469142 0
    endloop
  endfacet
  facet normal 0.22707626303441397 -0.9738769792773242 0
    outer loop
      vertex -0.33165354742741804 108.3373349766855 3
      vertex -0.43999237667428526 108.31207390469142 0
      vertex -0.33165354742741804 108.3373349766855 0
    endloop
  endfacet
  facet normal 0.16289547339449886 -0.9866433320848937 0
    outer loop
      vertex -0.22189452677408766 108.35545626433547 3
      vertex -0.33165354742741804 108.3373349766855 0
      vertex -0.22189452677408766 108.35545626433547 0
    endloop
  endfacet
  facet normal 0.09801714032960228 -0.9951847266721928 0
    outer loop
      vertex -0.1111853196912432 108.36636016950563 3
      vertex -0.22189452677408766 108.35545626433547 0
      vertex -0.1111853196912432 108.36636016950563 0
    endloop
  endfacet
  facet normal 0.03271908282181864 -0.9994645874763642 0
    outer loop
      vertex 0 108.37 3
      vertex -0.1111853196912432 108.36636016950563 0
      vertex 0 108.37 0
    endloop
  endfacet
  facet normal 0.5280678506503407 0.8492021815265958 -3.53564600408046e-19
    outer loop
      vertex -0.9444693961333237 105.25650165908567 3
      vertex -0.85 105.19775681356646 3
      vertex -0.85 105.19775681356646 0
    endloop
  endfacet
  facet normal 0.4713967368260391 0.881921264348333 -8.42472064061731e-19
    outer loop
      vertex -0.85 105.19775681356646 3
      vertex -0.7518907733723021 105.14531633939443 3
      vertex -0.7518907733723021 105.14531633939443 0
    endloop
  endfacet
  facet normal 0.41270702980434326 0.9108638249211992 -3.285985199700812e-19
    outer loop
      vertex -0.7518907733723021 105.14531633939443 3
      vertex -0.6505618350206526 105.09940479473082 3
      vertex -0.6505618350206526 105.09940479473082 0
    endloop
  endfacet
  facet normal 0.2902846772544146 0.9569403357322234 5.288892815126859e-19
    outer loop
      vertex -0.5464470910153747 105.06021877985832 3
      vertex -0.43999237667428526 105.02792609530859 3
      vertex -0.43999237667428526 105.02792609530859 0
    endloop
  endfacet
  facet normal 0.35225004792128556 0.9359059267573061 4.099762283662766e-19
    outer loop
      vertex -0.6505618350206526 105.09940479473082 3
      vertex -0.5464470910153747 105.06021877985832 3
      vertex -0.5464470910153747 105.06021877985832 0
    endloop
  endfacet
  facet normal 0.22707626303441397 0.9738769792773242 -4.461311539441881e-19
    outer loop
      vertex -0.43999237667428526 105.02792609530859 3
      vertex -0.33165354742741804 105.0026650233145 3
      vertex -0.33165354742741804 105.0026650233145 0
    endloop
  endfacet
  facet normal 0.16289547339449886 0.9866433320848937 -4.960655542694116e-19
    outer loop
      vertex -0.33165354742741804 105.0026650233145 3
      vertex -0.22189452677408766 104.98454373566453 3
      vertex -0.22189452677408766 104.98454373566453 0
    endloop
  endfacet
  facet normal 0.09801714032960228 0.9951847266721928 0
    outer loop
      vertex -0.1111853196912432 104.97363983049438 3
      vertex -0.1111853196912432 104.97363983049438 0
      vertex -0.22189452677408766 104.98454373566453 3
    endloop
  endfacet
  facet normal 0.03271908282181864 0.9994645874763642 -4.95874081130228e-20
    outer loop
      vertex -0.1111853196912432 104.97363983049438 3
      vertex 0 104.97 3
      vertex 0 104.97 0
    endloop
  endfacet
  facet normal 0.9994645874763656 -0.03271908282177627 0
    outer loop
      vertex -1.7 106.67 3
      vertex -1.7 106.67 0
      vertex -1.6963601695056258 106.78118531969125 3
    endloop
  endfacet
  facet normal 0.7730104533627039 0.6343932841636857 0
    outer loop
      vertex -1.2781276727142616 105.54911211432989 3
      vertex -1.2781276727142616 105.54911211432989 0
      vertex -1.3487006784950997 105.63510557068517 3
    endloop
  endfacet
  facet normal 0.8128466845916215 0.5824776968677934 -2.3396997520518055e-19
    outer loop
      vertex -1.413498340914327 105.72553060386667 3
      vertex -1.3487006784950997 105.63510557068517 3
      vertex -1.3487006784950997 105.63510557068517 0
    endloop
  endfacet
  facet normal 0.8819212643483573 0.4713967368259934 0
    outer loop
      vertex -1.4722431864335457 105.82000000000001 3
      vertex -1.4722431864335457 105.82000000000001 0
      vertex -1.52468366060557 105.9181092266277 3
    endloop
  endfacet
  facet normal 0.9108638249211647 0.41270702980441937 0
    outer loop
      vertex -1.52468366060557 105.9181092266277 3
      vertex -1.52468366060557 105.9181092266277 0
      vertex -1.5705952052691874 106.01943816497935 3
    endloop
  endfacet
  facet normal 0.9359059267573193 0.35225004792125064 0
    outer loop
      vertex -1.5705952052691874 106.01943816497935 3
      vertex -1.5705952052691874 106.01943816497935 0
      vertex -1.6097812201416797 106.12355290898462 3
    endloop
  endfacet
  facet normal 0.8492021815266053 0.5280678506503256 0
    outer loop
      vertex -1.413498340914327 105.72553060386667 3
      vertex -1.413498340914327 105.72553060386667 0
      vertex -1.4722431864335457 105.82000000000001 3
    endloop
  endfacet
  facet normal 0.6343932841636755 0.7730104533627122 -3.5573870785851404e-19
    outer loop
      vertex -1.120887885670117 105.39187232728574 3
      vertex -1.034894429314825 105.3212993215049 3
      vertex -1.034894429314825 105.3212993215049 0
    endloop
  endfacet
  facet normal 0.6835923020228695 0.7298640726978373 0
    outer loop
      vertex -1.120887885670117 105.39187232728574 3
      vertex -1.120887885670117 105.39187232728574 0
      vertex -1.2020815280171309 105.46791847198287 3
    endloop
  endfacet
  facet normal 0.7298640726978504 0.6835923020228556 -2.5535164367978677e-19
    outer loop
      vertex -1.2781276727142616 105.54911211432989 3
      vertex -1.2020815280171309 105.46791847198287 3
      vertex -1.2020815280171309 105.46791847198287 0
    endloop
  endfacet
  facet normal 0.5824776968677832 0.8128466845916289 6.268323330956869e-20
    outer loop
      vertex -1.034894429314825 105.3212993215049 3
      vertex -0.9444693961333237 105.25650165908567 3
      vertex -0.9444693961333237 105.25650165908567 0
    endloop
  endfacet
  facet normal 0.9569403357322152 0.29028467725444157 0
    outer loop
      vertex -1.6097812201416797 106.12355290898462 3
      vertex -1.6097812201416797 106.12355290898462 0
      vertex -1.6420739046914161 106.23000762332572 3
    endloop
  endfacet
  facet normal 0.9738769792773312 0.22707626303438427 0
    outer loop
      vertex -1.6420739046914161 106.23000762332572 3
      vertex -1.6420739046914161 106.23000762332572 0
      vertex -1.6673349766854917 106.33834645257258 3
    endloop
  endfacet
  facet normal 0.9866433320848785 0.16289547339459123 0
    outer loop
      vertex -1.6673349766854917 106.33834645257258 3
      vertex -1.6673349766854917 106.33834645257258 0
      vertex -1.6854562643354776 106.44810547322591 3
    endloop
  endfacet
  facet normal 0.9951847266721973 0.09801714032955713 -2.746605188369776e-19
    outer loop
      vertex -1.6963601695056258 106.55881468030876 3
      vertex -1.6854562643354776 106.44810547322591 3
      vertex -1.6854562643354776 106.44810547322591 0
    endloop
  endfacet
  facet normal 0.9994645874763656 0.03271908282177627 0
    outer loop
      vertex -1.6963601695056258 106.55881468030876 3
      vertex -1.6963601695056258 106.55881468030876 0
      vertex -1.7 106.67 3
    endloop
  endfacet
  facet normal 0.9951847266721973 -0.09801714032955713 0
    outer loop
      vertex -1.6963601695056258 106.78118531969125 3
      vertex -1.6963601695056258 106.78118531969125 0
      vertex -1.6854562643354776 106.8918945267741 3
    endloop
  endfacet
  facet normal 0.9866433320848785 -0.16289547339459123 0
    outer loop
      vertex -1.6854562643354776 106.8918945267741 3
      vertex -1.6854562643354776 106.8918945267741 0
      vertex -1.6673349766854917 107.00165354742742 3
    endloop
  endfacet
  facet normal 0.9738769792773312 -0.22707626303438427 0
    outer loop
      vertex -1.6673349766854917 107.00165354742742 3
      vertex -1.6673349766854917 107.00165354742742 0
      vertex -1.6420739046914161 107.10999237667428 3
    endloop
  endfacet
  facet normal 0.9569403357322152 -0.29028467725444157 0
    outer loop
      vertex -1.6420739046914161 107.10999237667428 3
      vertex -1.6420739046914161 107.10999237667428 0
      vertex -1.6097812201416797 107.21644709101538 3
    endloop
  endfacet
  facet normal 0.9359059267573193 -0.35225004792125064 0
    outer loop
      vertex -1.6097812201416797 107.21644709101538 3
      vertex -1.6097812201416797 107.21644709101538 0
      vertex -1.5705952052691874 107.32056183502065 3
    endloop
  endfacet
  facet normal 0.9108638249211647 -0.41270702980441937 0
    outer loop
      vertex -1.5705952052691874 107.32056183502065 3
      vertex -1.5705952052691874 107.32056183502065 0
      vertex -1.52468366060557 107.4218907733723 3
    endloop
  endfacet
  facet normal 0.8819212643483573 -0.4713967368259934 0
    outer loop
      vertex -1.52468366060557 107.4218907733723 3
      vertex -1.52468366060557 107.4218907733723 0
      vertex -1.4722431864335457 107.52 3
    endloop
  endfacet
  facet normal 0.8492021815266053 -0.5280678506503256 0
    outer loop
      vertex -1.4722431864335457 107.52 3
      vertex -1.4722431864335457 107.52 0
      vertex -1.413498340914327 107.61446939613333 3
    endloop
  endfacet
  facet normal 0.8128466845916215 -0.5824776968677934 0
    outer loop
      vertex -1.413498340914327 107.61446939613333 3
      vertex -1.413498340914327 107.61446939613333 0
      vertex -1.3487006784950997 107.70489442931483 3
    endloop
  endfacet
  facet normal 0.7730104533627039 -0.6343932841636857 0
    outer loop
      vertex -1.3487006784950997 107.70489442931483 3
      vertex -1.3487006784950997 107.70489442931483 0
      vertex -1.2781276727142616 107.79088788567012 3
    endloop
  endfacet
  facet normal 0.7298640726978504 -0.6835923020228556 0
    outer loop
      vertex -1.2781276727142616 107.79088788567012 3
      vertex -1.2781276727142616 107.79088788567012 0
      vertex -1.2020815280171309 107.87208152801713 3
    endloop
  endfacet
  facet normal 0.6835923020228695 -0.7298640726978373 0
    outer loop
      vertex -1.2020815280171309 107.87208152801713 3
      vertex -1.2020815280171309 107.87208152801713 0
      vertex -1.120887885670117 107.94812767271426 3
    endloop
  endfacet
  facet normal 0.6343932841636755 -0.7730104533627122 0
    outer loop
      vertex -1.120887885670117 107.94812767271426 3
      vertex -1.120887885670117 107.94812767271426 0
      vertex -1.034894429314825 108.01870067849511 3
    endloop
  endfacet
  facet normal 0.5824776968677832 -0.8128466845916289 0
    outer loop
      vertex -1.034894429314825 108.01870067849511 3
      vertex -1.034894429314825 108.01870067849511 0
      vertex -0.9444693961333237 108.08349834091433 3
    endloop
  endfacet
  facet normal 0.5280678506503407 -0.8492021815265958 0
    outer loop
      vertex -0.9444693961333237 108.08349834091433 3
      vertex -0.9444693961333237 108.08349834091433 0
      vertex -0.85 108.14224318643355 3
    endloop
  endfacet
  facet normal 0.4713967368260391 -0.881921264348333 0
    outer loop
      vertex -0.85 108.14224318643355 3
      vertex -0.85 108.14224318643355 0
      vertex -0.7518907733723021 108.19468366060558 3
    endloop
  endfacet
  facet normal 0.41270702980434326 -0.9108638249211992 0
    outer loop
      vertex -0.7518907733723021 108.19468366060558 3
      vertex -0.7518907733723021 108.19468366060558 0
      vertex -0.6505618350206526 108.24059520526919 3
    endloop
  endfacet
  facet normal 0.35225004792128556 -0.9359059267573061 0
    outer loop
      vertex -0.6505618350206526 108.24059520526919 3
      vertex -0.6505618350206526 108.24059520526919 0
      vertex -0.5464470910153747 108.27978122014169 3
    endloop
  endfacet
  facet normal 0.2902846772544146 -0.9569403357322234 0
    outer loop
      vertex -0.5464470910153747 108.27978122014169 3
      vertex -0.5464470910153747 108.27978122014169 0
      vertex -0.43999237667428526 108.31207390469142 3
    endloop
  endfacet
  facet normal 0.22707626303441397 -0.9738769792773242 0
    outer loop
      vertex -0.43999237667428526 108.31207390469142 3
      vertex -0.43999237667428526 108.31207390469142 0
      vertex -0.33165354742741804 108.3373349766855 3
    endloop
  endfacet
  facet normal 0.16289547339449886 -0.9866433320848937 0
    outer loop
      vertex -0.33165354742741804 108.3373349766855 3
      vertex -0.33165354742741804 108.3373349766855 0
      vertex -0.22189452677408766 108.35545626433547 3
    endloop
  endfacet
  facet normal 0.09801714032960228 -0.9951847266721928 0
    outer loop
      vertex -0.22189452677408766 108.35545626433547 3
      vertex -0.22189452677408766 108.35545626433547 0
      vertex -0.1111853196912432 108.36636016950563 3
    endloop
  endfacet
  facet normal 0.03271908282181864 -0.9994645874763642 0
    outer loop
      vertex -0.1111853196912432 108.36636016950563 3
      vertex -0.1111853196912432 108.36636016950563 0
      vertex 0 108.37 3
    endloop
  endfacet
  facet normal 0 0 -1
    outer loop
      vertex -1.5705952052691874 106.01943816497935 3
      vertex -1.6097812201416797 106.12355290898462 3
      vertex -1.6097812201416797 107.21644709101538 3
    endloop
  endfacet
  facet normal 0 0 -1
    outer loop
      vertex -1.52468366060557 105.9181092266277 3
      vertex -1.5705952052691874 106.01943816497935 3
      vertex -1.5705952052691874 107.32056183502065 3
    endloop
  endfacet
  facet normal 0 0 -1
    outer loop
      vertex -1.4722431864335457 105.82000000000001 3
      vertex -1.52468366060557 105.9181092266277 3
      vertex -1.52468366060557 107.4218907733723 3
    endloop
  endfacet
  facet normal 0 0 -1
    outer loop
      vertex -1.6420739046914161 106.23000762332572 3
      vertex -1.6673349766854917 106.33834645257258 3
      vertex -1.6673349766854917 107.00165354742742 3
    endloop
  endfacet
  facet normal 0 0 -1
    outer loop
      vertex -1.6097812201416797 106.12355290898462 3
      vertex -1.6420739046914161 106.23000762332572 3
      vertex -1.6420739046914161 107.10999237667428 3
    endloop
  endfacet
  facet normal 0 0 -1
    outer loop
      vertex -1.413498340914327 105.72553060386667 3
      vertex -1.413498340914327 107.61446939613333 3
      vertex -1.3487006784950997 105.63510557068517 3
    endloop
  endfacet
  facet normal 0 0 -1
    outer loop
      vertex -1.2781276727142616 105.54911211432989 3
      vertex -1.3487006784950997 105.63510557068517 3
      vertex -1.3487006784950997 107.70489442931483 3
    endloop
  endfacet
  facet normal 0 0 -1
    outer loop
      vertex -1.413498340914327 105.72553060386667 3
      vertex -1.4722431864335457 105.82000000000001 3
      vertex -1.4722431864335457 107.52 3
    endloop
  endfacet
  facet normal 0 0 -1
    outer loop
      vertex -1.6963601695056258 106.55881468030876 3
      vertex -1.7 106.67 3
      vertex -1.6963601695056258 106.78118531969125 3
    endloop
  endfacet
  facet normal 0 0 -1
    outer loop
      vertex -1.6673349766854917 106.33834645257258 3
      vertex -1.6854562643354776 106.44810547322591 3
      vertex -1.6854562643354776 106.8918945267741 3
    endloop
  endfacet
  facet normal 0 0 -1
    outer loop
      vertex -1.6963601695056258 106.55881468030876 3
      vertex -1.6963601695056258 106.78118531969125 3
      vertex -1.6854562643354776 106.44810547322591 3
    endloop
  endfacet
  facet normal 0 0 -1
    outer loop
      vertex -1.6963601695056258 106.78118531969125 3
      vertex -1.6854562643354776 106.8918945267741 3
      vertex -1.6854562643354776 106.44810547322591 3
    endloop
  endfacet
  facet normal 0 0 -1
    outer loop
      vertex -1.6673349766854917 106.33834645257258 3
      vertex -1.6854562643354776 106.8918945267741 3
      vertex -1.6673349766854917 107.00165354742742 3
    endloop
  endfacet
  facet normal 0 0 -1
    outer loop
      vertex -1.6420739046914161 106.23000762332572 3
      vertex -1.6673349766854917 107.00165354742742 3
      vertex -1.6420739046914161 107.10999237667428 3
    endloop
  endfacet
  facet normal 0 0 -1
    outer loop
      vertex -1.6097812201416797 106.12355290898462 3
      vertex -1.6420739046914161 107.10999237667428 3
      vertex -1.6097812201416797 107.21644709101538 3
    endloop
  endfacet
  facet normal 0 0 -1
    outer loop
      vertex -1.5705952052691874 106.01943816497935 3
      vertex -1.6097812201416797 107.21644709101538 3
      vertex -1.5705952052691874 107.32056183502065 3
    endloop
  endfacet
  facet normal 0 0 -1
    outer loop
      vertex -1.52468366060557 105.9181092266277 3
      vertex -1.5705952052691874 107.32056183502065 3
      vertex -1.52468366060557 107.4218907733723 3
    endloop
  endfacet
  facet normal 0 0 -1
    outer loop
      vertex -1.4722431864335457 105.82000000000001 3
      vertex -1.52468366060557 107.4218907733723 3
      vertex -1.4722431864335457 107.52 3
    endloop
  endfacet
  facet normal 0 0 -1
    outer loop
      vertex -1.413498340914327 105.72553060386667 3
      vertex -1.4722431864335457 107.52 3
      vertex -1.413498340914327 107.61446939613333 3
    endloop
  endfacet
  facet normal 0 0 -1
    outer loop
      vertex -1.120887885670117 105.39187232728574 3
      vertex -1.2020815280171309 105.46791847198287 3
      vertex -1.2020815280171309 107.87208152801713 3
    endloop
  endfacet
  facet normal 0 0 -1
    outer loop
      vertex -1.120887885670117 105.39187232728574 3
      vertex -1.120887885670117 107.94812767271426 3
      vertex -1.034894429314825 105.3212993215049 3
    endloop
  endfacet
  facet normal 0 0 -1
    outer loop
      vertex -1.2781276727142616 105.54911211432989 3
      vertex -1.2781276727142616 107.79088788567012 3
      vertex -1.2020815280171309 105.46791847198287 3
    endloop
  endfacet
  facet normal 0 0 -1
    outer loop
      vertex -1.034894429314825 105.3212993215049 3
      vertex -1.034894429314825 108.01870067849511 3
      vertex -0.9444693961333237 105.25650165908567 3
    endloop
  endfacet
  facet normal 0 0 -1
    outer loop
      vertex -0.9444693961333237 105.25650165908567 3
      vertex -0.9444693961333237 108.08349834091433 3
      vertex -0.85 105.19775681356646 3
    endloop
  endfacet
  facet normal 0 0 -1
    outer loop
      vertex -0.5464470910153747 105.06021877985832 3
      vertex -0.5464470910153747 108.27978122014169 3
      vertex -0.43999237667428526 105.02792609530859 3
    endloop
  endfacet
  facet normal 0 0 -1
    outer loop
      vertex -0.43999237667428526 105.02792609530859 3
      vertex -0.43999237667428526 108.31207390469142 3
      vertex -0.33165354742741804 105.0026650233145 3
    endloop
  endfacet
  facet normal 0 0 -1
    outer loop
      vertex -0.33165354742741804 105.0026650233145 3
      vertex -0.33165354742741804 108.3373349766855 3
      vertex -0.22189452677408766 104.98454373566453 3
    endloop
  endfacet
  facet normal 0 0 -1
    outer loop
      vertex -0.1111853196912432 104.97363983049438 3
      vertex -0.22189452677408766 104.98454373566453 3
      vertex -0.22189452677408766 108.35545626433547 3
    endloop
  endfacet
  facet normal 0 0 -1
    outer loop
      vertex -0.1111853196912432 104.97363983049438 3
      vertex -0.1111853196912432 108.36636016950563 3
      vertex 0 104.97 3
    endloop
  endfacet
  facet normal 0 0 -1
    outer loop
      vertex -0.85 105.19775681356646 3
      vertex -0.85 108.14224318643355 3
      vertex -0.7518907733723021 105.14531633939443 3
    endloop
  endfacet
  facet normal 0 0 -1
    outer loop
      vertex -0.7518907733723021 105.14531633939443 3
      vertex -0.7518907733723021 108.19468366060558 3
      vertex -0.6505618350206526 105.09940479473082 3
    endloop
  endfacet
  facet normal 0 0 -1
    outer loop
      vertex -0.6505618350206526 105.09940479473082 3
      vertex -0.6505618350206526 108.24059520526919 3
      vertex -0.5464470910153747 105.06021877985832 3
    endloop
  endfacet
  facet normal 0 0 -1
    outer loop
      vertex -1.3487006784950997 105.63510557068517 3
      vertex -1.413498340914327 107.61446939613333 3
      vertex -1.3487006784950997 107.70489442931483 3
    endloop
  endfacet
  facet normal 0 0 -1
    outer loop
      vertex -1.2781276727142616 105.54911211432989 3
      vertex -1.3487006784950997 107.70489442931483 3
      vertex -1.2781276727142616 107.79088788567012 3
    endloop
  endfacet
  facet normal 0 0 -1
    outer loop
      vertex -1.2020815280171309 105.46791847198287 3
      vertex -1.2781276727142616 107.79088788567012 3
      vertex -1.2020815280171309 107.87208152801713 3
    endloop
  endfacet
  facet normal 0 0 -1
    outer loop
      vertex -1.120887885670117 105.39187232728574 3
      vertex -1.2020815280171309 107.87208152801713 3
      vertex -1.120887885670117 107.94812767271426 3
    endloop
  endfacet
  facet normal 0 0 -1
    outer loop
      vertex -1.034894429314825 105.3212993215049 3
      vertex -1.120887885670117 107.94812767271426 3
      vertex -1.034894429314825 108.01870067849511 3
    endloop
  endfacet
  facet normal 0 0 -1
    outer loop
      vertex -0.9444693961333237 105.25650165908567 3
      vertex -1.034894429314825 108.01870067849511 3
      vertex -0.9444693961333237 108.08349834091433 3
    endloop
  endfacet
  facet normal 0 0 -1
    outer loop
      vertex -0.85 105.19775681356646 3
      vertex -0.9444693961333237 108.08349834091433 3
      vertex -0.85 108.14224318643355 3
    endloop
  endfacet
  facet normal 0 0 -1
    outer loop
      vertex -0.7518907733723021 105.14531633939443 3
      vertex -0.85 108.14224318643355 3
      vertex -0.7518907733723021 108.19468366060558 3
    endloop
  endfacet
  facet normal 0 0 -1
    outer loop
      vertex -0.6505618350206526 105.09940479473082 3
      vertex -0.7518907733723021 108.19468366060558 3
      vertex -0.6505618350206526 108.24059520526919 3
    endloop
  endfacet
  facet normal 0 0 -1
    outer loop
      vertex -0.5464470910153747 105.06021877985832 3
      vertex -0.6505618350206526 108.24059520526919 3
      vertex -0.5464470910153747 108.27978122014169 3
    endloop
  endfacet
  facet normal 0 0 -1
    outer loop
      vertex -0.43999237667428526 105.02792609530859 3
      vertex -0.5464470910153747 108.27978122014169 3
      vertex -0.43999237667428526 108.31207390469142 3
    endloop
  endfacet
  facet normal 0 0 -1
    outer loop
      vertex -0.33165354742741804 105.0026650233145 3
      vertex -0.43999237667428526 108.31207390469142 3
      vertex -0.33165354742741804 108.3373349766855 3
    endloop
  endfacet
  facet normal 0 0 -1
    outer loop
      vertex -0.22189452677408766 104.98454373566453 3
      vertex -0.33165354742741804 108.3373349766855 3
      vertex -0.22189452677408766 108.35545626433547 3
    endloop
  endfacet
  facet normal 0 0 -1
    outer loop
      vertex -0.1111853196912432 104.97363983049438 3
      vertex -0.22189452677408766 108.35545626433547 3
      vertex -0.1111853196912432 108.36636016950563 3
    endloop
  endfacet
  facet normal 0 0 -1
    outer loop
      vertex -0.1111853196912432 108.36636016950563 3
      vertex 0 108.37 3
      vertex 0 104.97 3
    endloop
  endfacet
  facet normal -0.03271908282181864 0.9994645874763642 0
    outer loop
      vertex 0 104.97 3
      vertex 0.1111853196912432 104.97363983049438 0
      vertex 0 104.97 0
    endloop
  endfacet
  facet normal -0.09801714032960228 0.9951847266721928 0
    outer loop
      vertex 0.1111853196912432 104.97363983049438 3
      vertex 0.22189452677408766 104.98454373566453 0
      vertex 0.1111853196912432 104.97363983049438 0
    endloop
  endfacet
  facet normal -0.16289547339449886 0.9866433320848937 0
    outer loop
      vertex 0.22189452677408766 104.98454373566453 3
      vertex 0.33165354742741804 105.0026650233145 0
      vertex 0.22189452677408766 104.98454373566453 0
    endloop
  endfacet
  facet normal -0.22707626303441397 0.9738769792773242 0
    outer loop
      vertex 0.33165354742741804 105.0026650233145 3
      vertex 0.43999237667428526 105.02792609530859 0
      vertex 0.33165354742741804 105.0026650233145 0
    endloop
  endfacet
  facet normal -0.2902846772544146 0.9569403357322234 0
    outer loop
      vertex 0.43999237667428526 105.02792609530859 3
      vertex 0.5464470910153747 105.06021877985832 0
      vertex 0.43999237667428526 105.02792609530859 0
    endloop
  endfacet
  facet normal -0.35225004792128556 0.9359059267573061 0
    outer loop
      vertex 0.5464470910153747 105.06021877985832 3
      vertex 0.6505618350206526 105.09940479473082 0
      vertex 0.5464470910153747 105.06021877985832 0
    endloop
  endfacet
  facet normal -0.41270702980434326 0.9108638249211992 0
    outer loop
      vertex 0.6505618350206526 105.09940479473082 3
      vertex 0.7518907733723021 105.14531633939443 0
      vertex 0.6505618350206526 105.09940479473082 0
    endloop
  endfacet
  facet normal -0.4713967368260391 0.881921264348333 0
    outer loop
      vertex 0.7518907733723021 105.14531633939443 3
      vertex 0.85 105.19775681356646 0
      vertex 0.7518907733723021 105.14531633939443 0
    endloop
  endfacet
  facet normal -0.5280678506503407 0.8492021815265958 0
    outer loop
      vertex 0.85 105.19775681356646 3
      vertex 0.9444693961333237 105.25650165908567 0
      vertex 0.85 105.19775681356646 0
    endloop
  endfacet
  facet normal -0.5824776968677832 0.8128466845916289 0
    outer loop
      vertex 0.9444693961333237 105.25650165908567 3
      vertex 1.034894429314825 105.3212993215049 0
      vertex 0.9444693961333237 105.25650165908567 0
    endloop
  endfacet
  facet normal -0.6343932841636755 0.7730104533627122 0
    outer loop
      vertex 1.034894429314825 105.3212993215049 3
      vertex 1.120887885670117 105.39187232728574 0
      vertex 1.034894429314825 105.3212993215049 0
    endloop
  endfacet
  facet normal -0.6835923020228695 0.7298640726978373 0
    outer loop
      vertex 1.120887885670117 105.39187232728574 3
      vertex 1.2020815280171309 105.46791847198287 0
      vertex 1.120887885670117 105.39187232728574 0
    endloop
  endfacet
  facet normal -0.7298640726978504 0.6835923020228556 0
    outer loop
      vertex 1.2020815280171309 105.46791847198287 3
      vertex 1.2781276727142616 105.54911211432989 0
      vertex 1.2020815280171309 105.46791847198287 0
    endloop
  endfacet
  facet normal -0.7730104533627039 0.6343932841636857 0
    outer loop
      vertex 1.2781276727142616 105.54911211432989 3
      vertex 1.3487006784950997 105.63510557068517 0
      vertex 1.2781276727142616 105.54911211432989 0
    endloop
  endfacet
  facet normal -0.8128466845916215 0.5824776968677934 0
    outer loop
      vertex 1.3487006784950997 105.63510557068517 3
      vertex 1.413498340914327 105.72553060386667 0
      vertex 1.3487006784950997 105.63510557068517 0
    endloop
  endfacet
  facet normal -0.8492021815266053 0.5280678506503256 0
    outer loop
      vertex 1.413498340914327 105.72553060386667 3
      vertex 1.4722431864335457 105.82000000000001 0
      vertex 1.413498340914327 105.72553060386667 0
    endloop
  endfacet
  facet normal -0.8819212643483573 0.4713967368259934 0
    outer loop
      vertex 1.4722431864335457 105.82000000000001 3
      vertex 1.52468366060557 105.9181092266277 0
      vertex 1.4722431864335457 105.82000000000001 0
    endloop
  endfacet
  facet normal -0.9108638249211647 0.41270702980441937 0
    outer loop
      vertex 1.52468366060557 105.9181092266277 3
      vertex 1.5705952052691874 106.01943816497935 0
      vertex 1.52468366060557 105.9181092266277 0
    endloop
  endfacet
  facet normal -0.9359059267573193 0.35225004792125064 0
    outer loop
      vertex 1.5705952052691874 106.01943816497935 3
      vertex 1.6097812201416797 106.12355290898462 0
      vertex 1.5705952052691874 106.01943816497935 0
    endloop
  endfacet
  facet normal -0.9569403357322152 0.29028467725444157 0
    outer loop
      vertex 1.6097812201416797 106.12355290898462 3
      vertex 1.6420739046914161 106.23000762332572 0
      vertex 1.6097812201416797 106.12355290898462 0
    endloop
  endfacet
  facet normal -0.9738769792773312 0.22707626303438427 0
    outer loop
      vertex 1.6420739046914161 106.23000762332572 3
      vertex 1.6673349766854917 106.33834645257258 0
      vertex 1.6420739046914161 106.23000762332572 0
    endloop
  endfacet
  facet normal -0.9866433320848785 0.16289547339459123 0
    outer loop
      vertex 1.6673349766854917 106.33834645257258 3
      vertex 1.6854562643354776 106.44810547322591 0
      vertex 1.6673349766854917 106.33834645257258 0
    endloop
  endfacet
  facet normal -0.9951847266721973 0.09801714032955713 0
    outer loop
      vertex 1.6854562643354776 106.44810547322591 3
      vertex 1.6963601695056258 106.55881468030876 0
      vertex 1.6854562643354776 106.44810547322591 0
    endloop
  endfacet
  facet normal -0.9994645874763656 0.03271908282177627 0
    outer loop
      vertex 1.6963601695056258 106.55881468030876 3
      vertex 1.7 106.67 0
      vertex 1.6963601695056258 106.55881468030876 0
    endloop
  endfacet
  facet normal -0.9951847266721973 -0.09801714032955713 0
    outer loop
      vertex 1.6963601695056258 106.78118531969125 3
      vertex 1.6854562643354776 106.8918945267741 0
      vertex 1.6963601695056258 106.78118531969125 0
    endloop
  endfacet
  facet normal -0.9866433320848785 -0.16289547339459123 0
    outer loop
      vertex 1.6854562643354776 106.8918945267741 3
      vertex 1.6673349766854917 107.00165354742742 0
      vertex 1.6854562643354776 106.8918945267741 0
    endloop
  endfacet
  facet normal -0.03271908282181864 -0.9994645874763642 0
    outer loop
      vertex 0.1111853196912432 108.36636016950563 3
      vertex 0 108.37 0
      vertex 0.1111853196912432 108.36636016950563 0
    endloop
  endfacet
  facet normal -0.09801714032960228 -0.9951847266721928 0
    outer loop
      vertex 0.22189452677408766 108.35545626433547 3
      vertex 0.1111853196912432 108.36636016950563 0
      vertex 0.22189452677408766 108.35545626433547 0
    endloop
  endfacet
  facet normal -0.16289547339449886 -0.9866433320848937 0
    outer loop
      vertex 0.33165354742741804 108.3373349766855 3
      vertex 0.22189452677408766 108.35545626433547 0
      vertex 0.33165354742741804 108.3373349766855 0
    endloop
  endfacet
  facet normal -0.22707626303441397 -0.9738769792773242 0
    outer loop
      vertex 0.43999237667428526 108.31207390469142 3
      vertex 0.33165354742741804 108.3373349766855 0
      vertex 0.43999237667428526 108.31207390469142 0
    endloop
  endfacet
  facet normal -0.41270702980434326 -0.9108638249211992 0
    outer loop
      vertex 0.7518907733723021 108.19468366060558 3
      vertex 0.6505618350206526 108.24059520526919 0
      vertex 0.7518907733723021 108.19468366060558 0
    endloop
  endfacet
  facet normal -0.4713967368260391 -0.881921264348333 0
    outer loop
      vertex 0.85 108.14224318643355 3
      vertex 0.7518907733723021 108.19468366060558 0
      vertex 0.85 108.14224318643355 0
    endloop
  endfacet
  facet normal -0.2902846772544146 -0.9569403357322234 0
    outer loop
      vertex 0.5464470910153747 108.27978122014169 3
      vertex 0.43999237667428526 108.31207390469142 0
      vertex 0.5464470910153747 108.27978122014169 0
    endloop
  endfacet
  facet normal -0.35225004792128556 -0.9359059267573061 0
    outer loop
      vertex 0.6505618350206526 108.24059520526919 3
      vertex 0.5464470910153747 108.27978122014169 0
      vertex 0.6505618350206526 108.24059520526919 0
    endloop
  endfacet
  facet normal -0.7298640726978504 -0.6835923020228556 0
    outer loop
      vertex 1.2781276727142616 107.79088788567012 3
      vertex 1.2020815280171309 107.87208152801713 0
      vertex 1.2781276727142616 107.79088788567012 0
    endloop
  endfacet
  facet normal -0.9738769792773312 -0.22707626303438427 0
    outer loop
      vertex 1.6673349766854917 107.00165354742742 3
      vertex 1.6420739046914161 107.10999237667428 0
      vertex 1.6673349766854917 107.00165354742742 0
    endloop
  endfacet
  facet normal -0.9569403357322152 -0.29028467725444157 0
    outer loop
      vertex 1.6420739046914161 107.10999237667428 3
      vertex 1.6097812201416797 107.21644709101538 0
      vertex 1.6420739046914161 107.10999237667428 0
    endloop
  endfacet
  facet normal -0.9359059267573193 -0.35225004792125064 0
    outer loop
      vertex 1.6097812201416797 107.21644709101538 3
      vertex 1.5705952052691874 107.32056183502065 0
      vertex 1.6097812201416797 107.21644709101538 0
    endloop
  endfacet
  facet normal -0.9108638249211647 -0.41270702980441937 0
    outer loop
      vertex 1.5705952052691874 107.32056183502065 3
      vertex 1.52468366060557 107.4218907733723 0
      vertex 1.5705952052691874 107.32056183502065 0
    endloop
  endfacet
  facet normal -0.8492021815266053 -0.5280678506503256 0
    outer loop
      vertex 1.4722431864335457 107.52 3
      vertex 1.413498340914327 107.61446939613333 0
      vertex 1.4722431864335457 107.52 0
    endloop
  endfacet
  facet normal -0.8128466845916215 -0.5824776968677934 0
    outer loop
      vertex 1.413498340914327 107.61446939613333 3
      vertex 1.3487006784950997 107.70489442931483 0
      vertex 1.413498340914327 107.61446939613333 0
    endloop
  endfacet
  facet normal -0.7730104533627039 -0.6343932841636857 0
    outer loop
      vertex 1.3487006784950997 107.70489442931483 3
      vertex 1.2781276727142616 107.79088788567012 0
      vertex 1.3487006784950997 107.70489442931483 0
    endloop
  endfacet
  facet normal -0.8819212643483573 -0.4713967368259934 0
    outer loop
      vertex 1.52468366060557 107.4218907733723 3
      vertex 1.4722431864335457 107.52 0
      vertex 1.52468366060557 107.4218907733723 0
    endloop
  endfacet
  facet normal -0.5280678506503407 -0.8492021815265958 0
    outer loop
      vertex 0.9444693961333237 108.08349834091433 3
      vertex 0.85 108.14224318643355 0
      vertex 0.9444693961333237 108.08349834091433 0
    endloop
  endfacet
  facet normal -0.5824776968677832 -0.8128466845916289 0
    outer loop
      vertex 1.034894429314825 108.01870067849511 3
      vertex 0.9444693961333237 108.08349834091433 0
      vertex 1.034894429314825 108.01870067849511 0
    endloop
  endfacet
  facet normal -0.6835923020228695 -0.7298640726978373 0
    outer loop
      vertex 1.2020815280171309 107.87208152801713 3
      vertex 1.120887885670117 107.94812767271426 0
      vertex 1.2020815280171309 107.87208152801713 0
    endloop
  endfacet
  facet normal -0.6343932841636755 -0.7730104533627122 0
    outer loop
      vertex 1.120887885670117 107.94812767271426 3
      vertex 1.034894429314825 108.01870067849511 0
      vertex 1.120887885670117 107.94812767271426 0
    endloop
  endfacet
  facet normal -0.9994645874763656 -0.03271908282177627 0
    outer loop
      vertex 1.7 106.67 3
      vertex 1.6963601695056258 106.78118531969125 0
      vertex 1.7 106.67 0
    endloop
  endfacet
  facet normal -0.03271908282181864 0.9994645874763642 4.95874081130228e-20
    outer loop
      vertex 0 104.97 3
      vertex 0.1111853196912432 104.97363983049438 3
      vertex 0.1111853196912432 104.97363983049438 0
    endloop
  endfacet
  facet normal -0.09801714032960228 0.9951847266721928 1.0021188648122902e-19
    outer loop
      vertex 0.1111853196912432 104.97363983049438 3
      vertex 0.22189452677408766 104.98454373566453 3
      vertex 0.22189452677408766 104.98454373566453 0
    endloop
  endfacet
  facet normal -0.16289547339449886 0.9866433320848937 4.960655542694116e-19
    outer loop
      vertex 0.22189452677408766 104.98454373566453 3
      vertex 0.33165354742741804 105.0026650233145 3
      vertex 0.33165354742741804 105.0026650233145 0
    endloop
  endfacet
  facet normal -0.22707626303441397 0.9738769792773242 4.461311539441881e-19
    outer loop
      vertex 0.33165354742741804 105.0026650233145 3
      vertex 0.43999237667428526 105.02792609530859 3
      vertex 0.43999237667428526 105.02792609530859 0
    endloop
  endfacet
  facet normal -0.2902846772544146 0.9569403357322234 -5.288892815126859e-19
    outer loop
      vertex 0.43999237667428526 105.02792609530859 3
      vertex 0.5464470910153747 105.06021877985832 3
      vertex 0.5464470910153747 105.06021877985832 0
    endloop
  endfacet
  facet normal -0.35225004792128556 0.9359059267573061 -4.099762283662766e-19
    outer loop
      vertex 0.5464470910153747 105.06021877985832 3
      vertex 0.6505618350206526 105.09940479473082 3
      vertex 0.6505618350206526 105.09940479473082 0
    endloop
  endfacet
  facet normal -0.41270702980434326 0.9108638249211992 3.285985199700812e-19
    outer loop
      vertex 0.6505618350206526 105.09940479473082 3
      vertex 0.7518907733723021 105.14531633939443 3
      vertex 0.7518907733723021 105.14531633939443 0
    endloop
  endfacet
  facet normal -0.4713967368260391 0.881921264348333 8.42472064061731e-19
    outer loop
      vertex 0.7518907733723021 105.14531633939443 3
      vertex 0.85 105.19775681356646 3
      vertex 0.85 105.19775681356646 0
    endloop
  endfacet
  facet normal -0.5280678506503407 0.8492021815265958 3.53564600408046e-19
    outer loop
      vertex 0.85 105.19775681356646 3
      vertex 0.9444693961333237 105.25650165908567 3
      vertex 0.9444693961333237 105.25650165908567 0
    endloop
  endfacet
  facet normal -0.5824776968677832 0.8128466845916289 -6.268323330956869e-20
    outer loop
      vertex 0.9444693961333237 105.25650165908567 3
      vertex 1.034894429314825 105.3212993215049 3
      vertex 1.034894429314825 105.3212993215049 0
    endloop
  endfacet
  facet normal -0.6343932841636755 0.7730104533627122 3.5573870785851404e-19
    outer loop
      vertex 1.034894429314825 105.3212993215049 3
      vertex 1.120887885670117 105.39187232728574 3
      vertex 1.120887885670117 105.39187232728574 0
    endloop
  endfacet
  facet normal -0.6835923020228695 0.7298640726978373 7.67948778815344e-19
    outer loop
      vertex 1.120887885670117 105.39187232728574 3
      vertex 1.2020815280171309 105.46791847198287 3
      vertex 1.2020815280171309 105.46791847198287 0
    endloop
  endfacet
  facet normal -0.7298640726978504 0.6835923020228556 2.5535164367978677e-19
    outer loop
      vertex 1.2020815280171309 105.46791847198287 3
      vertex 1.2781276727142616 105.54911211432989 3
      vertex 1.2781276727142616 105.54911211432989 0
    endloop
  endfacet
  facet normal -0.7730104533627039 0.6343932841636857 -9.492980718754717e-20
    outer loop
      vertex 1.2781276727142616 105.54911211432989 3
      vertex 1.3487006784950997 105.63510557068517 3
      vertex 1.3487006784950997 105.63510557068517 0
    endloop
  endfacet
  facet normal -0.8128466845916215 0.5824776968677934 2.3396997520518055e-19
    outer loop
      vertex 1.3487006784950997 105.63510557068517 3
      vertex 1.413498340914327 105.72553060386667 3
      vertex 1.413498340914327 105.72553060386667 0
    endloop
  endfacet
  facet normal -0.8492021815266053 0.5280678506503256 -7.145751170003134e-20
    outer loop
      vertex 1.413498340914327 105.72553060386667 3
      vertex 1.4722431864335457 105.82000000000001 3
      vertex 1.4722431864335457 105.82000000000001 0
    endloop
  endfacet
  facet normal -0.8819212643483573 0.4713967368259934 -1.027602232862494e-18
    outer loop
      vertex 1.4722431864335457 105.82000000000001 3
      vertex 1.52468366060557 105.9181092266277 3
      vertex 1.52468366060557 105.9181092266277 0
    endloop
  endfacet
  facet normal -0.9108638249211647 0.41270702980441937 1.0711864367248878e-18
    outer loop
      vertex 1.52468366060557 105.9181092266277 3
      vertex 1.5705952052691874 106.01943816497935 3
      vertex 1.5705952052691874 106.01943816497935 0
    endloop
  endfacet
  facet normal -0.9359059267573193 0.35225004792125064 3.522070069829291e-19
    outer loop
      vertex 1.5705952052691874 106.01943816497935 3
      vertex 1.6097812201416797 106.12355290898462 3
      vertex 1.6097812201416797 106.12355290898462 0
    endloop
  endfacet
  facet normal -0.9569403357322152 0.29028467725444157 6.117580710846372e-19
    outer loop
      vertex 1.6097812201416797 106.12355290898462 3
      vertex 1.6420739046914161 106.23000762332572 3
      vertex 1.6420739046914161 106.23000762332572 0
    endloop
  endfacet
  facet normal -0.9738769792773312 0.22707626303438427 -2.5250971473025533e-19
    outer loop
      vertex 1.6420739046914161 106.23000762332572 3
      vertex 1.6673349766854917 106.33834645257258 3
      vertex 1.6673349766854917 106.33834645257258 0
    endloop
  endfacet
  facet normal -0.9866433320848785 0.16289547339459123 -5.148814904628537e-19
    outer loop
      vertex 1.6673349766854917 106.33834645257258 3
      vertex 1.6854562643354776 106.44810547322591 3
      vertex 1.6854562643354776 106.44810547322591 0
    endloop
  endfacet
  facet normal -0.9951847266721973 0.09801714032955713 2.746605188369776e-19
    outer loop
      vertex 1.6854562643354776 106.44810547322591 3
      vertex 1.6963601695056258 106.55881468030876 3
      vertex 1.6963601695056258 106.55881468030876 0
    endloop
  endfacet
  facet normal -0.9994645874763656 -0.03271908282177627 -4.3533048312030126e-20
    outer loop
      vertex 1.7 106.67 3
      vertex 1.6963601695056258 106.78118531969125 3
      vertex 1.6963601695056258 106.78118531969125 0
    endloop
  endfacet
  facet normal -0.9951847266721973 -0.09801714032955713 0
    outer loop
      vertex 1.6854562643354776 106.8918945267741 3
      vertex 1.6854562643354776 106.8918945267741 0
      vertex 1.6963601695056258 106.78118531969125 3
    endloop
  endfacet
  facet normal -0.9866433320848785 -0.16289547339459123 5.148814904628537e-19
    outer loop
      vertex 1.6854562643354776 106.8918945267741 3
      vertex 1.6673349766854917 107.00165354742742 3
      vertex 1.6673349766854917 107.00165354742742 0
    endloop
  endfacet
  facet normal -0.03271908282181864 -0.9994645874763642 0
    outer loop
      vertex 0 108.37 3
      vertex 0 108.37 0
      vertex 0.1111853196912432 108.36636016950563 3
    endloop
  endfacet
  facet normal -0.09801714032960228 -0.9951847266721928 0
    outer loop
      vertex 0.1111853196912432 108.36636016950563 3
      vertex 0.1111853196912432 108.36636016950563 0
      vertex 0.22189452677408766 108.35545626433547 3
    endloop
  endfacet
  facet normal -0.16289547339449886 -0.9866433320848937 0
    outer loop
      vertex 0.22189452677408766 108.35545626433547 3
      vertex 0.22189452677408766 108.35545626433547 0
      vertex 0.33165354742741804 108.3373349766855 3
    endloop
  endfacet
  facet normal -0.22707626303441397 -0.9738769792773242 0
    outer loop
      vertex 0.33165354742741804 108.3373349766855 3
      vertex 0.33165354742741804 108.3373349766855 0
      vertex 0.43999237667428526 108.31207390469142 3
    endloop
  endfacet
  facet normal -0.41270702980434326 -0.9108638249211992 0
    outer loop
      vertex 0.6505618350206526 108.24059520526919 3
      vertex 0.6505618350206526 108.24059520526919 0
      vertex 0.7518907733723021 108.19468366060558 3
    endloop
  endfacet
  facet normal -0.4713967368260391 -0.881921264348333 0
    outer loop
      vertex 0.7518907733723021 108.19468366060558 3
      vertex 0.7518907733723021 108.19468366060558 0
      vertex 0.85 108.14224318643355 3
    endloop
  endfacet
  facet normal -0.2902846772544146 -0.9569403357322234 0
    outer loop
      vertex 0.43999237667428526 108.31207390469142 3
      vertex 0.43999237667428526 108.31207390469142 0
      vertex 0.5464470910153747 108.27978122014169 3
    endloop
  endfacet
  facet normal -0.35225004792128556 -0.9359059267573061 0
    outer loop
      vertex 0.5464470910153747 108.27978122014169 3
      vertex 0.5464470910153747 108.27978122014169 0
      vertex 0.6505618350206526 108.24059520526919 3
    endloop
  endfacet
  facet normal -0.9738769792773312 -0.22707626303438427 2.5250971473025533e-19
    outer loop
      vertex 1.6673349766854917 107.00165354742742 3
      vertex 1.6420739046914161 107.10999237667428 3
      vertex 1.6420739046914161 107.10999237667428 0
    endloop
  endfacet
  facet normal -0.9569403357322152 -0.29028467725444157 -6.117580710846372e-19
    outer loop
      vertex 1.6420739046914161 107.10999237667428 3
      vertex 1.6097812201416797 107.21644709101538 3
      vertex 1.6097812201416797 107.21644709101538 0
    endloop
  endfacet
  facet normal -0.9359059267573193 -0.35225004792125064 -3.522070069829291e-19
    outer loop
      vertex 1.6097812201416797 107.21644709101538 3
      vertex 1.5705952052691874 107.32056183502065 3
      vertex 1.5705952052691874 107.32056183502065 0
    endloop
  endfacet
  facet normal -0.9108638249211647 -0.41270702980441937 -1.0711864367248878e-18
    outer loop
      vertex 1.5705952052691874 107.32056183502065 3
      vertex 1.52468366060557 107.4218907733723 3
      vertex 1.52468366060557 107.4218907733723 0
    endloop
  endfacet
  facet normal -0.8492021815266053 -0.5280678506503256 7.145751170003134e-20
    outer loop
      vertex 1.4722431864335457 107.52 3
      vertex 1.413498340914327 107.61446939613333 3
      vertex 1.413498340914327 107.61446939613333 0
    endloop
  endfacet
  facet normal -0.8128466845916215 -0.5824776968677934 0
    outer loop
      vertex 1.3487006784950997 107.70489442931483 3
      vertex 1.3487006784950997 107.70489442931483 0
      vertex 1.413498340914327 107.61446939613333 3
    endloop
  endfacet
  facet normal -0.7730104533627039 -0.6343932841636857 9.492980718754717e-20
    outer loop
      vertex 1.3487006784950997 107.70489442931483 3
      vertex 1.2781276727142616 107.79088788567012 3
      vertex 1.2781276727142616 107.79088788567012 0
    endloop
  endfacet
  facet normal -0.8819212643483573 -0.4713967368259934 0
    outer loop
      vertex 1.4722431864335457 107.52 3
      vertex 1.4722431864335457 107.52 0
      vertex 1.52468366060557 107.4218907733723 3
    endloop
  endfacet
  facet normal -0.5280678506503407 -0.8492021815265958 0
    outer loop
      vertex 0.85 108.14224318643355 3
      vertex 0.85 108.14224318643355 0
      vertex 0.9444693961333237 108.08349834091433 3
    endloop
  endfacet
  facet normal -0.5824776968677832 -0.8128466845916289 0
    outer loop
      vertex 0.9444693961333237 108.08349834091433 3
      vertex 0.9444693961333237 108.08349834091433 0
      vertex 1.034894429314825 108.01870067849511 3
    endloop
  endfacet
  facet normal -0.6835923020228695 -0.7298640726978373 -7.67948778815344e-19
    outer loop
      vertex 1.2020815280171309 107.87208152801713 3
      vertex 1.120887885670117 107.94812767271426 3
      vertex 1.120887885670117 107.94812767271426 0
    endloop
  endfacet
  facet normal -0.7298640726978504 -0.6835923020228556 0
    outer loop
      vertex 1.2020815280171309 107.87208152801713 3
      vertex 1.2020815280171309 107.87208152801713 0
      vertex 1.2781276727142616 107.79088788567012 3
    endloop
  endfacet
  facet normal -0.6343932841636755 -0.7730104533627122 0
    outer loop
      vertex 1.034894429314825 108.01870067849511 3
      vertex 1.034894429314825 108.01870067849511 0
      vertex 1.120887885670117 107.94812767271426 3
    endloop
  endfacet
  facet normal -0.9994645874763656 0.03271908282177627 4.3533048312030126e-20
    outer loop
      vertex 1.6963601695056258 106.55881468030876 3
      vertex 1.7 106.67 3
      vertex 1.7 106.67 0
    endloop
  endfacet
  facet normal 0 0 -1
    outer loop
      vertex 0 104.97 3
      vertex 0 108.37 3
      vertex 0.1111853196912432 104.97363983049438 3
    endloop
  endfacet
  facet normal 0 0 -1
    outer loop
      vertex 0.1111853196912432 104.97363983049438 3
      vertex 0.1111853196912432 108.36636016950563 3
      vertex 0.22189452677408766 104.98454373566453 3
    endloop
  endfacet
  facet normal 0 0 -1
    outer loop
      vertex 0.22189452677408766 104.98454373566453 3
      vertex 0.22189452677408766 108.35545626433547 3
      vertex 0.33165354742741804 105.0026650233145 3
    endloop
  endfacet
  facet normal 0 0 -1
    outer loop
      vertex 0.33165354742741804 105.0026650233145 3
      vertex 0.33165354742741804 108.3373349766855 3
      vertex 0.43999237667428526 105.02792609530859 3
    endloop
  endfacet
  facet normal 0 0 -1
    outer loop
      vertex 0.43999237667428526 105.02792609530859 3
      vertex 0.43999237667428526 108.31207390469142 3
      vertex 0.5464470910153747 105.06021877985832 3
    endloop
  endfacet
  facet normal 0 0 -1
    outer loop
      vertex 0.5464470910153747 105.06021877985832 3
      vertex 0.5464470910153747 108.27978122014169 3
      vertex 0.6505618350206526 105.09940479473082 3
    endloop
  endfacet
  facet normal 0 0 -1
    outer loop
      vertex 0.6505618350206526 105.09940479473082 3
      vertex 0.6505618350206526 108.24059520526919 3
      vertex 0.7518907733723021 105.14531633939443 3
    endloop
  endfacet
  facet normal 0 0 -1
    outer loop
      vertex 0.7518907733723021 105.14531633939443 3
      vertex 0.7518907733723021 108.19468366060558 3
      vertex 0.85 105.19775681356646 3
    endloop
  endfacet
  facet normal 0 0 -1
    outer loop
      vertex 0.85 105.19775681356646 3
      vertex 0.85 108.14224318643355 3
      vertex 0.9444693961333237 105.25650165908567 3
    endloop
  endfacet
  facet normal 0 0 -1
    outer loop
      vertex 0.9444693961333237 105.25650165908567 3
      vertex 0.9444693961333237 108.08349834091433 3
      vertex 1.034894429314825 105.3212993215049 3
    endloop
  endfacet
  facet normal 0 0 -1
    outer loop
      vertex 1.034894429314825 105.3212993215049 3
      vertex 1.034894429314825 108.01870067849511 3
      vertex 1.120887885670117 105.39187232728574 3
    endloop
  endfacet
  facet normal 0 0 -1
    outer loop
      vertex 1.120887885670117 105.39187232728574 3
      vertex 1.120887885670117 107.94812767271426 3
      vertex 1.2020815280171309 105.46791847198287 3
    endloop
  endfacet
  facet normal 0 0 -1
    outer loop
      vertex 1.2020815280171309 105.46791847198287 3
      vertex 1.2020815280171309 107.87208152801713 3
      vertex 1.2781276727142616 105.54911211432989 3
    endloop
  endfacet
  facet normal 0 0 -1
    outer loop
      vertex 1.2781276727142616 105.54911211432989 3
      vertex 1.2781276727142616 107.79088788567012 3
      vertex 1.3487006784950997 105.63510557068517 3
    endloop
  endfacet
  facet normal 0 0 -1
    outer loop
      vertex 1.3487006784950997 105.63510557068517 3
      vertex 1.3487006784950997 107.70489442931483 3
      vertex 1.413498340914327 105.72553060386667 3
    endloop
  endfacet
  facet normal 0 0 -1
    outer loop
      vertex 1.413498340914327 105.72553060386667 3
      vertex 1.413498340914327 107.61446939613333 3
      vertex 1.4722431864335457 105.82000000000001 3
    endloop
  endfacet
  facet normal 0 0 -1
    outer loop
      vertex 1.4722431864335457 105.82000000000001 3
      vertex 1.4722431864335457 107.52 3
      vertex 1.52468366060557 105.9181092266277 3
    endloop
  endfacet
  facet normal 0 0 -1
    outer loop
      vertex 1.52468366060557 105.9181092266277 3
      vertex 1.52468366060557 107.4218907733723 3
      vertex 1.5705952052691874 106.01943816497935 3
    endloop
  endfacet
  facet normal 0 0 -1
    outer loop
      vertex 1.5705952052691874 106.01943816497935 3
      vertex 1.5705952052691874 107.32056183502065 3
      vertex 1.6097812201416797 106.12355290898462 3
    endloop
  endfacet
  facet normal 0 0 -1
    outer loop
      vertex 1.6097812201416797 106.12355290898462 3
      vertex 1.6097812201416797 107.21644709101538 3
      vertex 1.6420739046914161 106.23000762332572 3
    endloop
  endfacet
  facet normal 0 0 -1
    outer loop
      vertex 1.6420739046914161 106.23000762332572 3
      vertex 1.6420739046914161 107.10999237667428 3
      vertex 1.6673349766854917 106.33834645257258 3
    endloop
  endfacet
  facet normal 0 0 -1
    outer loop
      vertex 1.6673349766854917 106.33834645257258 3
      vertex 1.6673349766854917 107.00165354742742 3
      vertex 1.6854562643354776 106.44810547322591 3
    endloop
  endfacet
  facet normal 0 0 -1
    outer loop
      vertex 1.6854562643354776 106.44810547322591 3
      vertex 1.6854562643354776 106.8918945267741 3
      vertex 1.6963601695056258 106.55881468030876 3
    endloop
  endfacet
  facet normal 0 0 -1
    outer loop
      vertex 1.6854562643354776 106.8918945267741 3
      vertex 1.6963601695056258 106.78118531969125 3
      vertex 1.6963601695056258 106.55881468030876 3
    endloop
  endfacet
  facet normal 0 0 -1
    outer loop
      vertex 1.6963601695056258 106.55881468030876 3
      vertex 1.6963601695056258 106.78118531969125 3
      vertex 1.7 106.67 3
    endloop
  endfacet
  facet normal 0 0 -1
    outer loop
      vertex 1.6420739046914161 106.23000762332572 3
      vertex 1.6097812201416797 107.21644709101538 3
      vertex 1.6420739046914161 107.10999237667428 3
    endloop
  endfacet
  facet normal 0 0 -1
    outer loop
      vertex 1.6673349766854917 106.33834645257258 3
      vertex 1.6420739046914161 107.10999237667428 3
      vertex 1.6673349766854917 107.00165354742742 3
    endloop
  endfacet
  facet normal 0 0 -1
    outer loop
      vertex 1.6854562643354776 106.44810547322591 3
      vertex 1.6673349766854917 107.00165354742742 3
      vertex 1.6854562643354776 106.8918945267741 3
    endloop
  endfacet
  facet normal 0 0 -1
    outer loop
      vertex 1.6097812201416797 106.12355290898462 3
      vertex 1.5705952052691874 107.32056183502065 3
      vertex 1.6097812201416797 107.21644709101538 3
    endloop
  endfacet
  facet normal 0 0 -1
    outer loop
      vertex 1.52468366060557 105.9181092266277 3
      vertex 1.4722431864335457 107.52 3
      vertex 1.52468366060557 107.4218907733723 3
    endloop
  endfacet
  facet normal 0 0 -1
    outer loop
      vertex 1.5705952052691874 106.01943816497935 3
      vertex 1.52468366060557 107.4218907733723 3
      vertex 1.5705952052691874 107.32056183502065 3
    endloop
  endfacet
  facet normal 0 0 -1
    outer loop
      vertex 0.1111853196912432 104.97363983049438 3
      vertex 0 108.37 3
      vertex 0.1111853196912432 108.36636016950563 3
    endloop
  endfacet
  facet normal 0 0 -1
    outer loop
      vertex 0.22189452677408766 104.98454373566453 3
      vertex 0.1111853196912432 108.36636016950563 3
      vertex 0.22189452677408766 108.35545626433547 3
    endloop
  endfacet
  facet normal 0 0 -1
    outer loop
      vertex 0.33165354742741804 105.0026650233145 3
      vertex 0.22189452677408766 108.35545626433547 3
      vertex 0.33165354742741804 108.3373349766855 3
    endloop
  endfacet
  facet normal 0 0 -1
    outer loop
      vertex 0.43999237667428526 105.02792609530859 3
      vertex 0.33165354742741804 108.3373349766855 3
      vertex 0.43999237667428526 108.31207390469142 3
    endloop
  endfacet
  facet normal 0 0 -1
    outer loop
      vertex 0.5464470910153747 105.06021877985832 3
      vertex 0.43999237667428526 108.31207390469142 3
      vertex 0.5464470910153747 108.27978122014169 3
    endloop
  endfacet
  facet normal 0 0 -1
    outer loop
      vertex 0.6505618350206526 105.09940479473082 3
      vertex 0.5464470910153747 108.27978122014169 3
      vertex 0.6505618350206526 108.24059520526919 3
    endloop
  endfacet
  facet normal 0 0 -1
    outer loop
      vertex 0.85 105.19775681356646 3
      vertex 0.7518907733723021 108.19468366060558 3
      vertex 0.85 108.14224318643355 3
    endloop
  endfacet
  facet normal 0 0 -1
    outer loop
      vertex 0.7518907733723021 105.14531633939443 3
      vertex 0.6505618350206526 108.24059520526919 3
      vertex 0.7518907733723021 108.19468366060558 3
    endloop
  endfacet
  facet normal 0 0 -1
    outer loop
      vertex 0.9444693961333237 105.25650165908567 3
      vertex 0.85 108.14224318643355 3
      vertex 0.9444693961333237 108.08349834091433 3
    endloop
  endfacet
  facet normal 0 0 -1
    outer loop
      vertex 1.034894429314825 105.3212993215049 3
      vertex 0.9444693961333237 108.08349834091433 3
      vertex 1.034894429314825 108.01870067849511 3
    endloop
  endfacet
  facet normal 0 0 -1
    outer loop
      vertex 1.2781276727142616 105.54911211432989 3
      vertex 1.2020815280171309 107.87208152801713 3
      vertex 1.2781276727142616 107.79088788567012 3
    endloop
  endfacet
  facet normal 0 0 -1
    outer loop
      vertex 1.2020815280171309 105.46791847198287 3
      vertex 1.120887885670117 107.94812767271426 3
      vertex 1.2020815280171309 107.87208152801713 3
    endloop
  endfacet
  facet normal 0 0 -1
    outer loop
      vertex 1.120887885670117 105.39187232728574 3
      vertex 1.034894429314825 108.01870067849511 3
      vertex 1.120887885670117 107.94812767271426 3
    endloop
  endfacet
  facet normal 0 0 -1
    outer loop
      vertex 1.3487006784950997 105.63510557068517 3
      vertex 1.2781276727142616 107.79088788567012 3
      vertex 1.3487006784950997 107.70489442931483 3
    endloop
  endfacet
  facet normal 0 0 -1
    outer loop
      vertex 1.4722431864335457 105.82000000000001 3
      vertex 1.413498340914327 107.61446939613333 3
      vertex 1.4722431864335457 107.52 3
    endloop
  endfacet
  facet normal 0 0 -1
    outer loop
      vertex 1.413498340914327 105.72553060386667 3
      vertex 1.3487006784950997 107.70489442931483 3
      vertex 1.413498340914327 107.61446939613333 3
    endloop
  endfacet
  facet normal 0.8492021815266223 0.5280678506502982 0
    outer loop
      vertex -76.89932353560258 74.57708034916904 3
      vertex -76.84057869008336 74.4826109530357 0
      vertex -76.89932353560258 74.57708034916904 0
    endloop
  endfacet
  facet normal 0.8819212643483348 0.47139673682603533 0
    outer loop
      vertex -76.9517640097746 74.67518957579674 3
      vertex -76.89932353560258 74.57708034916904 0
      vertex -76.9517640097746 74.67518957579674 0
    endloop
  endfacet
  facet normal 0.7298640726978513 0.6835923020228546 0
    outer loop
      vertex -76.7052080218833 74.30619246349892 3
      vertex -76.62916187718616 74.2249988211519 0
      vertex -76.7052080218833 74.30619246349892 0
    endloop
  endfacet
  facet normal 0.5824776968677736 0.8128466845916357 0
    outer loop
      vertex -76.46197477848386 74.07837967067393 3
      vertex -76.37154974530236 74.0135820082547 0
      vertex -76.46197477848386 74.07837967067393 0
    endloop
  endfacet
  facet normal 0.6343932841637167 0.7730104533626785 0
    outer loop
      vertex -76.54796823483915 74.14895267645477 3
      vertex -76.46197477848386 74.07837967067393 0
      vertex -76.54796823483915 74.14895267645477 0
    endloop
  endfacet
  facet normal 0.6835923020228546 0.7298640726978513 0
    outer loop
      vertex -76.62916187718616 74.2249988211519 3
      vertex -76.54796823483915 74.14895267645477 0
      vertex -76.62916187718616 74.2249988211519 0
    endloop
  endfacet
  facet normal 0.7730104533626785 0.6343932841637167 0
    outer loop
      vertex -76.77578102766414 74.3921859198542 3
      vertex -76.7052080218833 74.30619246349892 0
      vertex -76.77578102766414 74.3921859198542 0
    endloop
  endfacet
  facet normal 0.8128466845916357 0.5824776968677736 0
    outer loop
      vertex -76.84057869008336 74.4826109530357 3
      vertex -76.77578102766414 74.3921859198542 0
      vertex -76.84057869008336 74.4826109530357 0
    endloop
  endfacet
  facet normal 0.3522500479213013 0.9359059267573001 0
    outer loop
      vertex -76.07764218418968 73.85648514389985 3
      vertex -75.97352744018441 73.81729912902735 0
      vertex -76.07764218418968 73.85648514389985 0
    endloop
  endfacet
  facet normal 0.29028467725439405 0.9569403357322296 0
    outer loop
      vertex -75.97352744018441 73.81729912902735 3
      vertex -75.86707272584331 73.78500644447762 0
      vertex -75.97352744018441 73.81729912902735 0
    endloop
  endfacet
  facet normal 0.2270762630344259 0.9738769792773214 0
    outer loop
      vertex -75.86707272584331 73.78500644447762 3
      vertex -75.75873389659645 73.75974537248354 0
      vertex -75.86707272584331 73.78500644447762 0
    endloop
  endfacet
  facet normal 0.16289547339450183 0.9866433320848933 0
    outer loop
      vertex -75.75873389659645 73.75974537248354 3
      vertex -75.64897487594313 73.74162408483356 0
      vertex -75.75873389659645 73.75974537248354 0
    endloop
  endfacet
  facet normal 0.09801714032959864 0.9951847266721932 0
    outer loop
      vertex -75.64897487594313 73.74162408483356 3
      vertex -75.53826566886028 73.73072017966341 0
      vertex -75.64897487594313 73.74162408483356 0
    endloop
  endfacet
  facet normal 0.5280678506502982 0.8492021815266223 0
    outer loop
      vertex -76.37154974530236 74.0135820082547 3
      vertex -76.27708034916903 73.95483716273549 0
      vertex -76.37154974530236 74.0135820082547 0
    endloop
  endfacet
  facet normal 0.47139673682603533 0.8819212643483348 0
    outer loop
      vertex -76.27708034916903 73.95483716273549 3
      vertex -76.17897112254133 73.90239668856346 0
      vertex -76.27708034916903 73.95483716273549 0
    endloop
  endfacet
  facet normal 0.41270702980436796 0.9108638249211879 0
    outer loop
      vertex -76.17897112254133 73.90239668856346 3
      vertex -76.07764218418968 73.85648514389985 0
      vertex -76.17897112254133 73.90239668856346 0
    endloop
  endfacet
  facet normal 0.03271908282181814 0.9994645874763642 0
    outer loop
      vertex -75.53826566886028 73.73072017966341 3
      vertex -75.42708034916903 73.72708034916903 0
      vertex -75.53826566886028 73.73072017966341 0
    endloop
  endfacet
  facet normal -0.03271908282181814 0.9994645874763642 0
    outer loop
      vertex -75.42708034916903 73.72708034916903 3
      vertex -75.31589502947779 73.73072017966341 0
      vertex -75.42708034916903 73.72708034916903 0
    endloop
  endfacet
  facet normal -0.09801714032959864 0.9951847266721932 0
    outer loop
      vertex -75.31589502947779 73.73072017966341 3
      vertex -75.20518582239494 73.74162408483356 0
      vertex -75.31589502947779 73.73072017966341 0
    endloop
  endfacet
  facet normal -0.16289547339450183 0.9866433320848933 0
    outer loop
      vertex -75.20518582239494 73.74162408483356 3
      vertex -75.09542680174161 73.75974537248354 0
      vertex -75.20518582239494 73.74162408483356 0
    endloop
  endfacet
  facet normal -0.2270762630344259 0.9738769792773214 0
    outer loop
      vertex -75.09542680174161 73.75974537248354 3
      vertex -74.98708797249475 73.78500644447762 0
      vertex -75.09542680174161 73.75974537248354 0
    endloop
  endfacet
  facet normal -0.29028467725439405 0.9569403357322296 0
    outer loop
      vertex -74.98708797249475 73.78500644447762 3
      vertex -74.88063325815365 73.81729912902735 0
      vertex -74.98708797249475 73.78500644447762 0
    endloop
  endfacet
  facet normal -0.3522500479213013 0.9359059267573001 0
    outer loop
      vertex -74.88063325815365 73.81729912902735 3
      vertex -74.77651851414838 73.85648514389985 0
      vertex -74.88063325815365 73.81729912902735 0
    endloop
  endfacet
  facet normal -0.41270702980436796 0.9108638249211879 0
    outer loop
      vertex -74.77651851414838 73.85648514389985 3
      vertex -74.67518957579674 73.90239668856346 0
      vertex -74.77651851414838 73.85648514389985 0
    endloop
  endfacet
  facet normal 0.9569403357322296 0.29028467725439405 0
    outer loop
      vertex -77.06915425386045 74.98708797249475 3
      vertex -77.03686156931072 74.88063325815365 0
      vertex -77.06915425386045 74.98708797249475 0
    endloop
  endfacet
  facet normal 0.9738769792773214 0.2270762630344259 0
    outer loop
      vertex -77.09441532585453 75.09542680174161 3
      vertex -77.06915425386045 74.98708797249475 0
      vertex -77.09441532585453 75.09542680174161 0
    endloop
  endfacet
  facet normal 0.9108638249211879 0.41270702980436796 0
    outer loop
      vertex -76.99767555443822 74.77651851414838 3
      vertex -76.9517640097746 74.67518957579674 0
      vertex -76.99767555443822 74.77651851414838 0
    endloop
  endfacet
  facet normal 0.9359059267573001 0.3522500479213013 0
    outer loop
      vertex -77.03686156931072 74.88063325815365 3
      vertex -76.99767555443822 74.77651851414838 0
      vertex -77.03686156931072 74.88063325815365 0
    endloop
  endfacet
  facet normal 0.9866433320848933 0.16289547339450183 0
    outer loop
      vertex -77.1125366135045 75.20518582239494 3
      vertex -77.09441532585453 75.09542680174161 0
      vertex -77.1125366135045 75.20518582239494 0
    endloop
  endfacet
  facet normal 0.9951847266721932 0.09801714032959864 0
    outer loop
      vertex -77.12344051867466 75.31589502947779 3
      vertex -77.1125366135045 75.20518582239494 0
      vertex -77.12344051867466 75.31589502947779 0
    endloop
  endfacet
  facet normal 0.9994645874763642 0.03271908282181814 0
    outer loop
      vertex -77.12708034916903 75.42708034916903 3
      vertex -77.12344051867466 75.31589502947779 0
      vertex -77.12708034916903 75.42708034916903 0
    endloop
  endfacet
  facet normal 0.9994645874763642 -0.03271908282181814 0
    outer loop
      vertex -77.12344051867466 75.53826566886028 3
      vertex -77.12708034916903 75.42708034916903 0
      vertex -77.12344051867466 75.53826566886028 0
    endloop
  endfacet
  facet normal 0.9951847266721932 -0.09801714032959864 0
    outer loop
      vertex -77.1125366135045 75.64897487594313 3
      vertex -77.12344051867466 75.53826566886028 0
      vertex -77.1125366135045 75.64897487594313 0
    endloop
  endfacet
  facet normal 0.9866433320848933 -0.16289547339450183 0
    outer loop
      vertex -77.09441532585453 75.75873389659645 3
      vertex -77.1125366135045 75.64897487594313 0
      vertex -77.09441532585453 75.75873389659645 0
    endloop
  endfacet
  facet normal 0.9738769792773214 -0.2270762630344259 0
    outer loop
      vertex -77.06915425386045 75.86707272584331 3
      vertex -77.09441532585453 75.75873389659645 0
      vertex -77.06915425386045 75.86707272584331 0
    endloop
  endfacet
  facet normal 0.9569403357322296 -0.29028467725439405 0
    outer loop
      vertex -77.03686156931072 75.97352744018441 3
      vertex -77.06915425386045 75.86707272584331 0
      vertex -77.03686156931072 75.97352744018441 0
    endloop
  endfacet
  facet normal 0.9359059267573001 -0.3522500479213013 0
    outer loop
      vertex -76.99767555443822 76.07764218418968 3
      vertex -77.03686156931072 75.97352744018441 0
      vertex -76.99767555443822 76.07764218418968 0
    endloop
  endfacet
  facet normal 0.9108638249211879 -0.41270702980436796 0
    outer loop
      vertex -76.9517640097746 76.17897112254133 3
      vertex -76.99767555443822 76.07764218418968 0
      vertex -76.9517640097746 76.17897112254133 0
    endloop
  endfacet
  facet normal 0.8819212643483348 -0.47139673682603533 0
    outer loop
      vertex -76.89932353560258 76.27708034916903 3
      vertex -76.9517640097746 76.17897112254133 0
      vertex -76.89932353560258 76.27708034916903 0
    endloop
  endfacet
  facet normal 0.8492021815266223 -0.5280678506502982 0
    outer loop
      vertex -76.84057869008336 76.37154974530236 3
      vertex -76.89932353560258 76.27708034916903 0
      vertex -76.84057869008336 76.37154974530236 0
    endloop
  endfacet
  facet normal 0.8128466845916357 -0.5824776968677736 0
    outer loop
      vertex -76.77578102766414 76.46197477848386 3
      vertex -76.84057869008336 76.37154974530236 0
      vertex -76.77578102766414 76.46197477848386 0
    endloop
  endfacet
  facet normal 0.7730104533626785 -0.6343932841637167 0
    outer loop
      vertex -76.7052080218833 76.54796823483915 3
      vertex -76.77578102766414 76.46197477848386 0
      vertex -76.7052080218833 76.54796823483915 0
    endloop
  endfacet
  facet normal 0.7298640726978513 -0.6835923020228546 0
    outer loop
      vertex -76.62916187718616 76.62916187718616 3
      vertex -76.7052080218833 76.54796823483915 0
      vertex -76.62916187718616 76.62916187718616 0
    endloop
  endfacet
  facet normal 0.6835923020228546 -0.7298640726978513 0
    outer loop
      vertex -76.54796823483915 76.7052080218833 3
      vertex -76.62916187718616 76.62916187718616 0
      vertex -76.54796823483915 76.7052080218833 0
    endloop
  endfacet
  facet normal 0.6343932841637167 -0.7730104533626785 0
    outer loop
      vertex -76.46197477848386 76.77578102766414 3
      vertex -76.54796823483915 76.7052080218833 0
      vertex -76.46197477848386 76.77578102766414 0
    endloop
  endfacet
  facet normal 0.5824776968677736 -0.8128466845916357 0
    outer loop
      vertex -76.37154974530236 76.84057869008336 3
      vertex -76.46197477848386 76.77578102766414 0
      vertex -76.37154974530236 76.84057869008336 0
    endloop
  endfacet
  facet normal 0.5280678506502982 -0.8492021815266223 0
    outer loop
      vertex -76.27708034916903 76.89932353560258 3
      vertex -76.37154974530236 76.84057869008336 0
      vertex -76.27708034916903 76.89932353560258 0
    endloop
  endfacet
  facet normal 0.47139673682603533 -0.8819212643483348 0
    outer loop
      vertex -76.17897112254133 76.9517640097746 3
      vertex -76.27708034916903 76.89932353560258 0
      vertex -76.17897112254133 76.9517640097746 0
    endloop
  endfacet
  facet normal 0.41270702980436796 -0.9108638249211879 0
    outer loop
      vertex -76.07764218418968 76.99767555443822 3
      vertex -76.17897112254133 76.9517640097746 0
      vertex -76.07764218418968 76.99767555443822 0
    endloop
  endfacet
  facet normal 0.3522500479213013 -0.9359059267573001 0
    outer loop
      vertex -75.97352744018441 77.03686156931072 3
      vertex -76.07764218418968 76.99767555443822 0
      vertex -75.97352744018441 77.03686156931072 0
    endloop
  endfacet
  facet normal 0.29028467725439405 -0.9569403357322296 0
    outer loop
      vertex -75.86707272584331 77.06915425386045 3
      vertex -75.97352744018441 77.03686156931072 0
      vertex -75.86707272584331 77.06915425386045 0
    endloop
  endfacet
  facet normal 0.2270762630344259 -0.9738769792773214 0
    outer loop
      vertex -75.75873389659645 77.09441532585453 3
      vertex -75.86707272584331 77.06915425386045 0
      vertex -75.75873389659645 77.09441532585453 0
    endloop
  endfacet
  facet normal 0.16289547339450183 -0.9866433320848933 0
    outer loop
      vertex -75.64897487594313 77.1125366135045 3
      vertex -75.75873389659645 77.09441532585453 0
      vertex -75.64897487594313 77.1125366135045 0
    endloop
  endfacet
  facet normal 0.09801714032959864 -0.9951847266721932 0
    outer loop
      vertex -75.53826566886028 77.12344051867466 3
      vertex -75.64897487594313 77.1125366135045 0
      vertex -75.53826566886028 77.12344051867466 0
    endloop
  endfacet
  facet normal 0.03271908282181814 -0.9994645874763642 0
    outer loop
      vertex -75.42708034916903 77.12708034916903 3
      vertex -75.53826566886028 77.12344051867466 0
      vertex -75.42708034916903 77.12708034916903 0
    endloop
  endfacet
  facet normal -0.03271908282181814 -0.9994645874763642 0
    outer loop
      vertex -75.31589502947779 77.12344051867466 3
      vertex -75.42708034916903 77.12708034916903 0
      vertex -75.31589502947779 77.12344051867466 0
    endloop
  endfacet
  facet normal -0.09801714032959864 -0.9951847266721932 0
    outer loop
      vertex -75.20518582239494 77.1125366135045 3
      vertex -75.31589502947779 77.12344051867466 0
      vertex -75.20518582239494 77.1125366135045 0
    endloop
  endfacet
  facet normal -0.16289547339450183 -0.9866433320848933 0
    outer loop
      vertex -75.09542680174161 77.09441532585453 3
      vertex -75.20518582239494 77.1125366135045 0
      vertex -75.09542680174161 77.09441532585453 0
    endloop
  endfacet
  facet normal -0.2270762630344259 -0.9738769792773214 0
    outer loop
      vertex -74.98708797249475 77.06915425386045 3
      vertex -75.09542680174161 77.09441532585453 0
      vertex -74.98708797249475 77.06915425386045 0
    endloop
  endfacet
  facet normal -0.3522500479213013 -0.9359059267573001 0
    outer loop
      vertex -74.77651851414838 76.99767555443822 3
      vertex -74.88063325815365 77.03686156931072 0
      vertex -74.77651851414838 76.99767555443822 0
    endloop
  endfacet
  facet normal -0.29028467725439405 -0.9569403357322296 0
    outer loop
      vertex -74.88063325815365 77.03686156931072 3
      vertex -74.98708797249475 77.06915425386045 0
      vertex -74.88063325815365 77.03686156931072 0
    endloop
  endfacet
  facet normal -0.47139673682603533 0.8819212643483348 0
    outer loop
      vertex -74.67518957579674 73.90239668856346 3
      vertex -74.57708034916904 73.95483716273549 0
      vertex -74.67518957579674 73.90239668856346 0
    endloop
  endfacet
  facet normal -0.5280678506502982 0.8492021815266223 0
    outer loop
      vertex -74.57708034916904 73.95483716273549 3
      vertex -74.4826109530357 74.0135820082547 0
      vertex -74.57708034916904 73.95483716273549 0
    endloop
  endfacet
  facet normal -0.5824776968677736 0.8128466845916357 0
    outer loop
      vertex -74.4826109530357 74.0135820082547 3
      vertex -74.3921859198542 74.07837967067393 0
      vertex -74.4826109530357 74.0135820082547 0
    endloop
  endfacet
  facet normal -0.6343932841637167 0.7730104533626785 0
    outer loop
      vertex -74.3921859198542 74.07837967067393 3
      vertex -74.30619246349892 74.14895267645477 0
      vertex -74.3921859198542 74.07837967067393 0
    endloop
  endfacet
  facet normal -0.7298640726978513 0.6835923020228546 0
    outer loop
      vertex -74.2249988211519 74.2249988211519 3
      vertex -74.14895267645477 74.30619246349892 0
      vertex -74.2249988211519 74.2249988211519 0
    endloop
  endfacet
  facet normal -0.6835923020228546 0.7298640726978513 0
    outer loop
      vertex -74.30619246349892 74.14895267645477 3
      vertex -74.2249988211519 74.2249988211519 0
      vertex -74.30619246349892 74.14895267645477 0
    endloop
  endfacet
  facet normal -0.7730104533626785 0.6343932841637167 0
    outer loop
      vertex -74.14895267645477 74.30619246349892 3
      vertex -74.07837967067393 74.3921859198542 0
      vertex -74.14895267645477 74.30619246349892 0
    endloop
  endfacet
  facet normal -0.8128466845916357 0.5824776968677736 0
    outer loop
      vertex -74.07837967067393 74.3921859198542 3
      vertex -74.0135820082547 74.4826109530357 0
      vertex -74.07837967067393 74.3921859198542 0
    endloop
  endfacet
  facet normal -0.8492021815266223 0.5280678506502982 0
    outer loop
      vertex -74.0135820082547 74.4826109530357 3
      vertex -73.95483716273549 74.57708034916904 0
      vertex -74.0135820082547 74.4826109530357 0
    endloop
  endfacet
  facet normal -0.8819212643483348 0.47139673682603533 0
    outer loop
      vertex -73.95483716273549 74.57708034916904 3
      vertex -73.90239668856346 74.67518957579674 0
      vertex -73.95483716273549 74.57708034916904 0
    endloop
  endfacet
  facet normal -0.9108638249211879 0.41270702980436796 0
    outer loop
      vertex -73.90239668856346 74.67518957579674 3
      vertex -73.85648514389985 74.77651851414838 0
      vertex -73.90239668856346 74.67518957579674 0
    endloop
  endfacet
  facet normal -0.9108638249211879 -0.41270702980436796 0
    outer loop
      vertex -73.85648514389985 76.07764218418968 3
      vertex -73.90239668856346 76.17897112254133 0
      vertex -73.85648514389985 76.07764218418968 0
    endloop
  endfacet
  facet normal -0.8819212643483348 -0.47139673682603533 0
    outer loop
      vertex -73.90239668856346 76.17897112254133 3
      vertex -73.95483716273549 76.27708034916903 0
      vertex -73.90239668856346 76.17897112254133 0
    endloop
  endfacet
  facet normal -0.8492021815266223 -0.5280678506502982 0
    outer loop
      vertex -73.95483716273549 76.27708034916903 3
      vertex -74.0135820082547 76.37154974530236 0
      vertex -73.95483716273549 76.27708034916903 0
    endloop
  endfacet
  facet normal -0.8128466845916357 -0.5824776968677736 0
    outer loop
      vertex -74.0135820082547 76.37154974530236 3
      vertex -74.07837967067393 76.46197477848386 0
      vertex -74.0135820082547 76.37154974530236 0
    endloop
  endfacet
  facet normal -0.9359059267573001 0.3522500479213013 0
    outer loop
      vertex -73.85648514389985 74.77651851414838 3
      vertex -73.81729912902735 74.88063325815365 0
      vertex -73.85648514389985 74.77651851414838 0
    endloop
  endfacet
  facet normal -0.9569403357322296 0.29028467725439405 0
    outer loop
      vertex -73.81729912902735 74.88063325815365 3
      vertex -73.78500644447762 74.98708797249475 0
      vertex -73.81729912902735 74.88063325815365 0
    endloop
  endfacet
  facet normal -0.9738769792773214 0.2270762630344259 0
    outer loop
      vertex -73.78500644447762 74.98708797249475 3
      vertex -73.75974537248354 75.09542680174161 0
      vertex -73.78500644447762 74.98708797249475 0
    endloop
  endfacet
  facet normal -0.9866433320848933 0.16289547339450183 0
    outer loop
      vertex -73.75974537248354 75.09542680174161 3
      vertex -73.74162408483356 75.20518582239494 0
      vertex -73.75974537248354 75.09542680174161 0
    endloop
  endfacet
  facet normal -0.9951847266721932 0.09801714032959864 0
    outer loop
      vertex -73.74162408483356 75.20518582239494 3
      vertex -73.73072017966341 75.31589502947779 0
      vertex -73.74162408483356 75.20518582239494 0
    endloop
  endfacet
  facet normal -0.9994645874763642 0.03271908282181814 0
    outer loop
      vertex -73.73072017966341 75.31589502947779 3
      vertex -73.72708034916903 75.42708034916903 0
      vertex -73.73072017966341 75.31589502947779 0
    endloop
  endfacet
  facet normal -0.9994645874763642 -0.03271908282181814 0
    outer loop
      vertex -73.72708034916903 75.42708034916903 3
      vertex -73.73072017966341 75.53826566886028 0
      vertex -73.72708034916903 75.42708034916903 0
    endloop
  endfacet
  facet normal -0.9951847266721932 -0.09801714032959864 0
    outer loop
      vertex -73.73072017966341 75.53826566886028 3
      vertex -73.74162408483356 75.64897487594313 0
      vertex -73.73072017966341 75.53826566886028 0
    endloop
  endfacet
  facet normal -0.9866433320848933 -0.16289547339450183 0
    outer loop
      vertex -73.74162408483356 75.64897487594313 3
      vertex -73.75974537248354 75.75873389659645 0
      vertex -73.74162408483356 75.64897487594313 0
    endloop
  endfacet
  facet normal -0.9738769792773214 -0.2270762630344259 0
    outer loop
      vertex -73.75974537248354 75.75873389659645 3
      vertex -73.78500644447762 75.86707272584331 0
      vertex -73.75974537248354 75.75873389659645 0
    endloop
  endfacet
  facet normal -0.9569403357322296 -0.29028467725439405 0
    outer loop
      vertex -73.78500644447762 75.86707272584331 3
      vertex -73.81729912902735 75.97352744018441 0
      vertex -73.78500644447762 75.86707272584331 0
    endloop
  endfacet
  facet normal -0.9359059267573001 -0.3522500479213013 0
    outer loop
      vertex -73.81729912902735 75.97352744018441 3
      vertex -73.85648514389985 76.07764218418968 0
      vertex -73.81729912902735 75.97352744018441 0
    endloop
  endfacet
  facet normal -0.5824776968677736 -0.8128466845916357 0
    outer loop
      vertex -74.3921859198542 76.77578102766414 3
      vertex -74.4826109530357 76.84057869008336 0
      vertex -74.3921859198542 76.77578102766414 0
    endloop
  endfacet
  facet normal -0.6343932841637167 -0.7730104533626785 0
    outer loop
      vertex -74.30619246349892 76.7052080218833 3
      vertex -74.3921859198542 76.77578102766414 0
      vertex -74.30619246349892 76.7052080218833 0
    endloop
  endfacet
  facet normal -0.41270702980436796 -0.9108638249211879 0
    outer loop
      vertex -74.67518957579674 76.9517640097746 3
      vertex -74.77651851414838 76.99767555443822 0
      vertex -74.67518957579674 76.9517640097746 0
    endloop
  endfacet
  facet normal -0.47139673682603533 -0.8819212643483348 0
    outer loop
      vertex -74.57708034916904 76.89932353560258 3
      vertex -74.67518957579674 76.9517640097746 0
      vertex -74.57708034916904 76.89932353560258 0
    endloop
  endfacet
  facet normal -0.5280678506502982 -0.8492021815266223 0
    outer loop
      vertex -74.4826109530357 76.84057869008336 3
      vertex -74.57708034916904 76.89932353560258 0
      vertex -74.4826109530357 76.84057869008336 0
    endloop
  endfacet
  facet normal -0.7298640726978513 -0.6835923020228546 0
    outer loop
      vertex -74.14895267645477 76.54796823483915 3
      vertex -74.2249988211519 76.62916187718616 0
      vertex -74.14895267645477 76.54796823483915 0
    endloop
  endfacet
  facet normal -0.7730104533626785 -0.6343932841637167 0
    outer loop
      vertex -74.07837967067393 76.46197477848386 3
      vertex -74.14895267645477 76.54796823483915 0
      vertex -74.07837967067393 76.46197477848386 0
    endloop
  endfacet
  facet normal -0.6835923020228546 -0.7298640726978513 0
    outer loop
      vertex -74.2249988211519 76.62916187718616 3
      vertex -74.30619246349892 76.7052080218833 0
      vertex -74.2249988211519 76.62916187718616 0
    endloop
  endfacet
  facet normal 0.8492021815266223 0.5280678506502982 0
    outer loop
      vertex -76.84057869008336 74.4826109530357 3
      vertex -76.84057869008336 74.4826109530357 0
      vertex -76.89932353560258 74.57708034916904 3
    endloop
  endfacet
  facet normal 0.8819212643483348 0.47139673682603533 6.87205366885993e-19
    outer loop
      vertex -76.9517640097746 74.67518957579674 3
      vertex -76.89932353560258 74.57708034916904 3
      vertex -76.89932353560258 74.57708034916904 0
    endloop
  endfacet
  facet normal 0.9108638249211879 0.41270702980436796 0
    outer loop
      vertex -76.9517640097746 74.67518957579674 3
      vertex -76.9517640097746 74.67518957579674 0
      vertex -76.99767555443822 74.77651851414838 3
    endloop
  endfacet
  facet normal 0.7298640726978513 0.6835923020228546 0
    outer loop
      vertex -76.62916187718616 74.2249988211519 3
      vertex -76.62916187718616 74.2249988211519 0
      vertex -76.7052080218833 74.30619246349892 3
    endloop
  endfacet
  facet normal 0.6343932841637167 0.7730104533626785 0
    outer loop
      vertex -76.46197477848386 74.07837967067393 3
      vertex -76.46197477848386 74.07837967067393 0
      vertex -76.54796823483915 74.14895267645477 3
    endloop
  endfacet
  facet normal 0.6835923020228546 0.7298640726978513 -8.126394868707978e-19
    outer loop
      vertex -76.62916187718616 74.2249988211519 3
      vertex -76.54796823483915 74.14895267645477 3
      vertex -76.54796823483915 74.14895267645477 0
    endloop
  endfacet
  facet normal 0.7730104533626785 0.6343932841637167 0
    outer loop
      vertex -76.7052080218833 74.30619246349892 3
      vertex -76.7052080218833 74.30619246349892 0
      vertex -76.77578102766414 74.3921859198542 3
    endloop
  endfacet
  facet normal 0.8128466845916357 0.5824776968677736 3.6931902391075436e-19
    outer loop
      vertex -76.84057869008336 74.4826109530357 3
      vertex -76.77578102766414 74.3921859198542 3
      vertex -76.77578102766414 74.3921859198542 0
    endloop
  endfacet
  facet normal 0.3522500479213013 0.9359059267573001 -2.166961164621453e-19
    outer loop
      vertex -76.07764218418968 73.85648514389985 3
      vertex -75.97352744018441 73.81729912902735 3
      vertex -75.97352744018441 73.81729912902735 0
    endloop
  endfacet
  facet normal 0.29028467725439405 0.9569403357322296 -4.491188868011154e-19
    outer loop
      vertex -75.97352744018441 73.81729912902735 3
      vertex -75.86707272584331 73.78500644447762 3
      vertex -75.86707272584331 73.78500644447762 0
    endloop
  endfacet
  facet normal 0.2270762630344259 0.9738769792773214 -1.7446323763098246e-19
    outer loop
      vertex -75.86707272584331 73.78500644447762 3
      vertex -75.75873389659645 73.75974537248354 3
      vertex -75.75873389659645 73.75974537248354 0
    endloop
  endfacet
  facet normal 0.16289547339450183 0.9866433320848933 5.726490459600851e-19
    outer loop
      vertex -75.75873389659645 73.75974537248354 3
      vertex -75.64897487594313 73.74162408483356 3
      vertex -75.64897487594313 73.74162408483356 0
    endloop
  endfacet
  facet normal 0.09801714032959864 0.9951847266721932 -7.375412545214896e-20
    outer loop
      vertex -75.64897487594313 73.74162408483356 3
      vertex -75.53826566886028 73.73072017966341 3
      vertex -75.53826566886028 73.73072017966341 0
    endloop
  endfacet
  facet normal 0.5824776968677736 0.8128466845916357 3.6931902391075436e-19
    outer loop
      vertex -76.46197477848386 74.07837967067393 3
      vertex -76.37154974530236 74.0135820082547 3
      vertex -76.37154974530236 74.0135820082547 0
    endloop
  endfacet
  facet normal 0.5280678506502982 0.8492021815266223 -1.2302484536244338e-18
    outer loop
      vertex -76.37154974530236 74.0135820082547 3
      vertex -76.27708034916903 73.95483716273549 3
      vertex -76.27708034916903 73.95483716273549 0
    endloop
  endfacet
  facet normal 0.47139673682603533 0.8819212643483348 6.87205366885993e-19
    outer loop
      vertex -76.27708034916903 73.95483716273549 3
      vertex -76.17897112254133 73.90239668856346 3
      vertex -76.17897112254133 73.90239668856346 0
    endloop
  endfacet
  facet normal 0.41270702980436796 0.9108638249211879 0
    outer loop
      vertex -76.07764218418968 73.85648514389985 3
      vertex -76.07764218418968 73.85648514389985 0
      vertex -76.17897112254133 73.90239668856346 3
    endloop
  endfacet
  facet normal 0.03271908282181814 0.9994645874763642 2.5239385402771795e-21
    outer loop
      vertex -75.53826566886028 73.73072017966341 3
      vertex -75.42708034916903 73.72708034916903 3
      vertex -75.42708034916903 73.72708034916903 0
    endloop
  endfacet
  facet normal -0.03271908282181814 0.9994645874763642 -2.5239385402771795e-21
    outer loop
      vertex -75.42708034916903 73.72708034916903 3
      vertex -75.31589502947779 73.73072017966341 3
      vertex -75.31589502947779 73.73072017966341 0
    endloop
  endfacet
  facet normal -0.09801714032959864 0.9951847266721932 7.375412545214896e-20
    outer loop
      vertex -75.31589502947779 73.73072017966341 3
      vertex -75.20518582239494 73.74162408483356 3
      vertex -75.20518582239494 73.74162408483356 0
    endloop
  endfacet
  facet normal -0.16289547339450183 0.9866433320848933 -5.726490459600851e-19
    outer loop
      vertex -75.20518582239494 73.74162408483356 3
      vertex -75.09542680174161 73.75974537248354 3
      vertex -75.09542680174161 73.75974537248354 0
    endloop
  endfacet
  facet normal -0.2270762630344259 0.9738769792773214 1.7446323763098246e-19
    outer loop
      vertex -75.09542680174161 73.75974537248354 3
      vertex -74.98708797249475 73.78500644447762 3
      vertex -74.98708797249475 73.78500644447762 0
    endloop
  endfacet
  facet normal -0.29028467725439405 0.9569403357322296 4.491188868011154e-19
    outer loop
      vertex -74.98708797249475 73.78500644447762 3
      vertex -74.88063325815365 73.81729912902735 3
      vertex -74.88063325815365 73.81729912902735 0
    endloop
  endfacet
  facet normal -0.3522500479213013 0.9359059267573001 2.166961164621453e-19
    outer loop
      vertex -74.88063325815365 73.81729912902735 3
      vertex -74.77651851414838 73.85648514389985 3
      vertex -74.77651851414838 73.85648514389985 0
    endloop
  endfacet
  facet normal 0.9569403357322296 0.29028467725439405 -4.491188868011154e-19
    outer loop
      vertex -77.06915425386045 74.98708797249475 3
      vertex -77.03686156931072 74.88063325815365 3
      vertex -77.03686156931072 74.88063325815365 0
    endloop
  endfacet
  facet normal 0.9738769792773214 0.2270762630344259 0
    outer loop
      vertex -77.06915425386045 74.98708797249475 3
      vertex -77.06915425386045 74.98708797249475 0
      vertex -77.09441532585453 75.09542680174161 3
    endloop
  endfacet
  facet normal 0.9866433320848933 0.16289547339450183 0
    outer loop
      vertex -77.09441532585453 75.09542680174161 3
      vertex -77.09441532585453 75.09542680174161 0
      vertex -77.1125366135045 75.20518582239494 3
    endloop
  endfacet
  facet normal 0.9359059267573001 0.3522500479213013 0
    outer loop
      vertex -76.99767555443822 74.77651851414838 3
      vertex -76.99767555443822 74.77651851414838 0
      vertex -77.03686156931072 74.88063325815365 3
    endloop
  endfacet
  facet normal 0.9951847266721932 0.09801714032959864 0
    outer loop
      vertex -77.1125366135045 75.20518582239494 3
      vertex -77.1125366135045 75.20518582239494 0
      vertex -77.12344051867466 75.31589502947779 3
    endloop
  endfacet
  facet normal 0.9994645874763642 0.03271908282181814 0
    outer loop
      vertex -77.12344051867466 75.31589502947779 3
      vertex -77.12344051867466 75.31589502947779 0
      vertex -77.12708034916903 75.42708034916903 3
    endloop
  endfacet
  facet normal 0.9994645874763642 -0.03271908282181814 0
    outer loop
      vertex -77.12708034916903 75.42708034916903 3
      vertex -77.12708034916903 75.42708034916903 0
      vertex -77.12344051867466 75.53826566886028 3
    endloop
  endfacet
  facet normal 0.9951847266721932 -0.09801714032959864 0
    outer loop
      vertex -77.12344051867466 75.53826566886028 3
      vertex -77.12344051867466 75.53826566886028 0
      vertex -77.1125366135045 75.64897487594313 3
    endloop
  endfacet
  facet normal 0.9866433320848933 -0.16289547339450183 0
    outer loop
      vertex -77.1125366135045 75.64897487594313 3
      vertex -77.1125366135045 75.64897487594313 0
      vertex -77.09441532585453 75.75873389659645 3
    endloop
  endfacet
  facet normal 0.9738769792773214 -0.2270762630344259 0
    outer loop
      vertex -77.09441532585453 75.75873389659645 3
      vertex -77.09441532585453 75.75873389659645 0
      vertex -77.06915425386045 75.86707272584331 3
    endloop
  endfacet
  facet normal 0.9569403357322296 -0.29028467725439405 0
    outer loop
      vertex -77.06915425386045 75.86707272584331 3
      vertex -77.06915425386045 75.86707272584331 0
      vertex -77.03686156931072 75.97352744018441 3
    endloop
  endfacet
  facet normal 0.9359059267573001 -0.3522500479213013 0
    outer loop
      vertex -77.03686156931072 75.97352744018441 3
      vertex -77.03686156931072 75.97352744018441 0
      vertex -76.99767555443822 76.07764218418968 3
    endloop
  endfacet
  facet normal 0.9108638249211879 -0.41270702980436796 0
    outer loop
      vertex -76.99767555443822 76.07764218418968 3
      vertex -76.99767555443822 76.07764218418968 0
      vertex -76.9517640097746 76.17897112254133 3
    endloop
  endfacet
  facet normal 0.8819212643483348 -0.47139673682603533 0
    outer loop
      vertex -76.9517640097746 76.17897112254133 3
      vertex -76.9517640097746 76.17897112254133 0
      vertex -76.89932353560258 76.27708034916903 3
    endloop
  endfacet
  facet normal 0.8492021815266223 -0.5280678506502982 0
    outer loop
      vertex -76.89932353560258 76.27708034916903 3
      vertex -76.89932353560258 76.27708034916903 0
      vertex -76.84057869008336 76.37154974530236 3
    endloop
  endfacet
  facet normal 0.8128466845916357 -0.5824776968677736 0
    outer loop
      vertex -76.84057869008336 76.37154974530236 3
      vertex -76.84057869008336 76.37154974530236 0
      vertex -76.77578102766414 76.46197477848386 3
    endloop
  endfacet
  facet normal 0.7730104533626785 -0.6343932841637167 0
    outer loop
      vertex -76.77578102766414 76.46197477848386 3
      vertex -76.77578102766414 76.46197477848386 0
      vertex -76.7052080218833 76.54796823483915 3
    endloop
  endfacet
  facet normal 0.7298640726978513 -0.6835923020228546 0
    outer loop
      vertex -76.7052080218833 76.54796823483915 3
      vertex -76.7052080218833 76.54796823483915 0
      vertex -76.62916187718616 76.62916187718616 3
    endloop
  endfacet
  facet normal 0.6835923020228546 -0.7298640726978513 0
    outer loop
      vertex -76.62916187718616 76.62916187718616 3
      vertex -76.62916187718616 76.62916187718616 0
      vertex -76.54796823483915 76.7052080218833 3
    endloop
  endfacet
  facet normal 0.6343932841637167 -0.7730104533626785 0
    outer loop
      vertex -76.54796823483915 76.7052080218833 3
      vertex -76.54796823483915 76.7052080218833 0
      vertex -76.46197477848386 76.77578102766414 3
    endloop
  endfacet
  facet normal 0.5824776968677736 -0.8128466845916357 0
    outer loop
      vertex -76.46197477848386 76.77578102766414 3
      vertex -76.46197477848386 76.77578102766414 0
      vertex -76.37154974530236 76.84057869008336 3
    endloop
  endfacet
  facet normal 0.5280678506502982 -0.8492021815266223 0
    outer loop
      vertex -76.37154974530236 76.84057869008336 3
      vertex -76.37154974530236 76.84057869008336 0
      vertex -76.27708034916903 76.89932353560258 3
    endloop
  endfacet
  facet normal 0.47139673682603533 -0.8819212643483348 0
    outer loop
      vertex -76.27708034916903 76.89932353560258 3
      vertex -76.27708034916903 76.89932353560258 0
      vertex -76.17897112254133 76.9517640097746 3
    endloop
  endfacet
  facet normal 0.41270702980436796 -0.9108638249211879 0
    outer loop
      vertex -76.17897112254133 76.9517640097746 3
      vertex -76.17897112254133 76.9517640097746 0
      vertex -76.07764218418968 76.99767555443822 3
    endloop
  endfacet
  facet normal 0.3522500479213013 -0.9359059267573001 0
    outer loop
      vertex -76.07764218418968 76.99767555443822 3
      vertex -76.07764218418968 76.99767555443822 0
      vertex -75.97352744018441 77.03686156931072 3
    endloop
  endfacet
  facet normal 0.29028467725439405 -0.9569403357322296 0
    outer loop
      vertex -75.97352744018441 77.03686156931072 3
      vertex -75.97352744018441 77.03686156931072 0
      vertex -75.86707272584331 77.06915425386045 3
    endloop
  endfacet
  facet normal 0.2270762630344259 -0.9738769792773214 0
    outer loop
      vertex -75.86707272584331 77.06915425386045 3
      vertex -75.86707272584331 77.06915425386045 0
      vertex -75.75873389659645 77.09441532585453 3
    endloop
  endfacet
  facet normal 0.16289547339450183 -0.9866433320848933 0
    outer loop
      vertex -75.75873389659645 77.09441532585453 3
      vertex -75.75873389659645 77.09441532585453 0
      vertex -75.64897487594313 77.1125366135045 3
    endloop
  endfacet
  facet normal 0.09801714032959864 -0.9951847266721932 0
    outer loop
      vertex -75.64897487594313 77.1125366135045 3
      vertex -75.64897487594313 77.1125366135045 0
      vertex -75.53826566886028 77.12344051867466 3
    endloop
  endfacet
  facet normal 0.03271908282181814 -0.9994645874763642 0
    outer loop
      vertex -75.53826566886028 77.12344051867466 3
      vertex -75.53826566886028 77.12344051867466 0
      vertex -75.42708034916903 77.12708034916903 3
    endloop
  endfacet
  facet normal -0.03271908282181814 -0.9994645874763642 0
    outer loop
      vertex -75.42708034916903 77.12708034916903 3
      vertex -75.42708034916903 77.12708034916903 0
      vertex -75.31589502947779 77.12344051867466 3
    endloop
  endfacet
  facet normal -0.09801714032959864 -0.9951847266721932 0
    outer loop
      vertex -75.31589502947779 77.12344051867466 3
      vertex -75.31589502947779 77.12344051867466 0
      vertex -75.20518582239494 77.1125366135045 3
    endloop
  endfacet
  facet normal -0.16289547339450183 -0.9866433320848933 0
    outer loop
      vertex -75.20518582239494 77.1125366135045 3
      vertex -75.20518582239494 77.1125366135045 0
      vertex -75.09542680174161 77.09441532585453 3
    endloop
  endfacet
  facet normal -0.2270762630344259 -0.9738769792773214 0
    outer loop
      vertex -75.09542680174161 77.09441532585453 3
      vertex -75.09542680174161 77.09441532585453 0
      vertex -74.98708797249475 77.06915425386045 3
    endloop
  endfacet
  facet normal -0.29028467725439405 -0.9569403357322296 -4.491188868011154e-19
    outer loop
      vertex -74.88063325815365 77.03686156931072 3
      vertex -74.98708797249475 77.06915425386045 3
      vertex -74.98708797249475 77.06915425386045 0
    endloop
  endfacet
  facet normal -0.3522500479213013 -0.9359059267573001 0
    outer loop
      vertex -74.88063325815365 77.03686156931072 3
      vertex -74.88063325815365 77.03686156931072 0
      vertex -74.77651851414838 76.99767555443822 3
    endloop
  endfacet
  facet normal -0.41270702980436796 -0.9108638249211879 0
    outer loop
      vertex -74.77651851414838 76.99767555443822 3
      vertex -74.77651851414838 76.99767555443822 0
      vertex -74.67518957579674 76.9517640097746 3
    endloop
  endfacet
  facet normal -0.41270702980436796 0.9108638249211879 6.905569277105089e-19
    outer loop
      vertex -74.77651851414838 73.85648514389985 3
      vertex -74.67518957579674 73.90239668856346 3
      vertex -74.67518957579674 73.90239668856346 0
    endloop
  endfacet
  facet normal -0.47139673682603533 0.8819212643483348 -6.87205366885993e-19
    outer loop
      vertex -74.67518957579674 73.90239668856346 3
      vertex -74.57708034916904 73.95483716273549 3
      vertex -74.57708034916904 73.95483716273549 0
    endloop
  endfacet
  facet normal -0.5280678506502982 0.8492021815266223 1.2302484536244338e-18
    outer loop
      vertex -74.57708034916904 73.95483716273549 3
      vertex -74.4826109530357 74.0135820082547 3
      vertex -74.4826109530357 74.0135820082547 0
    endloop
  endfacet
  facet normal -0.5824776968677736 0.8128466845916357 -3.6931902391075436e-19
    outer loop
      vertex -74.4826109530357 74.0135820082547 3
      vertex -74.3921859198542 74.07837967067393 3
      vertex -74.3921859198542 74.07837967067393 0
    endloop
  endfacet
  facet normal -0.6343932841637167 0.7730104533626785 8.730397515535718e-19
    outer loop
      vertex -74.3921859198542 74.07837967067393 3
      vertex -74.30619246349892 74.14895267645477 3
      vertex -74.30619246349892 74.14895267645477 0
    endloop
  endfacet
  facet normal -0.6835923020228546 0.7298640726978513 8.126394868707978e-19
    outer loop
      vertex -74.30619246349892 74.14895267645477 3
      vertex -74.2249988211519 74.2249988211519 3
      vertex -74.2249988211519 74.2249988211519 0
    endloop
  endfacet
  facet normal -0.7298640726978513 0.6835923020228546 8.126394868707978e-19
    outer loop
      vertex -74.2249988211519 74.2249988211519 3
      vertex -74.14895267645477 74.30619246349892 3
      vertex -74.14895267645477 74.30619246349892 0
    endloop
  endfacet
  facet normal -0.7730104533626785 0.6343932841637167 8.730397515535718e-19
    outer loop
      vertex -74.14895267645477 74.30619246349892 3
      vertex -74.07837967067393 74.3921859198542 3
      vertex -74.07837967067393 74.3921859198542 0
    endloop
  endfacet
  facet normal -0.8128466845916357 0.5824776968677736 -3.6931902391075436e-19
    outer loop
      vertex -74.07837967067393 74.3921859198542 3
      vertex -74.0135820082547 74.4826109530357 3
      vertex -74.0135820082547 74.4826109530357 0
    endloop
  endfacet
  facet normal -0.8492021815266223 0.5280678506502982 1.2302484536244338e-18
    outer loop
      vertex -74.0135820082547 74.4826109530357 3
      vertex -73.95483716273549 74.57708034916904 3
      vertex -73.95483716273549 74.57708034916904 0
    endloop
  endfacet
  facet normal -0.8819212643483348 0.47139673682603533 -6.87205366885993e-19
    outer loop
      vertex -73.95483716273549 74.57708034916904 3
      vertex -73.90239668856346 74.67518957579674 3
      vertex -73.90239668856346 74.67518957579674 0
    endloop
  endfacet
  facet normal -0.9108638249211879 0.41270702980436796 6.905569277105089e-19
    outer loop
      vertex -73.90239668856346 74.67518957579674 3
      vertex -73.85648514389985 74.77651851414838 3
      vertex -73.85648514389985 74.77651851414838 0
    endloop
  endfacet
  facet normal -0.9108638249211879 -0.41270702980436796 0
    outer loop
      vertex -73.90239668856346 76.17897112254133 3
      vertex -73.90239668856346 76.17897112254133 0
      vertex -73.85648514389985 76.07764218418968 3
    endloop
  endfacet
  facet normal -0.8819212643483348 -0.47139673682603533 6.87205366885993e-19
    outer loop
      vertex -73.90239668856346 76.17897112254133 3
      vertex -73.95483716273549 76.27708034916903 3
      vertex -73.95483716273549 76.27708034916903 0
    endloop
  endfacet
  facet normal -0.8492021815266223 -0.5280678506502982 -1.2302484536244338e-18
    outer loop
      vertex -73.95483716273549 76.27708034916903 3
      vertex -74.0135820082547 76.37154974530236 3
      vertex -74.0135820082547 76.37154974530236 0
    endloop
  endfacet
  facet normal -0.9359059267573001 0.3522500479213013 2.166961164621453e-19
    outer loop
      vertex -73.85648514389985 74.77651851414838 3
      vertex -73.81729912902735 74.88063325815365 3
      vertex -73.81729912902735 74.88063325815365 0
    endloop
  endfacet
  facet normal -0.9569403357322296 0.29028467725439405 4.491188868011154e-19
    outer loop
      vertex -73.81729912902735 74.88063325815365 3
      vertex -73.78500644447762 74.98708797249475 3
      vertex -73.78500644447762 74.98708797249475 0
    endloop
  endfacet
  facet normal -0.9738769792773214 0.2270762630344259 1.7446323763098246e-19
    outer loop
      vertex -73.78500644447762 74.98708797249475 3
      vertex -73.75974537248354 75.09542680174161 3
      vertex -73.75974537248354 75.09542680174161 0
    endloop
  endfacet
  facet normal -0.9866433320848933 0.16289547339450183 -5.726490459600851e-19
    outer loop
      vertex -73.75974537248354 75.09542680174161 3
      vertex -73.74162408483356 75.20518582239494 3
      vertex -73.74162408483356 75.20518582239494 0
    endloop
  endfacet
  facet normal -0.9951847266721932 0.09801714032959864 7.375412545214896e-20
    outer loop
      vertex -73.74162408483356 75.20518582239494 3
      vertex -73.73072017966341 75.31589502947779 3
      vertex -73.73072017966341 75.31589502947779 0
    endloop
  endfacet
  facet normal -0.9994645874763642 0.03271908282181814 -2.5239385402771795e-21
    outer loop
      vertex -73.73072017966341 75.31589502947779 3
      vertex -73.72708034916903 75.42708034916903 3
      vertex -73.72708034916903 75.42708034916903 0
    endloop
  endfacet
  facet normal -0.9994645874763642 -0.03271908282181814 2.5239385402771795e-21
    outer loop
      vertex -73.72708034916903 75.42708034916903 3
      vertex -73.73072017966341 75.53826566886028 3
      vertex -73.73072017966341 75.53826566886028 0
    endloop
  endfacet
  facet normal -0.9951847266721932 -0.09801714032959864 -7.375412545214896e-20
    outer loop
      vertex -73.73072017966341 75.53826566886028 3
      vertex -73.74162408483356 75.64897487594313 3
      vertex -73.74162408483356 75.64897487594313 0
    endloop
  endfacet
  facet normal -0.9866433320848933 -0.16289547339450183 5.726490459600851e-19
    outer loop
      vertex -73.74162408483356 75.64897487594313 3
      vertex -73.75974537248354 75.75873389659645 3
      vertex -73.75974537248354 75.75873389659645 0
    endloop
  endfacet
  facet normal -0.9738769792773214 -0.2270762630344259 -1.7446323763098246e-19
    outer loop
      vertex -73.75974537248354 75.75873389659645 3
      vertex -73.78500644447762 75.86707272584331 3
      vertex -73.78500644447762 75.86707272584331 0
    endloop
  endfacet
  facet normal -0.9569403357322296 -0.29028467725439405 -4.491188868011154e-19
    outer loop
      vertex -73.78500644447762 75.86707272584331 3
      vertex -73.81729912902735 75.97352744018441 3
      vertex -73.81729912902735 75.97352744018441 0
    endloop
  endfacet
  facet normal -0.9359059267573001 -0.3522500479213013 -2.166961164621453e-19
    outer loop
      vertex -73.81729912902735 75.97352744018441 3
      vertex -73.85648514389985 76.07764218418968 3
      vertex -73.85648514389985 76.07764218418968 0
    endloop
  endfacet
  facet normal -0.5824776968677736 -0.8128466845916357 3.6931902391075436e-19
    outer loop
      vertex -74.3921859198542 76.77578102766414 3
      vertex -74.4826109530357 76.84057869008336 3
      vertex -74.4826109530357 76.84057869008336 0
    endloop
  endfacet
  facet normal -0.6343932841637167 -0.7730104533626785 0
    outer loop
      vertex -74.3921859198542 76.77578102766414 3
      vertex -74.3921859198542 76.77578102766414 0
      vertex -74.30619246349892 76.7052080218833 3
    endloop
  endfacet
  facet normal -0.47139673682603533 -0.8819212643483348 6.87205366885993e-19
    outer loop
      vertex -74.57708034916904 76.89932353560258 3
      vertex -74.67518957579674 76.9517640097746 3
      vertex -74.67518957579674 76.9517640097746 0
    endloop
  endfacet
  facet normal -0.5280678506502982 -0.8492021815266223 0
    outer loop
      vertex -74.57708034916904 76.89932353560258 3
      vertex -74.57708034916904 76.89932353560258 0
      vertex -74.4826109530357 76.84057869008336 3
    endloop
  endfacet
  facet normal -0.7298640726978513 -0.6835923020228546 -8.126394868707978e-19
    outer loop
      vertex -74.14895267645477 76.54796823483915 3
      vertex -74.2249988211519 76.62916187718616 3
      vertex -74.2249988211519 76.62916187718616 0
    endloop
  endfacet
  facet normal -0.7730104533626785 -0.6343932841637167 0
    outer loop
      vertex -74.14895267645477 76.54796823483915 3
      vertex -74.14895267645477 76.54796823483915 0
      vertex -74.07837967067393 76.46197477848386 3
    endloop
  endfacet
  facet normal -0.6835923020228546 -0.7298640726978513 0
    outer loop
      vertex -74.30619246349892 76.7052080218833 3
      vertex -74.30619246349892 76.7052080218833 0
      vertex -74.2249988211519 76.62916187718616 3
    endloop
  endfacet
  facet normal -0.8128466845916357 -0.5824776968677736 3.6931902391075436e-19
    outer loop
      vertex -74.0135820082547 76.37154974530236 3
      vertex -74.07837967067393 76.46197477848386 3
      vertex -74.07837967067393 76.46197477848386 0
    endloop
  endfacet
  facet normal 0 0 -1
    outer loop
      vertex -76.84057869008336 74.4826109530357 3
      vertex -76.89932353560258 74.57708034916904 3
      vertex -76.89932353560258 76.27708034916903 3
    endloop
  endfacet
  facet normal 0 0 -1
    outer loop
      vertex -77.09441532585453 75.09542680174161 3
      vertex -77.1125366135045 75.20518582239494 3
      vertex -77.1125366135045 75.64897487594313 3
    endloop
  endfacet
  facet normal 0 0 -1
    outer loop
      vertex -77.06915425386045 74.98708797249475 3
      vertex -77.09441532585453 75.09542680174161 3
      vertex -77.09441532585453 75.75873389659645 3
    endloop
  endfacet
  facet normal 0 0 -1
    outer loop
      vertex -77.06915425386045 74.98708797249475 3
      vertex -77.06915425386045 75.86707272584331 3
      vertex -77.03686156931072 74.88063325815365 3
    endloop
  endfacet
  facet normal 0 0 -1
    outer loop
      vertex -77.1125366135045 75.20518582239494 3
      vertex -77.12344051867466 75.31589502947779 3
      vertex -77.12344051867466 75.53826566886028 3
    endloop
  endfacet
  facet normal 0 0 -1
    outer loop
      vertex -77.12344051867466 75.31589502947779 3
      vertex -77.12708034916903 75.42708034916903 3
      vertex -77.12344051867466 75.53826566886028 3
    endloop
  endfacet
  facet normal 0 0 -1
    outer loop
      vertex -77.1125366135045 75.20518582239494 3
      vertex -77.12344051867466 75.53826566886028 3
      vertex -77.1125366135045 75.64897487594313 3
    endloop
  endfacet
  facet normal 0 0 -1
    outer loop
      vertex -77.09441532585453 75.09542680174161 3
      vertex -77.1125366135045 75.64897487594313 3
      vertex -77.09441532585453 75.75873389659645 3
    endloop
  endfacet
  facet normal 0 0 -1
    outer loop
      vertex -77.06915425386045 74.98708797249475 3
      vertex -77.09441532585453 75.75873389659645 3
      vertex -77.06915425386045 75.86707272584331 3
    endloop
  endfacet
  facet normal 0 0 -1
    outer loop
      vertex -76.99767555443822 74.77651851414838 3
      vertex -77.03686156931072 74.88063325815365 3
      vertex -77.03686156931072 75.97352744018441 3
    endloop
  endfacet
  facet normal 0 0 -1
    outer loop
      vertex -76.9517640097746 74.67518957579674 3
      vertex -76.99767555443822 74.77651851414838 3
      vertex -76.99767555443822 76.07764218418968 3
    endloop
  endfacet
  facet normal 0 0 -1
    outer loop
      vertex -76.9517640097746 74.67518957579674 3
      vertex -76.9517640097746 76.17897112254133 3
      vertex -76.89932353560258 74.57708034916904 3
    endloop
  endfacet
  facet normal 0 0 -1
    outer loop
      vertex -76.84057869008336 74.4826109530357 3
      vertex -76.84057869008336 76.37154974530236 3
      vertex -76.77578102766414 74.3921859198542 3
    endloop
  endfacet
  facet normal 0 0 -1
    outer loop
      vertex -76.7052080218833 74.30619246349892 3
      vertex -76.77578102766414 74.3921859198542 3
      vertex -76.77578102766414 76.46197477848386 3
    endloop
  endfacet
  facet normal 0 0 -1
    outer loop
      vertex -76.62916187718616 74.2249988211519 3
      vertex -76.7052080218833 74.30619246349892 3
      vertex -76.7052080218833 76.54796823483915 3
    endloop
  endfacet
  facet normal 0 0 -1
    outer loop
      vertex -76.62916187718616 74.2249988211519 3
      vertex -76.62916187718616 76.62916187718616 3
      vertex -76.54796823483915 74.14895267645477 3
    endloop
  endfacet
  facet normal 0 0 -1
    outer loop
      vertex -76.46197477848386 74.07837967067393 3
      vertex -76.54796823483915 74.14895267645477 3
      vertex -76.54796823483915 76.7052080218833 3
    endloop
  endfacet
  facet normal 0 0 -1
    outer loop
      vertex -76.46197477848386 74.07837967067393 3
      vertex -76.46197477848386 76.77578102766414 3
      vertex -76.37154974530236 74.0135820082547 3
    endloop
  endfacet
  facet normal 0 0 -1
    outer loop
      vertex -77.06915425386045 75.86707272584331 3
      vertex -77.03686156931072 75.97352744018441 3
      vertex -77.03686156931072 74.88063325815365 3
    endloop
  endfacet
  facet normal 0 0 -1
    outer loop
      vertex -76.99767555443822 74.77651851414838 3
      vertex -77.03686156931072 75.97352744018441 3
      vertex -76.99767555443822 76.07764218418968 3
    endloop
  endfacet
  facet normal 0 0 -1
    outer loop
      vertex -76.9517640097746 74.67518957579674 3
      vertex -76.99767555443822 76.07764218418968 3
      vertex -76.9517640097746 76.17897112254133 3
    endloop
  endfacet
  facet normal 0 0 -1
    outer loop
      vertex -76.89932353560258 74.57708034916904 3
      vertex -76.9517640097746 76.17897112254133 3
      vertex -76.89932353560258 76.27708034916903 3
    endloop
  endfacet
  facet normal 0 0 -1
    outer loop
      vertex -76.84057869008336 74.4826109530357 3
      vertex -76.89932353560258 76.27708034916903 3
      vertex -76.84057869008336 76.37154974530236 3
    endloop
  endfacet
  facet normal 0 0 -1
    outer loop
      vertex -76.77578102766414 74.3921859198542 3
      vertex -76.84057869008336 76.37154974530236 3
      vertex -76.77578102766414 76.46197477848386 3
    endloop
  endfacet
  facet normal 0 0 -1
    outer loop
      vertex -76.7052080218833 74.30619246349892 3
      vertex -76.77578102766414 76.46197477848386 3
      vertex -76.7052080218833 76.54796823483915 3
    endloop
  endfacet
  facet normal 0 0 -1
    outer loop
      vertex -76.62916187718616 74.2249988211519 3
      vertex -76.7052080218833 76.54796823483915 3
      vertex -76.62916187718616 76.62916187718616 3
    endloop
  endfacet
  facet normal 0 0 -1
    outer loop
      vertex -76.54796823483915 74.14895267645477 3
      vertex -76.62916187718616 76.62916187718616 3
      vertex -76.54796823483915 76.7052080218833 3
    endloop
  endfacet
  facet normal 0 0 -1
    outer loop
      vertex -76.46197477848386 74.07837967067393 3
      vertex -76.54796823483915 76.7052080218833 3
      vertex -76.46197477848386 76.77578102766414 3
    endloop
  endfacet
  facet normal 0 0 -1
    outer loop
      vertex -76.27708034916903 73.95483716273549 3
      vertex -76.27708034916903 76.89932353560258 3
      vertex -76.17897112254133 73.90239668856346 3
    endloop
  endfacet
  facet normal 0 0 -1
    outer loop
      vertex -76.37154974530236 74.0135820082547 3
      vertex -76.37154974530236 76.84057869008336 3
      vertex -76.27708034916903 73.95483716273549 3
    endloop
  endfacet
  facet normal 0 0 -1
    outer loop
      vertex -76.07764218418968 73.85648514389985 3
      vertex -76.17897112254133 73.90239668856346 3
      vertex -76.17897112254133 76.9517640097746 3
    endloop
  endfacet
  facet normal 0 0 -1
    outer loop
      vertex -76.07764218418968 73.85648514389985 3
      vertex -76.07764218418968 76.99767555443822 3
      vertex -75.97352744018441 73.81729912902735 3
    endloop
  endfacet
  facet normal 0 0 -1
    outer loop
      vertex -75.97352744018441 73.81729912902735 3
      vertex -75.97352744018441 77.03686156931072 3
      vertex -75.86707272584331 73.78500644447762 3
    endloop
  endfacet
  facet normal 0 0 -1
    outer loop
      vertex -75.86707272584331 73.78500644447762 3
      vertex -75.86707272584331 77.06915425386045 3
      vertex -75.75873389659645 73.75974537248354 3
    endloop
  endfacet
  facet normal 0 0 -1
    outer loop
      vertex -75.75873389659645 73.75974537248354 3
      vertex -75.75873389659645 77.09441532585453 3
      vertex -75.64897487594313 73.74162408483356 3
    endloop
  endfacet
  facet normal 0 0 -1
    outer loop
      vertex -75.64897487594313 73.74162408483356 3
      vertex -75.64897487594313 77.1125366135045 3
      vertex -75.53826566886028 73.73072017966341 3
    endloop
  endfacet
  facet normal 0 0 -1
    outer loop
      vertex -76.37154974530236 74.0135820082547 3
      vertex -76.46197477848386 76.77578102766414 3
      vertex -76.37154974530236 76.84057869008336 3
    endloop
  endfacet
  facet normal 0 0 -1
    outer loop
      vertex -76.27708034916903 73.95483716273549 3
      vertex -76.37154974530236 76.84057869008336 3
      vertex -76.27708034916903 76.89932353560258 3
    endloop
  endfacet
  facet normal 0 0 -1
    outer loop
      vertex -76.17897112254133 73.90239668856346 3
      vertex -76.27708034916903 76.89932353560258 3
      vertex -76.17897112254133 76.9517640097746 3
    endloop
  endfacet
  facet normal 0 0 -1
    outer loop
      vertex -76.07764218418968 73.85648514389985 3
      vertex -76.17897112254133 76.9517640097746 3
      vertex -76.07764218418968 76.99767555443822 3
    endloop
  endfacet
  facet normal 0 0 -1
    outer loop
      vertex -75.97352744018441 73.81729912902735 3
      vertex -76.07764218418968 76.99767555443822 3
      vertex -75.97352744018441 77.03686156931072 3
    endloop
  endfacet
  facet normal 0 0 -1
    outer loop
      vertex -75.86707272584331 73.78500644447762 3
      vertex -75.97352744018441 77.03686156931072 3
      vertex -75.86707272584331 77.06915425386045 3
    endloop
  endfacet
  facet normal 0 0 -1
    outer loop
      vertex -75.75873389659645 73.75974537248354 3
      vertex -75.86707272584331 77.06915425386045 3
      vertex -75.75873389659645 77.09441532585453 3
    endloop
  endfacet
  facet normal 0 0 -1
    outer loop
      vertex -75.64897487594313 73.74162408483356 3
      vertex -75.75873389659645 77.09441532585453 3
      vertex -75.64897487594313 77.1125366135045 3
    endloop
  endfacet
  facet normal 0 0 -1
    outer loop
      vertex -75.53826566886028 73.73072017966341 3
      vertex -75.64897487594313 77.1125366135045 3
      vertex -75.53826566886028 77.12344051867466 3
    endloop
  endfacet
  facet normal 0 0 -1
    outer loop
      vertex -75.53826566886028 73.73072017966341 3
      vertex -75.53826566886028 77.12344051867466 3
      vertex -75.42708034916903 73.72708034916903 3
    endloop
  endfacet
  facet normal 0 0 -1
    outer loop
      vertex -75.42708034916903 73.72708034916903 3
      vertex -75.42708034916903 77.12708034916903 3
      vertex -75.31589502947779 73.73072017966341 3
    endloop
  endfacet
  facet normal 0 0 -1
    outer loop
      vertex -75.31589502947779 73.73072017966341 3
      vertex -75.31589502947779 77.12344051867466 3
      vertex -75.20518582239494 73.74162408483356 3
    endloop
  endfacet
  facet normal 0 0 -1
    outer loop
      vertex -75.20518582239494 73.74162408483356 3
      vertex -75.20518582239494 77.1125366135045 3
      vertex -75.09542680174161 73.75974537248354 3
    endloop
  endfacet
  facet normal 0 0 -1
    outer loop
      vertex -75.09542680174161 73.75974537248354 3
      vertex -75.09542680174161 77.09441532585453 3
      vertex -74.98708797249475 73.78500644447762 3
    endloop
  endfacet
  facet normal 0 0 -1
    outer loop
      vertex -74.98708797249475 73.78500644447762 3
      vertex -74.98708797249475 77.06915425386045 3
      vertex -74.88063325815365 73.81729912902735 3
    endloop
  endfacet
  facet normal 0 0 -1
    outer loop
      vertex -74.88063325815365 73.81729912902735 3
      vertex -74.88063325815365 77.03686156931072 3
      vertex -74.77651851414838 73.85648514389985 3
    endloop
  endfacet
  facet normal 0 0 -1
    outer loop
      vertex -74.77651851414838 73.85648514389985 3
      vertex -74.77651851414838 76.99767555443822 3
      vertex -74.67518957579674 73.90239668856346 3
    endloop
  endfacet
  facet normal 0 0 -1
    outer loop
      vertex -75.42708034916903 73.72708034916903 3
      vertex -75.53826566886028 77.12344051867466 3
      vertex -75.42708034916903 77.12708034916903 3
    endloop
  endfacet
  facet normal 0 0 -1
    outer loop
      vertex -75.31589502947779 73.73072017966341 3
      vertex -75.42708034916903 77.12708034916903 3
      vertex -75.31589502947779 77.12344051867466 3
    endloop
  endfacet
  facet normal 0 0 -1
    outer loop
      vertex -75.20518582239494 73.74162408483356 3
      vertex -75.31589502947779 77.12344051867466 3
      vertex -75.20518582239494 77.1125366135045 3
    endloop
  endfacet
  facet normal 0 0 -1
    outer loop
      vertex -74.98708797249475 73.78500644447762 3
      vertex -75.09542680174161 77.09441532585453 3
      vertex -74.98708797249475 77.06915425386045 3
    endloop
  endfacet
  facet normal 0 0 -1
    outer loop
      vertex -74.88063325815365 73.81729912902735 3
      vertex -74.98708797249475 77.06915425386045 3
      vertex -74.88063325815365 77.03686156931072 3
    endloop
  endfacet
  facet normal 0 0 -1
    outer loop
      vertex -74.77651851414838 73.85648514389985 3
      vertex -74.88063325815365 77.03686156931072 3
      vertex -74.77651851414838 76.99767555443822 3
    endloop
  endfacet
  facet normal 0 0 -1
    outer loop
      vertex -75.09542680174161 73.75974537248354 3
      vertex -75.20518582239494 77.1125366135045 3
      vertex -75.09542680174161 77.09441532585453 3
    endloop
  endfacet
  facet normal 0 0 -1
    outer loop
      vertex -74.67518957579674 73.90239668856346 3
      vertex -74.67518957579674 76.9517640097746 3
      vertex -74.57708034916904 73.95483716273549 3
    endloop
  endfacet
  facet normal 0 0 -1
    outer loop
      vertex -74.57708034916904 73.95483716273549 3
      vertex -74.57708034916904 76.89932353560258 3
      vertex -74.4826109530357 74.0135820082547 3
    endloop
  endfacet
  facet normal 0 0 -1
    outer loop
      vertex -74.4826109530357 74.0135820082547 3
      vertex -74.4826109530357 76.84057869008336 3
      vertex -74.3921859198542 74.07837967067393 3
    endloop
  endfacet
  facet normal 0 0 -1
    outer loop
      vertex -74.3921859198542 74.07837967067393 3
      vertex -74.3921859198542 76.77578102766414 3
      vertex -74.30619246349892 74.14895267645477 3
    endloop
  endfacet
  facet normal 0 0 -1
    outer loop
      vertex -74.30619246349892 74.14895267645477 3
      vertex -74.30619246349892 76.7052080218833 3
      vertex -74.2249988211519 74.2249988211519 3
    endloop
  endfacet
  facet normal 0 0 -1
    outer loop
      vertex -74.2249988211519 74.2249988211519 3
      vertex -74.2249988211519 76.62916187718616 3
      vertex -74.14895267645477 74.30619246349892 3
    endloop
  endfacet
  facet normal 0 0 -1
    outer loop
      vertex -74.14895267645477 74.30619246349892 3
      vertex -74.14895267645477 76.54796823483915 3
      vertex -74.07837967067393 74.3921859198542 3
    endloop
  endfacet
  facet normal 0 0 -1
    outer loop
      vertex -74.07837967067393 74.3921859198542 3
      vertex -74.07837967067393 76.46197477848386 3
      vertex -74.0135820082547 74.4826109530357 3
    endloop
  endfacet
  facet normal 0 0 -1
    outer loop
      vertex -74.0135820082547 74.4826109530357 3
      vertex -74.0135820082547 76.37154974530236 3
      vertex -73.95483716273549 74.57708034916904 3
    endloop
  endfacet
  facet normal 0 0 -1
    outer loop
      vertex -73.95483716273549 74.57708034916904 3
      vertex -73.95483716273549 76.27708034916903 3
      vertex -73.90239668856346 74.67518957579674 3
    endloop
  endfacet
  facet normal 0 0 -1
    outer loop
      vertex -73.90239668856346 74.67518957579674 3
      vertex -73.90239668856346 76.17897112254133 3
      vertex -73.85648514389985 74.77651851414838 3
    endloop
  endfacet
  facet normal 0 0 -1
    outer loop
      vertex -74.67518957579674 73.90239668856346 3
      vertex -74.77651851414838 76.99767555443822 3
      vertex -74.67518957579674 76.9517640097746 3
    endloop
  endfacet
  facet normal 0 0 -1
    outer loop
      vertex -74.57708034916904 73.95483716273549 3
      vertex -74.67518957579674 76.9517640097746 3
      vertex -74.57708034916904 76.89932353560258 3
    endloop
  endfacet
  facet normal 0 0 -1
    outer loop
      vertex -74.57708034916904 76.89932353560258 3
      vertex -74.4826109530357 76.84057869008336 3
      vertex -74.4826109530357 74.0135820082547 3
    endloop
  endfacet
  facet normal 0 0 -1
    outer loop
      vertex -74.3921859198542 74.07837967067393 3
      vertex -74.4826109530357 76.84057869008336 3
      vertex -74.3921859198542 76.77578102766414 3
    endloop
  endfacet
  facet normal 0 0 -1
    outer loop
      vertex -74.30619246349892 74.14895267645477 3
      vertex -74.3921859198542 76.77578102766414 3
      vertex -74.30619246349892 76.7052080218833 3
    endloop
  endfacet
  facet normal 0 0 -1
    outer loop
      vertex -74.14895267645477 74.30619246349892 3
      vertex -74.2249988211519 76.62916187718616 3
      vertex -74.14895267645477 76.54796823483915 3
    endloop
  endfacet
  facet normal 0 0 -1
    outer loop
      vertex -74.2249988211519 74.2249988211519 3
      vertex -74.30619246349892 76.7052080218833 3
      vertex -74.2249988211519 76.62916187718616 3
    endloop
  endfacet
  facet normal 0 0 -1
    outer loop
      vertex -74.07837967067393 74.3921859198542 3
      vertex -74.14895267645477 76.54796823483915 3
      vertex -74.07837967067393 76.46197477848386 3
    endloop
  endfacet
  facet normal 0 0 -1
    outer loop
      vertex -73.95483716273549 74.57708034916904 3
      vertex -74.0135820082547 76.37154974530236 3
      vertex -73.95483716273549 76.27708034916903 3
    endloop
  endfacet
  facet normal 0 0 -1
    outer loop
      vertex -73.90239668856346 74.67518957579674 3
      vertex -73.95483716273549 76.27708034916903 3
      vertex -73.90239668856346 76.17897112254133 3
    endloop
  endfacet
  facet normal 0 0 -1
    outer loop
      vertex -73.85648514389985 74.77651851414838 3
      vertex -73.90239668856346 76.17897112254133 3
      vertex -73.85648514389985 76.07764218418968 3
    endloop
  endfacet
  facet normal 0 0 -1
    outer loop
      vertex -74.0135820082547 74.4826109530357 3
      vertex -74.07837967067393 76.46197477848386 3
      vertex -74.0135820082547 76.37154974530236 3
    endloop
  endfacet
  facet normal 0 0 -1
    outer loop
      vertex -73.85648514389985 74.77651851414838 3
      vertex -73.85648514389985 76.07764218418968 3
      vertex -73.81729912902735 74.88063325815365 3
    endloop
  endfacet
  facet normal 0 0 -1
    outer loop
      vertex -73.81729912902735 74.88063325815365 3
      vertex -73.81729912902735 75.97352744018441 3
      vertex -73.78500644447762 74.98708797249475 3
    endloop
  endfacet
  facet normal 0 0 -1
    outer loop
      vertex -73.78500644447762 74.98708797249475 3
      vertex -73.78500644447762 75.86707272584331 3
      vertex -73.75974537248354 75.09542680174161 3
    endloop
  endfacet
  facet normal 0 0 -1
    outer loop
      vertex -73.75974537248354 75.09542680174161 3
      vertex -73.75974537248354 75.75873389659645 3
      vertex -73.74162408483356 75.20518582239494 3
    endloop
  endfacet
  facet normal 0 0 -1
    outer loop
      vertex -73.74162408483356 75.20518582239494 3
      vertex -73.74162408483356 75.64897487594313 3
      vertex -73.73072017966341 75.31589502947779 3
    endloop
  endfacet
  facet normal 0 0 -1
    outer loop
      vertex -73.73072017966341 75.31589502947779 3
      vertex -73.73072017966341 75.53826566886028 3
      vertex -73.72708034916903 75.42708034916903 3
    endloop
  endfacet
  facet normal 0 0 -1
    outer loop
      vertex -73.73072017966341 75.31589502947779 3
      vertex -73.74162408483356 75.64897487594313 3
      vertex -73.73072017966341 75.53826566886028 3
    endloop
  endfacet
  facet normal 0 0 -1
    outer loop
      vertex -73.74162408483356 75.20518582239494 3
      vertex -73.75974537248354 75.75873389659645 3
      vertex -73.74162408483356 75.64897487594313 3
    endloop
  endfacet
  facet normal 0 0 -1
    outer loop
      vertex -73.78500644447762 74.98708797249475 3
      vertex -73.81729912902735 75.97352744018441 3
      vertex -73.78500644447762 75.86707272584331 3
    endloop
  endfacet
  facet normal 0 0 -1
    outer loop
      vertex -73.75974537248354 75.09542680174161 3
      vertex -73.78500644447762 75.86707272584331 3
      vertex -73.75974537248354 75.75873389659645 3
    endloop
  endfacet
  facet normal 0 0 -1
    outer loop
      vertex -73.81729912902735 74.88063325815365 3
      vertex -73.85648514389985 76.07764218418968 3
      vertex -73.81729912902735 75.97352744018441 3
    endloop
  endfacet
  facet normal 0.8128466845916289 0.5824776968677832 0
    outer loop
      vertex -108.08349834091433 -0.9444693961333237 3
      vertex -108.01870067849511 -1.034894429314825 0
      vertex -108.08349834091433 -0.9444693961333237 0
    endloop
  endfacet
  facet normal 0.8492021815265958 0.5280678506503407 0
    outer loop
      vertex -108.14224318643355 -0.85 3
      vertex -108.08349834091433 -0.9444693961333237 0
      vertex -108.14224318643355 -0.85 0
    endloop
  endfacet
  facet normal 0.7730104533627122 0.6343932841636755 0
    outer loop
      vertex -108.01870067849511 -1.034894429314825 3
      vertex -107.94812767271426 -1.120887885670117 0
      vertex -108.01870067849511 -1.034894429314825 0
    endloop
  endfacet
  facet normal 0.7298640726978373 0.6835923020228695 0
    outer loop
      vertex -107.94812767271426 -1.120887885670117 3
      vertex -107.87208152801713 -1.2020815280171309 0
      vertex -107.94812767271426 -1.120887885670117 0
    endloop
  endfacet
  facet normal 0.6835923020228556 0.7298640726978504 0
    outer loop
      vertex -107.87208152801713 -1.2020815280171309 3
      vertex -107.79088788567012 -1.2781276727142616 0
      vertex -107.87208152801713 -1.2020815280171309 0
    endloop
  endfacet
  facet normal 0.9359059267573061 0.35225004792128556 0
    outer loop
      vertex -108.27978122014169 -0.5464470910153747 3
      vertex -108.24059520526919 -0.6505618350206526 0
      vertex -108.27978122014169 -0.5464470910153747 0
    endloop
  endfacet
  facet normal 0.9569403357322234 0.2902846772544146 0
    outer loop
      vertex -108.31207390469142 -0.43999237667428526 3
      vertex -108.27978122014169 -0.5464470910153747 0
      vertex -108.31207390469142 -0.43999237667428526 0
    endloop
  endfacet
  facet normal 0.9738769792773242 0.22707626303441397 0
    outer loop
      vertex -108.3373349766855 -0.33165354742741804 3
      vertex -108.31207390469142 -0.43999237667428526 0
      vertex -108.3373349766855 -0.33165354742741804 0
    endloop
  endfacet
  facet normal 0.9866433320848937 0.16289547339449886 0
    outer loop
      vertex -108.35545626433547 -0.22189452677408766 3
      vertex -108.3373349766855 -0.33165354742741804 0
      vertex -108.35545626433547 -0.22189452677408766 0
    endloop
  endfacet
  facet normal 0.9951847266721928 0.09801714032960228 0
    outer loop
      vertex -108.36636016950563 -0.1111853196912432 3
      vertex -108.35545626433547 -0.22189452677408766 0
      vertex -108.36636016950563 -0.1111853196912432 0
    endloop
  endfacet
  facet normal 0.9994645874763642 0.03271908282181864 0
    outer loop
      vertex -108.37 0 3
      vertex -108.36636016950563 -0.1111853196912432 0
      vertex -108.37 0 0
    endloop
  endfacet
  facet normal 0.881921264348333 0.4713967368260391 0
    outer loop
      vertex -108.19468366060558 -0.7518907733723021 3
      vertex -108.14224318643355 -0.85 0
      vertex -108.19468366060558 -0.7518907733723021 0
    endloop
  endfacet
  facet normal 0.9108638249211992 0.41270702980434326 0
    outer loop
      vertex -108.24059520526919 -0.6505618350206526 3
      vertex -108.19468366060558 -0.7518907733723021 0
      vertex -108.24059520526919 -0.6505618350206526 0
    endloop
  endfacet
  facet normal 0.6343932841636857 0.7730104533627039 0
    outer loop
      vertex -107.79088788567012 -1.2781276727142616 3
      vertex -107.70489442931483 -1.3487006784950997 0
      vertex -107.79088788567012 -1.2781276727142616 0
    endloop
  endfacet
  facet normal 0.5824776968677934 0.8128466845916215 0
    outer loop
      vertex -107.70489442931483 -1.3487006784950997 3
      vertex -107.61446939613333 -1.413498340914327 0
      vertex -107.70489442931483 -1.3487006784950997 0
    endloop
  endfacet
  facet normal 0.4713967368259934 0.8819212643483573 0
    outer loop
      vertex -107.52 -1.4722431864335457 3
      vertex -107.4218907733723 -1.52468366060557 0
      vertex -107.52 -1.4722431864335457 0
    endloop
  endfacet
  facet normal 0.5280678506503256 0.8492021815266053 0
    outer loop
      vertex -107.61446939613333 -1.413498340914327 3
      vertex -107.52 -1.4722431864335457 0
      vertex -107.61446939613333 -1.413498340914327 0
    endloop
  endfacet
  facet normal 0.41270702980441937 0.9108638249211647 0
    outer loop
      vertex -107.4218907733723 -1.52468366060557 3
      vertex -107.32056183502065 -1.5705952052691874 0
      vertex -107.4218907733723 -1.52468366060557 0
    endloop
  endfacet
  facet normal 0.35225004792125064 0.9359059267573193 0
    outer loop
      vertex -107.32056183502065 -1.5705952052691874 3
      vertex -107.21644709101538 -1.6097812201416797 0
      vertex -107.32056183502065 -1.5705952052691874 0
    endloop
  endfacet
  facet normal 0.29028467725444157 0.9569403357322152 0
    outer loop
      vertex -107.21644709101538 -1.6097812201416797 3
      vertex -107.10999237667428 -1.6420739046914161 0
      vertex -107.21644709101538 -1.6097812201416797 0
    endloop
  endfacet
  facet normal 0.22707626303438427 0.9738769792773312 0
    outer loop
      vertex -107.10999237667428 -1.6420739046914161 3
      vertex -107.00165354742742 -1.6673349766854917 0
      vertex -107.10999237667428 -1.6420739046914161 0
    endloop
  endfacet
  facet normal -0.03271908282177627 0.9994645874763656 0
    outer loop
      vertex -106.67 -1.7 3
      vertex -106.55881468030876 -1.6963601695056258 0
      vertex -106.67 -1.7 0
    endloop
  endfacet
  facet normal 0.16289547339459123 0.9866433320848785 0
    outer loop
      vertex -107.00165354742742 -1.6673349766854917 3
      vertex -106.8918945267741 -1.6854562643354776 0
      vertex -107.00165354742742 -1.6673349766854917 0
    endloop
  endfacet
  facet normal 0.09801714032955713 0.9951847266721973 0
    outer loop
      vertex -106.8918945267741 -1.6854562643354776 3
      vertex -106.78118531969125 -1.6963601695056258 0
      vertex -106.8918945267741 -1.6854562643354776 0
    endloop
  endfacet
  facet normal 0.03271908282177627 0.9994645874763656 0
    outer loop
      vertex -106.78118531969125 -1.6963601695056258 3
      vertex -106.67 -1.7 0
      vertex -106.78118531969125 -1.6963601695056258 0
    endloop
  endfacet
  facet normal -0.09801714032955713 0.9951847266721973 0
    outer loop
      vertex -106.55881468030876 -1.6963601695056258 3
      vertex -106.44810547322591 -1.6854562643354776 0
      vertex -106.55881468030876 -1.6963601695056258 0
    endloop
  endfacet
  facet normal -0.16289547339459123 0.9866433320848785 0
    outer loop
      vertex -106.44810547322591 -1.6854562643354776 3
      vertex -106.33834645257258 -1.6673349766854917 0
      vertex -106.44810547322591 -1.6854562643354776 0
    endloop
  endfacet
  facet normal -0.22707626303438427 0.9738769792773312 0
    outer loop
      vertex -106.33834645257258 -1.6673349766854917 3
      vertex -106.23000762332572 -1.6420739046914161 0
      vertex -106.33834645257258 -1.6673349766854917 0
    endloop
  endfacet
  facet normal -0.29028467725444157 0.9569403357322152 0
    outer loop
      vertex -106.23000762332572 -1.6420739046914161 3
      vertex -106.12355290898462 -1.6097812201416797 0
      vertex -106.23000762332572 -1.6420739046914161 0
    endloop
  endfacet
  facet normal -0.35225004792125064 0.9359059267573193 0
    outer loop
      vertex -106.12355290898462 -1.6097812201416797 3
      vertex -106.01943816497935 -1.5705952052691874 0
      vertex -106.12355290898462 -1.6097812201416797 0
    endloop
  endfacet
  facet normal -0.41270702980441937 0.9108638249211647 0
    outer loop
      vertex -106.01943816497935 -1.5705952052691874 3
      vertex -105.9181092266277 -1.52468366060557 0
      vertex -106.01943816497935 -1.5705952052691874 0
    endloop
  endfacet
  facet normal -0.4713967368259934 0.8819212643483573 0
    outer loop
      vertex -105.9181092266277 -1.52468366060557 3
      vertex -105.82000000000001 -1.4722431864335457 0
      vertex -105.9181092266277 -1.52468366060557 0
    endloop
  endfacet
  facet normal -0.5280678506503256 0.8492021815266053 0
    outer loop
      vertex -105.82000000000001 -1.4722431864335457 3
      vertex -105.72553060386667 -1.413498340914327 0
      vertex -105.82000000000001 -1.4722431864335457 0
    endloop
  endfacet
  facet normal -0.5824776968677934 0.8128466845916215 0
    outer loop
      vertex -105.72553060386667 -1.413498340914327 3
      vertex -105.63510557068517 -1.3487006784950997 0
      vertex -105.72553060386667 -1.413498340914327 0
    endloop
  endfacet
  facet normal -0.6343932841636857 0.7730104533627039 0
    outer loop
      vertex -105.63510557068517 -1.3487006784950997 3
      vertex -105.54911211432989 -1.2781276727142616 0
      vertex -105.63510557068517 -1.3487006784950997 0
    endloop
  endfacet
  facet normal -0.6835923020228556 0.7298640726978504 0
    outer loop
      vertex -105.54911211432989 -1.2781276727142616 3
      vertex -105.46791847198287 -1.2020815280171309 0
      vertex -105.54911211432989 -1.2781276727142616 0
    endloop
  endfacet
  facet normal -0.7298640726978373 0.6835923020228695 0
    outer loop
      vertex -105.46791847198287 -1.2020815280171309 3
      vertex -105.39187232728574 -1.120887885670117 0
      vertex -105.46791847198287 -1.2020815280171309 0
    endloop
  endfacet
  facet normal -0.7730104533627122 0.6343932841636755 0
    outer loop
      vertex -105.39187232728574 -1.120887885670117 3
      vertex -105.3212993215049 -1.034894429314825 0
      vertex -105.39187232728574 -1.120887885670117 0
    endloop
  endfacet
  facet normal -0.8128466845916289 0.5824776968677832 0
    outer loop
      vertex -105.3212993215049 -1.034894429314825 3
      vertex -105.25650165908567 -0.9444693961333237 0
      vertex -105.3212993215049 -1.034894429314825 0
    endloop
  endfacet
  facet normal -0.8492021815265958 0.5280678506503407 0
    outer loop
      vertex -105.25650165908567 -0.9444693961333237 3
      vertex -105.19775681356646 -0.85 0
      vertex -105.25650165908567 -0.9444693961333237 0
    endloop
  endfacet
  facet normal -0.881921264348333 0.4713967368260391 0
    outer loop
      vertex -105.19775681356646 -0.85 3
      vertex -105.14531633939443 -0.7518907733723021 0
      vertex -105.19775681356646 -0.85 0
    endloop
  endfacet
  facet normal -0.9108638249211992 0.41270702980434326 0
    outer loop
      vertex -105.14531633939443 -0.7518907733723021 3
      vertex -105.09940479473082 -0.6505618350206526 0
      vertex -105.14531633939443 -0.7518907733723021 0
    endloop
  endfacet
  facet normal -0.9359059267573061 0.35225004792128556 0
    outer loop
      vertex -105.09940479473082 -0.6505618350206526 3
      vertex -105.06021877985832 -0.5464470910153747 0
      vertex -105.09940479473082 -0.6505618350206526 0
    endloop
  endfacet
  facet normal -0.9569403357322234 0.2902846772544146 0
    outer loop
      vertex -105.06021877985832 -0.5464470910153747 3
      vertex -105.02792609530859 -0.43999237667428526 0
      vertex -105.06021877985832 -0.5464470910153747 0
    endloop
  endfacet
  facet normal -0.9738769792773242 0.22707626303441397 0
    outer loop
      vertex -105.02792609530859 -0.43999237667428526 3
      vertex -105.0026650233145 -0.33165354742741804 0
      vertex -105.02792609530859 -0.43999237667428526 0
    endloop
  endfacet
  facet normal -0.9866433320848937 0.16289547339449886 0
    outer loop
      vertex -105.0026650233145 -0.33165354742741804 3
      vertex -104.98454373566453 -0.22189452677408766 0
      vertex -105.0026650233145 -0.33165354742741804 0
    endloop
  endfacet
  facet normal -0.9951847266721928 0.09801714032960228 0
    outer loop
      vertex -104.98454373566453 -0.22189452677408766 3
      vertex -104.97363983049438 -0.1111853196912432 0
      vertex -104.98454373566453 -0.22189452677408766 0
    endloop
  endfacet
  facet normal -0.9994645874763642 0.03271908282181864 0
    outer loop
      vertex -104.97363983049438 -0.1111853196912432 3
      vertex -104.97 0 0
      vertex -104.97363983049438 -0.1111853196912432 0
    endloop
  endfacet
  facet normal 0.8492021815265958 0.5280678506503407 0
    outer loop
      vertex -108.08349834091433 -0.9444693961333237 3
      vertex -108.08349834091433 -0.9444693961333237 0
      vertex -108.14224318643355 -0.85 3
    endloop
  endfacet
  facet normal 0.8128466845916289 0.5824776968677832 6.268323330956869e-20
    outer loop
      vertex -108.08349834091433 -0.9444693961333237 3
      vertex -108.01870067849511 -1.034894429314825 3
      vertex -108.01870067849511 -1.034894429314825 0
    endloop
  endfacet
  facet normal 0.7730104533627122 0.6343932841636755 0
    outer loop
      vertex -107.94812767271426 -1.120887885670117 3
      vertex -107.94812767271426 -1.120887885670117 0
      vertex -108.01870067849511 -1.034894429314825 3
    endloop
  endfacet
  facet normal 0.7298640726978373 0.6835923020228695 -7.67948778815344e-19
    outer loop
      vertex -107.94812767271426 -1.120887885670117 3
      vertex -107.87208152801713 -1.2020815280171309 3
      vertex -107.87208152801713 -1.2020815280171309 0
    endloop
  endfacet
  facet normal 0.9569403357322234 0.2902846772544146 0
    outer loop
      vertex -108.27978122014169 -0.5464470910153747 3
      vertex -108.27978122014169 -0.5464470910153747 0
      vertex -108.31207390469142 -0.43999237667428526 3
    endloop
  endfacet
  facet normal 0.9359059267573061 0.35225004792128556 0
    outer loop
      vertex -108.24059520526919 -0.6505618350206526 3
      vertex -108.24059520526919 -0.6505618350206526 0
      vertex -108.27978122014169 -0.5464470910153747 3
    endloop
  endfacet
  facet normal 0.9738769792773242 0.22707626303441397 0
    outer loop
      vertex -108.31207390469142 -0.43999237667428526 3
      vertex -108.31207390469142 -0.43999237667428526 0
      vertex -108.3373349766855 -0.33165354742741804 3
    endloop
  endfacet
  facet normal 0.9866433320848937 0.16289547339449886 0
    outer loop
      vertex -108.3373349766855 -0.33165354742741804 3
      vertex -108.3373349766855 -0.33165354742741804 0
      vertex -108.35545626433547 -0.22189452677408766 3
    endloop
  endfacet
  facet normal 0.9951847266721928 0.09801714032960228 0
    outer loop
      vertex -108.35545626433547 -0.22189452677408766 3
      vertex -108.35545626433547 -0.22189452677408766 0
      vertex -108.36636016950563 -0.1111853196912432 3
    endloop
  endfacet
  facet normal 0.9994645874763642 0.03271908282181864 0
    outer loop
      vertex -108.36636016950563 -0.1111853196912432 3
      vertex -108.36636016950563 -0.1111853196912432 0
      vertex -108.37 0 3
    endloop
  endfacet
  facet normal 0.881921264348333 0.4713967368260391 0
    outer loop
      vertex -108.14224318643355 -0.85 3
      vertex -108.14224318643355 -0.85 0
      vertex -108.19468366060558 -0.7518907733723021 3
    endloop
  endfacet
  facet normal 0.9108638249211992 0.41270702980434326 0
    outer loop
      vertex -108.19468366060558 -0.7518907733723021 3
      vertex -108.19468366060558 -0.7518907733723021 0
      vertex -108.24059520526919 -0.6505618350206526 3
    endloop
  endfacet
  facet normal 0.6343932841636857 0.7730104533627039 9.492980718754717e-20
    outer loop
      vertex -107.79088788567012 -1.2781276727142616 3
      vertex -107.70489442931483 -1.3487006784950997 3
      vertex -107.70489442931483 -1.3487006784950997 0
    endloop
  endfacet
  facet normal 0.5824776968677934 0.8128466845916215 -2.3396997520518055e-19
    outer loop
      vertex -107.70489442931483 -1.3487006784950997 3
      vertex -107.61446939613333 -1.413498340914327 3
      vertex -107.61446939613333 -1.413498340914327 0
    endloop
  endfacet
  facet normal 0.4713967368259934 0.8819212643483573 0
    outer loop
      vertex -107.4218907733723 -1.52468366060557 3
      vertex -107.4218907733723 -1.52468366060557 0
      vertex -107.52 -1.4722431864335457 3
    endloop
  endfacet
  facet normal 0.5280678506503256 0.8492021815266053 7.145751170003134e-20
    outer loop
      vertex -107.61446939613333 -1.413498340914327 3
      vertex -107.52 -1.4722431864335457 3
      vertex -107.52 -1.4722431864335457 0
    endloop
  endfacet
  facet normal 0.6835923020228556 0.7298640726978504 0
    outer loop
      vertex -107.79088788567012 -1.2781276727142616 3
      vertex -107.79088788567012 -1.2781276727142616 0
      vertex -107.87208152801713 -1.2020815280171309 3
    endloop
  endfacet
  facet normal 0.41270702980441937 0.9108638249211647 -1.0711864367248878e-18
    outer loop
      vertex -107.4218907733723 -1.52468366060557 3
      vertex -107.32056183502065 -1.5705952052691874 3
      vertex -107.32056183502065 -1.5705952052691874 0
    endloop
  endfacet
  facet normal 0.35225004792125064 0.9359059267573193 -3.522070069829291e-19
    outer loop
      vertex -107.32056183502065 -1.5705952052691874 3
      vertex -107.21644709101538 -1.6097812201416797 3
      vertex -107.21644709101538 -1.6097812201416797 0
    endloop
  endfacet
  facet normal 0.29028467725444157 0.9569403357322152 -6.117580710846372e-19
    outer loop
      vertex -107.21644709101538 -1.6097812201416797 3
      vertex -107.10999237667428 -1.6420739046914161 3
      vertex -107.10999237667428 -1.6420739046914161 0
    endloop
  endfacet
  facet normal 0.22707626303438427 0.9738769792773312 2.5250971473025533e-19
    outer loop
      vertex -107.10999237667428 -1.6420739046914161 3
      vertex -107.00165354742742 -1.6673349766854917 3
      vertex -107.00165354742742 -1.6673349766854917 0
    endloop
  endfacet
  facet normal 0.03271908282177627 0.9994645874763656 -4.3533048312030126e-20
    outer loop
      vertex -106.78118531969125 -1.6963601695056258 3
      vertex -106.67 -1.7 3
      vertex -106.67 -1.7 0
    endloop
  endfacet
  facet normal 0.16289547339459123 0.9866433320848785 5.148814904628537e-19
    outer loop
      vertex -107.00165354742742 -1.6673349766854917 3
      vertex -106.8918945267741 -1.6854562643354776 3
      vertex -106.8918945267741 -1.6854562643354776 0
    endloop
  endfacet
  facet normal 0.09801714032955713 0.9951847266721973 0
    outer loop
      vertex -106.78118531969125 -1.6963601695056258 3
      vertex -106.78118531969125 -1.6963601695056258 0
      vertex -106.8918945267741 -1.6854562643354776 3
    endloop
  endfacet
  facet normal -0.03271908282177627 0.9994645874763656 4.3533048312030126e-20
    outer loop
      vertex -106.67 -1.7 3
      vertex -106.55881468030876 -1.6963601695056258 3
      vertex -106.55881468030876 -1.6963601695056258 0
    endloop
  endfacet
  facet normal -0.09801714032955713 0.9951847266721973 2.746605188369776e-19
    outer loop
      vertex -106.55881468030876 -1.6963601695056258 3
      vertex -106.44810547322591 -1.6854562643354776 3
      vertex -106.44810547322591 -1.6854562643354776 0
    endloop
  endfacet
  facet normal -0.16289547339459123 0.9866433320848785 -5.148814904628537e-19
    outer loop
      vertex -106.44810547322591 -1.6854562643354776 3
      vertex -106.33834645257258 -1.6673349766854917 3
      vertex -106.33834645257258 -1.6673349766854917 0
    endloop
  endfacet
  facet normal -0.22707626303438427 0.9738769792773312 -2.5250971473025533e-19
    outer loop
      vertex -106.33834645257258 -1.6673349766854917 3
      vertex -106.23000762332572 -1.6420739046914161 3
      vertex -106.23000762332572 -1.6420739046914161 0
    endloop
  endfacet
  facet normal -0.29028467725444157 0.9569403357322152 6.117580710846372e-19
    outer loop
      vertex -106.23000762332572 -1.6420739046914161 3
      vertex -106.12355290898462 -1.6097812201416797 3
      vertex -106.12355290898462 -1.6097812201416797 0
    endloop
  endfacet
  facet normal -0.35225004792125064 0.9359059267573193 3.522070069829291e-19
    outer loop
      vertex -106.12355290898462 -1.6097812201416797 3
      vertex -106.01943816497935 -1.5705952052691874 3
      vertex -106.01943816497935 -1.5705952052691874 0
    endloop
  endfacet
  facet normal -0.41270702980441937 0.9108638249211647 1.0711864367248878e-18
    outer loop
      vertex -106.01943816497935 -1.5705952052691874 3
      vertex -105.9181092266277 -1.52468366060557 3
      vertex -105.9181092266277 -1.52468366060557 0
    endloop
  endfacet
  facet normal -0.4713967368259934 0.8819212643483573 -1.027602232862494e-18
    outer loop
      vertex -105.9181092266277 -1.52468366060557 3
      vertex -105.82000000000001 -1.4722431864335457 3
      vertex -105.82000000000001 -1.4722431864335457 0
    endloop
  endfacet
  facet normal -0.5280678506503256 0.8492021815266053 -7.145751170003134e-20
    outer loop
      vertex -105.82000000000001 -1.4722431864335457 3
      vertex -105.72553060386667 -1.413498340914327 3
      vertex -105.72553060386667 -1.413498340914327 0
    endloop
  endfacet
  facet normal -0.5824776968677934 0.8128466845916215 2.3396997520518055e-19
    outer loop
      vertex -105.72553060386667 -1.413498340914327 3
      vertex -105.63510557068517 -1.3487006784950997 3
      vertex -105.63510557068517 -1.3487006784950997 0
    endloop
  endfacet
  facet normal -0.6343932841636857 0.7730104533627039 -9.492980718754717e-20
    outer loop
      vertex -105.63510557068517 -1.3487006784950997 3
      vertex -105.54911211432989 -1.2781276727142616 3
      vertex -105.54911211432989 -1.2781276727142616 0
    endloop
  endfacet
  facet normal -0.6835923020228556 0.7298640726978504 2.5535164367978677e-19
    outer loop
      vertex -105.54911211432989 -1.2781276727142616 3
      vertex -105.46791847198287 -1.2020815280171309 3
      vertex -105.46791847198287 -1.2020815280171309 0
    endloop
  endfacet
  facet normal -0.7298640726978373 0.6835923020228695 7.67948778815344e-19
    outer loop
      vertex -105.46791847198287 -1.2020815280171309 3
      vertex -105.39187232728574 -1.120887885670117 3
      vertex -105.39187232728574 -1.120887885670117 0
    endloop
  endfacet
  facet normal -0.7730104533627122 0.6343932841636755 3.5573870785851404e-19
    outer loop
      vertex -105.39187232728574 -1.120887885670117 3
      vertex -105.3212993215049 -1.034894429314825 3
      vertex -105.3212993215049 -1.034894429314825 0
    endloop
  endfacet
  facet normal -0.8128466845916289 0.5824776968677832 -6.268323330956869e-20
    outer loop
      vertex -105.3212993215049 -1.034894429314825 3
      vertex -105.25650165908567 -0.9444693961333237 3
      vertex -105.25650165908567 -0.9444693961333237 0
    endloop
  endfacet
  facet normal -0.8492021815265958 0.5280678506503407 3.53564600408046e-19
    outer loop
      vertex -105.25650165908567 -0.9444693961333237 3
      vertex -105.19775681356646 -0.85 3
      vertex -105.19775681356646 -0.85 0
    endloop
  endfacet
  facet normal -0.881921264348333 0.4713967368260391 8.42472064061731e-19
    outer loop
      vertex -105.19775681356646 -0.85 3
      vertex -105.14531633939443 -0.7518907733723021 3
      vertex -105.14531633939443 -0.7518907733723021 0
    endloop
  endfacet
  facet normal -0.9108638249211992 0.41270702980434326 3.285985199700812e-19
    outer loop
      vertex -105.14531633939443 -0.7518907733723021 3
      vertex -105.09940479473082 -0.6505618350206526 3
      vertex -105.09940479473082 -0.6505618350206526 0
    endloop
  endfacet
  facet normal -0.9359059267573061 0.35225004792128556 -4.099762283662766e-19
    outer loop
      vertex -105.09940479473082 -0.6505618350206526 3
      vertex -105.06021877985832 -0.5464470910153747 3
      vertex -105.06021877985832 -0.5464470910153747 0
    endloop
  endfacet
  facet normal -0.9569403357322234 0.2902846772544146 -5.288892815126859e-19
    outer loop
      vertex -105.06021877985832 -0.5464470910153747 3
      vertex -105.02792609530859 -0.43999237667428526 3
      vertex -105.02792609530859 -0.43999237667428526 0
    endloop
  endfacet
  facet normal -0.9738769792773242 0.22707626303441397 4.461311539441881e-19
    outer loop
      vertex -105.02792609530859 -0.43999237667428526 3
      vertex -105.0026650233145 -0.33165354742741804 3
      vertex -105.0026650233145 -0.33165354742741804 0
    endloop
  endfacet
  facet normal -0.9866433320848937 0.16289547339449886 4.960655542694116e-19
    outer loop
      vertex -105.0026650233145 -0.33165354742741804 3
      vertex -104.98454373566453 -0.22189452677408766 3
      vertex -104.98454373566453 -0.22189452677408766 0
    endloop
  endfacet
  facet normal -0.9951847266721928 0.09801714032960228 1.0021188648122902e-19
    outer loop
      vertex -104.98454373566453 -0.22189452677408766 3
      vertex -104.97363983049438 -0.1111853196912432 3
      vertex -104.97363983049438 -0.1111853196912432 0
    endloop
  endfacet
  facet normal -0.9994645874763642 0.03271908282181864 4.95874081130228e-20
    outer loop
      vertex -104.97363983049438 -0.1111853196912432 3
      vertex -104.97 0 3
      vertex -104.97 0 0
    endloop
  endfacet
  facet normal 0 0 -1
    outer loop
      vertex -108.24059520526919 -0.6505618350206526 3
      vertex -108.27978122014169 -0.5464470910153747 3
      vertex -108.27978122014169 0.5464470910153747 3
    endloop
  endfacet
  facet normal 0 0 -1
    outer loop
      vertex -108.3373349766855 -0.33165354742741804 3
      vertex -108.35545626433547 -0.22189452677408766 3
      vertex -108.35545626433547 0.22189452677408766 3
    endloop
  endfacet
  facet normal 0 0 -1
    outer loop
      vertex -108.31207390469142 -0.43999237667428526 3
      vertex -108.3373349766855 -0.33165354742741804 3
      vertex -108.3373349766855 0.33165354742741804 3
    endloop
  endfacet
  facet normal 0 0 -1
    outer loop
      vertex -108.27978122014169 -0.5464470910153747 3
      vertex -108.31207390469142 -0.43999237667428526 3
      vertex -108.31207390469142 0.43999237667428526 3
    endloop
  endfacet
  facet normal 0 0 -1
    outer loop
      vertex -108.35545626433547 -0.22189452677408766 3
      vertex -108.36636016950563 -0.1111853196912432 3
      vertex -108.36636016950563 0.1111853196912432 3
    endloop
  endfacet
  facet normal 0 0 -1
    outer loop
      vertex -107.79088788567012 -1.2781276727142616 3
      vertex -107.87208152801713 -1.2020815280171309 3
      vertex -107.87208152801713 1.2020815280171309 3
    endloop
  endfacet
  facet normal 0 0 -1
    outer loop
      vertex -108.19468366060558 -0.7518907733723021 3
      vertex -108.24059520526919 -0.6505618350206526 3
      vertex -108.24059520526919 0.6505618350206526 3
    endloop
  endfacet
  facet normal 0 0 -1
    outer loop
      vertex -108.14224318643355 -0.85 3
      vertex -108.19468366060558 -0.7518907733723021 3
      vertex -108.19468366060558 0.7518907733723021 3
    endloop
  endfacet
  facet normal 0 0 -1
    outer loop
      vertex -108.08349834091433 -0.9444693961333237 3
      vertex -108.08349834091433 0.9444693961333237 3
      vertex -108.01870067849511 -1.034894429314825 3
    endloop
  endfacet
  facet normal 0 0 -1
    outer loop
      vertex -108.08349834091433 -0.9444693961333237 3
      vertex -108.14224318643355 -0.85 3
      vertex -108.14224318643355 0.85 3
    endloop
  endfacet
  facet normal 0 0 -1
    outer loop
      vertex -107.94812767271426 -1.120887885670117 3
      vertex -108.01870067849511 -1.034894429314825 3
      vertex -108.01870067849511 1.034894429314825 3
    endloop
  endfacet
  facet normal 0 0 -1
    outer loop
      vertex -107.94812767271426 -1.120887885670117 3
      vertex -107.94812767271426 1.120887885670117 3
      vertex -107.87208152801713 -1.2020815280171309 3
    endloop
  endfacet
  facet normal 0 0 -1
    outer loop
      vertex -107.79088788567012 -1.2781276727142616 3
      vertex -107.79088788567012 1.2781276727142616 3
      vertex -107.70489442931483 -1.3487006784950997 3
    endloop
  endfacet
  facet normal 0 0 -1
    outer loop
      vertex -107.70489442931483 -1.3487006784950997 3
      vertex -107.70489442931483 1.3487006784950997 3
      vertex -107.61446939613333 -1.413498340914327 3
    endloop
  endfacet
  facet normal 0 0 -1
    outer loop
      vertex -107.61446939613333 -1.413498340914327 3
      vertex -107.61446939613333 1.413498340914327 3
      vertex -107.52 -1.4722431864335457 3
    endloop
  endfacet
  facet normal 0 0 -1
    outer loop
      vertex -107.4218907733723 -1.52468366060557 3
      vertex -107.52 -1.4722431864335457 3
      vertex -107.52 1.4722431864335457 3
    endloop
  endfacet
  facet normal 0 0 -1
    outer loop
      vertex -107.4218907733723 -1.52468366060557 3
      vertex -107.4218907733723 1.52468366060557 3
      vertex -107.32056183502065 -1.5705952052691874 3
    endloop
  endfacet
  facet normal 0 0 -1
    outer loop
      vertex -107.32056183502065 -1.5705952052691874 3
      vertex -107.32056183502065 1.5705952052691874 3
      vertex -107.21644709101538 -1.6097812201416797 3
    endloop
  endfacet
  facet normal 0 0 -1
    outer loop
      vertex -107.21644709101538 -1.6097812201416797 3
      vertex -107.21644709101538 1.6097812201416797 3
      vertex -107.10999237667428 -1.6420739046914161 3
    endloop
  endfacet
  facet normal 0 0 -1
    outer loop
      vertex -107.10999237667428 -1.6420739046914161 3
      vertex -107.10999237667428 1.6420739046914161 3
      vertex -107.00165354742742 -1.6673349766854917 3
    endloop
  endfacet
  facet normal 0 0 -1
    outer loop
      vertex -107.00165354742742 -1.6673349766854917 3
      vertex -107.00165354742742 1.6673349766854917 3
      vertex -106.8918945267741 -1.6854562643354776 3
    endloop
  endfacet
  facet normal 0 0 -1
    outer loop
      vertex -106.78118531969125 -1.6963601695056258 3
      vertex -106.8918945267741 -1.6854562643354776 3
      vertex -106.8918945267741 1.6854562643354776 3
    endloop
  endfacet
  facet normal 0 0 -1
    outer loop
      vertex -106.78118531969125 -1.6963601695056258 3
      vertex -106.78118531969125 1.6963601695056258 3
      vertex -106.67 -1.7 3
    endloop
  endfacet
  facet normal 0 0 -1
    outer loop
      vertex -106.67 -1.7 3
      vertex -106.67 1.7 3
      vertex -106.55881468030876 -1.6963601695056258 3
    endloop
  endfacet
  facet normal 0 0 -1
    outer loop
      vertex -106.55881468030876 -1.6963601695056258 3
      vertex -106.55881468030876 1.6963601695056258 3
      vertex -106.44810547322591 -1.6854562643354776 3
    endloop
  endfacet
  facet normal 0 0 -1
    outer loop
      vertex -106.44810547322591 -1.6854562643354776 3
      vertex -106.44810547322591 1.6854562643354776 3
      vertex -106.33834645257258 -1.6673349766854917 3
    endloop
  endfacet
  facet normal 0 0 -1
    outer loop
      vertex -106.33834645257258 -1.6673349766854917 3
      vertex -106.33834645257258 1.6673349766854917 3
      vertex -106.23000762332572 -1.6420739046914161 3
    endloop
  endfacet
  facet normal 0 0 -1
    outer loop
      vertex -106.23000762332572 -1.6420739046914161 3
      vertex -106.23000762332572 1.6420739046914161 3
      vertex -106.12355290898462 -1.6097812201416797 3
    endloop
  endfacet
  facet normal 0 0 -1
    outer loop
      vertex -106.12355290898462 -1.6097812201416797 3
      vertex -106.12355290898462 1.6097812201416797 3
      vertex -106.01943816497935 -1.5705952052691874 3
    endloop
  endfacet
  facet normal 0 0 -1
    outer loop
      vertex -106.01943816497935 -1.5705952052691874 3
      vertex -106.01943816497935 1.5705952052691874 3
      vertex -105.9181092266277 -1.52468366060557 3
    endloop
  endfacet
  facet normal 0 0 -1
    outer loop
      vertex -105.9181092266277 -1.52468366060557 3
      vertex -105.9181092266277 1.52468366060557 3
      vertex -105.82000000000001 -1.4722431864335457 3
    endloop
  endfacet
  facet normal 0 0 -1
    outer loop
      vertex -105.82000000000001 -1.4722431864335457 3
      vertex -105.82000000000001 1.4722431864335457 3
      vertex -105.72553060386667 -1.413498340914327 3
    endloop
  endfacet
  facet normal 0 0 -1
    outer loop
      vertex -105.72553060386667 -1.413498340914327 3
      vertex -105.72553060386667 1.413498340914327 3
      vertex -105.63510557068517 -1.3487006784950997 3
    endloop
  endfacet
  facet normal 0 0 -1
    outer loop
      vertex -105.63510557068517 -1.3487006784950997 3
      vertex -105.63510557068517 1.3487006784950997 3
      vertex -105.54911211432989 -1.2781276727142616 3
    endloop
  endfacet
  facet normal 0 0 -1
    outer loop
      vertex -105.54911211432989 -1.2781276727142616 3
      vertex -105.54911211432989 1.2781276727142616 3
      vertex -105.46791847198287 -1.2020815280171309 3
    endloop
  endfacet
  facet normal 0 0 -1
    outer loop
      vertex -105.46791847198287 -1.2020815280171309 3
      vertex -105.46791847198287 1.2020815280171309 3
      vertex -105.39187232728574 -1.120887885670117 3
    endloop
  endfacet
  facet normal 0 0 -1
    outer loop
      vertex -105.39187232728574 -1.120887885670117 3
      vertex -105.39187232728574 1.120887885670117 3
      vertex -105.3212993215049 -1.034894429314825 3
    endloop
  endfacet
  facet normal 0 0 -1
    outer loop
      vertex -105.3212993215049 -1.034894429314825 3
      vertex -105.3212993215049 1.034894429314825 3
      vertex -105.25650165908567 -0.9444693961333237 3
    endloop
  endfacet
  facet normal 0 0 -1
    outer loop
      vertex -105.25650165908567 -0.9444693961333237 3
      vertex -105.25650165908567 0.9444693961333237 3
      vertex -105.19775681356646 -0.85 3
    endloop
  endfacet
  facet normal 0 0 -1
    outer loop
      vertex -105.19775681356646 -0.85 3
      vertex -105.19775681356646 0.85 3
      vertex -105.14531633939443 -0.7518907733723021 3
    endloop
  endfacet
  facet normal 0 0 -1
    outer loop
      vertex -105.14531633939443 -0.7518907733723021 3
      vertex -105.14531633939443 0.7518907733723021 3
      vertex -105.09940479473082 -0.6505618350206526 3
    endloop
  endfacet
  facet normal 0 0 -1
    outer loop
      vertex -105.09940479473082 -0.6505618350206526 3
      vertex -105.09940479473082 0.6505618350206526 3
      vertex -105.06021877985832 -0.5464470910153747 3
    endloop
  endfacet
  facet normal 0 0 -1
    outer loop
      vertex -105.06021877985832 -0.5464470910153747 3
      vertex -105.06021877985832 0.5464470910153747 3
      vertex -105.02792609530859 -0.43999237667428526 3
    endloop
  endfacet
  facet normal 0 0 -1
    outer loop
      vertex -105.02792609530859 -0.43999237667428526 3
      vertex -105.02792609530859 0.43999237667428526 3
      vertex -105.0026650233145 -0.33165354742741804 3
    endloop
  endfacet
  facet normal 0 0 -1
    outer loop
      vertex -105.0026650233145 -0.33165354742741804 3
      vertex -105.0026650233145 0.33165354742741804 3
      vertex -104.98454373566453 -0.22189452677408766 3
    endloop
  endfacet
  facet normal 0 0 -1
    outer loop
      vertex -104.98454373566453 -0.22189452677408766 3
      vertex -104.98454373566453 0.22189452677408766 3
      vertex -104.97363983049438 -0.1111853196912432 3
    endloop
  endfacet
  facet normal 0.9994645874763642 -0.03271908282181864 0
    outer loop
      vertex -108.36636016950563 0.1111853196912432 3
      vertex -108.37 0 0
      vertex -108.36636016950563 0.1111853196912432 0
    endloop
  endfacet
  facet normal 0.9951847266721928 -0.09801714032960228 0
    outer loop
      vertex -108.35545626433547 0.22189452677408766 3
      vertex -108.36636016950563 0.1111853196912432 0
      vertex -108.35545626433547 0.22189452677408766 0
    endloop
  endfacet
  facet normal 0.9866433320848937 -0.16289547339449886 0
    outer loop
      vertex -108.3373349766855 0.33165354742741804 3
      vertex -108.35545626433547 0.22189452677408766 0
      vertex -108.3373349766855 0.33165354742741804 0
    endloop
  endfacet
  facet normal 0.9738769792773242 -0.22707626303441397 0
    outer loop
      vertex -108.31207390469142 0.43999237667428526 3
      vertex -108.3373349766855 0.33165354742741804 0
      vertex -108.31207390469142 0.43999237667428526 0
    endloop
  endfacet
  facet normal 0.9569403357322234 -0.2902846772544146 0
    outer loop
      vertex -108.27978122014169 0.5464470910153747 3
      vertex -108.31207390469142 0.43999237667428526 0
      vertex -108.27978122014169 0.5464470910153747 0
    endloop
  endfacet
  facet normal 0.9359059267573061 -0.35225004792128556 0
    outer loop
      vertex -108.24059520526919 0.6505618350206526 3
      vertex -108.27978122014169 0.5464470910153747 0
      vertex -108.24059520526919 0.6505618350206526 0
    endloop
  endfacet
  facet normal 0.9108638249211992 -0.41270702980434326 0
    outer loop
      vertex -108.19468366060558 0.7518907733723021 3
      vertex -108.24059520526919 0.6505618350206526 0
      vertex -108.19468366060558 0.7518907733723021 0
    endloop
  endfacet
  facet normal 0.881921264348333 -0.4713967368260391 0
    outer loop
      vertex -108.14224318643355 0.85 3
      vertex -108.19468366060558 0.7518907733723021 0
      vertex -108.14224318643355 0.85 0
    endloop
  endfacet
  facet normal 0.8492021815265958 -0.5280678506503407 0
    outer loop
      vertex -108.08349834091433 0.9444693961333237 3
      vertex -108.14224318643355 0.85 0
      vertex -108.08349834091433 0.9444693961333237 0
    endloop
  endfacet
  facet normal 0.8128466845916289 -0.5824776968677832 0
    outer loop
      vertex -108.01870067849511 1.034894429314825 3
      vertex -108.08349834091433 0.9444693961333237 0
      vertex -108.01870067849511 1.034894429314825 0
    endloop
  endfacet
  facet normal 0.7730104533627122 -0.6343932841636755 0
    outer loop
      vertex -107.94812767271426 1.120887885670117 3
      vertex -108.01870067849511 1.034894429314825 0
      vertex -107.94812767271426 1.120887885670117 0
    endloop
  endfacet
  facet normal 0.7298640726978373 -0.6835923020228695 0
    outer loop
      vertex -107.87208152801713 1.2020815280171309 3
      vertex -107.94812767271426 1.120887885670117 0
      vertex -107.87208152801713 1.2020815280171309 0
    endloop
  endfacet
  facet normal 0.6835923020228556 -0.7298640726978504 0
    outer loop
      vertex -107.79088788567012 1.2781276727142616 3
      vertex -107.87208152801713 1.2020815280171309 0
      vertex -107.79088788567012 1.2781276727142616 0
    endloop
  endfacet
  facet normal 0.6343932841636857 -0.7730104533627039 0
    outer loop
      vertex -107.70489442931483 1.3487006784950997 3
      vertex -107.79088788567012 1.2781276727142616 0
      vertex -107.70489442931483 1.3487006784950997 0
    endloop
  endfacet
  facet normal 0.5824776968677934 -0.8128466845916215 0
    outer loop
      vertex -107.61446939613333 1.413498340914327 3
      vertex -107.70489442931483 1.3487006784950997 0
      vertex -107.61446939613333 1.413498340914327 0
    endloop
  endfacet
  facet normal 0.5280678506503256 -0.8492021815266053 0
    outer loop
      vertex -107.52 1.4722431864335457 3
      vertex -107.61446939613333 1.413498340914327 0
      vertex -107.52 1.4722431864335457 0
    endloop
  endfacet
  facet normal 0.4713967368259934 -0.8819212643483573 0
    outer loop
      vertex -107.4218907733723 1.52468366060557 3
      vertex -107.52 1.4722431864335457 0
      vertex -107.4218907733723 1.52468366060557 0
    endloop
  endfacet
  facet normal 0.41270702980441937 -0.9108638249211647 0
    outer loop
      vertex -107.32056183502065 1.5705952052691874 3
      vertex -107.4218907733723 1.52468366060557 0
      vertex -107.32056183502065 1.5705952052691874 0
    endloop
  endfacet
  facet normal 0.35225004792125064 -0.9359059267573193 0
    outer loop
      vertex -107.21644709101538 1.6097812201416797 3
      vertex -107.32056183502065 1.5705952052691874 0
      vertex -107.21644709101538 1.6097812201416797 0
    endloop
  endfacet
  facet normal 0.29028467725444157 -0.9569403357322152 0
    outer loop
      vertex -107.10999237667428 1.6420739046914161 3
      vertex -107.21644709101538 1.6097812201416797 0
      vertex -107.10999237667428 1.6420739046914161 0
    endloop
  endfacet
  facet normal 0.22707626303438427 -0.9738769792773312 0
    outer loop
      vertex -107.00165354742742 1.6673349766854917 3
      vertex -107.10999237667428 1.6420739046914161 0
      vertex -107.00165354742742 1.6673349766854917 0
    endloop
  endfacet
  facet normal 0.16289547339459123 -0.9866433320848785 0
    outer loop
      vertex -106.8918945267741 1.6854562643354776 3
      vertex -107.00165354742742 1.6673349766854917 0
      vertex -106.8918945267741 1.6854562643354776 0
    endloop
  endfacet
  facet normal 0.09801714032955713 -0.9951847266721973 0
    outer loop
      vertex -106.78118531969125 1.6963601695056258 3
      vertex -106.8918945267741 1.6854562643354776 0
      vertex -106.78118531969125 1.6963601695056258 0
    endloop
  endfacet
  facet normal -0.03271908282177627 -0.9994645874763656 0
    outer loop
      vertex -106.55881468030876 1.6963601695056258 3
      vertex -106.67 1.7 0
      vertex -106.55881468030876 1.6963601695056258 0
    endloop
  endfacet
  facet normal -0.09801714032955713 -0.9951847266721973 0
    outer loop
      vertex -106.44810547322591 1.6854562643354776 3
      vertex -106.55881468030876 1.6963601695056258 0
      vertex -106.44810547322591 1.6854562643354776 0
    endloop
  endfacet
  facet normal -0.16289547339459123 -0.9866433320848785 0
    outer loop
      vertex -106.33834645257258 1.6673349766854917 3
      vertex -106.44810547322591 1.6854562643354776 0
      vertex -106.33834645257258 1.6673349766854917 0
    endloop
  endfacet
  facet normal -0.22707626303438427 -0.9738769792773312 0
    outer loop
      vertex -106.23000762332572 1.6420739046914161 3
      vertex -106.33834645257258 1.6673349766854917 0
      vertex -106.23000762332572 1.6420739046914161 0
    endloop
  endfacet
  facet normal -0.29028467725444157 -0.9569403357322152 0
    outer loop
      vertex -106.12355290898462 1.6097812201416797 3
      vertex -106.23000762332572 1.6420739046914161 0
      vertex -106.12355290898462 1.6097812201416797 0
    endloop
  endfacet
  facet normal -0.35225004792125064 -0.9359059267573193 0
    outer loop
      vertex -106.01943816497935 1.5705952052691874 3
      vertex -106.12355290898462 1.6097812201416797 0
      vertex -106.01943816497935 1.5705952052691874 0
    endloop
  endfacet
  facet normal -0.41270702980441937 -0.9108638249211647 0
    outer loop
      vertex -105.9181092266277 1.52468366060557 3
      vertex -106.01943816497935 1.5705952052691874 0
      vertex -105.9181092266277 1.52468366060557 0
    endloop
  endfacet
  facet normal -0.5280678506503256 -0.8492021815266053 0
    outer loop
      vertex -105.72553060386667 1.413498340914327 3
      vertex -105.82000000000001 1.4722431864335457 0
      vertex -105.72553060386667 1.413498340914327 0
    endloop
  endfacet
  facet normal -0.4713967368259934 -0.8819212643483573 0
    outer loop
      vertex -105.82000000000001 1.4722431864335457 3
      vertex -105.9181092266277 1.52468366060557 0
      vertex -105.82000000000001 1.4722431864335457 0
    endloop
  endfacet
  facet normal -0.6835923020228556 -0.7298640726978504 0
    outer loop
      vertex -105.46791847198287 1.2020815280171309 3
      vertex -105.54911211432989 1.2781276727142616 0
      vertex -105.46791847198287 1.2020815280171309 0
    endloop
  endfacet
  facet normal -0.8128466845916289 -0.5824776968677832 0
    outer loop
      vertex -105.25650165908567 0.9444693961333237 3
      vertex -105.3212993215049 1.034894429314825 0
      vertex -105.25650165908567 0.9444693961333237 0
    endloop
  endfacet
  facet normal -0.7298640726978373 -0.6835923020228695 0
    outer loop
      vertex -105.39187232728574 1.120887885670117 3
      vertex -105.46791847198287 1.2020815280171309 0
      vertex -105.39187232728574 1.120887885670117 0
    endloop
  endfacet
  facet normal -0.7730104533627122 -0.6343932841636755 0
    outer loop
      vertex -105.3212993215049 1.034894429314825 3
      vertex -105.39187232728574 1.120887885670117 0
      vertex -105.3212993215049 1.034894429314825 0
    endloop
  endfacet
  facet normal -0.5824776968677934 -0.8128466845916215 0
    outer loop
      vertex -105.63510557068517 1.3487006784950997 3
      vertex -105.72553060386667 1.413498340914327 0
      vertex -105.63510557068517 1.3487006784950997 0
    endloop
  endfacet
  facet normal -0.6343932841636857 -0.7730104533627039 0
    outer loop
      vertex -105.54911211432989 1.2781276727142616 3
      vertex -105.63510557068517 1.3487006784950997 0
      vertex -105.54911211432989 1.2781276727142616 0
    endloop
  endfacet
  facet normal 0.03271908282177627 -0.9994645874763656 0
    outer loop
      vertex -106.67 1.7 3
      vertex -106.78118531969125 1.6963601695056258 0
      vertex -106.67 1.7 0
    endloop
  endfacet
  facet normal -0.9994645874763642 -0.03271908282181864 0
    outer loop
      vertex -104.97 0 3
      vertex -104.97363983049438 0.1111853196912432 0
      vertex -104.97 0 0
    endloop
  endfacet
  facet normal -0.9951847266721928 -0.09801714032960228 0
    outer loop
      vertex -104.97363983049438 0.1111853196912432 3
      vertex -104.98454373566453 0.22189452677408766 0
      vertex -104.97363983049438 0.1111853196912432 0
    endloop
  endfacet
  facet normal -0.9866433320848937 -0.16289547339449886 0
    outer loop
      vertex -104.98454373566453 0.22189452677408766 3
      vertex -105.0026650233145 0.33165354742741804 0
      vertex -104.98454373566453 0.22189452677408766 0
    endloop
  endfacet
  facet normal -0.9738769792773242 -0.22707626303441397 0
    outer loop
      vertex -105.0026650233145 0.33165354742741804 3
      vertex -105.02792609530859 0.43999237667428526 0
      vertex -105.0026650233145 0.33165354742741804 0
    endloop
  endfacet
  facet normal -0.9359059267573061 -0.35225004792128556 0
    outer loop
      vertex -105.06021877985832 0.5464470910153747 3
      vertex -105.09940479473082 0.6505618350206526 0
      vertex -105.06021877985832 0.5464470910153747 0
    endloop
  endfacet
  facet normal -0.9108638249211992 -0.41270702980434326 0
    outer loop
      vertex -105.09940479473082 0.6505618350206526 3
      vertex -105.14531633939443 0.7518907733723021 0
      vertex -105.09940479473082 0.6505618350206526 0
    endloop
  endfacet
  facet normal -0.881921264348333 -0.4713967368260391 0
    outer loop
      vertex -105.14531633939443 0.7518907733723021 3
      vertex -105.19775681356646 0.85 0
      vertex -105.14531633939443 0.7518907733723021 0
    endloop
  endfacet
  facet normal -0.9569403357322234 -0.2902846772544146 0
    outer loop
      vertex -105.02792609530859 0.43999237667428526 3
      vertex -105.06021877985832 0.5464470910153747 0
      vertex -105.02792609530859 0.43999237667428526 0
    endloop
  endfacet
  facet normal -0.8492021815265958 -0.5280678506503407 0
    outer loop
      vertex -105.19775681356646 0.85 3
      vertex -105.25650165908567 0.9444693961333237 0
      vertex -105.19775681356646 0.85 0
    endloop
  endfacet
  facet normal 0.9994645874763642 -0.03271908282181864 0
    outer loop
      vertex -108.37 0 3
      vertex -108.37 0 0
      vertex -108.36636016950563 0.1111853196912432 3
    endloop
  endfacet
  facet normal 0.9951847266721928 -0.09801714032960228 0
    outer loop
      vertex -108.36636016950563 0.1111853196912432 3
      vertex -108.36636016950563 0.1111853196912432 0
      vertex -108.35545626433547 0.22189452677408766 3
    endloop
  endfacet
  facet normal 0.9866433320848937 -0.16289547339449886 0
    outer loop
      vertex -108.35545626433547 0.22189452677408766 3
      vertex -108.35545626433547 0.22189452677408766 0
      vertex -108.3373349766855 0.33165354742741804 3
    endloop
  endfacet
  facet normal 0.9738769792773242 -0.22707626303441397 0
    outer loop
      vertex -108.3373349766855 0.33165354742741804 3
      vertex -108.3373349766855 0.33165354742741804 0
      vertex -108.31207390469142 0.43999237667428526 3
    endloop
  endfacet
  facet normal 0.9569403357322234 -0.2902846772544146 0
    outer loop
      vertex -108.31207390469142 0.43999237667428526 3
      vertex -108.31207390469142 0.43999237667428526 0
      vertex -108.27978122014169 0.5464470910153747 3
    endloop
  endfacet
  facet normal 0.9359059267573061 -0.35225004792128556 0
    outer loop
      vertex -108.27978122014169 0.5464470910153747 3
      vertex -108.27978122014169 0.5464470910153747 0
      vertex -108.24059520526919 0.6505618350206526 3
    endloop
  endfacet
  facet normal 0.9108638249211992 -0.41270702980434326 0
    outer loop
      vertex -108.24059520526919 0.6505618350206526 3
      vertex -108.24059520526919 0.6505618350206526 0
      vertex -108.19468366060558 0.7518907733723021 3
    endloop
  endfacet
  facet normal 0.881921264348333 -0.4713967368260391 0
    outer loop
      vertex -108.19468366060558 0.7518907733723021 3
      vertex -108.19468366060558 0.7518907733723021 0
      vertex -108.14224318643355 0.85 3
    endloop
  endfacet
  facet normal 0.8492021815265958 -0.5280678506503407 0
    outer loop
      vertex -108.14224318643355 0.85 3
      vertex -108.14224318643355 0.85 0
      vertex -108.08349834091433 0.9444693961333237 3
    endloop
  endfacet
  facet normal 0.8128466845916289 -0.5824776968677832 0
    outer loop
      vertex -108.08349834091433 0.9444693961333237 3
      vertex -108.08349834091433 0.9444693961333237 0
      vertex -108.01870067849511 1.034894429314825 3
    endloop
  endfacet
  facet normal 0.7730104533627122 -0.6343932841636755 0
    outer loop
      vertex -108.01870067849511 1.034894429314825 3
      vertex -108.01870067849511 1.034894429314825 0
      vertex -107.94812767271426 1.120887885670117 3
    endloop
  endfacet
  facet normal 0.7298640726978373 -0.6835923020228695 0
    outer loop
      vertex -107.94812767271426 1.120887885670117 3
      vertex -107.94812767271426 1.120887885670117 0
      vertex -107.87208152801713 1.2020815280171309 3
    endloop
  endfacet
  facet normal 0.6835923020228556 -0.7298640726978504 0
    outer loop
      vertex -107.87208152801713 1.2020815280171309 3
      vertex -107.87208152801713 1.2020815280171309 0
      vertex -107.79088788567012 1.2781276727142616 3
    endloop
  endfacet
  facet normal 0.6343932841636857 -0.7730104533627039 0
    outer loop
      vertex -107.79088788567012 1.2781276727142616 3
      vertex -107.79088788567012 1.2781276727142616 0
      vertex -107.70489442931483 1.3487006784950997 3
    endloop
  endfacet
  facet normal 0.5824776968677934 -0.8128466845916215 0
    outer loop
      vertex -107.70489442931483 1.3487006784950997 3
      vertex -107.70489442931483 1.3487006784950997 0
      vertex -107.61446939613333 1.413498340914327 3
    endloop
  endfacet
  facet normal 0.5280678506503256 -0.8492021815266053 0
    outer loop
      vertex -107.61446939613333 1.413498340914327 3
      vertex -107.61446939613333 1.413498340914327 0
      vertex -107.52 1.4722431864335457 3
    endloop
  endfacet
  facet normal 0.4713967368259934 -0.8819212643483573 0
    outer loop
      vertex -107.52 1.4722431864335457 3
      vertex -107.52 1.4722431864335457 0
      vertex -107.4218907733723 1.52468366060557 3
    endloop
  endfacet
  facet normal 0.41270702980441937 -0.9108638249211647 0
    outer loop
      vertex -107.4218907733723 1.52468366060557 3
      vertex -107.4218907733723 1.52468366060557 0
      vertex -107.32056183502065 1.5705952052691874 3
    endloop
  endfacet
  facet normal 0.35225004792125064 -0.9359059267573193 0
    outer loop
      vertex -107.32056183502065 1.5705952052691874 3
      vertex -107.32056183502065 1.5705952052691874 0
      vertex -107.21644709101538 1.6097812201416797 3
    endloop
  endfacet
  facet normal 0.29028467725444157 -0.9569403357322152 0
    outer loop
      vertex -107.21644709101538 1.6097812201416797 3
      vertex -107.21644709101538 1.6097812201416797 0
      vertex -107.10999237667428 1.6420739046914161 3
    endloop
  endfacet
  facet normal 0.22707626303438427 -0.9738769792773312 0
    outer loop
      vertex -107.10999237667428 1.6420739046914161 3
      vertex -107.10999237667428 1.6420739046914161 0
      vertex -107.00165354742742 1.6673349766854917 3
    endloop
  endfacet
  facet normal 0.16289547339459123 -0.9866433320848785 0
    outer loop
      vertex -107.00165354742742 1.6673349766854917 3
      vertex -107.00165354742742 1.6673349766854917 0
      vertex -106.8918945267741 1.6854562643354776 3
    endloop
  endfacet
  facet normal 0.09801714032955713 -0.9951847266721973 0
    outer loop
      vertex -106.8918945267741 1.6854562643354776 3
      vertex -106.8918945267741 1.6854562643354776 0
      vertex -106.78118531969125 1.6963601695056258 3
    endloop
  endfacet
  facet normal 0.03271908282177627 -0.9994645874763656 0
    outer loop
      vertex -106.78118531969125 1.6963601695056258 3
      vertex -106.78118531969125 1.6963601695056258 0
      vertex -106.67 1.7 3
    endloop
  endfacet
  facet normal -0.09801714032955713 -0.9951847266721973 -2.746605188369776e-19
    outer loop
      vertex -106.44810547322591 1.6854562643354776 3
      vertex -106.55881468030876 1.6963601695056258 3
      vertex -106.55881468030876 1.6963601695056258 0
    endloop
  endfacet
  facet normal -0.16289547339459123 -0.9866433320848785 0
    outer loop
      vertex -106.44810547322591 1.6854562643354776 3
      vertex -106.44810547322591 1.6854562643354776 0
      vertex -106.33834645257258 1.6673349766854917 3
    endloop
  endfacet
  facet normal -0.22707626303438427 -0.9738769792773312 0
    outer loop
      vertex -106.33834645257258 1.6673349766854917 3
      vertex -106.33834645257258 1.6673349766854917 0
      vertex -106.23000762332572 1.6420739046914161 3
    endloop
  endfacet
  facet normal -0.29028467725444157 -0.9569403357322152 0
    outer loop
      vertex -106.23000762332572 1.6420739046914161 3
      vertex -106.23000762332572 1.6420739046914161 0
      vertex -106.12355290898462 1.6097812201416797 3
    endloop
  endfacet
  facet normal -0.35225004792125064 -0.9359059267573193 0
    outer loop
      vertex -106.12355290898462 1.6097812201416797 3
      vertex -106.12355290898462 1.6097812201416797 0
      vertex -106.01943816497935 1.5705952052691874 3
    endloop
  endfacet
  facet normal -0.41270702980441937 -0.9108638249211647 0
    outer loop
      vertex -106.01943816497935 1.5705952052691874 3
      vertex -106.01943816497935 1.5705952052691874 0
      vertex -105.9181092266277 1.52468366060557 3
    endloop
  endfacet
  facet normal -0.5280678506503256 -0.8492021815266053 0
    outer loop
      vertex -105.82000000000001 1.4722431864335457 3
      vertex -105.82000000000001 1.4722431864335457 0
      vertex -105.72553060386667 1.413498340914327 3
    endloop
  endfacet
  facet normal -0.4713967368259934 -0.8819212643483573 0
    outer loop
      vertex -105.9181092266277 1.52468366060557 3
      vertex -105.9181092266277 1.52468366060557 0
      vertex -105.82000000000001 1.4722431864335457 3
    endloop
  endfacet
  facet normal -0.6835923020228556 -0.7298640726978504 -2.5535164367978677e-19
    outer loop
      vertex -105.46791847198287 1.2020815280171309 3
      vertex -105.54911211432989 1.2781276727142616 3
      vertex -105.54911211432989 1.2781276727142616 0
    endloop
  endfacet
  facet normal -0.8128466845916289 -0.5824776968677832 0
    outer loop
      vertex -105.3212993215049 1.034894429314825 3
      vertex -105.3212993215049 1.034894429314825 0
      vertex -105.25650165908567 0.9444693961333237 3
    endloop
  endfacet
  facet normal -0.7298640726978373 -0.6835923020228695 0
    outer loop
      vertex -105.46791847198287 1.2020815280171309 3
      vertex -105.46791847198287 1.2020815280171309 0
      vertex -105.39187232728574 1.120887885670117 3
    endloop
  endfacet
  facet normal -0.7730104533627122 -0.6343932841636755 -3.5573870785851404e-19
    outer loop
      vertex -105.3212993215049 1.034894429314825 3
      vertex -105.39187232728574 1.120887885670117 3
      vertex -105.39187232728574 1.120887885670117 0
    endloop
  endfacet
  facet normal -0.5824776968677934 -0.8128466845916215 0
    outer loop
      vertex -105.72553060386667 1.413498340914327 3
      vertex -105.72553060386667 1.413498340914327 0
      vertex -105.63510557068517 1.3487006784950997 3
    endloop
  endfacet
  facet normal -0.6343932841636857 -0.7730104533627039 0
    outer loop
      vertex -105.63510557068517 1.3487006784950997 3
      vertex -105.63510557068517 1.3487006784950997 0
      vertex -105.54911211432989 1.2781276727142616 3
    endloop
  endfacet
  facet normal -0.03271908282177627 -0.9994645874763656 0
    outer loop
      vertex -106.67 1.7 3
      vertex -106.67 1.7 0
      vertex -106.55881468030876 1.6963601695056258 3
    endloop
  endfacet
  facet normal -0.9994645874763642 -0.03271908282181864 -4.95874081130228e-20
    outer loop
      vertex -104.97 0 3
      vertex -104.97363983049438 0.1111853196912432 3
      vertex -104.97363983049438 0.1111853196912432 0
    endloop
  endfacet
  facet normal -0.9951847266721928 -0.09801714032960228 0
    outer loop
      vertex -104.98454373566453 0.22189452677408766 3
      vertex -104.98454373566453 0.22189452677408766 0
      vertex -104.97363983049438 0.1111853196912432 3
    endloop
  endfacet
  facet normal -0.9866433320848937 -0.16289547339449886 -4.960655542694116e-19
    outer loop
      vertex -104.98454373566453 0.22189452677408766 3
      vertex -105.0026650233145 0.33165354742741804 3
      vertex -105.0026650233145 0.33165354742741804 0
    endloop
  endfacet
  facet normal -0.9738769792773242 -0.22707626303441397 -4.461311539441881e-19
    outer loop
      vertex -105.0026650233145 0.33165354742741804 3
      vertex -105.02792609530859 0.43999237667428526 3
      vertex -105.02792609530859 0.43999237667428526 0
    endloop
  endfacet
  facet normal -0.9359059267573061 -0.35225004792128556 4.099762283662766e-19
    outer loop
      vertex -105.06021877985832 0.5464470910153747 3
      vertex -105.09940479473082 0.6505618350206526 3
      vertex -105.09940479473082 0.6505618350206526 0
    endloop
  endfacet
  facet normal -0.9108638249211992 -0.41270702980434326 -3.285985199700812e-19
    outer loop
      vertex -105.09940479473082 0.6505618350206526 3
      vertex -105.14531633939443 0.7518907733723021 3
      vertex -105.14531633939443 0.7518907733723021 0
    endloop
  endfacet
  facet normal -0.881921264348333 -0.4713967368260391 -8.42472064061731e-19
    outer loop
      vertex -105.14531633939443 0.7518907733723021 3
      vertex -105.19775681356646 0.85 3
      vertex -105.19775681356646 0.85 0
    endloop
  endfacet
  facet normal -0.9569403357322234 -0.2902846772544146 5.288892815126859e-19
    outer loop
      vertex -105.02792609530859 0.43999237667428526 3
      vertex -105.06021877985832 0.5464470910153747 3
      vertex -105.06021877985832 0.5464470910153747 0
    endloop
  endfacet
  facet normal -0.8492021815265958 -0.5280678506503407 0
    outer loop
      vertex -105.25650165908567 0.9444693961333237 3
      vertex -105.25650165908567 0.9444693961333237 0
      vertex -105.19775681356646 0.85 3
    endloop
  endfacet
  facet normal 0 0 -1
    outer loop
      vertex -108.36636016950563 -0.1111853196912432 3
      vertex -108.37 0 3
      vertex -108.36636016950563 0.1111853196912432 3
    endloop
  endfacet
  facet normal 0 0 -1
    outer loop
      vertex -108.35545626433547 -0.22189452677408766 3
      vertex -108.36636016950563 0.1111853196912432 3
      vertex -108.35545626433547 0.22189452677408766 3
    endloop
  endfacet
  facet normal 0 0 -1
    outer loop
      vertex -108.3373349766855 -0.33165354742741804 3
      vertex -108.35545626433547 0.22189452677408766 3
      vertex -108.3373349766855 0.33165354742741804 3
    endloop
  endfacet
  facet normal 0 0 -1
    outer loop
      vertex -108.31207390469142 -0.43999237667428526 3
      vertex -108.3373349766855 0.33165354742741804 3
      vertex -108.31207390469142 0.43999237667428526 3
    endloop
  endfacet
  facet normal 0 0 -1
    outer loop
      vertex -108.27978122014169 -0.5464470910153747 3
      vertex -108.31207390469142 0.43999237667428526 3
      vertex -108.27978122014169 0.5464470910153747 3
    endloop
  endfacet
  facet normal 0 0 -1
    outer loop
      vertex -108.24059520526919 -0.6505618350206526 3
      vertex -108.27978122014169 0.5464470910153747 3
      vertex -108.24059520526919 0.6505618350206526 3
    endloop
  endfacet
  facet normal 0 0 -1
    outer loop
      vertex -108.19468366060558 -0.7518907733723021 3
      vertex -108.24059520526919 0.6505618350206526 3
      vertex -108.19468366060558 0.7518907733723021 3
    endloop
  endfacet
  facet normal 0 0 -1
    outer loop
      vertex -108.14224318643355 -0.85 3
      vertex -108.19468366060558 0.7518907733723021 3
      vertex -108.14224318643355 0.85 3
    endloop
  endfacet
  facet normal 0 0 -1
    outer loop
      vertex -108.08349834091433 -0.9444693961333237 3
      vertex -108.14224318643355 0.85 3
      vertex -108.08349834091433 0.9444693961333237 3
    endloop
  endfacet
  facet normal 0 0 -1
    outer loop
      vertex -108.01870067849511 -1.034894429314825 3
      vertex -108.08349834091433 0.9444693961333237 3
      vertex -108.01870067849511 1.034894429314825 3
    endloop
  endfacet
  facet normal 0 0 -1
    outer loop
      vertex -107.94812767271426 -1.120887885670117 3
      vertex -108.01870067849511 1.034894429314825 3
      vertex -107.94812767271426 1.120887885670117 3
    endloop
  endfacet
  facet normal 0 0 -1
    outer loop
      vertex -107.87208152801713 -1.2020815280171309 3
      vertex -107.94812767271426 1.120887885670117 3
      vertex -107.87208152801713 1.2020815280171309 3
    endloop
  endfacet
  facet normal 0 0 -1
    outer loop
      vertex -107.79088788567012 -1.2781276727142616 3
      vertex -107.87208152801713 1.2020815280171309 3
      vertex -107.79088788567012 1.2781276727142616 3
    endloop
  endfacet
  facet normal 0 0 -1
    outer loop
      vertex -107.70489442931483 -1.3487006784950997 3
      vertex -107.79088788567012 1.2781276727142616 3
      vertex -107.70489442931483 1.3487006784950997 3
    endloop
  endfacet
  facet normal 0 0 -1
    outer loop
      vertex -107.61446939613333 -1.413498340914327 3
      vertex -107.70489442931483 1.3487006784950997 3
      vertex -107.61446939613333 1.413498340914327 3
    endloop
  endfacet
  facet normal 0 0 -1
    outer loop
      vertex -107.52 -1.4722431864335457 3
      vertex -107.61446939613333 1.413498340914327 3
      vertex -107.52 1.4722431864335457 3
    endloop
  endfacet
  facet normal 0 0 -1
    outer loop
      vertex -107.4218907733723 -1.52468366060557 3
      vertex -107.52 1.4722431864335457 3
      vertex -107.4218907733723 1.52468366060557 3
    endloop
  endfacet
  facet normal 0 0 -1
    outer loop
      vertex -107.32056183502065 -1.5705952052691874 3
      vertex -107.4218907733723 1.52468366060557 3
      vertex -107.32056183502065 1.5705952052691874 3
    endloop
  endfacet
  facet normal 0 0 -1
    outer loop
      vertex -107.21644709101538 -1.6097812201416797 3
      vertex -107.32056183502065 1.5705952052691874 3
      vertex -107.21644709101538 1.6097812201416797 3
    endloop
  endfacet
  facet normal 0 0 -1
    outer loop
      vertex -107.10999237667428 -1.6420739046914161 3
      vertex -107.21644709101538 1.6097812201416797 3
      vertex -107.10999237667428 1.6420739046914161 3
    endloop
  endfacet
  facet normal 0 0 -1
    outer loop
      vertex -107.00165354742742 -1.6673349766854917 3
      vertex -107.10999237667428 1.6420739046914161 3
      vertex -107.00165354742742 1.6673349766854917 3
    endloop
  endfacet
  facet normal 0 0 -1
    outer loop
      vertex -106.8918945267741 -1.6854562643354776 3
      vertex -107.00165354742742 1.6673349766854917 3
      vertex -106.8918945267741 1.6854562643354776 3
    endloop
  endfacet
  facet normal 0 0 -1
    outer loop
      vertex -106.78118531969125 -1.6963601695056258 3
      vertex -106.8918945267741 1.6854562643354776 3
      vertex -106.78118531969125 1.6963601695056258 3
    endloop
  endfacet
  facet normal 0 0 -1
    outer loop
      vertex -106.67 -1.7 3
      vertex -106.78118531969125 1.6963601695056258 3
      vertex -106.67 1.7 3
    endloop
  endfacet
  facet normal 0 0 -1
    outer loop
      vertex -106.55881468030876 -1.6963601695056258 3
      vertex -106.67 1.7 3
      vertex -106.55881468030876 1.6963601695056258 3
    endloop
  endfacet
  facet normal 0 0 -1
    outer loop
      vertex -106.44810547322591 -1.6854562643354776 3
      vertex -106.55881468030876 1.6963601695056258 3
      vertex -106.44810547322591 1.6854562643354776 3
    endloop
  endfacet
  facet normal 0 0 -1
    outer loop
      vertex -106.33834645257258 -1.6673349766854917 3
      vertex -106.44810547322591 1.6854562643354776 3
      vertex -106.33834645257258 1.6673349766854917 3
    endloop
  endfacet
  facet normal 0 0 -1
    outer loop
      vertex -106.23000762332572 -1.6420739046914161 3
      vertex -106.33834645257258 1.6673349766854917 3
      vertex -106.23000762332572 1.6420739046914161 3
    endloop
  endfacet
  facet normal 0 0 -1
    outer loop
      vertex -106.12355290898462 -1.6097812201416797 3
      vertex -106.23000762332572 1.6420739046914161 3
      vertex -106.12355290898462 1.6097812201416797 3
    endloop
  endfacet
  facet normal 0 0 -1
    outer loop
      vertex -106.01943816497935 -1.5705952052691874 3
      vertex -106.12355290898462 1.6097812201416797 3
      vertex -106.01943816497935 1.5705952052691874 3
    endloop
  endfacet
  facet normal 0 0 -1
    outer loop
      vertex -105.9181092266277 -1.52468366060557 3
      vertex -106.01943816497935 1.5705952052691874 3
      vertex -105.9181092266277 1.52468366060557 3
    endloop
  endfacet
  facet normal 0 0 -1
    outer loop
      vertex -105.82000000000001 -1.4722431864335457 3
      vertex -105.9181092266277 1.52468366060557 3
      vertex -105.82000000000001 1.4722431864335457 3
    endloop
  endfacet
  facet normal 0 0 -1
    outer loop
      vertex -105.72553060386667 -1.413498340914327 3
      vertex -105.82000000000001 1.4722431864335457 3
      vertex -105.72553060386667 1.413498340914327 3
    endloop
  endfacet
  facet normal 0 0 -1
    outer loop
      vertex -105.39187232728574 -1.120887885670117 3
      vertex -105.46791847198287 1.2020815280171309 3
      vertex -105.39187232728574 1.120887885670117 3
    endloop
  endfacet
  facet normal 0 0 -1
    outer loop
      vertex -105.3212993215049 -1.034894429314825 3
      vertex -105.39187232728574 1.120887885670117 3
      vertex -105.3212993215049 1.034894429314825 3
    endloop
  endfacet
  facet normal 0 0 -1
    outer loop
      vertex -105.25650165908567 -0.9444693961333237 3
      vertex -105.3212993215049 1.034894429314825 3
      vertex -105.25650165908567 0.9444693961333237 3
    endloop
  endfacet
  facet normal 0 0 -1
    outer loop
      vertex -105.63510557068517 -1.3487006784950997 3
      vertex -105.72553060386667 1.413498340914327 3
      vertex -105.63510557068517 1.3487006784950997 3
    endloop
  endfacet
  facet normal 0 0 -1
    outer loop
      vertex -105.54911211432989 -1.2781276727142616 3
      vertex -105.63510557068517 1.3487006784950997 3
      vertex -105.54911211432989 1.2781276727142616 3
    endloop
  endfacet
  facet normal 0 0 -1
    outer loop
      vertex -105.46791847198287 -1.2020815280171309 3
      vertex -105.54911211432989 1.2781276727142616 3
      vertex -105.46791847198287 1.2020815280171309 3
    endloop
  endfacet
  facet normal 0 0 -1
    outer loop
      vertex -105.19775681356646 -0.85 3
      vertex -105.25650165908567 0.9444693961333237 3
      vertex -105.19775681356646 0.85 3
    endloop
  endfacet
  facet normal 0 0 -1
    outer loop
      vertex -105.14531633939443 -0.7518907733723021 3
      vertex -105.19775681356646 0.85 3
      vertex -105.14531633939443 0.7518907733723021 3
    endloop
  endfacet
  facet normal 0 0 -1
    outer loop
      vertex -105.09940479473082 -0.6505618350206526 3
      vertex -105.14531633939443 0.7518907733723021 3
      vertex -105.09940479473082 0.6505618350206526 3
    endloop
  endfacet
  facet normal 0 0 -1
    outer loop
      vertex -105.06021877985832 -0.5464470910153747 3
      vertex -105.09940479473082 0.6505618350206526 3
      vertex -105.06021877985832 0.5464470910153747 3
    endloop
  endfacet
  facet normal 0 0 -1
    outer loop
      vertex -105.02792609530859 -0.43999237667428526 3
      vertex -105.06021877985832 0.5464470910153747 3
      vertex -105.02792609530859 0.43999237667428526 3
    endloop
  endfacet
  facet normal 0 0 -1
    outer loop
      vertex -105.0026650233145 -0.33165354742741804 3
      vertex -105.02792609530859 0.43999237667428526 3
      vertex -105.0026650233145 0.33165354742741804 3
    endloop
  endfacet
  facet normal 0 0 -1
    outer loop
      vertex -104.98454373566453 -0.22189452677408766 3
      vertex -105.0026650233145 0.33165354742741804 3
      vertex -104.98454373566453 0.22189452677408766 3
    endloop
  endfacet
  facet normal 0 0 -1
    outer loop
      vertex -104.97363983049438 -0.1111853196912432 3
      vertex -104.97363983049438 0.1111853196912432 3
      vertex -104.97 0 3
    endloop
  endfacet
  facet normal 0 0 -1
    outer loop
      vertex -104.97363983049438 -0.1111853196912432 3
      vertex -104.98454373566453 0.22189452677408766 3
      vertex -104.97363983049438 0.1111853196912432 3
    endloop
  endfacet
  facet normal 0.7730104533626785 0.6343932841637167 0
    outer loop
      vertex -76.77578102766414 -76.46197477848386 3
      vertex -76.7052080218833 -76.54796823483915 0
      vertex -76.77578102766414 -76.46197477848386 0
    endloop
  endfacet
  facet normal 0.7298640726978513 0.6835923020228546 0
    outer loop
      vertex -76.7052080218833 -76.54796823483915 3
      vertex -76.62916187718616 -76.62916187718616 0
      vertex -76.7052080218833 -76.54796823483915 0
    endloop
  endfacet
  facet normal 0.6343932841637167 0.7730104533626785 0
    outer loop
      vertex -76.54796823483915 -76.7052080218833 3
      vertex -76.46197477848386 -76.77578102766414 0
      vertex -76.54796823483915 -76.7052080218833 0
    endloop
  endfacet
  facet normal 0.5824776968677736 0.8128466845916357 0
    outer loop
      vertex -76.46197477848386 -76.77578102766414 3
      vertex -76.37154974530236 -76.84057869008336 0
      vertex -76.46197477848386 -76.77578102766414 0
    endloop
  endfacet
  facet normal 0.6835923020228546 0.7298640726978513 0
    outer loop
      vertex -76.62916187718616 -76.62916187718616 3
      vertex -76.54796823483915 -76.7052080218833 0
      vertex -76.62916187718616 -76.62916187718616 0
    endloop
  endfacet
  facet normal 0.8492021815266223 0.5280678506502982 0
    outer loop
      vertex -76.89932353560258 -76.27708034916903 3
      vertex -76.84057869008336 -76.37154974530236 0
      vertex -76.89932353560258 -76.27708034916903 0
    endloop
  endfacet
  facet normal 0.8819212643483348 0.47139673682603533 0
    outer loop
      vertex -76.9517640097746 -76.17897112254133 3
      vertex -76.89932353560258 -76.27708034916903 0
      vertex -76.9517640097746 -76.17897112254133 0
    endloop
  endfacet
  facet normal 0.9108638249211879 0.41270702980436796 0
    outer loop
      vertex -76.99767555443822 -76.07764218418968 3
      vertex -76.9517640097746 -76.17897112254133 0
      vertex -76.99767555443822 -76.07764218418968 0
    endloop
  endfacet
  facet normal 0.9359059267573001 0.3522500479213013 0
    outer loop
      vertex -77.03686156931072 -75.97352744018441 3
      vertex -76.99767555443822 -76.07764218418968 0
      vertex -77.03686156931072 -75.97352744018441 0
    endloop
  endfacet
  facet normal 0.9569403357322296 0.29028467725439405 0
    outer loop
      vertex -77.06915425386045 -75.86707272584331 3
      vertex -77.03686156931072 -75.97352744018441 0
      vertex -77.06915425386045 -75.86707272584331 0
    endloop
  endfacet
  facet normal 0.9738769792773214 0.2270762630344259 0
    outer loop
      vertex -77.09441532585453 -75.75873389659645 3
      vertex -77.06915425386045 -75.86707272584331 0
      vertex -77.09441532585453 -75.75873389659645 0
    endloop
  endfacet
  facet normal 0.9866433320848933 0.16289547339450183 0
    outer loop
      vertex -77.1125366135045 -75.64897487594313 3
      vertex -77.09441532585453 -75.75873389659645 0
      vertex -77.1125366135045 -75.64897487594313 0
    endloop
  endfacet
  facet normal 0.9951847266721932 0.09801714032959864 0
    outer loop
      vertex -77.12344051867466 -75.53826566886028 3
      vertex -77.1125366135045 -75.64897487594313 0
      vertex -77.12344051867466 -75.53826566886028 0
    endloop
  endfacet
  facet normal 0.8128466845916357 0.5824776968677736 0
    outer loop
      vertex -76.84057869008336 -76.37154974530236 3
      vertex -76.77578102766414 -76.46197477848386 0
      vertex -76.84057869008336 -76.37154974530236 0
    endloop
  endfacet
  facet normal 0.9994645874763642 0.03271908282181814 0
    outer loop
      vertex -77.12708034916903 -75.42708034916903 3
      vertex -77.12344051867466 -75.53826566886028 0
      vertex -77.12708034916903 -75.42708034916903 0
    endloop
  endfacet
  facet normal 0.9994645874763642 -0.03271908282181814 0
    outer loop
      vertex -77.12344051867466 -75.31589502947779 3
      vertex -77.12708034916903 -75.42708034916903 0
      vertex -77.12344051867466 -75.31589502947779 0
    endloop
  endfacet
  facet normal 0.9951847266721932 -0.09801714032959864 0
    outer loop
      vertex -77.1125366135045 -75.20518582239494 3
      vertex -77.12344051867466 -75.31589502947779 0
      vertex -77.1125366135045 -75.20518582239494 0
    endloop
  endfacet
  facet normal 0.9866433320848933 -0.16289547339450183 0
    outer loop
      vertex -77.09441532585453 -75.09542680174161 3
      vertex -77.1125366135045 -75.20518582239494 0
      vertex -77.09441532585453 -75.09542680174161 0
    endloop
  endfacet
  facet normal 0.9738769792773214 -0.2270762630344259 0
    outer loop
      vertex -77.06915425386045 -74.98708797249475 3
      vertex -77.09441532585453 -75.09542680174161 0
      vertex -77.06915425386045 -74.98708797249475 0
    endloop
  endfacet
  facet normal 0.9569403357322296 -0.29028467725439405 0
    outer loop
      vertex -77.03686156931072 -74.88063325815365 3
      vertex -77.06915425386045 -74.98708797249475 0
      vertex -77.03686156931072 -74.88063325815365 0
    endloop
  endfacet
  facet normal 0.9359059267573001 -0.3522500479213013 0
    outer loop
      vertex -76.99767555443822 -74.77651851414838 3
      vertex -77.03686156931072 -74.88063325815365 0
      vertex -76.99767555443822 -74.77651851414838 0
    endloop
  endfacet
  facet normal 0.5280678506502982 0.8492021815266223 0
    outer loop
      vertex -76.37154974530236 -76.84057869008336 3
      vertex -76.27708034916903 -76.89932353560258 0
      vertex -76.37154974530236 -76.84057869008336 0
    endloop
  endfacet
  facet normal 0.47139673682603533 0.8819212643483348 0
    outer loop
      vertex -76.27708034916903 -76.89932353560258 3
      vertex -76.17897112254133 -76.9517640097746 0
      vertex -76.27708034916903 -76.89932353560258 0
    endloop
  endfacet
  facet normal 0.41270702980436796 0.9108638249211879 0
    outer loop
      vertex -76.17897112254133 -76.9517640097746 3
      vertex -76.07764218418968 -76.99767555443822 0
      vertex -76.17897112254133 -76.9517640097746 0
    endloop
  endfacet
  facet normal 0.3522500479213013 0.9359059267573001 0
    outer loop
      vertex -76.07764218418968 -76.99767555443822 3
      vertex -75.97352744018441 -77.03686156931072 0
      vertex -76.07764218418968 -76.99767555443822 0
    endloop
  endfacet
  facet normal 0.29028467725439405 0.9569403357322296 0
    outer loop
      vertex -75.97352744018441 -77.03686156931072 3
      vertex -75.86707272584331 -77.06915425386045 0
      vertex -75.97352744018441 -77.03686156931072 0
    endloop
  endfacet
  facet normal 0.2270762630344259 0.9738769792773214 0
    outer loop
      vertex -75.86707272584331 -77.06915425386045 3
      vertex -75.75873389659645 -77.09441532585453 0
      vertex -75.86707272584331 -77.06915425386045 0
    endloop
  endfacet
  facet normal 0.16289547339450183 0.9866433320848933 0
    outer loop
      vertex -75.75873389659645 -77.09441532585453 3
      vertex -75.64897487594313 -77.1125366135045 0
      vertex -75.75873389659645 -77.09441532585453 0
    endloop
  endfacet
  facet normal 0.09801714032959864 0.9951847266721932 0
    outer loop
      vertex -75.64897487594313 -77.1125366135045 3
      vertex -75.53826566886028 -77.12344051867466 0
      vertex -75.64897487594313 -77.1125366135045 0
    endloop
  endfacet
  facet normal 0.03271908282181814 0.9994645874763642 0
    outer loop
      vertex -75.53826566886028 -77.12344051867466 3
      vertex -75.42708034916903 -77.12708034916903 0
      vertex -75.53826566886028 -77.12344051867466 0
    endloop
  endfacet
  facet normal -0.03271908282181814 0.9994645874763642 0
    outer loop
      vertex -75.42708034916903 -77.12708034916903 3
      vertex -75.31589502947779 -77.12344051867466 0
      vertex -75.42708034916903 -77.12708034916903 0
    endloop
  endfacet
  facet normal -0.09801714032959864 0.9951847266721932 0
    outer loop
      vertex -75.31589502947779 -77.12344051867466 3
      vertex -75.20518582239494 -77.1125366135045 0
      vertex -75.31589502947779 -77.12344051867466 0
    endloop
  endfacet
  facet normal -0.16289547339450183 0.9866433320848933 0
    outer loop
      vertex -75.20518582239494 -77.1125366135045 3
      vertex -75.09542680174161 -77.09441532585453 0
      vertex -75.20518582239494 -77.1125366135045 0
    endloop
  endfacet
  facet normal -0.2270762630344259 0.9738769792773214 0
    outer loop
      vertex -75.09542680174161 -77.09441532585453 3
      vertex -74.98708797249475 -77.06915425386045 0
      vertex -75.09542680174161 -77.09441532585453 0
    endloop
  endfacet
  facet normal -0.29028467725439405 0.9569403357322296 0
    outer loop
      vertex -74.98708797249475 -77.06915425386045 3
      vertex -74.88063325815365 -77.03686156931072 0
      vertex -74.98708797249475 -77.06915425386045 0
    endloop
  endfacet
  facet normal -0.3522500479213013 0.9359059267573001 0
    outer loop
      vertex -74.88063325815365 -77.03686156931072 3
      vertex -74.77651851414838 -76.99767555443822 0
      vertex -74.88063325815365 -77.03686156931072 0
    endloop
  endfacet
  facet normal -0.41270702980436796 0.9108638249211879 0
    outer loop
      vertex -74.77651851414838 -76.99767555443822 3
      vertex -74.67518957579674 -76.9517640097746 0
      vertex -74.77651851414838 -76.99767555443822 0
    endloop
  endfacet
  facet normal 0.9108638249211879 -0.41270702980436796 0
    outer loop
      vertex -76.9517640097746 -74.67518957579674 3
      vertex -76.99767555443822 -74.77651851414838 0
      vertex -76.9517640097746 -74.67518957579674 0
    endloop
  endfacet
  facet normal 0.8819212643483348 -0.47139673682603533 0
    outer loop
      vertex -76.89932353560258 -74.57708034916904 3
      vertex -76.9517640097746 -74.67518957579674 0
      vertex -76.89932353560258 -74.57708034916904 0
    endloop
  endfacet
  facet normal 0.8492021815266223 -0.5280678506502982 0
    outer loop
      vertex -76.84057869008336 -74.4826109530357 3
      vertex -76.89932353560258 -74.57708034916904 0
      vertex -76.84057869008336 -74.4826109530357 0
    endloop
  endfacet
  facet normal 0.8128466845916357 -0.5824776968677736 0
    outer loop
      vertex -76.77578102766414 -74.3921859198542 3
      vertex -76.84057869008336 -74.4826109530357 0
      vertex -76.77578102766414 -74.3921859198542 0
    endloop
  endfacet
  facet normal 0.7730104533626785 -0.6343932841637167 0
    outer loop
      vertex -76.7052080218833 -74.30619246349892 3
      vertex -76.77578102766414 -74.3921859198542 0
      vertex -76.7052080218833 -74.30619246349892 0
    endloop
  endfacet
  facet normal 0.7298640726978513 -0.6835923020228546 0
    outer loop
      vertex -76.62916187718616 -74.2249988211519 3
      vertex -76.7052080218833 -74.30619246349892 0
      vertex -76.62916187718616 -74.2249988211519 0
    endloop
  endfacet
  facet normal 0.6835923020228546 -0.7298640726978513 0
    outer loop
      vertex -76.54796823483915 -74.14895267645477 3
      vertex -76.62916187718616 -74.2249988211519 0
      vertex -76.54796823483915 -74.14895267645477 0
    endloop
  endfacet
  facet normal 0.6343932841637167 -0.7730104533626785 0
    outer loop
      vertex -76.46197477848386 -74.07837967067393 3
      vertex -76.54796823483915 -74.14895267645477 0
      vertex -76.46197477848386 -74.07837967067393 0
    endloop
  endfacet
  facet normal 0.5824776968677736 -0.8128466845916357 0
    outer loop
      vertex -76.37154974530236 -74.0135820082547 3
      vertex -76.46197477848386 -74.07837967067393 0
      vertex -76.37154974530236 -74.0135820082547 0
    endloop
  endfacet
  facet normal 0.5280678506502982 -0.8492021815266223 0
    outer loop
      vertex -76.27708034916903 -73.95483716273549 3
      vertex -76.37154974530236 -74.0135820082547 0
      vertex -76.27708034916903 -73.95483716273549 0
    endloop
  endfacet
  facet normal 0.47139673682603533 -0.8819212643483348 0
    outer loop
      vertex -76.17897112254133 -73.90239668856346 3
      vertex -76.27708034916903 -73.95483716273549 0
      vertex -76.17897112254133 -73.90239668856346 0
    endloop
  endfacet
  facet normal 0.41270702980436796 -0.9108638249211879 0
    outer loop
      vertex -76.07764218418968 -73.85648514389985 3
      vertex -76.17897112254133 -73.90239668856346 0
      vertex -76.07764218418968 -73.85648514389985 0
    endloop
  endfacet
  facet normal 0.3522500479213013 -0.9359059267573001 0
    outer loop
      vertex -75.97352744018441 -73.81729912902735 3
      vertex -76.07764218418968 -73.85648514389985 0
      vertex -75.97352744018441 -73.81729912902735 0
    endloop
  endfacet
  facet normal 0.29028467725439405 -0.9569403357322296 0
    outer loop
      vertex -75.86707272584331 -73.78500644447762 3
      vertex -75.97352744018441 -73.81729912902735 0
      vertex -75.86707272584331 -73.78500644447762 0
    endloop
  endfacet
  facet normal 0.2270762630344259 -0.9738769792773214 0
    outer loop
      vertex -75.75873389659645 -73.75974537248354 3
      vertex -75.86707272584331 -73.78500644447762 0
      vertex -75.75873389659645 -73.75974537248354 0
    endloop
  endfacet
  facet normal 0.16289547339450183 -0.9866433320848933 0
    outer loop
      vertex -75.64897487594313 -73.74162408483356 3
      vertex -75.75873389659645 -73.75974537248354 0
      vertex -75.64897487594313 -73.74162408483356 0
    endloop
  endfacet
  facet normal 0.09801714032959864 -0.9951847266721932 0
    outer loop
      vertex -75.53826566886028 -73.73072017966341 3
      vertex -75.64897487594313 -73.74162408483356 0
      vertex -75.53826566886028 -73.73072017966341 0
    endloop
  endfacet
  facet normal 0.03271908282181814 -0.9994645874763642 0
    outer loop
      vertex -75.42708034916903 -73.72708034916903 3
      vertex -75.53826566886028 -73.73072017966341 0
      vertex -75.42708034916903 -73.72708034916903 0
    endloop
  endfacet
  facet normal -0.03271908282181814 -0.9994645874763642 0
    outer loop
      vertex -75.31589502947779 -73.73072017966341 3
      vertex -75.42708034916903 -73.72708034916903 0
      vertex -75.31589502947779 -73.73072017966341 0
    endloop
  endfacet
  facet normal -0.09801714032959864 -0.9951847266721932 0
    outer loop
      vertex -75.20518582239494 -73.74162408483356 3
      vertex -75.31589502947779 -73.73072017966341 0
      vertex -75.20518582239494 -73.74162408483356 0
    endloop
  endfacet
  facet normal -0.16289547339450183 -0.9866433320848933 0
    outer loop
      vertex -75.09542680174161 -73.75974537248354 3
      vertex -75.20518582239494 -73.74162408483356 0
      vertex -75.09542680174161 -73.75974537248354 0
    endloop
  endfacet
  facet normal -0.2270762630344259 -0.9738769792773214 0
    outer loop
      vertex -74.98708797249475 -73.78500644447762 3
      vertex -75.09542680174161 -73.75974537248354 0
      vertex -74.98708797249475 -73.78500644447762 0
    endloop
  endfacet
  facet normal -0.29028467725439405 -0.9569403357322296 0
    outer loop
      vertex -74.88063325815365 -73.81729912902735 3
      vertex -74.98708797249475 -73.78500644447762 0
      vertex -74.88063325815365 -73.81729912902735 0
    endloop
  endfacet
  facet normal -0.3522500479213013 -0.9359059267573001 0
    outer loop
      vertex -74.77651851414838 -73.85648514389985 3
      vertex -74.88063325815365 -73.81729912902735 0
      vertex -74.77651851414838 -73.85648514389985 0
    endloop
  endfacet
  facet normal -0.47139673682603533 0.8819212643483348 0
    outer loop
      vertex -74.67518957579674 -76.9517640097746 3
      vertex -74.57708034916904 -76.89932353560258 0
      vertex -74.67518957579674 -76.9517640097746 0
    endloop
  endfacet
  facet normal -0.5280678506502982 0.8492021815266223 0
    outer loop
      vertex -74.57708034916904 -76.89932353560258 3
      vertex -74.4826109530357 -76.84057869008336 0
      vertex -74.57708034916904 -76.89932353560258 0
    endloop
  endfacet
  facet normal -0.5824776968677736 0.8128466845916357 0
    outer loop
      vertex -74.4826109530357 -76.84057869008336 3
      vertex -74.3921859198542 -76.77578102766414 0
      vertex -74.4826109530357 -76.84057869008336 0
    endloop
  endfacet
  facet normal -0.6343932841637167 0.7730104533626785 0
    outer loop
      vertex -74.3921859198542 -76.77578102766414 3
      vertex -74.30619246349892 -76.7052080218833 0
      vertex -74.3921859198542 -76.77578102766414 0
    endloop
  endfacet
  facet normal -0.6835923020228546 0.7298640726978513 0
    outer loop
      vertex -74.30619246349892 -76.7052080218833 3
      vertex -74.2249988211519 -76.62916187718616 0
      vertex -74.30619246349892 -76.7052080218833 0
    endloop
  endfacet
  facet normal -0.7298640726978513 0.6835923020228546 0
    outer loop
      vertex -74.2249988211519 -76.62916187718616 3
      vertex -74.14895267645477 -76.54796823483915 0
      vertex -74.2249988211519 -76.62916187718616 0
    endloop
  endfacet
  facet normal -0.7730104533626785 0.6343932841637167 0
    outer loop
      vertex -74.14895267645477 -76.54796823483915 3
      vertex -74.07837967067393 -76.46197477848386 0
      vertex -74.14895267645477 -76.54796823483915 0
    endloop
  endfacet
  facet normal -0.8128466845916357 0.5824776968677736 0
    outer loop
      vertex -74.07837967067393 -76.46197477848386 3
      vertex -74.0135820082547 -76.37154974530236 0
      vertex -74.07837967067393 -76.46197477848386 0
    endloop
  endfacet
  facet normal -0.8492021815266223 0.5280678506502982 0
    outer loop
      vertex -74.0135820082547 -76.37154974530236 3
      vertex -73.95483716273549 -76.27708034916903 0
      vertex -74.0135820082547 -76.37154974530236 0
    endloop
  endfacet
  facet normal -0.8819212643483348 0.47139673682603533 0
    outer loop
      vertex -73.95483716273549 -76.27708034916903 3
      vertex -73.90239668856346 -76.17897112254133 0
      vertex -73.95483716273549 -76.27708034916903 0
    endloop
  endfacet
  facet normal -0.9108638249211879 0.41270702980436796 0
    outer loop
      vertex -73.90239668856346 -76.17897112254133 3
      vertex -73.85648514389985 -76.07764218418968 0
      vertex -73.90239668856346 -76.17897112254133 0
    endloop
  endfacet
  facet normal -0.9108638249211879 -0.41270702980436796 0
    outer loop
      vertex -73.85648514389985 -74.77651851414838 3
      vertex -73.90239668856346 -74.67518957579674 0
      vertex -73.85648514389985 -74.77651851414838 0
    endloop
  endfacet
  facet normal -0.9359059267573001 0.3522500479213013 0
    outer loop
      vertex -73.85648514389985 -76.07764218418968 3
      vertex -73.81729912902735 -75.97352744018441 0
      vertex -73.85648514389985 -76.07764218418968 0
    endloop
  endfacet
  facet normal -0.9569403357322296 0.29028467725439405 0
    outer loop
      vertex -73.81729912902735 -75.97352744018441 3
      vertex -73.78500644447762 -75.86707272584331 0
      vertex -73.81729912902735 -75.97352744018441 0
    endloop
  endfacet
  facet normal -0.9738769792773214 0.2270762630344259 0
    outer loop
      vertex -73.78500644447762 -75.86707272584331 3
      vertex -73.75974537248354 -75.75873389659645 0
      vertex -73.78500644447762 -75.86707272584331 0
    endloop
  endfacet
  facet normal -0.9866433320848933 0.16289547339450183 0
    outer loop
      vertex -73.75974537248354 -75.75873389659645 3
      vertex -73.74162408483356 -75.64897487594313 0
      vertex -73.75974537248354 -75.75873389659645 0
    endloop
  endfacet
  facet normal -0.9951847266721932 0.09801714032959864 0
    outer loop
      vertex -73.74162408483356 -75.64897487594313 3
      vertex -73.73072017966341 -75.53826566886028 0
      vertex -73.74162408483356 -75.64897487594313 0
    endloop
  endfacet
  facet normal -0.9994645874763642 0.03271908282181814 0
    outer loop
      vertex -73.73072017966341 -75.53826566886028 3
      vertex -73.72708034916903 -75.42708034916903 0
      vertex -73.73072017966341 -75.53826566886028 0
    endloop
  endfacet
  facet normal -0.9994645874763642 -0.03271908282181814 0
    outer loop
      vertex -73.72708034916903 -75.42708034916903 3
      vertex -73.73072017966341 -75.31589502947779 0
      vertex -73.72708034916903 -75.42708034916903 0
    endloop
  endfacet
  facet normal -0.9951847266721932 -0.09801714032959864 0
    outer loop
      vertex -73.73072017966341 -75.31589502947779 3
      vertex -73.74162408483356 -75.20518582239494 0
      vertex -73.73072017966341 -75.31589502947779 0
    endloop
  endfacet
  facet normal -0.9866433320848933 -0.16289547339450183 0
    outer loop
      vertex -73.74162408483356 -75.20518582239494 3
      vertex -73.75974537248354 -75.09542680174161 0
      vertex -73.74162408483356 -75.20518582239494 0
    endloop
  endfacet
  facet normal -0.9738769792773214 -0.2270762630344259 0
    outer loop
      vertex -73.75974537248354 -75.09542680174161 3
      vertex -73.78500644447762 -74.98708797249475 0
      vertex -73.75974537248354 -75.09542680174161 0
    endloop
  endfacet
  facet normal -0.9569403357322296 -0.29028467725439405 0
    outer loop
      vertex -73.78500644447762 -74.98708797249475 3
      vertex -73.81729912902735 -74.88063325815365 0
      vertex -73.78500644447762 -74.98708797249475 0
    endloop
  endfacet
  facet normal -0.9359059267573001 -0.3522500479213013 0
    outer loop
      vertex -73.81729912902735 -74.88063325815365 3
      vertex -73.85648514389985 -74.77651851414838 0
      vertex -73.81729912902735 -74.88063325815365 0
    endloop
  endfacet
  facet normal -0.41270702980436796 -0.9108638249211879 0
    outer loop
      vertex -74.67518957579674 -73.90239668856346 3
      vertex -74.77651851414838 -73.85648514389985 0
      vertex -74.67518957579674 -73.90239668856346 0
    endloop
  endfacet
  facet normal -0.47139673682603533 -0.8819212643483348 0
    outer loop
      vertex -74.57708034916904 -73.95483716273549 3
      vertex -74.67518957579674 -73.90239668856346 0
      vertex -74.57708034916904 -73.95483716273549 0
    endloop
  endfacet
  facet normal -0.5280678506502982 -0.8492021815266223 0
    outer loop
      vertex -74.4826109530357 -74.0135820082547 3
      vertex -74.57708034916904 -73.95483716273549 0
      vertex -74.4826109530357 -74.0135820082547 0
    endloop
  endfacet
  facet normal -0.6343932841637167 -0.7730104533626785 0
    outer loop
      vertex -74.30619246349892 -74.14895267645477 3
      vertex -74.3921859198542 -74.07837967067393 0
      vertex -74.30619246349892 -74.14895267645477 0
    endloop
  endfacet
  facet normal -0.5824776968677736 -0.8128466845916357 0
    outer loop
      vertex -74.3921859198542 -74.07837967067393 3
      vertex -74.4826109530357 -74.0135820082547 0
      vertex -74.3921859198542 -74.07837967067393 0
    endloop
  endfacet
  facet normal -0.7730104533626785 -0.6343932841637167 0
    outer loop
      vertex -74.07837967067393 -74.3921859198542 3
      vertex -74.14895267645477 -74.30619246349892 0
      vertex -74.07837967067393 -74.3921859198542 0
    endloop
  endfacet
  facet normal -0.8819212643483348 -0.47139673682603533 0
    outer loop
      vertex -73.90239668856346 -74.67518957579674 3
      vertex -73.95483716273549 -74.57708034916904 0
      vertex -73.90239668856346 -74.67518957579674 0
    endloop
  endfacet
  facet normal -0.8492021815266223 -0.5280678506502982 0
    outer loop
      vertex -73.95483716273549 -74.57708034916904 3
      vertex -74.0135820082547 -74.4826109530357 0
      vertex -73.95483716273549 -74.57708034916904 0
    endloop
  endfacet
  facet normal -0.8128466845916357 -0.5824776968677736 0
    outer loop
      vertex -74.0135820082547 -74.4826109530357 3
      vertex -74.07837967067393 -74.3921859198542 0
      vertex -74.0135820082547 -74.4826109530357 0
    endloop
  endfacet
  facet normal -0.7298640726978513 -0.6835923020228546 0
    outer loop
      vertex -74.14895267645477 -74.30619246349892 3
      vertex -74.2249988211519 -74.2249988211519 0
      vertex -74.14895267645477 -74.30619246349892 0
    endloop
  endfacet
  facet normal -0.6835923020228546 -0.7298640726978513 0
    outer loop
      vertex -74.2249988211519 -74.2249988211519 3
      vertex -74.30619246349892 -74.14895267645477 0
      vertex -74.2249988211519 -74.2249988211519 0
    endloop
  endfacet
  facet normal 0.7730104533626785 0.6343932841637167 0
    outer loop
      vertex -76.7052080218833 -76.54796823483915 3
      vertex -76.7052080218833 -76.54796823483915 0
      vertex -76.77578102766414 -76.46197477848386 3
    endloop
  endfacet
  facet normal 0.8128466845916357 0.5824776968677736 3.6931902391075436e-19
    outer loop
      vertex -76.84057869008336 -76.37154974530236 3
      vertex -76.77578102766414 -76.46197477848386 3
      vertex -76.77578102766414 -76.46197477848386 0
    endloop
  endfacet
  facet normal 0.7298640726978513 0.6835923020228546 0
    outer loop
      vertex -76.62916187718616 -76.62916187718616 3
      vertex -76.62916187718616 -76.62916187718616 0
      vertex -76.7052080218833 -76.54796823483915 3
    endloop
  endfacet
  facet normal 0.6343932841637167 0.7730104533626785 -8.730397515535718e-19
    outer loop
      vertex -76.54796823483915 -76.7052080218833 3
      vertex -76.46197477848386 -76.77578102766414 3
      vertex -76.46197477848386 -76.77578102766414 0
    endloop
  endfacet
  facet normal 0.6835923020228546 0.7298640726978513 -8.126394868707978e-19
    outer loop
      vertex -76.62916187718616 -76.62916187718616 3
      vertex -76.54796823483915 -76.7052080218833 3
      vertex -76.54796823483915 -76.7052080218833 0
    endloop
  endfacet
  facet normal 0.8492021815266223 0.5280678506502982 0
    outer loop
      vertex -76.84057869008336 -76.37154974530236 3
      vertex -76.84057869008336 -76.37154974530236 0
      vertex -76.89932353560258 -76.27708034916903 3
    endloop
  endfacet
  facet normal 0.8819212643483348 0.47139673682603533 0
    outer loop
      vertex -76.89932353560258 -76.27708034916903 3
      vertex -76.89932353560258 -76.27708034916903 0
      vertex -76.9517640097746 -76.17897112254133 3
    endloop
  endfacet
  facet normal 0.9108638249211879 0.41270702980436796 0
    outer loop
      vertex -76.9517640097746 -76.17897112254133 3
      vertex -76.9517640097746 -76.17897112254133 0
      vertex -76.99767555443822 -76.07764218418968 3
    endloop
  endfacet
  facet normal 0.9359059267573001 0.3522500479213013 0
    outer loop
      vertex -76.99767555443822 -76.07764218418968 3
      vertex -76.99767555443822 -76.07764218418968 0
      vertex -77.03686156931072 -75.97352744018441 3
    endloop
  endfacet
  facet normal 0.9569403357322296 0.29028467725439405 -4.491188868011154e-19
    outer loop
      vertex -77.06915425386045 -75.86707272584331 3
      vertex -77.03686156931072 -75.97352744018441 3
      vertex -77.03686156931072 -75.97352744018441 0
    endloop
  endfacet
  facet normal 0.9738769792773214 0.2270762630344259 0
    outer loop
      vertex -77.06915425386045 -75.86707272584331 3
      vertex -77.06915425386045 -75.86707272584331 0
      vertex -77.09441532585453 -75.75873389659645 3
    endloop
  endfacet
  facet normal 0.9866433320848933 0.16289547339450183 0
    outer loop
      vertex -77.09441532585453 -75.75873389659645 3
      vertex -77.09441532585453 -75.75873389659645 0
      vertex -77.1125366135045 -75.64897487594313 3
    endloop
  endfacet
  facet normal 0.9951847266721932 0.09801714032959864 0
    outer loop
      vertex -77.1125366135045 -75.64897487594313 3
      vertex -77.1125366135045 -75.64897487594313 0
      vertex -77.12344051867466 -75.53826566886028 3
    endloop
  endfacet
  facet normal 0.9994645874763642 0.03271908282181814 0
    outer loop
      vertex -77.12344051867466 -75.53826566886028 3
      vertex -77.12344051867466 -75.53826566886028 0
      vertex -77.12708034916903 -75.42708034916903 3
    endloop
  endfacet
  facet normal 0.9994645874763642 -0.03271908282181814 0
    outer loop
      vertex -77.12708034916903 -75.42708034916903 3
      vertex -77.12708034916903 -75.42708034916903 0
      vertex -77.12344051867466 -75.31589502947779 3
    endloop
  endfacet
  facet normal 0.9951847266721932 -0.09801714032959864 0
    outer loop
      vertex -77.12344051867466 -75.31589502947779 3
      vertex -77.12344051867466 -75.31589502947779 0
      vertex -77.1125366135045 -75.20518582239494 3
    endloop
  endfacet
  facet normal 0.9866433320848933 -0.16289547339450183 0
    outer loop
      vertex -77.1125366135045 -75.20518582239494 3
      vertex -77.1125366135045 -75.20518582239494 0
      vertex -77.09441532585453 -75.09542680174161 3
    endloop
  endfacet
  facet normal 0.9738769792773214 -0.2270762630344259 0
    outer loop
      vertex -77.09441532585453 -75.09542680174161 3
      vertex -77.09441532585453 -75.09542680174161 0
      vertex -77.06915425386045 -74.98708797249475 3
    endloop
  endfacet
  facet normal 0.9569403357322296 -0.29028467725439405 0
    outer loop
      vertex -77.06915425386045 -74.98708797249475 3
      vertex -77.06915425386045 -74.98708797249475 0
      vertex -77.03686156931072 -74.88063325815365 3
    endloop
  endfacet
  facet normal 0.9359059267573001 -0.3522500479213013 0
    outer loop
      vertex -77.03686156931072 -74.88063325815365 3
      vertex -77.03686156931072 -74.88063325815365 0
      vertex -76.99767555443822 -74.77651851414838 3
    endloop
  endfacet
  facet normal 0.9108638249211879 -0.41270702980436796 0
    outer loop
      vertex -76.99767555443822 -74.77651851414838 3
      vertex -76.99767555443822 -74.77651851414838 0
      vertex -76.9517640097746 -74.67518957579674 3
    endloop
  endfacet
  facet normal 0.5280678506502982 0.8492021815266223 -1.2302484536244338e-18
    outer loop
      vertex -76.37154974530236 -76.84057869008336 3
      vertex -76.27708034916903 -76.89932353560258 3
      vertex -76.27708034916903 -76.89932353560258 0
    endloop
  endfacet
  facet normal 0.47139673682603533 0.8819212643483348 6.87205366885993e-19
    outer loop
      vertex -76.27708034916903 -76.89932353560258 3
      vertex -76.17897112254133 -76.9517640097746 3
      vertex -76.17897112254133 -76.9517640097746 0
    endloop
  endfacet
  facet normal 0.41270702980436796 0.9108638249211879 -6.905569277105089e-19
    outer loop
      vertex -76.17897112254133 -76.9517640097746 3
      vertex -76.07764218418968 -76.99767555443822 3
      vertex -76.07764218418968 -76.99767555443822 0
    endloop
  endfacet
  facet normal 0.3522500479213013 0.9359059267573001 -2.166961164621453e-19
    outer loop
      vertex -76.07764218418968 -76.99767555443822 3
      vertex -75.97352744018441 -77.03686156931072 3
      vertex -75.97352744018441 -77.03686156931072 0
    endloop
  endfacet
  facet normal 0.5824776968677736 0.8128466845916357 3.6931902391075436e-19
    outer loop
      vertex -76.46197477848386 -76.77578102766414 3
      vertex -76.37154974530236 -76.84057869008336 3
      vertex -76.37154974530236 -76.84057869008336 0
    endloop
  endfacet
  facet normal 0.29028467725439405 0.9569403357322296 0
    outer loop
      vertex -75.86707272584331 -77.06915425386045 3
      vertex -75.86707272584331 -77.06915425386045 0
      vertex -75.97352744018441 -77.03686156931072 3
    endloop
  endfacet
  facet normal 0.2270762630344259 0.9738769792773214 -1.7446323763098246e-19
    outer loop
      vertex -75.86707272584331 -77.06915425386045 3
      vertex -75.75873389659645 -77.09441532585453 3
      vertex -75.75873389659645 -77.09441532585453 0
    endloop
  endfacet
  facet normal 0.16289547339450183 0.9866433320848933 5.726490459600851e-19
    outer loop
      vertex -75.75873389659645 -77.09441532585453 3
      vertex -75.64897487594313 -77.1125366135045 3
      vertex -75.64897487594313 -77.1125366135045 0
    endloop
  endfacet
  facet normal 0.09801714032959864 0.9951847266721932 -7.375412545214896e-20
    outer loop
      vertex -75.64897487594313 -77.1125366135045 3
      vertex -75.53826566886028 -77.12344051867466 3
      vertex -75.53826566886028 -77.12344051867466 0
    endloop
  endfacet
  facet normal 0.03271908282181814 0.9994645874763642 2.5239385402771795e-21
    outer loop
      vertex -75.53826566886028 -77.12344051867466 3
      vertex -75.42708034916903 -77.12708034916903 3
      vertex -75.42708034916903 -77.12708034916903 0
    endloop
  endfacet
  facet normal -0.03271908282181814 0.9994645874763642 -2.5239385402771795e-21
    outer loop
      vertex -75.42708034916903 -77.12708034916903 3
      vertex -75.31589502947779 -77.12344051867466 3
      vertex -75.31589502947779 -77.12344051867466 0
    endloop
  endfacet
  facet normal -0.09801714032959864 0.9951847266721932 7.375412545214896e-20
    outer loop
      vertex -75.31589502947779 -77.12344051867466 3
      vertex -75.20518582239494 -77.1125366135045 3
      vertex -75.20518582239494 -77.1125366135045 0
    endloop
  endfacet
  facet normal -0.16289547339450183 0.9866433320848933 -5.726490459600851e-19
    outer loop
      vertex -75.20518582239494 -77.1125366135045 3
      vertex -75.09542680174161 -77.09441532585453 3
      vertex -75.09542680174161 -77.09441532585453 0
    endloop
  endfacet
  facet normal -0.2270762630344259 0.9738769792773214 1.7446323763098246e-19
    outer loop
      vertex -75.09542680174161 -77.09441532585453 3
      vertex -74.98708797249475 -77.06915425386045 3
      vertex -74.98708797249475 -77.06915425386045 0
    endloop
  endfacet
  facet normal -0.29028467725439405 0.9569403357322296 4.491188868011154e-19
    outer loop
      vertex -74.98708797249475 -77.06915425386045 3
      vertex -74.88063325815365 -77.03686156931072 3
      vertex -74.88063325815365 -77.03686156931072 0
    endloop
  endfacet
  facet normal -0.3522500479213013 0.9359059267573001 2.166961164621453e-19
    outer loop
      vertex -74.88063325815365 -77.03686156931072 3
      vertex -74.77651851414838 -76.99767555443822 3
      vertex -74.77651851414838 -76.99767555443822 0
    endloop
  endfacet
  facet normal 0.8819212643483348 -0.47139673682603533 0
    outer loop
      vertex -76.9517640097746 -74.67518957579674 3
      vertex -76.9517640097746 -74.67518957579674 0
      vertex -76.89932353560258 -74.57708034916904 3
    endloop
  endfacet
  facet normal 0.8492021815266223 -0.5280678506502982 0
    outer loop
      vertex -76.89932353560258 -74.57708034916904 3
      vertex -76.89932353560258 -74.57708034916904 0
      vertex -76.84057869008336 -74.4826109530357 3
    endloop
  endfacet
  facet normal 0.8128466845916357 -0.5824776968677736 0
    outer loop
      vertex -76.84057869008336 -74.4826109530357 3
      vertex -76.84057869008336 -74.4826109530357 0
      vertex -76.77578102766414 -74.3921859198542 3
    endloop
  endfacet
  facet normal 0.7730104533626785 -0.6343932841637167 0
    outer loop
      vertex -76.77578102766414 -74.3921859198542 3
      vertex -76.77578102766414 -74.3921859198542 0
      vertex -76.7052080218833 -74.30619246349892 3
    endloop
  endfacet
  facet normal 0.7298640726978513 -0.6835923020228546 0
    outer loop
      vertex -76.7052080218833 -74.30619246349892 3
      vertex -76.7052080218833 -74.30619246349892 0
      vertex -76.62916187718616 -74.2249988211519 3
    endloop
  endfacet
  facet normal 0.6835923020228546 -0.7298640726978513 0
    outer loop
      vertex -76.62916187718616 -74.2249988211519 3
      vertex -76.62916187718616 -74.2249988211519 0
      vertex -76.54796823483915 -74.14895267645477 3
    endloop
  endfacet
  facet normal 0.6343932841637167 -0.7730104533626785 0
    outer loop
      vertex -76.54796823483915 -74.14895267645477 3
      vertex -76.54796823483915 -74.14895267645477 0
      vertex -76.46197477848386 -74.07837967067393 3
    endloop
  endfacet
  facet normal 0.5824776968677736 -0.8128466845916357 0
    outer loop
      vertex -76.46197477848386 -74.07837967067393 3
      vertex -76.46197477848386 -74.07837967067393 0
      vertex -76.37154974530236 -74.0135820082547 3
    endloop
  endfacet
  facet normal 0.5280678506502982 -0.8492021815266223 0
    outer loop
      vertex -76.37154974530236 -74.0135820082547 3
      vertex -76.37154974530236 -74.0135820082547 0
      vertex -76.27708034916903 -73.95483716273549 3
    endloop
  endfacet
  facet normal 0.47139673682603533 -0.8819212643483348 0
    outer loop
      vertex -76.27708034916903 -73.95483716273549 3
      vertex -76.27708034916903 -73.95483716273549 0
      vertex -76.17897112254133 -73.90239668856346 3
    endloop
  endfacet
  facet normal 0.41270702980436796 -0.9108638249211879 0
    outer loop
      vertex -76.17897112254133 -73.90239668856346 3
      vertex -76.17897112254133 -73.90239668856346 0
      vertex -76.07764218418968 -73.85648514389985 3
    endloop
  endfacet
  facet normal 0.3522500479213013 -0.9359059267573001 0
    outer loop
      vertex -76.07764218418968 -73.85648514389985 3
      vertex -76.07764218418968 -73.85648514389985 0
      vertex -75.97352744018441 -73.81729912902735 3
    endloop
  endfacet
  facet normal 0.29028467725439405 -0.9569403357322296 0
    outer loop
      vertex -75.97352744018441 -73.81729912902735 3
      vertex -75.97352744018441 -73.81729912902735 0
      vertex -75.86707272584331 -73.78500644447762 3
    endloop
  endfacet
  facet normal 0.2270762630344259 -0.9738769792773214 0
    outer loop
      vertex -75.86707272584331 -73.78500644447762 3
      vertex -75.86707272584331 -73.78500644447762 0
      vertex -75.75873389659645 -73.75974537248354 3
    endloop
  endfacet
  facet normal 0.16289547339450183 -0.9866433320848933 0
    outer loop
      vertex -75.75873389659645 -73.75974537248354 3
      vertex -75.75873389659645 -73.75974537248354 0
      vertex -75.64897487594313 -73.74162408483356 3
    endloop
  endfacet
  facet normal 0.09801714032959864 -0.9951847266721932 0
    outer loop
      vertex -75.64897487594313 -73.74162408483356 3
      vertex -75.64897487594313 -73.74162408483356 0
      vertex -75.53826566886028 -73.73072017966341 3
    endloop
  endfacet
  facet normal -0.41270702980436796 -0.9108638249211879 0
    outer loop
      vertex -74.77651851414838 -73.85648514389985 3
      vertex -74.77651851414838 -73.85648514389985 0
      vertex -74.67518957579674 -73.90239668856346 3
    endloop
  endfacet
  facet normal 0.03271908282181814 -0.9994645874763642 0
    outer loop
      vertex -75.53826566886028 -73.73072017966341 3
      vertex -75.53826566886028 -73.73072017966341 0
      vertex -75.42708034916903 -73.72708034916903 3
    endloop
  endfacet
  facet normal -0.03271908282181814 -0.9994645874763642 0
    outer loop
      vertex -75.42708034916903 -73.72708034916903 3
      vertex -75.42708034916903 -73.72708034916903 0
      vertex -75.31589502947779 -73.73072017966341 3
    endloop
  endfacet
  facet normal -0.09801714032959864 -0.9951847266721932 0
    outer loop
      vertex -75.31589502947779 -73.73072017966341 3
      vertex -75.31589502947779 -73.73072017966341 0
      vertex -75.20518582239494 -73.74162408483356 3
    endloop
  endfacet
  facet normal -0.16289547339450183 -0.9866433320848933 0
    outer loop
      vertex -75.20518582239494 -73.74162408483356 3
      vertex -75.20518582239494 -73.74162408483356 0
      vertex -75.09542680174161 -73.75974537248354 3
    endloop
  endfacet
  facet normal -0.2270762630344259 -0.9738769792773214 0
    outer loop
      vertex -75.09542680174161 -73.75974537248354 3
      vertex -75.09542680174161 -73.75974537248354 0
      vertex -74.98708797249475 -73.78500644447762 3
    endloop
  endfacet
  facet normal -0.29028467725439405 -0.9569403357322296 0
    outer loop
      vertex -74.98708797249475 -73.78500644447762 3
      vertex -74.98708797249475 -73.78500644447762 0
      vertex -74.88063325815365 -73.81729912902735 3
    endloop
  endfacet
  facet normal -0.3522500479213013 -0.9359059267573001 0
    outer loop
      vertex -74.88063325815365 -73.81729912902735 3
      vertex -74.88063325815365 -73.81729912902735 0
      vertex -74.77651851414838 -73.85648514389985 3
    endloop
  endfacet
  facet normal -0.41270702980436796 0.9108638249211879 6.905569277105089e-19
    outer loop
      vertex -74.77651851414838 -76.99767555443822 3
      vertex -74.67518957579674 -76.9517640097746 3
      vertex -74.67518957579674 -76.9517640097746 0
    endloop
  endfacet
  facet normal -0.47139673682603533 0.8819212643483348 -6.87205366885993e-19
    outer loop
      vertex -74.67518957579674 -76.9517640097746 3
      vertex -74.57708034916904 -76.89932353560258 3
      vertex -74.57708034916904 -76.89932353560258 0
    endloop
  endfacet
  facet normal -0.5280678506502982 0.8492021815266223 1.2302484536244338e-18
    outer loop
      vertex -74.57708034916904 -76.89932353560258 3
      vertex -74.4826109530357 -76.84057869008336 3
      vertex -74.4826109530357 -76.84057869008336 0
    endloop
  endfacet
  facet normal -0.5824776968677736 0.8128466845916357 -3.6931902391075436e-19
    outer loop
      vertex -74.4826109530357 -76.84057869008336 3
      vertex -74.3921859198542 -76.77578102766414 3
      vertex -74.3921859198542 -76.77578102766414 0
    endloop
  endfacet
  facet normal -0.6343932841637167 0.7730104533626785 8.730397515535718e-19
    outer loop
      vertex -74.3921859198542 -76.77578102766414 3
      vertex -74.30619246349892 -76.7052080218833 3
      vertex -74.30619246349892 -76.7052080218833 0
    endloop
  endfacet
  facet normal -0.6835923020228546 0.7298640726978513 8.126394868707978e-19
    outer loop
      vertex -74.30619246349892 -76.7052080218833 3
      vertex -74.2249988211519 -76.62916187718616 3
      vertex -74.2249988211519 -76.62916187718616 0
    endloop
  endfacet
  facet normal -0.7298640726978513 0.6835923020228546 8.126394868707978e-19
    outer loop
      vertex -74.2249988211519 -76.62916187718616 3
      vertex -74.14895267645477 -76.54796823483915 3
      vertex -74.14895267645477 -76.54796823483915 0
    endloop
  endfacet
  facet normal -0.7730104533626785 0.6343932841637167 8.730397515535718e-19
    outer loop
      vertex -74.14895267645477 -76.54796823483915 3
      vertex -74.07837967067393 -76.46197477848386 3
      vertex -74.07837967067393 -76.46197477848386 0
    endloop
  endfacet
  facet normal -0.8128466845916357 0.5824776968677736 -3.6931902391075436e-19
    outer loop
      vertex -74.07837967067393 -76.46197477848386 3
      vertex -74.0135820082547 -76.37154974530236 3
      vertex -74.0135820082547 -76.37154974530236 0
    endloop
  endfacet
  facet normal -0.8492021815266223 0.5280678506502982 1.2302484536244338e-18
    outer loop
      vertex -74.0135820082547 -76.37154974530236 3
      vertex -73.95483716273549 -76.27708034916903 3
      vertex -73.95483716273549 -76.27708034916903 0
    endloop
  endfacet
  facet normal -0.8819212643483348 0.47139673682603533 -6.87205366885993e-19
    outer loop
      vertex -73.95483716273549 -76.27708034916903 3
      vertex -73.90239668856346 -76.17897112254133 3
      vertex -73.90239668856346 -76.17897112254133 0
    endloop
  endfacet
  facet normal -0.9108638249211879 0.41270702980436796 6.905569277105089e-19
    outer loop
      vertex -73.90239668856346 -76.17897112254133 3
      vertex -73.85648514389985 -76.07764218418968 3
      vertex -73.85648514389985 -76.07764218418968 0
    endloop
  endfacet
  facet normal -0.9359059267573001 0.3522500479213013 2.166961164621453e-19
    outer loop
      vertex -73.85648514389985 -76.07764218418968 3
      vertex -73.81729912902735 -75.97352744018441 3
      vertex -73.81729912902735 -75.97352744018441 0
    endloop
  endfacet
  facet normal -0.9569403357322296 0.29028467725439405 4.491188868011154e-19
    outer loop
      vertex -73.81729912902735 -75.97352744018441 3
      vertex -73.78500644447762 -75.86707272584331 3
      vertex -73.78500644447762 -75.86707272584331 0
    endloop
  endfacet
  facet normal -0.9738769792773214 0.2270762630344259 1.7446323763098246e-19
    outer loop
      vertex -73.78500644447762 -75.86707272584331 3
      vertex -73.75974537248354 -75.75873389659645 3
      vertex -73.75974537248354 -75.75873389659645 0
    endloop
  endfacet
  facet normal -0.9866433320848933 0.16289547339450183 -5.726490459600851e-19
    outer loop
      vertex -73.75974537248354 -75.75873389659645 3
      vertex -73.74162408483356 -75.64897487594313 3
      vertex -73.74162408483356 -75.64897487594313 0
    endloop
  endfacet
  facet normal -0.9951847266721932 0.09801714032959864 7.375412545214896e-20
    outer loop
      vertex -73.74162408483356 -75.64897487594313 3
      vertex -73.73072017966341 -75.53826566886028 3
      vertex -73.73072017966341 -75.53826566886028 0
    endloop
  endfacet
  facet normal -0.9994645874763642 0.03271908282181814 -2.5239385402771795e-21
    outer loop
      vertex -73.73072017966341 -75.53826566886028 3
      vertex -73.72708034916903 -75.42708034916903 3
      vertex -73.72708034916903 -75.42708034916903 0
    endloop
  endfacet
  facet normal -0.9994645874763642 -0.03271908282181814 2.5239385402771795e-21
    outer loop
      vertex -73.72708034916903 -75.42708034916903 3
      vertex -73.73072017966341 -75.31589502947779 3
      vertex -73.73072017966341 -75.31589502947779 0
    endloop
  endfacet
  facet normal -0.9951847266721932 -0.09801714032959864 -7.375412545214896e-20
    outer loop
      vertex -73.73072017966341 -75.31589502947779 3
      vertex -73.74162408483356 -75.20518582239494 3
      vertex -73.74162408483356 -75.20518582239494 0
    endloop
  endfacet
  facet normal -0.9866433320848933 -0.16289547339450183 5.726490459600851e-19
    outer loop
      vertex -73.74162408483356 -75.20518582239494 3
      vertex -73.75974537248354 -75.09542680174161 3
      vertex -73.75974537248354 -75.09542680174161 0
    endloop
  endfacet
  facet normal -0.9738769792773214 -0.2270762630344259 -1.7446323763098246e-19
    outer loop
      vertex -73.75974537248354 -75.09542680174161 3
      vertex -73.78500644447762 -74.98708797249475 3
      vertex -73.78500644447762 -74.98708797249475 0
    endloop
  endfacet
  facet normal -0.9359059267573001 -0.3522500479213013 -2.166961164621453e-19
    outer loop
      vertex -73.81729912902735 -74.88063325815365 3
      vertex -73.85648514389985 -74.77651851414838 3
      vertex -73.85648514389985 -74.77651851414838 0
    endloop
  endfacet
  facet normal -0.9569403357322296 -0.29028467725439405 -4.491188868011154e-19
    outer loop
      vertex -73.78500644447762 -74.98708797249475 3
      vertex -73.81729912902735 -74.88063325815365 3
      vertex -73.81729912902735 -74.88063325815365 0
    endloop
  endfacet
  facet normal -0.47139673682603533 -0.8819212643483348 6.87205366885993e-19
    outer loop
      vertex -74.57708034916904 -73.95483716273549 3
      vertex -74.67518957579674 -73.90239668856346 3
      vertex -74.67518957579674 -73.90239668856346 0
    endloop
  endfacet
  facet normal -0.5280678506502982 -0.8492021815266223 0
    outer loop
      vertex -74.57708034916904 -73.95483716273549 3
      vertex -74.57708034916904 -73.95483716273549 0
      vertex -74.4826109530357 -74.0135820082547 3
    endloop
  endfacet
  facet normal -0.6343932841637167 -0.7730104533626785 -8.730397515535718e-19
    outer loop
      vertex -74.30619246349892 -74.14895267645477 3
      vertex -74.3921859198542 -74.07837967067393 3
      vertex -74.3921859198542 -74.07837967067393 0
    endloop
  endfacet
  facet normal -0.5824776968677736 -0.8128466845916357 0
    outer loop
      vertex -74.4826109530357 -74.0135820082547 3
      vertex -74.4826109530357 -74.0135820082547 0
      vertex -74.3921859198542 -74.07837967067393 3
    endloop
  endfacet
  facet normal -0.7730104533626785 -0.6343932841637167 0
    outer loop
      vertex -74.14895267645477 -74.30619246349892 3
      vertex -74.14895267645477 -74.30619246349892 0
      vertex -74.07837967067393 -74.3921859198542 3
    endloop
  endfacet
  facet normal -0.9108638249211879 -0.41270702980436796 0
    outer loop
      vertex -73.90239668856346 -74.67518957579674 3
      vertex -73.90239668856346 -74.67518957579674 0
      vertex -73.85648514389985 -74.77651851414838 3
    endloop
  endfacet
  facet normal -0.8819212643483348 -0.47139673682603533 0
    outer loop
      vertex -73.95483716273549 -74.57708034916904 3
      vertex -73.95483716273549 -74.57708034916904 0
      vertex -73.90239668856346 -74.67518957579674 3
    endloop
  endfacet
  facet normal -0.8492021815266223 -0.5280678506502982 -1.2302484536244338e-18
    outer loop
      vertex -73.95483716273549 -74.57708034916904 3
      vertex -74.0135820082547 -74.4826109530357 3
      vertex -74.0135820082547 -74.4826109530357 0
    endloop
  endfacet
  facet normal -0.8128466845916357 -0.5824776968677736 0
    outer loop
      vertex -74.07837967067393 -74.3921859198542 3
      vertex -74.07837967067393 -74.3921859198542 0
      vertex -74.0135820082547 -74.4826109530357 3
    endloop
  endfacet
  facet normal -0.6835923020228546 -0.7298640726978513 0
    outer loop
      vertex -74.30619246349892 -74.14895267645477 3
      vertex -74.30619246349892 -74.14895267645477 0
      vertex -74.2249988211519 -74.2249988211519 3
    endloop
  endfacet
  facet normal -0.7298640726978513 -0.6835923020228546 -8.126394868707978e-19
    outer loop
      vertex -74.14895267645477 -74.30619246349892 3
      vertex -74.2249988211519 -74.2249988211519 3
      vertex -74.2249988211519 -74.2249988211519 0
    endloop
  endfacet
  facet normal 0 0 -1
    outer loop
      vertex -77.06915425386045 -75.86707272584331 3
      vertex -77.09441532585453 -75.75873389659645 3
      vertex -77.09441532585453 -75.09542680174161 3
    endloop
  endfacet
  facet normal 0 0 -1
    outer loop
      vertex -77.06915425386045 -75.86707272584331 3
      vertex -77.06915425386045 -74.98708797249475 3
      vertex -77.03686156931072 -75.97352744018441 3
    endloop
  endfacet
  facet normal 0 0 -1
    outer loop
      vertex -76.99767555443822 -76.07764218418968 3
      vertex -77.03686156931072 -75.97352744018441 3
      vertex -77.03686156931072 -74.88063325815365 3
    endloop
  endfacet
  facet normal 0 0 -1
    outer loop
      vertex -76.9517640097746 -76.17897112254133 3
      vertex -76.99767555443822 -76.07764218418968 3
      vertex -76.99767555443822 -74.77651851414838 3
    endloop
  endfacet
  facet normal 0 0 -1
    outer loop
      vertex -76.89932353560258 -76.27708034916903 3
      vertex -76.9517640097746 -76.17897112254133 3
      vertex -76.9517640097746 -74.67518957579674 3
    endloop
  endfacet
  facet normal 0 0 -1
    outer loop
      vertex -76.84057869008336 -76.37154974530236 3
      vertex -76.89932353560258 -76.27708034916903 3
      vertex -76.89932353560258 -74.57708034916904 3
    endloop
  endfacet
  facet normal 0 0 -1
    outer loop
      vertex -76.7052080218833 -76.54796823483915 3
      vertex -76.77578102766414 -76.46197477848386 3
      vertex -76.77578102766414 -74.3921859198542 3
    endloop
  endfacet
  facet normal 0 0 -1
    outer loop
      vertex -76.62916187718616 -76.62916187718616 3
      vertex -76.7052080218833 -76.54796823483915 3
      vertex -76.7052080218833 -74.30619246349892 3
    endloop
  endfacet
  facet normal 0 0 -1
    outer loop
      vertex -76.84057869008336 -76.37154974530236 3
      vertex -76.84057869008336 -74.4826109530357 3
      vertex -76.77578102766414 -76.46197477848386 3
    endloop
  endfacet
  facet normal 0 0 -1
    outer loop
      vertex -76.62916187718616 -76.62916187718616 3
      vertex -76.62916187718616 -74.2249988211519 3
      vertex -76.54796823483915 -76.7052080218833 3
    endloop
  endfacet
  facet normal 0 0 -1
    outer loop
      vertex -76.54796823483915 -76.7052080218833 3
      vertex -76.54796823483915 -74.14895267645477 3
      vertex -76.46197477848386 -76.77578102766414 3
    endloop
  endfacet
  facet normal 0 0 -1
    outer loop
      vertex -76.46197477848386 -76.77578102766414 3
      vertex -76.46197477848386 -74.07837967067393 3
      vertex -76.37154974530236 -76.84057869008336 3
    endloop
  endfacet
  facet normal 0 0 -1
    outer loop
      vertex -77.09441532585453 -75.75873389659645 3
      vertex -77.1125366135045 -75.64897487594313 3
      vertex -77.1125366135045 -75.20518582239494 3
    endloop
  endfacet
  facet normal 0 0 -1
    outer loop
      vertex -77.1125366135045 -75.64897487594313 3
      vertex -77.12344051867466 -75.53826566886028 3
      vertex -77.12344051867466 -75.31589502947779 3
    endloop
  endfacet
  facet normal 0 0 -1
    outer loop
      vertex -77.12344051867466 -75.53826566886028 3
      vertex -77.12708034916903 -75.42708034916903 3
      vertex -77.12344051867466 -75.31589502947779 3
    endloop
  endfacet
  facet normal 0 0 -1
    outer loop
      vertex -77.1125366135045 -75.64897487594313 3
      vertex -77.12344051867466 -75.31589502947779 3
      vertex -77.1125366135045 -75.20518582239494 3
    endloop
  endfacet
  facet normal 0 0 -1
    outer loop
      vertex -77.09441532585453 -75.75873389659645 3
      vertex -77.1125366135045 -75.20518582239494 3
      vertex -77.09441532585453 -75.09542680174161 3
    endloop
  endfacet
  facet normal 0 0 -1
    outer loop
      vertex -77.06915425386045 -75.86707272584331 3
      vertex -77.09441532585453 -75.09542680174161 3
      vertex -77.06915425386045 -74.98708797249475 3
    endloop
  endfacet
  facet normal 0 0 -1
    outer loop
      vertex -77.06915425386045 -74.98708797249475 3
      vertex -77.03686156931072 -74.88063325815365 3
      vertex -77.03686156931072 -75.97352744018441 3
    endloop
  endfacet
  facet normal 0 0 -1
    outer loop
      vertex -76.99767555443822 -76.07764218418968 3
      vertex -77.03686156931072 -74.88063325815365 3
      vertex -76.99767555443822 -74.77651851414838 3
    endloop
  endfacet
  facet normal 0 0 -1
    outer loop
      vertex -76.9517640097746 -76.17897112254133 3
      vertex -76.99767555443822 -74.77651851414838 3
      vertex -76.9517640097746 -74.67518957579674 3
    endloop
  endfacet
  facet normal 0 0 -1
    outer loop
      vertex -76.89932353560258 -76.27708034916903 3
      vertex -76.9517640097746 -74.67518957579674 3
      vertex -76.89932353560258 -74.57708034916904 3
    endloop
  endfacet
  facet normal 0 0 -1
    outer loop
      vertex -76.84057869008336 -76.37154974530236 3
      vertex -76.89932353560258 -74.57708034916904 3
      vertex -76.84057869008336 -74.4826109530357 3
    endloop
  endfacet
  facet normal 0 0 -1
    outer loop
      vertex -76.77578102766414 -76.46197477848386 3
      vertex -76.84057869008336 -74.4826109530357 3
      vertex -76.77578102766414 -74.3921859198542 3
    endloop
  endfacet
  facet normal 0 0 -1
    outer loop
      vertex -76.7052080218833 -76.54796823483915 3
      vertex -76.77578102766414 -74.3921859198542 3
      vertex -76.7052080218833 -74.30619246349892 3
    endloop
  endfacet
  facet normal 0 0 -1
    outer loop
      vertex -76.62916187718616 -76.62916187718616 3
      vertex -76.7052080218833 -74.30619246349892 3
      vertex -76.62916187718616 -74.2249988211519 3
    endloop
  endfacet
  facet normal 0 0 -1
    outer loop
      vertex -76.54796823483915 -76.7052080218833 3
      vertex -76.62916187718616 -74.2249988211519 3
      vertex -76.54796823483915 -74.14895267645477 3
    endloop
  endfacet
  facet normal 0 0 -1
    outer loop
      vertex -76.46197477848386 -76.77578102766414 3
      vertex -76.54796823483915 -74.14895267645477 3
      vertex -76.46197477848386 -74.07837967067393 3
    endloop
  endfacet
  facet normal 0 0 -1
    outer loop
      vertex -76.37154974530236 -76.84057869008336 3
      vertex -76.37154974530236 -74.0135820082547 3
      vertex -76.27708034916903 -76.89932353560258 3
    endloop
  endfacet
  facet normal 0 0 -1
    outer loop
      vertex -76.27708034916903 -76.89932353560258 3
      vertex -76.27708034916903 -73.95483716273549 3
      vertex -76.17897112254133 -76.9517640097746 3
    endloop
  endfacet
  facet normal 0 0 -1
    outer loop
      vertex -76.17897112254133 -76.9517640097746 3
      vertex -76.17897112254133 -73.90239668856346 3
      vertex -76.07764218418968 -76.99767555443822 3
    endloop
  endfacet
  facet normal 0 0 -1
    outer loop
      vertex -76.07764218418968 -76.99767555443822 3
      vertex -76.07764218418968 -73.85648514389985 3
      vertex -75.97352744018441 -77.03686156931072 3
    endloop
  endfacet
  facet normal 0 0 -1
    outer loop
      vertex -75.75873389659645 -77.09441532585453 3
      vertex -75.75873389659645 -73.75974537248354 3
      vertex -75.64897487594313 -77.1125366135045 3
    endloop
  endfacet
  facet normal 0 0 -1
    outer loop
      vertex -75.64897487594313 -77.1125366135045 3
      vertex -75.64897487594313 -73.74162408483356 3
      vertex -75.53826566886028 -77.12344051867466 3
    endloop
  endfacet
  facet normal 0 0 -1
    outer loop
      vertex -75.86707272584331 -77.06915425386045 3
      vertex -75.97352744018441 -77.03686156931072 3
      vertex -75.97352744018441 -73.81729912902735 3
    endloop
  endfacet
  facet normal 0 0 -1
    outer loop
      vertex -75.86707272584331 -77.06915425386045 3
      vertex -75.86707272584331 -73.78500644447762 3
      vertex -75.75873389659645 -77.09441532585453 3
    endloop
  endfacet
  facet normal 0 0 -1
    outer loop
      vertex -76.37154974530236 -76.84057869008336 3
      vertex -76.46197477848386 -74.07837967067393 3
      vertex -76.37154974530236 -74.0135820082547 3
    endloop
  endfacet
  facet normal 0 0 -1
    outer loop
      vertex -76.27708034916903 -76.89932353560258 3
      vertex -76.37154974530236 -74.0135820082547 3
      vertex -76.27708034916903 -73.95483716273549 3
    endloop
  endfacet
  facet normal 0 0 -1
    outer loop
      vertex -76.17897112254133 -76.9517640097746 3
      vertex -76.27708034916903 -73.95483716273549 3
      vertex -76.17897112254133 -73.90239668856346 3
    endloop
  endfacet
  facet normal 0 0 -1
    outer loop
      vertex -76.07764218418968 -76.99767555443822 3
      vertex -76.17897112254133 -73.90239668856346 3
      vertex -76.07764218418968 -73.85648514389985 3
    endloop
  endfacet
  facet normal 0 0 -1
    outer loop
      vertex -75.97352744018441 -77.03686156931072 3
      vertex -76.07764218418968 -73.85648514389985 3
      vertex -75.97352744018441 -73.81729912902735 3
    endloop
  endfacet
  facet normal 0 0 -1
    outer loop
      vertex -75.86707272584331 -77.06915425386045 3
      vertex -75.97352744018441 -73.81729912902735 3
      vertex -75.86707272584331 -73.78500644447762 3
    endloop
  endfacet
  facet normal 0 0 -1
    outer loop
      vertex -75.75873389659645 -77.09441532585453 3
      vertex -75.86707272584331 -73.78500644447762 3
      vertex -75.75873389659645 -73.75974537248354 3
    endloop
  endfacet
  facet normal 0 0 -1
    outer loop
      vertex -75.64897487594313 -77.1125366135045 3
      vertex -75.75873389659645 -73.75974537248354 3
      vertex -75.64897487594313 -73.74162408483356 3
    endloop
  endfacet
  facet normal 0 0 -1
    outer loop
      vertex -75.53826566886028 -77.12344051867466 3
      vertex -75.64897487594313 -73.74162408483356 3
      vertex -75.53826566886028 -73.73072017966341 3
    endloop
  endfacet
  facet normal 0 0 -1
    outer loop
      vertex -75.53826566886028 -77.12344051867466 3
      vertex -75.53826566886028 -73.73072017966341 3
      vertex -75.42708034916903 -77.12708034916903 3
    endloop
  endfacet
  facet normal 0 0 -1
    outer loop
      vertex -75.42708034916903 -77.12708034916903 3
      vertex -75.42708034916903 -73.72708034916903 3
      vertex -75.31589502947779 -77.12344051867466 3
    endloop
  endfacet
  facet normal 0 0 -1
    outer loop
      vertex -75.31589502947779 -77.12344051867466 3
      vertex -75.31589502947779 -73.73072017966341 3
      vertex -75.20518582239494 -77.1125366135045 3
    endloop
  endfacet
  facet normal 0 0 -1
    outer loop
      vertex -75.20518582239494 -77.1125366135045 3
      vertex -75.20518582239494 -73.74162408483356 3
      vertex -75.09542680174161 -77.09441532585453 3
    endloop
  endfacet
  facet normal 0 0 -1
    outer loop
      vertex -75.09542680174161 -77.09441532585453 3
      vertex -75.09542680174161 -73.75974537248354 3
      vertex -74.98708797249475 -77.06915425386045 3
    endloop
  endfacet
  facet normal 0 0 -1
    outer loop
      vertex -74.98708797249475 -77.06915425386045 3
      vertex -74.98708797249475 -73.78500644447762 3
      vertex -74.88063325815365 -77.03686156931072 3
    endloop
  endfacet
  facet normal 0 0 -1
    outer loop
      vertex -74.88063325815365 -77.03686156931072 3
      vertex -74.88063325815365 -73.81729912902735 3
      vertex -74.77651851414838 -76.99767555443822 3
    endloop
  endfacet
  facet normal 0 0 -1
    outer loop
      vertex -74.77651851414838 -76.99767555443822 3
      vertex -74.77651851414838 -73.85648514389985 3
      vertex -74.67518957579674 -76.9517640097746 3
    endloop
  endfacet
  facet normal 0 0 -1
    outer loop
      vertex -75.42708034916903 -77.12708034916903 3
      vertex -75.53826566886028 -73.73072017966341 3
      vertex -75.42708034916903 -73.72708034916903 3
    endloop
  endfacet
  facet normal 0 0 -1
    outer loop
      vertex -75.31589502947779 -77.12344051867466 3
      vertex -75.42708034916903 -73.72708034916903 3
      vertex -75.31589502947779 -73.73072017966341 3
    endloop
  endfacet
  facet normal 0 0 -1
    outer loop
      vertex -75.20518582239494 -77.1125366135045 3
      vertex -75.31589502947779 -73.73072017966341 3
      vertex -75.20518582239494 -73.74162408483356 3
    endloop
  endfacet
  facet normal 0 0 -1
    outer loop
      vertex -75.09542680174161 -77.09441532585453 3
      vertex -75.20518582239494 -73.74162408483356 3
      vertex -75.09542680174161 -73.75974537248354 3
    endloop
  endfacet
  facet normal 0 0 -1
    outer loop
      vertex -74.98708797249475 -77.06915425386045 3
      vertex -75.09542680174161 -73.75974537248354 3
      vertex -74.98708797249475 -73.78500644447762 3
    endloop
  endfacet
  facet normal 0 0 -1
    outer loop
      vertex -74.88063325815365 -77.03686156931072 3
      vertex -74.98708797249475 -73.78500644447762 3
      vertex -74.88063325815365 -73.81729912902735 3
    endloop
  endfacet
  facet normal 0 0 -1
    outer loop
      vertex -74.77651851414838 -76.99767555443822 3
      vertex -74.88063325815365 -73.81729912902735 3
      vertex -74.77651851414838 -73.85648514389985 3
    endloop
  endfacet
  facet normal 0 0 -1
    outer loop
      vertex -74.67518957579674 -76.9517640097746 3
      vertex -74.67518957579674 -73.90239668856346 3
      vertex -74.57708034916904 -76.89932353560258 3
    endloop
  endfacet
  facet normal 0 0 -1
    outer loop
      vertex -74.57708034916904 -76.89932353560258 3
      vertex -74.57708034916904 -73.95483716273549 3
      vertex -74.4826109530357 -76.84057869008336 3
    endloop
  endfacet
  facet normal 0 0 -1
    outer loop
      vertex -74.4826109530357 -76.84057869008336 3
      vertex -74.4826109530357 -74.0135820082547 3
      vertex -74.3921859198542 -76.77578102766414 3
    endloop
  endfacet
  facet normal 0 0 -1
    outer loop
      vertex -74.3921859198542 -76.77578102766414 3
      vertex -74.3921859198542 -74.07837967067393 3
      vertex -74.30619246349892 -76.7052080218833 3
    endloop
  endfacet
  facet normal 0 0 -1
    outer loop
      vertex -74.30619246349892 -76.7052080218833 3
      vertex -74.30619246349892 -74.14895267645477 3
      vertex -74.2249988211519 -76.62916187718616 3
    endloop
  endfacet
  facet normal 0 0 -1
    outer loop
      vertex -74.2249988211519 -76.62916187718616 3
      vertex -74.2249988211519 -74.2249988211519 3
      vertex -74.14895267645477 -76.54796823483915 3
    endloop
  endfacet
  facet normal 0 0 -1
    outer loop
      vertex -74.14895267645477 -76.54796823483915 3
      vertex -74.14895267645477 -74.30619246349892 3
      vertex -74.07837967067393 -76.46197477848386 3
    endloop
  endfacet
  facet normal 0 0 -1
    outer loop
      vertex -74.07837967067393 -76.46197477848386 3
      vertex -74.07837967067393 -74.3921859198542 3
      vertex -74.0135820082547 -76.37154974530236 3
    endloop
  endfacet
  facet normal 0 0 -1
    outer loop
      vertex -74.0135820082547 -76.37154974530236 3
      vertex -74.0135820082547 -74.4826109530357 3
      vertex -73.95483716273549 -76.27708034916903 3
    endloop
  endfacet
  facet normal 0 0 -1
    outer loop
      vertex -73.95483716273549 -76.27708034916903 3
      vertex -73.95483716273549 -74.57708034916904 3
      vertex -73.90239668856346 -76.17897112254133 3
    endloop
  endfacet
  facet normal 0 0 -1
    outer loop
      vertex -73.90239668856346 -76.17897112254133 3
      vertex -73.90239668856346 -74.67518957579674 3
      vertex -73.85648514389985 -76.07764218418968 3
    endloop
  endfacet
  facet normal 0 0 -1
    outer loop
      vertex -74.57708034916904 -73.95483716273549 3
      vertex -74.4826109530357 -74.0135820082547 3
      vertex -74.4826109530357 -76.84057869008336 3
    endloop
  endfacet
  facet normal 0 0 -1
    outer loop
      vertex -74.67518957579674 -76.9517640097746 3
      vertex -74.77651851414838 -73.85648514389985 3
      vertex -74.67518957579674 -73.90239668856346 3
    endloop
  endfacet
  facet normal 0 0 -1
    outer loop
      vertex -74.57708034916904 -76.89932353560258 3
      vertex -74.67518957579674 -73.90239668856346 3
      vertex -74.57708034916904 -73.95483716273549 3
    endloop
  endfacet
  facet normal 0 0 -1
    outer loop
      vertex -74.3921859198542 -76.77578102766414 3
      vertex -74.4826109530357 -74.0135820082547 3
      vertex -74.3921859198542 -74.07837967067393 3
    endloop
  endfacet
  facet normal 0 0 -1
    outer loop
      vertex -74.30619246349892 -76.7052080218833 3
      vertex -74.3921859198542 -74.07837967067393 3
      vertex -74.30619246349892 -74.14895267645477 3
    endloop
  endfacet
  facet normal 0 0 -1
    outer loop
      vertex -73.90239668856346 -76.17897112254133 3
      vertex -73.95483716273549 -74.57708034916904 3
      vertex -73.90239668856346 -74.67518957579674 3
    endloop
  endfacet
  facet normal 0 0 -1
    outer loop
      vertex -73.85648514389985 -76.07764218418968 3
      vertex -73.90239668856346 -74.67518957579674 3
      vertex -73.85648514389985 -74.77651851414838 3
    endloop
  endfacet
  facet normal 0 0 -1
    outer loop
      vertex -74.14895267645477 -76.54796823483915 3
      vertex -74.2249988211519 -74.2249988211519 3
      vertex -74.14895267645477 -74.30619246349892 3
    endloop
  endfacet
  facet normal 0 0 -1
    outer loop
      vertex -74.2249988211519 -76.62916187718616 3
      vertex -74.30619246349892 -74.14895267645477 3
      vertex -74.2249988211519 -74.2249988211519 3
    endloop
  endfacet
  facet normal 0 0 -1
    outer loop
      vertex -74.07837967067393 -76.46197477848386 3
      vertex -74.14895267645477 -74.30619246349892 3
      vertex -74.07837967067393 -74.3921859198542 3
    endloop
  endfacet
  facet normal 0 0 -1
    outer loop
      vertex -73.95483716273549 -76.27708034916903 3
      vertex -74.0135820082547 -74.4826109530357 3
      vertex -73.95483716273549 -74.57708034916904 3
    endloop
  endfacet
  facet normal 0 0 -1
    outer loop
      vertex -74.0135820082547 -76.37154974530236 3
      vertex -74.07837967067393 -74.3921859198542 3
      vertex -74.0135820082547 -74.4826109530357 3
    endloop
  endfacet
  facet normal 0 0 -1
    outer loop
      vertex -73.85648514389985 -76.07764218418968 3
      vertex -73.85648514389985 -74.77651851414838 3
      vertex -73.81729912902735 -75.97352744018441 3
    endloop
  endfacet
  facet normal 0 0 -1
    outer loop
      vertex -73.81729912902735 -75.97352744018441 3
      vertex -73.81729912902735 -74.88063325815365 3
      vertex -73.78500644447762 -75.86707272584331 3
    endloop
  endfacet
  facet normal 0 0 -1
    outer loop
      vertex -73.78500644447762 -75.86707272584331 3
      vertex -73.78500644447762 -74.98708797249475 3
      vertex -73.75974537248354 -75.75873389659645 3
    endloop
  endfacet
  facet normal 0 0 -1
    outer loop
      vertex -73.75974537248354 -75.75873389659645 3
      vertex -73.75974537248354 -75.09542680174161 3
      vertex -73.74162408483356 -75.64897487594313 3
    endloop
  endfacet
  facet normal 0 0 -1
    outer loop
      vertex -73.74162408483356 -75.64897487594313 3
      vertex -73.74162408483356 -75.20518582239494 3
      vertex -73.73072017966341 -75.53826566886028 3
    endloop
  endfacet
  facet normal 0 0 -1
    outer loop
      vertex -73.73072017966341 -75.53826566886028 3
      vertex -73.73072017966341 -75.31589502947779 3
      vertex -73.72708034916903 -75.42708034916903 3
    endloop
  endfacet
  facet normal 0 0 -1
    outer loop
      vertex -73.73072017966341 -75.53826566886028 3
      vertex -73.74162408483356 -75.20518582239494 3
      vertex -73.73072017966341 -75.31589502947779 3
    endloop
  endfacet
  facet normal 0 0 -1
    outer loop
      vertex -73.78500644447762 -75.86707272584331 3
      vertex -73.81729912902735 -74.88063325815365 3
      vertex -73.78500644447762 -74.98708797249475 3
    endloop
  endfacet
  facet normal 0 0 -1
    outer loop
      vertex -73.75974537248354 -75.75873389659645 3
      vertex -73.78500644447762 -74.98708797249475 3
      vertex -73.75974537248354 -75.09542680174161 3
    endloop
  endfacet
  facet normal 0 0 -1
    outer loop
      vertex -73.74162408483356 -75.64897487594313 3
      vertex -73.75974537248354 -75.09542680174161 3
      vertex -73.74162408483356 -75.20518582239494 3
    endloop
  endfacet
  facet normal 0 0 -1
    outer loop
      vertex -73.81729912902735 -75.97352744018441 3
      vertex -73.85648514389985 -74.77651851414838 3
      vertex -73.81729912902735 -74.88063325815365 3
    endloop
  endfacet
  facet normal 0.9994645874763656 0.03271908282177627 0
    outer loop
      vertex -1.7 -106.67 3
      vertex -1.6963601695056258 -106.78118531969125 0
      vertex -1.7 -106.67 0
    endloop
  endfacet
  facet normal 0.6343932841636755 0.7730104533627122 0
    outer loop
      vertex -1.120887885670117 -107.94812767271426 3
      vertex -1.034894429314825 -108.01870067849511 0
      vertex -1.120887885670117 -107.94812767271426 0
    endloop
  endfacet
  facet normal 0.6835923020228695 0.7298640726978373 0
    outer loop
      vertex -1.2020815280171309 -107.87208152801713 3
      vertex -1.120887885670117 -107.94812767271426 0
      vertex -1.2020815280171309 -107.87208152801713 0
    endloop
  endfacet
  facet normal 0.5824776968677832 0.8128466845916289 0
    outer loop
      vertex -1.034894429314825 -108.01870067849511 3
      vertex -0.9444693961333237 -108.08349834091433 0
      vertex -1.034894429314825 -108.01870067849511 0
    endloop
  endfacet
  facet normal 0.5280678506503407 0.8492021815265958 0
    outer loop
      vertex -0.9444693961333237 -108.08349834091433 3
      vertex -0.85 -108.14224318643355 0
      vertex -0.9444693961333237 -108.08349834091433 0
    endloop
  endfacet
  facet normal 0.8819212643483573 0.4713967368259934 0
    outer loop
      vertex -1.52468366060557 -107.4218907733723 3
      vertex -1.4722431864335457 -107.52 0
      vertex -1.52468366060557 -107.4218907733723 0
    endloop
  endfacet
  facet normal 0.7730104533627039 0.6343932841636857 0
    outer loop
      vertex -1.3487006784950997 -107.70489442931483 3
      vertex -1.2781276727142616 -107.79088788567012 0
      vertex -1.3487006784950997 -107.70489442931483 0
    endloop
  endfacet
  facet normal 0.8128466845916215 0.5824776968677934 0
    outer loop
      vertex -1.413498340914327 -107.61446939613333 3
      vertex -1.3487006784950997 -107.70489442931483 0
      vertex -1.413498340914327 -107.61446939613333 0
    endloop
  endfacet
  facet normal 0.8492021815266053 0.5280678506503256 0
    outer loop
      vertex -1.4722431864335457 -107.52 3
      vertex -1.413498340914327 -107.61446939613333 0
      vertex -1.4722431864335457 -107.52 0
    endloop
  endfacet
  facet normal 0.9108638249211647 0.41270702980441937 0
    outer loop
      vertex -1.5705952052691874 -107.32056183502065 3
      vertex -1.52468366060557 -107.4218907733723 0
      vertex -1.5705952052691874 -107.32056183502065 0
    endloop
  endfacet
  facet normal 0.9359059267573193 0.35225004792125064 0
    outer loop
      vertex -1.6097812201416797 -107.21644709101538 3
      vertex -1.5705952052691874 -107.32056183502065 0
      vertex -1.6097812201416797 -107.21644709101538 0
    endloop
  endfacet
  facet normal 0.9569403357322152 0.29028467725444157 0
    outer loop
      vertex -1.6420739046914161 -107.10999237667428 3
      vertex -1.6097812201416797 -107.21644709101538 0
      vertex -1.6420739046914161 -107.10999237667428 0
    endloop
  endfacet
  facet normal 0.9738769792773312 0.22707626303438427 0
    outer loop
      vertex -1.6673349766854917 -107.00165354742742 3
      vertex -1.6420739046914161 -107.10999237667428 0
      vertex -1.6673349766854917 -107.00165354742742 0
    endloop
  endfacet
  facet normal 0.7298640726978504 0.6835923020228556 0
    outer loop
      vertex -1.2781276727142616 -107.79088788567012 3
      vertex -1.2020815280171309 -107.87208152801713 0
      vertex -1.2781276727142616 -107.79088788567012 0
    endloop
  endfacet
  facet normal 0.35225004792128556 0.9359059267573061 0
    outer loop
      vertex -0.6505618350206526 -108.24059520526919 3
      vertex -0.5464470910153747 -108.27978122014169 0
      vertex -0.6505618350206526 -108.24059520526919 0
    endloop
  endfacet
  facet normal 0.2902846772544146 0.9569403357322234 0
    outer loop
      vertex -0.5464470910153747 -108.27978122014169 3
      vertex -0.43999237667428526 -108.31207390469142 0
      vertex -0.5464470910153747 -108.27978122014169 0
    endloop
  endfacet
  facet normal 0.4713967368260391 0.881921264348333 0
    outer loop
      vertex -0.85 -108.14224318643355 3
      vertex -0.7518907733723021 -108.19468366060558 0
      vertex -0.85 -108.14224318643355 0
    endloop
  endfacet
  facet normal 0.41270702980434326 0.9108638249211992 0
    outer loop
      vertex -0.7518907733723021 -108.19468366060558 3
      vertex -0.6505618350206526 -108.24059520526919 0
      vertex -0.7518907733723021 -108.19468366060558 0
    endloop
  endfacet
  facet normal 0.22707626303441397 0.9738769792773242 0
    outer loop
      vertex -0.43999237667428526 -108.31207390469142 3
      vertex -0.33165354742741804 -108.3373349766855 0
      vertex -0.43999237667428526 -108.31207390469142 0
    endloop
  endfacet
  facet normal 0.16289547339449886 0.9866433320848937 0
    outer loop
      vertex -0.33165354742741804 -108.3373349766855 3
      vertex -0.22189452677408766 -108.35545626433547 0
      vertex -0.33165354742741804 -108.3373349766855 0
    endloop
  endfacet
  facet normal 0.09801714032960228 0.9951847266721928 0
    outer loop
      vertex -0.22189452677408766 -108.35545626433547 3
      vertex -0.1111853196912432 -108.36636016950563 0
      vertex -0.22189452677408766 -108.35545626433547 0
    endloop
  endfacet
  facet normal 0.03271908282181864 0.9994645874763642 0
    outer loop
      vertex -0.1111853196912432 -108.36636016950563 3
      vertex 0 -108.37 0
      vertex -0.1111853196912432 -108.36636016950563 0
    endloop
  endfacet
  facet normal 0.9866433320848785 0.16289547339459123 0
    outer loop
      vertex -1.6854562643354776 -106.8918945267741 3
      vertex -1.6673349766854917 -107.00165354742742 0
      vertex -1.6854562643354776 -106.8918945267741 0
    endloop
  endfacet
  facet normal 0.9951847266721973 0.09801714032955713 0
    outer loop
      vertex -1.6963601695056258 -106.78118531969125 3
      vertex -1.6854562643354776 -106.8918945267741 0
      vertex -1.6963601695056258 -106.78118531969125 0
    endloop
  endfacet
  facet normal 0.9994645874763656 -0.03271908282177627 0
    outer loop
      vertex -1.6963601695056258 -106.55881468030876 3
      vertex -1.7 -106.67 0
      vertex -1.6963601695056258 -106.55881468030876 0
    endloop
  endfacet
  facet normal 0.9951847266721973 -0.09801714032955713 0
    outer loop
      vertex -1.6854562643354776 -106.44810547322591 3
      vertex -1.6963601695056258 -106.55881468030876 0
      vertex -1.6854562643354776 -106.44810547322591 0
    endloop
  endfacet
  facet normal 0.9866433320848785 -0.16289547339459123 0
    outer loop
      vertex -1.6673349766854917 -106.33834645257258 3
      vertex -1.6854562643354776 -106.44810547322591 0
      vertex -1.6673349766854917 -106.33834645257258 0
    endloop
  endfacet
  facet normal 0.9738769792773312 -0.22707626303438427 0
    outer loop
      vertex -1.6420739046914161 -106.23000762332572 3
      vertex -1.6673349766854917 -106.33834645257258 0
      vertex -1.6420739046914161 -106.23000762332572 0
    endloop
  endfacet
  facet normal 0.9569403357322152 -0.29028467725444157 0
    outer loop
      vertex -1.6097812201416797 -106.12355290898462 3
      vertex -1.6420739046914161 -106.23000762332572 0
      vertex -1.6097812201416797 -106.12355290898462 0
    endloop
  endfacet
  facet normal 0.9359059267573193 -0.35225004792125064 0
    outer loop
      vertex -1.5705952052691874 -106.01943816497935 3
      vertex -1.6097812201416797 -106.12355290898462 0
      vertex -1.5705952052691874 -106.01943816497935 0
    endloop
  endfacet
  facet normal 0.9108638249211647 -0.41270702980441937 0
    outer loop
      vertex -1.52468366060557 -105.9181092266277 3
      vertex -1.5705952052691874 -106.01943816497935 0
      vertex -1.52468366060557 -105.9181092266277 0
    endloop
  endfacet
  facet normal 0.8819212643483573 -0.4713967368259934 0
    outer loop
      vertex -1.4722431864335457 -105.82000000000001 3
      vertex -1.52468366060557 -105.9181092266277 0
      vertex -1.4722431864335457 -105.82000000000001 0
    endloop
  endfacet
  facet normal 0.8492021815266053 -0.5280678506503256 0
    outer loop
      vertex -1.413498340914327 -105.72553060386667 3
      vertex -1.4722431864335457 -105.82000000000001 0
      vertex -1.413498340914327 -105.72553060386667 0
    endloop
  endfacet
  facet normal 0.8128466845916215 -0.5824776968677934 0
    outer loop
      vertex -1.3487006784950997 -105.63510557068517 3
      vertex -1.413498340914327 -105.72553060386667 0
      vertex -1.3487006784950997 -105.63510557068517 0
    endloop
  endfacet
  facet normal 0.7730104533627039 -0.6343932841636857 0
    outer loop
      vertex -1.2781276727142616 -105.54911211432989 3
      vertex -1.3487006784950997 -105.63510557068517 0
      vertex -1.2781276727142616 -105.54911211432989 0
    endloop
  endfacet
  facet normal 0.7298640726978504 -0.6835923020228556 0
    outer loop
      vertex -1.2020815280171309 -105.46791847198287 3
      vertex -1.2781276727142616 -105.54911211432989 0
      vertex -1.2020815280171309 -105.46791847198287 0
    endloop
  endfacet
  facet normal 0.6835923020228695 -0.7298640726978373 0
    outer loop
      vertex -1.120887885670117 -105.39187232728574 3
      vertex -1.2020815280171309 -105.46791847198287 0
      vertex -1.120887885670117 -105.39187232728574 0
    endloop
  endfacet
  facet normal 0.6343932841636755 -0.7730104533627122 0
    outer loop
      vertex -1.034894429314825 -105.3212993215049 3
      vertex -1.120887885670117 -105.39187232728574 0
      vertex -1.034894429314825 -105.3212993215049 0
    endloop
  endfacet
  facet normal 0.5824776968677832 -0.8128466845916289 0
    outer loop
      vertex -0.9444693961333237 -105.25650165908567 3
      vertex -1.034894429314825 -105.3212993215049 0
      vertex -0.9444693961333237 -105.25650165908567 0
    endloop
  endfacet
  facet normal 0.5280678506503407 -0.8492021815265958 0
    outer loop
      vertex -0.85 -105.19775681356646 3
      vertex -0.9444693961333237 -105.25650165908567 0
      vertex -0.85 -105.19775681356646 0
    endloop
  endfacet
  facet normal 0.4713967368260391 -0.881921264348333 0
    outer loop
      vertex -0.7518907733723021 -105.14531633939443 3
      vertex -0.85 -105.19775681356646 0
      vertex -0.7518907733723021 -105.14531633939443 0
    endloop
  endfacet
  facet normal 0.41270702980434326 -0.9108638249211992 0
    outer loop
      vertex -0.6505618350206526 -105.09940479473082 3
      vertex -0.7518907733723021 -105.14531633939443 0
      vertex -0.6505618350206526 -105.09940479473082 0
    endloop
  endfacet
  facet normal 0.35225004792128556 -0.9359059267573061 0
    outer loop
      vertex -0.5464470910153747 -105.06021877985832 3
      vertex -0.6505618350206526 -105.09940479473082 0
      vertex -0.5464470910153747 -105.06021877985832 0
    endloop
  endfacet
  facet normal 0.2902846772544146 -0.9569403357322234 0
    outer loop
      vertex -0.43999237667428526 -105.02792609530859 3
      vertex -0.5464470910153747 -105.06021877985832 0
      vertex -0.43999237667428526 -105.02792609530859 0
    endloop
  endfacet
  facet normal 0.22707626303441397 -0.9738769792773242 0
    outer loop
      vertex -0.33165354742741804 -105.0026650233145 3
      vertex -0.43999237667428526 -105.02792609530859 0
      vertex -0.33165354742741804 -105.0026650233145 0
    endloop
  endfacet
  facet normal 0.16289547339449886 -0.9866433320848937 0
    outer loop
      vertex -0.22189452677408766 -104.98454373566453 3
      vertex -0.33165354742741804 -105.0026650233145 0
      vertex -0.22189452677408766 -104.98454373566453 0
    endloop
  endfacet
  facet normal 0.09801714032960228 -0.9951847266721928 0
    outer loop
      vertex -0.1111853196912432 -104.97363983049438 3
      vertex -0.22189452677408766 -104.98454373566453 0
      vertex -0.1111853196912432 -104.97363983049438 0
    endloop
  endfacet
  facet normal 0.03271908282181864 -0.9994645874763642 0
    outer loop
      vertex 0 -104.97 3
      vertex -0.1111853196912432 -104.97363983049438 0
      vertex 0 -104.97 0
    endloop
  endfacet
  facet normal 0.9994645874763656 -0.03271908282177627 0
    outer loop
      vertex -1.7 -106.67 3
      vertex -1.7 -106.67 0
      vertex -1.6963601695056258 -106.55881468030876 3
    endloop
  endfacet
  facet normal 0.6343932841636755 0.7730104533627122 -3.5573870785851404e-19
    outer loop
      vertex -1.120887885670117 -107.94812767271426 3
      vertex -1.034894429314825 -108.01870067849511 3
      vertex -1.034894429314825 -108.01870067849511 0
    endloop
  endfacet
  facet normal 0.7298640726978504 0.6835923020228556 -2.5535164367978677e-19
    outer loop
      vertex -1.2781276727142616 -107.79088788567012 3
      vertex -1.2020815280171309 -107.87208152801713 3
      vertex -1.2020815280171309 -107.87208152801713 0
    endloop
  endfacet
  facet normal 0.6835923020228695 0.7298640726978373 0
    outer loop
      vertex -1.120887885670117 -107.94812767271426 3
      vertex -1.120887885670117 -107.94812767271426 0
      vertex -1.2020815280171309 -107.87208152801713 3
    endloop
  endfacet
  facet normal 0.5824776968677832 0.8128466845916289 6.268323330956869e-20
    outer loop
      vertex -1.034894429314825 -108.01870067849511 3
      vertex -0.9444693961333237 -108.08349834091433 3
      vertex -0.9444693961333237 -108.08349834091433 0
    endloop
  endfacet
  facet normal 0.5280678506503407 0.8492021815265958 -3.53564600408046e-19
    outer loop
      vertex -0.9444693961333237 -108.08349834091433 3
      vertex -0.85 -108.14224318643355 3
      vertex -0.85 -108.14224318643355 0
    endloop
  endfacet
  facet normal 0.8819212643483573 0.4713967368259934 1.027602232862494e-18
    outer loop
      vertex -1.52468366060557 -107.4218907733723 3
      vertex -1.4722431864335457 -107.52 3
      vertex -1.4722431864335457 -107.52 0
    endloop
  endfacet
  facet normal 0.7730104533627039 0.6343932841636857 0
    outer loop
      vertex -1.2781276727142616 -107.79088788567012 3
      vertex -1.2781276727142616 -107.79088788567012 0
      vertex -1.3487006784950997 -107.70489442931483 3
    endloop
  endfacet
  facet normal 0.8128466845916215 0.5824776968677934 -2.3396997520518055e-19
    outer loop
      vertex -1.413498340914327 -107.61446939613333 3
      vertex -1.3487006784950997 -107.70489442931483 3
      vertex -1.3487006784950997 -107.70489442931483 0
    endloop
  endfacet
  facet normal 0.8492021815266053 0.5280678506503256 0
    outer loop
      vertex -1.413498340914327 -107.61446939613333 3
      vertex -1.413498340914327 -107.61446939613333 0
      vertex -1.4722431864335457 -107.52 3
    endloop
  endfacet
  facet normal 0.9108638249211647 0.41270702980441937 0
    outer loop
      vertex -1.52468366060557 -107.4218907733723 3
      vertex -1.52468366060557 -107.4218907733723 0
      vertex -1.5705952052691874 -107.32056183502065 3
    endloop
  endfacet
  facet normal 0.9359059267573193 0.35225004792125064 0
    outer loop
      vertex -1.5705952052691874 -107.32056183502065 3
      vertex -1.5705952052691874 -107.32056183502065 0
      vertex -1.6097812201416797 -107.21644709101538 3
    endloop
  endfacet
  facet normal 0.9569403357322152 0.29028467725444157 0
    outer loop
      vertex -1.6097812201416797 -107.21644709101538 3
      vertex -1.6097812201416797 -107.21644709101538 0
      vertex -1.6420739046914161 -107.10999237667428 3
    endloop
  endfacet
  facet normal 0.9738769792773312 0.22707626303438427 0
    outer loop
      vertex -1.6420739046914161 -107.10999237667428 3
      vertex -1.6420739046914161 -107.10999237667428 0
      vertex -1.6673349766854917 -107.00165354742742 3
    endloop
  endfacet
  facet normal 0.35225004792128556 0.9359059267573061 4.099762283662766e-19
    outer loop
      vertex -0.6505618350206526 -108.24059520526919 3
      vertex -0.5464470910153747 -108.27978122014169 3
      vertex -0.5464470910153747 -108.27978122014169 0
    endloop
  endfacet
  facet normal 0.2902846772544146 0.9569403357322234 5.288892815126859e-19
    outer loop
      vertex -0.5464470910153747 -108.27978122014169 3
      vertex -0.43999237667428526 -108.31207390469142 3
      vertex -0.43999237667428526 -108.31207390469142 0
    endloop
  endfacet
  facet normal 0.4713967368260391 0.881921264348333 -8.42472064061731e-19
    outer loop
      vertex -0.85 -108.14224318643355 3
      vertex -0.7518907733723021 -108.19468366060558 3
      vertex -0.7518907733723021 -108.19468366060558 0
    endloop
  endfacet
  facet normal 0.41270702980434326 0.9108638249211992 -3.285985199700812e-19
    outer loop
      vertex -0.7518907733723021 -108.19468366060558 3
      vertex -0.6505618350206526 -108.24059520526919 3
      vertex -0.6505618350206526 -108.24059520526919 0
    endloop
  endfacet
  facet normal 0.22707626303441397 0.9738769792773242 -4.461311539441881e-19
    outer loop
      vertex -0.43999237667428526 -108.31207390469142 3
      vertex -0.33165354742741804 -108.3373349766855 3
      vertex -0.33165354742741804 -108.3373349766855 0
    endloop
  endfacet
  facet normal 0.16289547339449886 0.9866433320848937 -4.960655542694116e-19
    outer loop
      vertex -0.33165354742741804 -108.3373349766855 3
      vertex -0.22189452677408766 -108.35545626433547 3
      vertex -0.22189452677408766 -108.35545626433547 0
    endloop
  endfacet
  facet normal 0.09801714032960228 0.9951847266721928 -1.0021188648122902e-19
    outer loop
      vertex -0.22189452677408766 -108.35545626433547 3
      vertex -0.1111853196912432 -108.36636016950563 3
      vertex -0.1111853196912432 -108.36636016950563 0
    endloop
  endfacet
  facet normal 0.03271908282181864 0.9994645874763642 -4.95874081130228e-20
    outer loop
      vertex -0.1111853196912432 -108.36636016950563 3
      vertex 0 -108.37 3
      vertex 0 -108.37 0
    endloop
  endfacet
  facet normal 0.9866433320848785 0.16289547339459123 0
    outer loop
      vertex -1.6673349766854917 -107.00165354742742 3
      vertex -1.6673349766854917 -107.00165354742742 0
      vertex -1.6854562643354776 -106.8918945267741 3
    endloop
  endfacet
  facet normal 0.9951847266721973 0.09801714032955713 -2.746605188369776e-19
    outer loop
      vertex -1.6963601695056258 -106.78118531969125 3
      vertex -1.6854562643354776 -106.8918945267741 3
      vertex -1.6854562643354776 -106.8918945267741 0
    endloop
  endfacet
  facet normal 0.9994645874763656 0.03271908282177627 0
    outer loop
      vertex -1.6963601695056258 -106.78118531969125 3
      vertex -1.6963601695056258 -106.78118531969125 0
      vertex -1.7 -106.67 3
    endloop
  endfacet
  facet normal 0.9951847266721973 -0.09801714032955713 0
    outer loop
      vertex -1.6963601695056258 -106.55881468030876 3
      vertex -1.6963601695056258 -106.55881468030876 0
      vertex -1.6854562643354776 -106.44810547322591 3
    endloop
  endfacet
  facet normal 0.9866433320848785 -0.16289547339459123 0
    outer loop
      vertex -1.6854562643354776 -106.44810547322591 3
      vertex -1.6854562643354776 -106.44810547322591 0
      vertex -1.6673349766854917 -106.33834645257258 3
    endloop
  endfacet
  facet normal 0.9738769792773312 -0.22707626303438427 0
    outer loop
      vertex -1.6673349766854917 -106.33834645257258 3
      vertex -1.6673349766854917 -106.33834645257258 0
      vertex -1.6420739046914161 -106.23000762332572 3
    endloop
  endfacet
  facet normal 0.9569403357322152 -0.29028467725444157 0
    outer loop
      vertex -1.6420739046914161 -106.23000762332572 3
      vertex -1.6420739046914161 -106.23000762332572 0
      vertex -1.6097812201416797 -106.12355290898462 3
    endloop
  endfacet
  facet normal 0.9359059267573193 -0.35225004792125064 0
    outer loop
      vertex -1.6097812201416797 -106.12355290898462 3
      vertex -1.6097812201416797 -106.12355290898462 0
      vertex -1.5705952052691874 -106.01943816497935 3
    endloop
  endfacet
  facet normal 0.9108638249211647 -0.41270702980441937 0
    outer loop
      vertex -1.5705952052691874 -106.01943816497935 3
      vertex -1.5705952052691874 -106.01943816497935 0
      vertex -1.52468366060557 -105.9181092266277 3
    endloop
  endfacet
  facet normal 0.8819212643483573 -0.4713967368259934 0
    outer loop
      vertex -1.52468366060557 -105.9181092266277 3
      vertex -1.52468366060557 -105.9181092266277 0
      vertex -1.4722431864335457 -105.82000000000001 3
    endloop
  endfacet
  facet normal 0.8492021815266053 -0.5280678506503256 0
    outer loop
      vertex -1.4722431864335457 -105.82000000000001 3
      vertex -1.4722431864335457 -105.82000000000001 0
      vertex -1.413498340914327 -105.72553060386667 3
    endloop
  endfacet
  facet normal 0.8128466845916215 -0.5824776968677934 0
    outer loop
      vertex -1.413498340914327 -105.72553060386667 3
      vertex -1.413498340914327 -105.72553060386667 0
      vertex -1.3487006784950997 -105.63510557068517 3
    endloop
  endfacet
  facet normal 0.7730104533627039 -0.6343932841636857 0
    outer loop
      vertex -1.3487006784950997 -105.63510557068517 3
      vertex -1.3487006784950997 -105.63510557068517 0
      vertex -1.2781276727142616 -105.54911211432989 3
    endloop
  endfacet
  facet normal 0.7298640726978504 -0.6835923020228556 0
    outer loop
      vertex -1.2781276727142616 -105.54911211432989 3
      vertex -1.2781276727142616 -105.54911211432989 0
      vertex -1.2020815280171309 -105.46791847198287 3
    endloop
  endfacet
  facet normal 0.6835923020228695 -0.7298640726978373 0
    outer loop
      vertex -1.2020815280171309 -105.46791847198287 3
      vertex -1.2020815280171309 -105.46791847198287 0
      vertex -1.120887885670117 -105.39187232728574 3
    endloop
  endfacet
  facet normal 0.6343932841636755 -0.7730104533627122 0
    outer loop
      vertex -1.120887885670117 -105.39187232728574 3
      vertex -1.120887885670117 -105.39187232728574 0
      vertex -1.034894429314825 -105.3212993215049 3
    endloop
  endfacet
  facet normal 0.5824776968677832 -0.8128466845916289 0
    outer loop
      vertex -1.034894429314825 -105.3212993215049 3
      vertex -1.034894429314825 -105.3212993215049 0
      vertex -0.9444693961333237 -105.25650165908567 3
    endloop
  endfacet
  facet normal 0.5280678506503407 -0.8492021815265958 0
    outer loop
      vertex -0.9444693961333237 -105.25650165908567 3
      vertex -0.9444693961333237 -105.25650165908567 0
      vertex -0.85 -105.19775681356646 3
    endloop
  endfacet
  facet normal 0.4713967368260391 -0.881921264348333 0
    outer loop
      vertex -0.85 -105.19775681356646 3
      vertex -0.85 -105.19775681356646 0
      vertex -0.7518907733723021 -105.14531633939443 3
    endloop
  endfacet
  facet normal 0.41270702980434326 -0.9108638249211992 0
    outer loop
      vertex -0.7518907733723021 -105.14531633939443 3
      vertex -0.7518907733723021 -105.14531633939443 0
      vertex -0.6505618350206526 -105.09940479473082 3
    endloop
  endfacet
  facet normal 0.35225004792128556 -0.9359059267573061 0
    outer loop
      vertex -0.6505618350206526 -105.09940479473082 3
      vertex -0.6505618350206526 -105.09940479473082 0
      vertex -0.5464470910153747 -105.06021877985832 3
    endloop
  endfacet
  facet normal 0.2902846772544146 -0.9569403357322234 0
    outer loop
      vertex -0.5464470910153747 -105.06021877985832 3
      vertex -0.5464470910153747 -105.06021877985832 0
      vertex -0.43999237667428526 -105.02792609530859 3
    endloop
  endfacet
  facet normal 0.22707626303441397 -0.9738769792773242 0
    outer loop
      vertex -0.43999237667428526 -105.02792609530859 3
      vertex -0.43999237667428526 -105.02792609530859 0
      vertex -0.33165354742741804 -105.0026650233145 3
    endloop
  endfacet
  facet normal 0.16289547339449886 -0.9866433320848937 0
    outer loop
      vertex -0.33165354742741804 -105.0026650233145 3
      vertex -0.33165354742741804 -105.0026650233145 0
      vertex -0.22189452677408766 -104.98454373566453 3
    endloop
  endfacet
  facet normal 0.09801714032960228 -0.9951847266721928 0
    outer loop
      vertex -0.22189452677408766 -104.98454373566453 3
      vertex -0.22189452677408766 -104.98454373566453 0
      vertex -0.1111853196912432 -104.97363983049438 3
    endloop
  endfacet
  facet normal 0.03271908282181864 -0.9994645874763642 0
    outer loop
      vertex -0.1111853196912432 -104.97363983049438 3
      vertex -0.1111853196912432 -104.97363983049438 0
      vertex 0 -104.97 3
    endloop
  endfacet
  facet normal 0 0 -1
    outer loop
      vertex -1.413498340914327 -107.61446939613333 3
      vertex -1.413498340914327 -105.72553060386667 3
      vertex -1.3487006784950997 -107.70489442931483 3
    endloop
  endfacet
  facet normal 0 0 -1
    outer loop
      vertex -1.413498340914327 -107.61446939613333 3
      vertex -1.4722431864335457 -107.52 3
      vertex -1.4722431864335457 -105.82000000000001 3
    endloop
  endfacet
  facet normal 0 0 -1
    outer loop
      vertex -1.2781276727142616 -107.79088788567012 3
      vertex -1.3487006784950997 -107.70489442931483 3
      vertex -1.3487006784950997 -105.63510557068517 3
    endloop
  endfacet
  facet normal 0 0 -1
    outer loop
      vertex -1.120887885670117 -107.94812767271426 3
      vertex -1.120887885670117 -105.39187232728574 3
      vertex -1.034894429314825 -108.01870067849511 3
    endloop
  endfacet
  facet normal 0 0 -1
    outer loop
      vertex -1.120887885670117 -107.94812767271426 3
      vertex -1.2020815280171309 -107.87208152801713 3
      vertex -1.2020815280171309 -105.46791847198287 3
    endloop
  endfacet
  facet normal 0 0 -1
    outer loop
      vertex -1.2781276727142616 -107.79088788567012 3
      vertex -1.2781276727142616 -105.54911211432989 3
      vertex -1.2020815280171309 -107.87208152801713 3
    endloop
  endfacet
  facet normal 0 0 -1
    outer loop
      vertex -1.034894429314825 -108.01870067849511 3
      vertex -1.034894429314825 -105.3212993215049 3
      vertex -0.9444693961333237 -108.08349834091433 3
    endloop
  endfacet
  facet normal 0 0 -1
    outer loop
      vertex -0.9444693961333237 -108.08349834091433 3
      vertex -0.9444693961333237 -105.25650165908567 3
      vertex -0.85 -108.14224318643355 3
    endloop
  endfacet
  facet normal 0 0 -1
    outer loop
      vertex -0.7518907733723021 -108.19468366060558 3
      vertex -0.7518907733723021 -105.14531633939443 3
      vertex -0.6505618350206526 -108.24059520526919 3
    endloop
  endfacet
  facet normal 0 0 -1
    outer loop
      vertex -0.85 -108.14224318643355 3
      vertex -0.85 -105.19775681356646 3
      vertex -0.7518907733723021 -108.19468366060558 3
    endloop
  endfacet
  facet normal 0 0 -1
    outer loop
      vertex -0.6505618350206526 -108.24059520526919 3
      vertex -0.6505618350206526 -105.09940479473082 3
      vertex -0.5464470910153747 -108.27978122014169 3
    endloop
  endfacet
  facet normal 0 0 -1
    outer loop
      vertex -0.5464470910153747 -108.27978122014169 3
      vertex -0.5464470910153747 -105.06021877985832 3
      vertex -0.43999237667428526 -108.31207390469142 3
    endloop
  endfacet
  facet normal 0 0 -1
    outer loop
      vertex -0.43999237667428526 -108.31207390469142 3
      vertex -0.43999237667428526 -105.02792609530859 3
      vertex -0.33165354742741804 -108.3373349766855 3
    endloop
  endfacet
  facet normal 0 0 -1
    outer loop
      vertex -0.33165354742741804 -108.3373349766855 3
      vertex -0.33165354742741804 -105.0026650233145 3
      vertex -0.22189452677408766 -108.35545626433547 3
    endloop
  endfacet
  facet normal 0 0 -1
    outer loop
      vertex -0.22189452677408766 -108.35545626433547 3
      vertex -0.22189452677408766 -104.98454373566453 3
      vertex -0.1111853196912432 -108.36636016950563 3
    endloop
  endfacet
  facet normal 0 0 -1
    outer loop
      vertex -0.1111853196912432 -108.36636016950563 3
      vertex -0.1111853196912432 -104.97363983049438 3
      vertex 0 -108.37 3
    endloop
  endfacet
  facet normal 0 0 -1
    outer loop
      vertex -1.52468366060557 -107.4218907733723 3
      vertex -1.5705952052691874 -107.32056183502065 3
      vertex -1.5705952052691874 -106.01943816497935 3
    endloop
  endfacet
  facet normal 0 0 -1
    outer loop
      vertex -1.52468366060557 -107.4218907733723 3
      vertex -1.52468366060557 -105.9181092266277 3
      vertex -1.4722431864335457 -107.52 3
    endloop
  endfacet
  facet normal 0 0 -1
    outer loop
      vertex -1.5705952052691874 -107.32056183502065 3
      vertex -1.6097812201416797 -107.21644709101538 3
      vertex -1.6097812201416797 -106.12355290898462 3
    endloop
  endfacet
  facet normal 0 0 -1
    outer loop
      vertex -1.6673349766854917 -107.00165354742742 3
      vertex -1.6854562643354776 -106.8918945267741 3
      vertex -1.6854562643354776 -106.44810547322591 3
    endloop
  endfacet
  facet normal 0 0 -1
    outer loop
      vertex -1.6420739046914161 -107.10999237667428 3
      vertex -1.6673349766854917 -107.00165354742742 3
      vertex -1.6673349766854917 -106.33834645257258 3
    endloop
  endfacet
  facet normal 0 0 -1
    outer loop
      vertex -1.6097812201416797 -107.21644709101538 3
      vertex -1.6420739046914161 -107.10999237667428 3
      vertex -1.6420739046914161 -106.23000762332572 3
    endloop
  endfacet
  facet normal 0 0 -1
    outer loop
      vertex -1.6963601695056258 -106.78118531969125 3
      vertex -1.7 -106.67 3
      vertex -1.6963601695056258 -106.55881468030876 3
    endloop
  endfacet
  facet normal 0 0 -1
    outer loop
      vertex -1.6963601695056258 -106.78118531969125 3
      vertex -1.6963601695056258 -106.55881468030876 3
      vertex -1.6854562643354776 -106.8918945267741 3
    endloop
  endfacet
  facet normal 0 0 -1
    outer loop
      vertex -1.6963601695056258 -106.55881468030876 3
      vertex -1.6854562643354776 -106.44810547322591 3
      vertex -1.6854562643354776 -106.8918945267741 3
    endloop
  endfacet
  facet normal 0 0 -1
    outer loop
      vertex -1.6673349766854917 -107.00165354742742 3
      vertex -1.6854562643354776 -106.44810547322591 3
      vertex -1.6673349766854917 -106.33834645257258 3
    endloop
  endfacet
  facet normal 0 0 -1
    outer loop
      vertex -1.6420739046914161 -107.10999237667428 3
      vertex -1.6673349766854917 -106.33834645257258 3
      vertex -1.6420739046914161 -106.23000762332572 3
    endloop
  endfacet
  facet normal 0 0 -1
    outer loop
      vertex -1.6097812201416797 -107.21644709101538 3
      vertex -1.6420739046914161 -106.23000762332572 3
      vertex -1.6097812201416797 -106.12355290898462 3
    endloop
  endfacet
  facet normal 0 0 -1
    outer loop
      vertex -1.5705952052691874 -107.32056183502065 3
      vertex -1.6097812201416797 -106.12355290898462 3
      vertex -1.5705952052691874 -106.01943816497935 3
    endloop
  endfacet
  facet normal 0 0 -1
    outer loop
      vertex -1.52468366060557 -107.4218907733723 3
      vertex -1.5705952052691874 -106.01943816497935 3
      vertex -1.52468366060557 -105.9181092266277 3
    endloop
  endfacet
  facet normal 0 0 -1
    outer loop
      vertex -1.4722431864335457 -107.52 3
      vertex -1.52468366060557 -105.9181092266277 3
      vertex -1.4722431864335457 -105.82000000000001 3
    endloop
  endfacet
  facet normal 0 0 -1
    outer loop
      vertex -1.413498340914327 -107.61446939613333 3
      vertex -1.4722431864335457 -105.82000000000001 3
      vertex -1.413498340914327 -105.72553060386667 3
    endloop
  endfacet
  facet normal 0 0 -1
    outer loop
      vertex -1.3487006784950997 -107.70489442931483 3
      vertex -1.413498340914327 -105.72553060386667 3
      vertex -1.3487006784950997 -105.63510557068517 3
    endloop
  endfacet
  facet normal 0 0 -1
    outer loop
      vertex -1.2781276727142616 -107.79088788567012 3
      vertex -1.3487006784950997 -105.63510557068517 3
      vertex -1.2781276727142616 -105.54911211432989 3
    endloop
  endfacet
  facet normal 0 0 -1
    outer loop
      vertex -1.2020815280171309 -107.87208152801713 3
      vertex -1.2781276727142616 -105.54911211432989 3
      vertex -1.2020815280171309 -105.46791847198287 3
    endloop
  endfacet
  facet normal 0 0 -1
    outer loop
      vertex -1.120887885670117 -107.94812767271426 3
      vertex -1.2020815280171309 -105.46791847198287 3
      vertex -1.120887885670117 -105.39187232728574 3
    endloop
  endfacet
  facet normal 0 0 -1
    outer loop
      vertex -1.034894429314825 -108.01870067849511 3
      vertex -1.120887885670117 -105.39187232728574 3
      vertex -1.034894429314825 -105.3212993215049 3
    endloop
  endfacet
  facet normal 0 0 -1
    outer loop
      vertex -0.9444693961333237 -108.08349834091433 3
      vertex -1.034894429314825 -105.3212993215049 3
      vertex -0.9444693961333237 -105.25650165908567 3
    endloop
  endfacet
  facet normal 0 0 -1
    outer loop
      vertex -0.85 -108.14224318643355 3
      vertex -0.9444693961333237 -105.25650165908567 3
      vertex -0.85 -105.19775681356646 3
    endloop
  endfacet
  facet normal 0 0 -1
    outer loop
      vertex -0.7518907733723021 -108.19468366060558 3
      vertex -0.85 -105.19775681356646 3
      vertex -0.7518907733723021 -105.14531633939443 3
    endloop
  endfacet
  facet normal 0 0 -1
    outer loop
      vertex -0.6505618350206526 -108.24059520526919 3
      vertex -0.7518907733723021 -105.14531633939443 3
      vertex -0.6505618350206526 -105.09940479473082 3
    endloop
  endfacet
  facet normal 0 0 -1
    outer loop
      vertex -0.5464470910153747 -108.27978122014169 3
      vertex -0.6505618350206526 -105.09940479473082 3
      vertex -0.5464470910153747 -105.06021877985832 3
    endloop
  endfacet
  facet normal 0 0 -1
    outer loop
      vertex -0.43999237667428526 -108.31207390469142 3
      vertex -0.5464470910153747 -105.06021877985832 3
      vertex -0.43999237667428526 -105.02792609530859 3
    endloop
  endfacet
  facet normal 0 0 -1
    outer loop
      vertex -0.33165354742741804 -108.3373349766855 3
      vertex -0.43999237667428526 -105.02792609530859 3
      vertex -0.33165354742741804 -105.0026650233145 3
    endloop
  endfacet
  facet normal 0 0 -1
    outer loop
      vertex -0.22189452677408766 -108.35545626433547 3
      vertex -0.33165354742741804 -105.0026650233145 3
      vertex -0.22189452677408766 -104.98454373566453 3
    endloop
  endfacet
  facet normal 0 0 -1
    outer loop
      vertex -0.1111853196912432 -108.36636016950563 3
      vertex -0.22189452677408766 -104.98454373566453 3
      vertex -0.1111853196912432 -104.97363983049438 3
    endloop
  endfacet
  facet normal 0 0 -1
    outer loop
      vertex -0.1111853196912432 -104.97363983049438 3
      vertex 0 -104.97 3
      vertex 0 -108.37 3
    endloop
  endfacet
  facet normal -0.03271908282181864 0.9994645874763642 0
    outer loop
      vertex 0 -108.37 3
      vertex 0.1111853196912432 -108.36636016950563 0
      vertex 0 -108.37 0
    endloop
  endfacet
  facet normal -0.09801714032960228 0.9951847266721928 0
    outer loop
      vertex 0.1111853196912432 -108.36636016950563 3
      vertex 0.22189452677408766 -108.35545626433547 0
      vertex 0.1111853196912432 -108.36636016950563 0
    endloop
  endfacet
  facet normal -0.16289547339449886 0.9866433320848937 0
    outer loop
      vertex 0.22189452677408766 -108.35545626433547 3
      vertex 0.33165354742741804 -108.3373349766855 0
      vertex 0.22189452677408766 -108.35545626433547 0
    endloop
  endfacet
  facet normal -0.22707626303441397 0.9738769792773242 0
    outer loop
      vertex 0.33165354742741804 -108.3373349766855 3
      vertex 0.43999237667428526 -108.31207390469142 0
      vertex 0.33165354742741804 -108.3373349766855 0
    endloop
  endfacet
  facet normal -0.2902846772544146 0.9569403357322234 0
    outer loop
      vertex 0.43999237667428526 -108.31207390469142 3
      vertex 0.5464470910153747 -108.27978122014169 0
      vertex 0.43999237667428526 -108.31207390469142 0
    endloop
  endfacet
  facet normal -0.35225004792128556 0.9359059267573061 0
    outer loop
      vertex 0.5464470910153747 -108.27978122014169 3
      vertex 0.6505618350206526 -108.24059520526919 0
      vertex 0.5464470910153747 -108.27978122014169 0
    endloop
  endfacet
  facet normal -0.41270702980434326 0.9108638249211992 0
    outer loop
      vertex 0.6505618350206526 -108.24059520526919 3
      vertex 0.7518907733723021 -108.19468366060558 0
      vertex 0.6505618350206526 -108.24059520526919 0
    endloop
  endfacet
  facet normal -0.4713967368260391 0.881921264348333 0
    outer loop
      vertex 0.7518907733723021 -108.19468366060558 3
      vertex 0.85 -108.14224318643355 0
      vertex 0.7518907733723021 -108.19468366060558 0
    endloop
  endfacet
  facet normal -0.5280678506503407 0.8492021815265958 0
    outer loop
      vertex 0.85 -108.14224318643355 3
      vertex 0.9444693961333237 -108.08349834091433 0
      vertex 0.85 -108.14224318643355 0
    endloop
  endfacet
  facet normal -0.5824776968677832 0.8128466845916289 0
    outer loop
      vertex 0.9444693961333237 -108.08349834091433 3
      vertex 1.034894429314825 -108.01870067849511 0
      vertex 0.9444693961333237 -108.08349834091433 0
    endloop
  endfacet
  facet normal -0.7298640726978504 0.6835923020228556 0
    outer loop
      vertex 1.2020815280171309 -107.87208152801713 3
      vertex 1.2781276727142616 -107.79088788567012 0
      vertex 1.2020815280171309 -107.87208152801713 0
    endloop
  endfacet
  facet normal -0.6343932841636755 0.7730104533627122 0
    outer loop
      vertex 1.034894429314825 -108.01870067849511 3
      vertex 1.120887885670117 -107.94812767271426 0
      vertex 1.034894429314825 -108.01870067849511 0
    endloop
  endfacet
  facet normal -0.6835923020228695 0.7298640726978373 0
    outer loop
      vertex 1.120887885670117 -107.94812767271426 3
      vertex 1.2020815280171309 -107.87208152801713 0
      vertex 1.120887885670117 -107.94812767271426 0
    endloop
  endfacet
  facet normal -0.7730104533627039 0.6343932841636857 0
    outer loop
      vertex 1.2781276727142616 -107.79088788567012 3
      vertex 1.3487006784950997 -107.70489442931483 0
      vertex 1.2781276727142616 -107.79088788567012 0
    endloop
  endfacet
  facet normal -0.8128466845916215 0.5824776968677934 0
    outer loop
      vertex 1.3487006784950997 -107.70489442931483 3
      vertex 1.413498340914327 -107.61446939613333 0
      vertex 1.3487006784950997 -107.70489442931483 0
    endloop
  endfacet
  facet normal -0.8492021815266053 0.5280678506503256 0
    outer loop
      vertex 1.413498340914327 -107.61446939613333 3
      vertex 1.4722431864335457 -107.52 0
      vertex 1.413498340914327 -107.61446939613333 0
    endloop
  endfacet
  facet normal -0.8819212643483573 0.4713967368259934 0
    outer loop
      vertex 1.4722431864335457 -107.52 3
      vertex 1.52468366060557 -107.4218907733723 0
      vertex 1.4722431864335457 -107.52 0
    endloop
  endfacet
  facet normal -0.9108638249211647 0.41270702980441937 0
    outer loop
      vertex 1.52468366060557 -107.4218907733723 3
      vertex 1.5705952052691874 -107.32056183502065 0
      vertex 1.52468366060557 -107.4218907733723 0
    endloop
  endfacet
  facet normal -0.9359059267573193 0.35225004792125064 0
    outer loop
      vertex 1.5705952052691874 -107.32056183502065 3
      vertex 1.6097812201416797 -107.21644709101538 0
      vertex 1.5705952052691874 -107.32056183502065 0
    endloop
  endfacet
  facet normal -0.9569403357322152 0.29028467725444157 0
    outer loop
      vertex 1.6097812201416797 -107.21644709101538 3
      vertex 1.6420739046914161 -107.10999237667428 0
      vertex 1.6097812201416797 -107.21644709101538 0
    endloop
  endfacet
  facet normal -0.9738769792773312 0.22707626303438427 0
    outer loop
      vertex 1.6420739046914161 -107.10999237667428 3
      vertex 1.6673349766854917 -107.00165354742742 0
      vertex 1.6420739046914161 -107.10999237667428 0
    endloop
  endfacet
  facet normal -0.9866433320848785 0.16289547339459123 0
    outer loop
      vertex 1.6673349766854917 -107.00165354742742 3
      vertex 1.6854562643354776 -106.8918945267741 0
      vertex 1.6673349766854917 -107.00165354742742 0
    endloop
  endfacet
  facet normal -0.9951847266721973 0.09801714032955713 0
    outer loop
      vertex 1.6854562643354776 -106.8918945267741 3
      vertex 1.6963601695056258 -106.78118531969125 0
      vertex 1.6854562643354776 -106.8918945267741 0
    endloop
  endfacet
  facet normal -0.9994645874763656 0.03271908282177627 0
    outer loop
      vertex 1.6963601695056258 -106.78118531969125 3
      vertex 1.7 -106.67 0
      vertex 1.6963601695056258 -106.78118531969125 0
    endloop
  endfacet
  facet normal -0.9951847266721973 -0.09801714032955713 0
    outer loop
      vertex 1.6963601695056258 -106.55881468030876 3
      vertex 1.6854562643354776 -106.44810547322591 0
      vertex 1.6963601695056258 -106.55881468030876 0
    endloop
  endfacet
  facet normal -0.9866433320848785 -0.16289547339459123 0
    outer loop
      vertex 1.6854562643354776 -106.44810547322591 3
      vertex 1.6673349766854917 -106.33834645257258 0
      vertex 1.6854562643354776 -106.44810547322591 0
    endloop
  endfacet
  facet normal -0.9738769792773312 -0.22707626303438427 0
    outer loop
      vertex 1.6673349766854917 -106.33834645257258 3
      vertex 1.6420739046914161 -106.23000762332572 0
      vertex 1.6673349766854917 -106.33834645257258 0
    endloop
  endfacet
  facet normal -0.9569403357322152 -0.29028467725444157 0
    outer loop
      vertex 1.6420739046914161 -106.23000762332572 3
      vertex 1.6097812201416797 -106.12355290898462 0
      vertex 1.6420739046914161 -106.23000762332572 0
    endloop
  endfacet
  facet normal -0.5824776968677832 -0.8128466845916289 0
    outer loop
      vertex 1.034894429314825 -105.3212993215049 3
      vertex 0.9444693961333237 -105.25650165908567 0
      vertex 1.034894429314825 -105.3212993215049 0
    endloop
  endfacet
  facet normal -0.7298640726978504 -0.6835923020228556 0
    outer loop
      vertex 1.2781276727142616 -105.54911211432989 3
      vertex 1.2020815280171309 -105.46791847198287 0
      vertex 1.2781276727142616 -105.54911211432989 0
    endloop
  endfacet
  facet normal -0.6835923020228695 -0.7298640726978373 0
    outer loop
      vertex 1.2020815280171309 -105.46791847198287 3
      vertex 1.120887885670117 -105.39187232728574 0
      vertex 1.2020815280171309 -105.46791847198287 0
    endloop
  endfacet
  facet normal -0.6343932841636755 -0.7730104533627122 0
    outer loop
      vertex 1.120887885670117 -105.39187232728574 3
      vertex 1.034894429314825 -105.3212993215049 0
      vertex 1.120887885670117 -105.39187232728574 0
    endloop
  endfacet
  facet normal -0.8492021815266053 -0.5280678506503256 0
    outer loop
      vertex 1.4722431864335457 -105.82000000000001 3
      vertex 1.413498340914327 -105.72553060386667 0
      vertex 1.4722431864335457 -105.82000000000001 0
    endloop
  endfacet
  facet normal -0.9359059267573193 -0.35225004792125064 0
    outer loop
      vertex 1.6097812201416797 -106.12355290898462 3
      vertex 1.5705952052691874 -106.01943816497935 0
      vertex 1.6097812201416797 -106.12355290898462 0
    endloop
  endfacet
  facet normal -0.9108638249211647 -0.41270702980441937 0
    outer loop
      vertex 1.5705952052691874 -106.01943816497935 3
      vertex 1.52468366060557 -105.9181092266277 0
      vertex 1.5705952052691874 -106.01943816497935 0
    endloop
  endfacet
  facet normal -0.8819212643483573 -0.4713967368259934 0
    outer loop
      vertex 1.52468366060557 -105.9181092266277 3
      vertex 1.4722431864335457 -105.82000000000001 0
      vertex 1.52468366060557 -105.9181092266277 0
    endloop
  endfacet
  facet normal -0.8128466845916215 -0.5824776968677934 0
    outer loop
      vertex 1.413498340914327 -105.72553060386667 3
      vertex 1.3487006784950997 -105.63510557068517 0
      vertex 1.413498340914327 -105.72553060386667 0
    endloop
  endfacet
  facet normal -0.7730104533627039 -0.6343932841636857 0
    outer loop
      vertex 1.3487006784950997 -105.63510557068517 3
      vertex 1.2781276727142616 -105.54911211432989 0
      vertex 1.3487006784950997 -105.63510557068517 0
    endloop
  endfacet
  facet normal -0.9994645874763656 -0.03271908282177627 0
    outer loop
      vertex 1.7 -106.67 3
      vertex 1.6963601695056258 -106.55881468030876 0
      vertex 1.7 -106.67 0
    endloop
  endfacet
  facet normal -0.03271908282181864 -0.9994645874763642 0
    outer loop
      vertex 0.1111853196912432 -104.97363983049438 3
      vertex 0 -104.97 0
      vertex 0.1111853196912432 -104.97363983049438 0
    endloop
  endfacet
  facet normal -0.09801714032960228 -0.9951847266721928 0
    outer loop
      vertex 0.22189452677408766 -104.98454373566453 3
      vertex 0.1111853196912432 -104.97363983049438 0
      vertex 0.22189452677408766 -104.98454373566453 0
    endloop
  endfacet
  facet normal -0.16289547339449886 -0.9866433320848937 0
    outer loop
      vertex 0.33165354742741804 -105.0026650233145 3
      vertex 0.22189452677408766 -104.98454373566453 0
      vertex 0.33165354742741804 -105.0026650233145 0
    endloop
  endfacet
  facet normal -0.22707626303441397 -0.9738769792773242 0
    outer loop
      vertex 0.43999237667428526 -105.02792609530859 3
      vertex 0.33165354742741804 -105.0026650233145 0
      vertex 0.43999237667428526 -105.02792609530859 0
    endloop
  endfacet
  facet normal -0.35225004792128556 -0.9359059267573061 0
    outer loop
      vertex 0.6505618350206526 -105.09940479473082 3
      vertex 0.5464470910153747 -105.06021877985832 0
      vertex 0.6505618350206526 -105.09940479473082 0
    endloop
  endfacet
  facet normal -0.2902846772544146 -0.9569403357322234 0
    outer loop
      vertex 0.5464470910153747 -105.06021877985832 3
      vertex 0.43999237667428526 -105.02792609530859 0
      vertex 0.5464470910153747 -105.06021877985832 0
    endloop
  endfacet
  facet normal -0.41270702980434326 -0.9108638249211992 0
    outer loop
      vertex 0.7518907733723021 -105.14531633939443 3
      vertex 0.6505618350206526 -105.09940479473082 0
      vertex 0.7518907733723021 -105.14531633939443 0
    endloop
  endfacet
  facet normal -0.4713967368260391 -0.881921264348333 0
    outer loop
      vertex 0.85 -105.19775681356646 3
      vertex 0.7518907733723021 -105.14531633939443 0
      vertex 0.85 -105.19775681356646 0
    endloop
  endfacet
  facet normal -0.5280678506503407 -0.8492021815265958 0
    outer loop
      vertex 0.9444693961333237 -105.25650165908567 3
      vertex 0.85 -105.19775681356646 0
      vertex 0.9444693961333237 -105.25650165908567 0
    endloop
  endfacet
  facet normal -0.03271908282181864 0.9994645874763642 4.95874081130228e-20
    outer loop
      vertex 0 -108.37 3
      vertex 0.1111853196912432 -108.36636016950563 3
      vertex 0.1111853196912432 -108.36636016950563 0
    endloop
  endfacet
  facet normal -0.09801714032960228 0.9951847266721928 1.0021188648122902e-19
    outer loop
      vertex 0.1111853196912432 -108.36636016950563 3
      vertex 0.22189452677408766 -108.35545626433547 3
      vertex 0.22189452677408766 -108.35545626433547 0
    endloop
  endfacet
  facet normal -0.16289547339449886 0.9866433320848937 4.960655542694116e-19
    outer loop
      vertex 0.22189452677408766 -108.35545626433547 3
      vertex 0.33165354742741804 -108.3373349766855 3
      vertex 0.33165354742741804 -108.3373349766855 0
    endloop
  endfacet
  facet normal -0.22707626303441397 0.9738769792773242 4.461311539441881e-19
    outer loop
      vertex 0.33165354742741804 -108.3373349766855 3
      vertex 0.43999237667428526 -108.31207390469142 3
      vertex 0.43999237667428526 -108.31207390469142 0
    endloop
  endfacet
  facet normal -0.2902846772544146 0.9569403357322234 -5.288892815126859e-19
    outer loop
      vertex 0.43999237667428526 -108.31207390469142 3
      vertex 0.5464470910153747 -108.27978122014169 3
      vertex 0.5464470910153747 -108.27978122014169 0
    endloop
  endfacet
  facet normal -0.35225004792128556 0.9359059267573061 -4.099762283662766e-19
    outer loop
      vertex 0.5464470910153747 -108.27978122014169 3
      vertex 0.6505618350206526 -108.24059520526919 3
      vertex 0.6505618350206526 -108.24059520526919 0
    endloop
  endfacet
  facet normal -0.41270702980434326 0.9108638249211992 3.285985199700812e-19
    outer loop
      vertex 0.6505618350206526 -108.24059520526919 3
      vertex 0.7518907733723021 -108.19468366060558 3
      vertex 0.7518907733723021 -108.19468366060558 0
    endloop
  endfacet
  facet normal -0.4713967368260391 0.881921264348333 8.42472064061731e-19
    outer loop
      vertex 0.7518907733723021 -108.19468366060558 3
      vertex 0.85 -108.14224318643355 3
      vertex 0.85 -108.14224318643355 0
    endloop
  endfacet
  facet normal -0.5280678506503407 0.8492021815265958 3.53564600408046e-19
    outer loop
      vertex 0.85 -108.14224318643355 3
      vertex 0.9444693961333237 -108.08349834091433 3
      vertex 0.9444693961333237 -108.08349834091433 0
    endloop
  endfacet
  facet normal -0.5824776968677832 0.8128466845916289 -6.268323330956869e-20
    outer loop
      vertex 0.9444693961333237 -108.08349834091433 3
      vertex 1.034894429314825 -108.01870067849511 3
      vertex 1.034894429314825 -108.01870067849511 0
    endloop
  endfacet
  facet normal -0.6343932841636755 0.7730104533627122 3.5573870785851404e-19
    outer loop
      vertex 1.034894429314825 -108.01870067849511 3
      vertex 1.120887885670117 -107.94812767271426 3
      vertex 1.120887885670117 -107.94812767271426 0
    endloop
  endfacet
  facet normal -0.6835923020228695 0.7298640726978373 7.67948778815344e-19
    outer loop
      vertex 1.120887885670117 -107.94812767271426 3
      vertex 1.2020815280171309 -107.87208152801713 3
      vertex 1.2020815280171309 -107.87208152801713 0
    endloop
  endfacet
  facet normal -0.7298640726978504 0.6835923020228556 2.5535164367978677e-19
    outer loop
      vertex 1.2020815280171309 -107.87208152801713 3
      vertex 1.2781276727142616 -107.79088788567012 3
      vertex 1.2781276727142616 -107.79088788567012 0
    endloop
  endfacet
  facet normal -0.7730104533627039 0.6343932841636857 -9.492980718754717e-20
    outer loop
      vertex 1.2781276727142616 -107.79088788567012 3
      vertex 1.3487006784950997 -107.70489442931483 3
      vertex 1.3487006784950997 -107.70489442931483 0
    endloop
  endfacet
  facet normal -0.8128466845916215 0.5824776968677934 2.3396997520518055e-19
    outer loop
      vertex 1.3487006784950997 -107.70489442931483 3
      vertex 1.413498340914327 -107.61446939613333 3
      vertex 1.413498340914327 -107.61446939613333 0
    endloop
  endfacet
  facet normal -0.8492021815266053 0.5280678506503256 -7.145751170003134e-20
    outer loop
      vertex 1.413498340914327 -107.61446939613333 3
      vertex 1.4722431864335457 -107.52 3
      vertex 1.4722431864335457 -107.52 0
    endloop
  endfacet
  facet normal -0.8819212643483573 0.4713967368259934 -1.027602232862494e-18
    outer loop
      vertex 1.4722431864335457 -107.52 3
      vertex 1.52468366060557 -107.4218907733723 3
      vertex 1.52468366060557 -107.4218907733723 0
    endloop
  endfacet
  facet normal -0.9108638249211647 0.41270702980441937 1.0711864367248878e-18
    outer loop
      vertex 1.52468366060557 -107.4218907733723 3
      vertex 1.5705952052691874 -107.32056183502065 3
      vertex 1.5705952052691874 -107.32056183502065 0
    endloop
  endfacet
  facet normal -0.9359059267573193 0.35225004792125064 3.522070069829291e-19
    outer loop
      vertex 1.5705952052691874 -107.32056183502065 3
      vertex 1.6097812201416797 -107.21644709101538 3
      vertex 1.6097812201416797 -107.21644709101538 0
    endloop
  endfacet
  facet normal -0.9569403357322152 0.29028467725444157 6.117580710846372e-19
    outer loop
      vertex 1.6097812201416797 -107.21644709101538 3
      vertex 1.6420739046914161 -107.10999237667428 3
      vertex 1.6420739046914161 -107.10999237667428 0
    endloop
  endfacet
  facet normal -0.9738769792773312 0.22707626303438427 -2.5250971473025533e-19
    outer loop
      vertex 1.6420739046914161 -107.10999237667428 3
      vertex 1.6673349766854917 -107.00165354742742 3
      vertex 1.6673349766854917 -107.00165354742742 0
    endloop
  endfacet
  facet normal -0.9866433320848785 0.16289547339459123 -5.148814904628537e-19
    outer loop
      vertex 1.6673349766854917 -107.00165354742742 3
      vertex 1.6854562643354776 -106.8918945267741 3
      vertex 1.6854562643354776 -106.8918945267741 0
    endloop
  endfacet
  facet normal -0.9951847266721973 0.09801714032955713 2.746605188369776e-19
    outer loop
      vertex 1.6854562643354776 -106.8918945267741 3
      vertex 1.6963601695056258 -106.78118531969125 3
      vertex 1.6963601695056258 -106.78118531969125 0
    endloop
  endfacet
  facet normal -0.9994645874763656 -0.03271908282177627 -4.3533048312030126e-20
    outer loop
      vertex 1.7 -106.67 3
      vertex 1.6963601695056258 -106.55881468030876 3
      vertex 1.6963601695056258 -106.55881468030876 0
    endloop
  endfacet
  facet normal -0.9951847266721973 -0.09801714032955713 0
    outer loop
      vertex 1.6854562643354776 -106.44810547322591 3
      vertex 1.6854562643354776 -106.44810547322591 0
      vertex 1.6963601695056258 -106.55881468030876 3
    endloop
  endfacet
  facet normal -0.9866433320848785 -0.16289547339459123 5.148814904628537e-19
    outer loop
      vertex 1.6854562643354776 -106.44810547322591 3
      vertex 1.6673349766854917 -106.33834645257258 3
      vertex 1.6673349766854917 -106.33834645257258 0
    endloop
  endfacet
  facet normal -0.9738769792773312 -0.22707626303438427 2.5250971473025533e-19
    outer loop
      vertex 1.6673349766854917 -106.33834645257258 3
      vertex 1.6420739046914161 -106.23000762332572 3
      vertex 1.6420739046914161 -106.23000762332572 0
    endloop
  endfacet
  facet normal -0.9569403357322152 -0.29028467725444157 -6.117580710846372e-19
    outer loop
      vertex 1.6420739046914161 -106.23000762332572 3
      vertex 1.6097812201416797 -106.12355290898462 3
      vertex 1.6097812201416797 -106.12355290898462 0
    endloop
  endfacet
  facet normal -0.5824776968677832 -0.8128466845916289 0
    outer loop
      vertex 0.9444693961333237 -105.25650165908567 3
      vertex 0.9444693961333237 -105.25650165908567 0
      vertex 1.034894429314825 -105.3212993215049 3
    endloop
  endfacet
  facet normal -0.7298640726978504 -0.6835923020228556 0
    outer loop
      vertex 1.2020815280171309 -105.46791847198287 3
      vertex 1.2020815280171309 -105.46791847198287 0
      vertex 1.2781276727142616 -105.54911211432989 3
    endloop
  endfacet
  facet normal -0.6835923020228695 -0.7298640726978373 -7.67948778815344e-19
    outer loop
      vertex 1.2020815280171309 -105.46791847198287 3
      vertex 1.120887885670117 -105.39187232728574 3
      vertex 1.120887885670117 -105.39187232728574 0
    endloop
  endfacet
  facet normal -0.6343932841636755 -0.7730104533627122 0
    outer loop
      vertex 1.034894429314825 -105.3212993215049 3
      vertex 1.034894429314825 -105.3212993215049 0
      vertex 1.120887885670117 -105.39187232728574 3
    endloop
  endfacet
  facet normal -0.8492021815266053 -0.5280678506503256 7.145751170003134e-20
    outer loop
      vertex 1.4722431864335457 -105.82000000000001 3
      vertex 1.413498340914327 -105.72553060386667 3
      vertex 1.413498340914327 -105.72553060386667 0
    endloop
  endfacet
  facet normal -0.9359059267573193 -0.35225004792125064 -3.522070069829291e-19
    outer loop
      vertex 1.6097812201416797 -106.12355290898462 3
      vertex 1.5705952052691874 -106.01943816497935 3
      vertex 1.5705952052691874 -106.01943816497935 0
    endloop
  endfacet
  facet normal -0.9108638249211647 -0.41270702980441937 -1.0711864367248878e-18
    outer loop
      vertex 1.5705952052691874 -106.01943816497935 3
      vertex 1.52468366060557 -105.9181092266277 3
      vertex 1.52468366060557 -105.9181092266277 0
    endloop
  endfacet
  facet normal -0.8819212643483573 -0.4713967368259934 1.027602232862494e-18
    outer loop
      vertex 1.52468366060557 -105.9181092266277 3
      vertex 1.4722431864335457 -105.82000000000001 3
      vertex 1.4722431864335457 -105.82000000000001 0
    endloop
  endfacet
  facet normal -0.8128466845916215 -0.5824776968677934 0
    outer loop
      vertex 1.3487006784950997 -105.63510557068517 3
      vertex 1.3487006784950997 -105.63510557068517 0
      vertex 1.413498340914327 -105.72553060386667 3
    endloop
  endfacet
  facet normal -0.7730104533627039 -0.6343932841636857 9.492980718754717e-20
    outer loop
      vertex 1.3487006784950997 -105.63510557068517 3
      vertex 1.2781276727142616 -105.54911211432989 3
      vertex 1.2781276727142616 -105.54911211432989 0
    endloop
  endfacet
  facet normal -0.9994645874763656 0.03271908282177627 4.3533048312030126e-20
    outer loop
      vertex 1.6963601695056258 -106.78118531969125 3
      vertex 1.7 -106.67 3
      vertex 1.7 -106.67 0
    endloop
  endfacet
  facet normal -0.03271908282181864 -0.9994645874763642 0
    outer loop
      vertex 0 -104.97 3
      vertex 0 -104.97 0
      vertex 0.1111853196912432 -104.97363983049438 3
    endloop
  endfacet
  facet normal -0.09801714032960228 -0.9951847266721928 -1.0021188648122902e-19
    outer loop
      vertex 0.22189452677408766 -104.98454373566453 3
      vertex 0.1111853196912432 -104.97363983049438 3
      vertex 0.1111853196912432 -104.97363983049438 0
    endloop
  endfacet
  facet normal -0.16289547339449886 -0.9866433320848937 0
    outer loop
      vertex 0.22189452677408766 -104.98454373566453 3
      vertex 0.22189452677408766 -104.98454373566453 0
      vertex 0.33165354742741804 -105.0026650233145 3
    endloop
  endfacet
  facet normal -0.22707626303441397 -0.9738769792773242 0
    outer loop
      vertex 0.33165354742741804 -105.0026650233145 3
      vertex 0.33165354742741804 -105.0026650233145 0
      vertex 0.43999237667428526 -105.02792609530859 3
    endloop
  endfacet
  facet normal -0.35225004792128556 -0.9359059267573061 0
    outer loop
      vertex 0.5464470910153747 -105.06021877985832 3
      vertex 0.5464470910153747 -105.06021877985832 0
      vertex 0.6505618350206526 -105.09940479473082 3
    endloop
  endfacet
  facet normal -0.2902846772544146 -0.9569403357322234 0
    outer loop
      vertex 0.43999237667428526 -105.02792609530859 3
      vertex 0.43999237667428526 -105.02792609530859 0
      vertex 0.5464470910153747 -105.06021877985832 3
    endloop
  endfacet
  facet normal -0.41270702980434326 -0.9108638249211992 0
    outer loop
      vertex 0.6505618350206526 -105.09940479473082 3
      vertex 0.6505618350206526 -105.09940479473082 0
      vertex 0.7518907733723021 -105.14531633939443 3
    endloop
  endfacet
  facet normal -0.4713967368260391 -0.881921264348333 0
    outer loop
      vertex 0.7518907733723021 -105.14531633939443 3
      vertex 0.7518907733723021 -105.14531633939443 0
      vertex 0.85 -105.19775681356646 3
    endloop
  endfacet
  facet normal -0.5280678506503407 -0.8492021815265958 0
    outer loop
      vertex 0.85 -105.19775681356646 3
      vertex 0.85 -105.19775681356646 0
      vertex 0.9444693961333237 -105.25650165908567 3
    endloop
  endfacet
  facet normal 0 0 -1
    outer loop
      vertex 0 -108.37 3
      vertex 0 -104.97 3
      vertex 0.1111853196912432 -108.36636016950563 3
    endloop
  endfacet
  facet normal 0 0 -1
    outer loop
      vertex 0.1111853196912432 -108.36636016950563 3
      vertex 0.1111853196912432 -104.97363983049438 3
      vertex 0.22189452677408766 -108.35545626433547 3
    endloop
  endfacet
  facet normal 0 0 -1
    outer loop
      vertex 0.22189452677408766 -108.35545626433547 3
      vertex 0.22189452677408766 -104.98454373566453 3
      vertex 0.33165354742741804 -108.3373349766855 3
    endloop
  endfacet
  facet normal 0 0 -1
    outer loop
      vertex 0.33165354742741804 -108.3373349766855 3
      vertex 0.33165354742741804 -105.0026650233145 3
      vertex 0.43999237667428526 -108.31207390469142 3
    endloop
  endfacet
  facet normal 0 0 -1
    outer loop
      vertex 0.43999237667428526 -108.31207390469142 3
      vertex 0.43999237667428526 -105.02792609530859 3
      vertex 0.5464470910153747 -108.27978122014169 3
    endloop
  endfacet
  facet normal 0 0 -1
    outer loop
      vertex 0.5464470910153747 -108.27978122014169 3
      vertex 0.5464470910153747 -105.06021877985832 3
      vertex 0.6505618350206526 -108.24059520526919 3
    endloop
  endfacet
  facet normal 0 0 -1
    outer loop
      vertex 0.6505618350206526 -108.24059520526919 3
      vertex 0.6505618350206526 -105.09940479473082 3
      vertex 0.7518907733723021 -108.19468366060558 3
    endloop
  endfacet
  facet normal 0 0 -1
    outer loop
      vertex 0.7518907733723021 -108.19468366060558 3
      vertex 0.7518907733723021 -105.14531633939443 3
      vertex 0.85 -108.14224318643355 3
    endloop
  endfacet
  facet normal 0 0 -1
    outer loop
      vertex 0.85 -108.14224318643355 3
      vertex 0.85 -105.19775681356646 3
      vertex 0.9444693961333237 -108.08349834091433 3
    endloop
  endfacet
  facet normal 0 0 -1
    outer loop
      vertex 0.9444693961333237 -108.08349834091433 3
      vertex 0.9444693961333237 -105.25650165908567 3
      vertex 1.034894429314825 -108.01870067849511 3
    endloop
  endfacet
  facet normal 0 0 -1
    outer loop
      vertex 1.034894429314825 -108.01870067849511 3
      vertex 1.034894429314825 -105.3212993215049 3
      vertex 1.120887885670117 -107.94812767271426 3
    endloop
  endfacet
  facet normal 0 0 -1
    outer loop
      vertex 1.120887885670117 -107.94812767271426 3
      vertex 1.120887885670117 -105.39187232728574 3
      vertex 1.2020815280171309 -107.87208152801713 3
    endloop
  endfacet
  facet normal 0 0 -1
    outer loop
      vertex 1.2020815280171309 -107.87208152801713 3
      vertex 1.2020815280171309 -105.46791847198287 3
      vertex 1.2781276727142616 -107.79088788567012 3
    endloop
  endfacet
  facet normal 0 0 -1
    outer loop
      vertex 1.2781276727142616 -107.79088788567012 3
      vertex 1.2781276727142616 -105.54911211432989 3
      vertex 1.3487006784950997 -107.70489442931483 3
    endloop
  endfacet
  facet normal 0 0 -1
    outer loop
      vertex 1.3487006784950997 -107.70489442931483 3
      vertex 1.3487006784950997 -105.63510557068517 3
      vertex 1.413498340914327 -107.61446939613333 3
    endloop
  endfacet
  facet normal 0 0 -1
    outer loop
      vertex 0.6505618350206526 -108.24059520526919 3
      vertex 0.5464470910153747 -105.06021877985832 3
      vertex 0.6505618350206526 -105.09940479473082 3
    endloop
  endfacet
  facet normal 0 0 -1
    outer loop
      vertex 0.7518907733723021 -108.19468366060558 3
      vertex 0.6505618350206526 -105.09940479473082 3
      vertex 0.7518907733723021 -105.14531633939443 3
    endloop
  endfacet
  facet normal 0 0 -1
    outer loop
      vertex 0.85 -108.14224318643355 3
      vertex 0.7518907733723021 -105.14531633939443 3
      vertex 0.85 -105.19775681356646 3
    endloop
  endfacet
  facet normal 0 0 -1
    outer loop
      vertex 0.1111853196912432 -108.36636016950563 3
      vertex 0 -104.97 3
      vertex 0.1111853196912432 -104.97363983049438 3
    endloop
  endfacet
  facet normal 0 0 -1
    outer loop
      vertex 0.22189452677408766 -108.35545626433547 3
      vertex 0.1111853196912432 -104.97363983049438 3
      vertex 0.22189452677408766 -104.98454373566453 3
    endloop
  endfacet
  facet normal 0 0 -1
    outer loop
      vertex 0.33165354742741804 -108.3373349766855 3
      vertex 0.22189452677408766 -104.98454373566453 3
      vertex 0.33165354742741804 -105.0026650233145 3
    endloop
  endfacet
  facet normal 0 0 -1
    outer loop
      vertex 0.43999237667428526 -108.31207390469142 3
      vertex 0.33165354742741804 -105.0026650233145 3
      vertex 0.43999237667428526 -105.02792609530859 3
    endloop
  endfacet
  facet normal 0 0 -1
    outer loop
      vertex 0.5464470910153747 -108.27978122014169 3
      vertex 0.43999237667428526 -105.02792609530859 3
      vertex 0.5464470910153747 -105.06021877985832 3
    endloop
  endfacet
  facet normal 0 0 -1
    outer loop
      vertex 0.9444693961333237 -108.08349834091433 3
      vertex 0.85 -105.19775681356646 3
      vertex 0.9444693961333237 -105.25650165908567 3
    endloop
  endfacet
  facet normal 0 0 -1
    outer loop
      vertex 1.034894429314825 -108.01870067849511 3
      vertex 0.9444693961333237 -105.25650165908567 3
      vertex 1.034894429314825 -105.3212993215049 3
    endloop
  endfacet
  facet normal 0 0 -1
    outer loop
      vertex 1.2781276727142616 -107.79088788567012 3
      vertex 1.2020815280171309 -105.46791847198287 3
      vertex 1.2781276727142616 -105.54911211432989 3
    endloop
  endfacet
  facet normal 0 0 -1
    outer loop
      vertex 1.120887885670117 -107.94812767271426 3
      vertex 1.034894429314825 -105.3212993215049 3
      vertex 1.120887885670117 -105.39187232728574 3
    endloop
  endfacet
  facet normal 0 0 -1
    outer loop
      vertex 1.2020815280171309 -107.87208152801713 3
      vertex 1.120887885670117 -105.39187232728574 3
      vertex 1.2020815280171309 -105.46791847198287 3
    endloop
  endfacet
  facet normal 0 0 -1
    outer loop
      vertex 1.413498340914327 -107.61446939613333 3
      vertex 1.413498340914327 -105.72553060386667 3
      vertex 1.4722431864335457 -107.52 3
    endloop
  endfacet
  facet normal 0 0 -1
    outer loop
      vertex 1.4722431864335457 -107.52 3
      vertex 1.4722431864335457 -105.82000000000001 3
      vertex 1.52468366060557 -107.4218907733723 3
    endloop
  endfacet
  facet normal 0 0 -1
    outer loop
      vertex 1.52468366060557 -107.4218907733723 3
      vertex 1.52468366060557 -105.9181092266277 3
      vertex 1.5705952052691874 -107.32056183502065 3
    endloop
  endfacet
  facet normal 0 0 -1
    outer loop
      vertex 1.5705952052691874 -107.32056183502065 3
      vertex 1.5705952052691874 -106.01943816497935 3
      vertex 1.6097812201416797 -107.21644709101538 3
    endloop
  endfacet
  facet normal 0 0 -1
    outer loop
      vertex 1.6097812201416797 -107.21644709101538 3
      vertex 1.6097812201416797 -106.12355290898462 3
      vertex 1.6420739046914161 -107.10999237667428 3
    endloop
  endfacet
  facet normal 0 0 -1
    outer loop
      vertex 1.6420739046914161 -107.10999237667428 3
      vertex 1.6420739046914161 -106.23000762332572 3
      vertex 1.6673349766854917 -107.00165354742742 3
    endloop
  endfacet
  facet normal 0 0 -1
    outer loop
      vertex 1.6673349766854917 -107.00165354742742 3
      vertex 1.6673349766854917 -106.33834645257258 3
      vertex 1.6854562643354776 -106.8918945267741 3
    endloop
  endfacet
  facet normal 0 0 -1
    outer loop
      vertex 1.6854562643354776 -106.8918945267741 3
      vertex 1.6854562643354776 -106.44810547322591 3
      vertex 1.6963601695056258 -106.78118531969125 3
    endloop
  endfacet
  facet normal 0 0 -1
    outer loop
      vertex 1.6854562643354776 -106.44810547322591 3
      vertex 1.6963601695056258 -106.55881468030876 3
      vertex 1.6963601695056258 -106.78118531969125 3
    endloop
  endfacet
  facet normal 0 0 -1
    outer loop
      vertex 1.6854562643354776 -106.8918945267741 3
      vertex 1.6673349766854917 -106.33834645257258 3
      vertex 1.6854562643354776 -106.44810547322591 3
    endloop
  endfacet
  facet normal 0 0 -1
    outer loop
      vertex 1.6963601695056258 -106.78118531969125 3
      vertex 1.6963601695056258 -106.55881468030876 3
      vertex 1.7 -106.67 3
    endloop
  endfacet
  facet normal 0 0 -1
    outer loop
      vertex 1.4722431864335457 -107.52 3
      vertex 1.413498340914327 -105.72553060386667 3
      vertex 1.4722431864335457 -105.82000000000001 3
    endloop
  endfacet
  facet normal 0 0 -1
    outer loop
      vertex 1.3487006784950997 -107.70489442931483 3
      vertex 1.2781276727142616 -105.54911211432989 3
      vertex 1.3487006784950997 -105.63510557068517 3
    endloop
  endfacet
  facet normal 0 0 -1
    outer loop
      vertex 1.413498340914327 -107.61446939613333 3
      vertex 1.3487006784950997 -105.63510557068517 3
      vertex 1.413498340914327 -105.72553060386667 3
    endloop
  endfacet
  facet normal 0 0 -1
    outer loop
      vertex 1.6420739046914161 -107.10999237667428 3
      vertex 1.6097812201416797 -106.12355290898462 3
      vertex 1.6420739046914161 -106.23000762332572 3
    endloop
  endfacet
  facet normal 0 0 -1
    outer loop
      vertex 1.6673349766854917 -107.00165354742742 3
      vertex 1.6420739046914161 -106.23000762332572 3
      vertex 1.6673349766854917 -106.33834645257258 3
    endloop
  endfacet
  facet normal 0 0 -1
    outer loop
      vertex 1.52468366060557 -107.4218907733723 3
      vertex 1.4722431864335457 -105.82000000000001 3
      vertex 1.52468366060557 -105.9181092266277 3
    endloop
  endfacet
  facet normal 0 0 -1
    outer loop
      vertex 1.5705952052691874 -107.32056183502065 3
      vertex 1.52468366060557 -105.9181092266277 3
      vertex 1.5705952052691874 -106.01943816497935 3
    endloop
  endfacet
  facet normal 0 0 -1
    outer loop
      vertex 1.6097812201416797 -107.21644709101538 3
      vertex 1.5705952052691874 -106.01943816497935 3
      vertex 1.6097812201416797 -106.12355290898462 3
    endloop
  endfacet
  facet normal 0.6835923020228546 0.7298640726978513 0
    outer loop
      vertex 74.2249988211519 -76.62916187718616 3
      vertex 74.30619246349892 -76.7052080218833 0
      vertex 74.2249988211519 -76.62916187718616 0
    endloop
  endfacet
  facet normal 0.7730104533626785 0.6343932841637167 0
    outer loop
      vertex 74.07837967067393 -76.46197477848386 3
      vertex 74.14895267645477 -76.54796823483915 0
      vertex 74.07837967067393 -76.46197477848386 0
    endloop
  endfacet
  facet normal 0.7298640726978513 0.6835923020228546 0
    outer loop
      vertex 74.14895267645477 -76.54796823483915 3
      vertex 74.2249988211519 -76.62916187718616 0
      vertex 74.14895267645477 -76.54796823483915 0
    endloop
  endfacet
  facet normal 0.5280678506502982 0.8492021815266223 0
    outer loop
      vertex 74.4826109530357 -76.84057869008336 3
      vertex 74.57708034916904 -76.89932353560258 0
      vertex 74.4826109530357 -76.84057869008336 0
    endloop
  endfacet
  facet normal 0.47139673682603533 0.8819212643483348 0
    outer loop
      vertex 74.57708034916904 -76.89932353560258 3
      vertex 74.67518957579674 -76.9517640097746 0
      vertex 74.57708034916904 -76.89932353560258 0
    endloop
  endfacet
  facet normal 0.41270702980436796 0.9108638249211879 0
    outer loop
      vertex 74.67518957579674 -76.9517640097746 3
      vertex 74.77651851414838 -76.99767555443822 0
      vertex 74.67518957579674 -76.9517640097746 0
    endloop
  endfacet
  facet normal 0.6343932841637167 0.7730104533626785 0
    outer loop
      vertex 74.30619246349892 -76.7052080218833 3
      vertex 74.3921859198542 -76.77578102766414 0
      vertex 74.30619246349892 -76.7052080218833 0
    endloop
  endfacet
  facet normal 0.5824776968677736 0.8128466845916357 0
    outer loop
      vertex 74.3921859198542 -76.77578102766414 3
      vertex 74.4826109530357 -76.84057869008336 0
      vertex 74.3921859198542 -76.77578102766414 0
    endloop
  endfacet
  facet normal 0.9359059267573001 0.3522500479213013 0
    outer loop
      vertex 73.81729912902735 -75.97352744018441 3
      vertex 73.85648514389985 -76.07764218418968 0
      vertex 73.81729912902735 -75.97352744018441 0
    endloop
  endfacet
  facet normal 0.9569403357322296 0.29028467725439405 0
    outer loop
      vertex 73.78500644447762 -75.86707272584331 3
      vertex 73.81729912902735 -75.97352744018441 0
      vertex 73.78500644447762 -75.86707272584331 0
    endloop
  endfacet
  facet normal 0.9738769792773214 0.2270762630344259 0
    outer loop
      vertex 73.75974537248354 -75.75873389659645 3
      vertex 73.78500644447762 -75.86707272584331 0
      vertex 73.75974537248354 -75.75873389659645 0
    endloop
  endfacet
  facet normal 0.9866433320848933 0.16289547339450183 0
    outer loop
      vertex 73.74162408483356 -75.64897487594313 3
      vertex 73.75974537248354 -75.75873389659645 0
      vertex 73.74162408483356 -75.64897487594313 0
    endloop
  endfacet
  facet normal 0.9951847266721932 0.09801714032959864 0
    outer loop
      vertex 73.73072017966341 -75.53826566886028 3
      vertex 73.74162408483356 -75.64897487594313 0
      vertex 73.73072017966341 -75.53826566886028 0
    endloop
  endfacet
  facet normal 0.9994645874763642 0.03271908282181814 0
    outer loop
      vertex 73.72708034916903 -75.42708034916903 3
      vertex 73.73072017966341 -75.53826566886028 0
      vertex 73.72708034916903 -75.42708034916903 0
    endloop
  endfacet
  facet normal 0.9994645874763642 -0.03271908282181814 0
    outer loop
      vertex 73.73072017966341 -75.31589502947779 3
      vertex 73.72708034916903 -75.42708034916903 0
      vertex 73.73072017966341 -75.31589502947779 0
    endloop
  endfacet
  facet normal 0.9951847266721932 -0.09801714032959864 0
    outer loop
      vertex 73.74162408483356 -75.20518582239494 3
      vertex 73.73072017966341 -75.31589502947779 0
      vertex 73.74162408483356 -75.20518582239494 0
    endloop
  endfacet
  facet normal 0.9866433320848933 -0.16289547339450183 0
    outer loop
      vertex 73.75974537248354 -75.09542680174161 3
      vertex 73.74162408483356 -75.20518582239494 0
      vertex 73.75974537248354 -75.09542680174161 0
    endloop
  endfacet
  facet normal 0.9738769792773214 -0.2270762630344259 0
    outer loop
      vertex 73.78500644447762 -74.98708797249475 3
      vertex 73.75974537248354 -75.09542680174161 0
      vertex 73.78500644447762 -74.98708797249475 0
    endloop
  endfacet
  facet normal 0.9569403357322296 -0.29028467725439405 0
    outer loop
      vertex 73.81729912902735 -74.88063325815365 3
      vertex 73.78500644447762 -74.98708797249475 0
      vertex 73.81729912902735 -74.88063325815365 0
    endloop
  endfacet
  facet normal 0.9359059267573001 -0.3522500479213013 0
    outer loop
      vertex 73.85648514389985 -74.77651851414838 3
      vertex 73.81729912902735 -74.88063325815365 0
      vertex 73.85648514389985 -74.77651851414838 0
    endloop
  endfacet
  facet normal 0.8128466845916357 0.5824776968677736 0
    outer loop
      vertex 74.0135820082547 -76.37154974530236 3
      vertex 74.07837967067393 -76.46197477848386 0
      vertex 74.0135820082547 -76.37154974530236 0
    endloop
  endfacet
  facet normal 0.8492021815266223 0.5280678506502982 0
    outer loop
      vertex 73.95483716273549 -76.27708034916903 3
      vertex 74.0135820082547 -76.37154974530236 0
      vertex 73.95483716273549 -76.27708034916903 0
    endloop
  endfacet
  facet normal 0.8819212643483348 0.47139673682603533 0
    outer loop
      vertex 73.90239668856346 -76.17897112254133 3
      vertex 73.95483716273549 -76.27708034916903 0
      vertex 73.90239668856346 -76.17897112254133 0
    endloop
  endfacet
  facet normal 0.9108638249211879 0.41270702980436796 0
    outer loop
      vertex 73.85648514389985 -76.07764218418968 3
      vertex 73.90239668856346 -76.17897112254133 0
      vertex 73.85648514389985 -76.07764218418968 0
    endloop
  endfacet
  facet normal 0.9108638249211879 -0.41270702980436796 0
    outer loop
      vertex 73.90239668856346 -74.67518957579674 3
      vertex 73.85648514389985 -74.77651851414838 0
      vertex 73.90239668856346 -74.67518957579674 0
    endloop
  endfacet
  facet normal 0.8819212643483348 -0.47139673682603533 0
    outer loop
      vertex 73.95483716273549 -74.57708034916904 3
      vertex 73.90239668856346 -74.67518957579674 0
      vertex 73.95483716273549 -74.57708034916904 0
    endloop
  endfacet
  facet normal 0.8492021815266223 -0.5280678506502982 0
    outer loop
      vertex 74.0135820082547 -74.4826109530357 3
      vertex 73.95483716273549 -74.57708034916904 0
      vertex 74.0135820082547 -74.4826109530357 0
    endloop
  endfacet
  facet normal 0.8128466845916357 -0.5824776968677736 0
    outer loop
      vertex 74.07837967067393 -74.3921859198542 3
      vertex 74.0135820082547 -74.4826109530357 0
      vertex 74.07837967067393 -74.3921859198542 0
    endloop
  endfacet
  facet normal 0.7730104533626785 -0.6343932841637167 0
    outer loop
      vertex 74.14895267645477 -74.30619246349892 3
      vertex 74.07837967067393 -74.3921859198542 0
      vertex 74.14895267645477 -74.30619246349892 0
    endloop
  endfacet
  facet normal 0.7298640726978513 -0.6835923020228546 0
    outer loop
      vertex 74.2249988211519 -74.2249988211519 3
      vertex 74.14895267645477 -74.30619246349892 0
      vertex 74.2249988211519 -74.2249988211519 0
    endloop
  endfacet
  facet normal 0.6835923020228546 -0.7298640726978513 0
    outer loop
      vertex 74.30619246349892 -74.14895267645477 3
      vertex 74.2249988211519 -74.2249988211519 0
      vertex 74.30619246349892 -74.14895267645477 0
    endloop
  endfacet
  facet normal 0.6343932841637167 -0.7730104533626785 0
    outer loop
      vertex 74.3921859198542 -74.07837967067393 3
      vertex 74.30619246349892 -74.14895267645477 0
      vertex 74.3921859198542 -74.07837967067393 0
    endloop
  endfacet
  facet normal 0.5824776968677736 -0.8128466845916357 0
    outer loop
      vertex 74.4826109530357 -74.0135820082547 3
      vertex 74.3921859198542 -74.07837967067393 0
      vertex 74.4826109530357 -74.0135820082547 0
    endloop
  endfacet
  facet normal 0.5280678506502982 -0.8492021815266223 0
    outer loop
      vertex 74.57708034916904 -73.95483716273549 3
      vertex 74.4826109530357 -74.0135820082547 0
      vertex 74.57708034916904 -73.95483716273549 0
    endloop
  endfacet
  facet normal 0.47139673682603533 -0.8819212643483348 0
    outer loop
      vertex 74.67518957579674 -73.90239668856346 3
      vertex 74.57708034916904 -73.95483716273549 0
      vertex 74.67518957579674 -73.90239668856346 0
    endloop
  endfacet
  facet normal 0.29028467725439405 0.9569403357322296 0
    outer loop
      vertex 74.88063325815365 -77.03686156931072 3
      vertex 74.98708797249475 -77.06915425386045 0
      vertex 74.88063325815365 -77.03686156931072 0
    endloop
  endfacet
  facet normal 0.3522500479213013 0.9359059267573001 0
    outer loop
      vertex 74.77651851414838 -76.99767555443822 3
      vertex 74.88063325815365 -77.03686156931072 0
      vertex 74.77651851414838 -76.99767555443822 0
    endloop
  endfacet
  facet normal 0.2270762630344259 0.9738769792773214 0
    outer loop
      vertex 74.98708797249475 -77.06915425386045 3
      vertex 75.09542680174161 -77.09441532585453 0
      vertex 74.98708797249475 -77.06915425386045 0
    endloop
  endfacet
  facet normal 0.16289547339450183 0.9866433320848933 0
    outer loop
      vertex 75.09542680174161 -77.09441532585453 3
      vertex 75.20518582239494 -77.1125366135045 0
      vertex 75.09542680174161 -77.09441532585453 0
    endloop
  endfacet
  facet normal 0.09801714032959864 0.9951847266721932 0
    outer loop
      vertex 75.20518582239494 -77.1125366135045 3
      vertex 75.31589502947779 -77.12344051867466 0
      vertex 75.20518582239494 -77.1125366135045 0
    endloop
  endfacet
  facet normal 0.03271908282181814 0.9994645874763642 0
    outer loop
      vertex 75.31589502947779 -77.12344051867466 3
      vertex 75.42708034916903 -77.12708034916903 0
      vertex 75.31589502947779 -77.12344051867466 0
    endloop
  endfacet
  facet normal -0.03271908282181814 0.9994645874763642 0
    outer loop
      vertex 75.42708034916903 -77.12708034916903 3
      vertex 75.53826566886028 -77.12344051867466 0
      vertex 75.42708034916903 -77.12708034916903 0
    endloop
  endfacet
  facet normal -0.09801714032959864 0.9951847266721932 0
    outer loop
      vertex 75.53826566886028 -77.12344051867466 3
      vertex 75.64897487594313 -77.1125366135045 0
      vertex 75.53826566886028 -77.12344051867466 0
    endloop
  endfacet
  facet normal -0.16289547339450183 0.9866433320848933 0
    outer loop
      vertex 75.64897487594313 -77.1125366135045 3
      vertex 75.75873389659645 -77.09441532585453 0
      vertex 75.64897487594313 -77.1125366135045 0
    endloop
  endfacet
  facet normal -0.2270762630344259 0.9738769792773214 0
    outer loop
      vertex 75.75873389659645 -77.09441532585453 3
      vertex 75.86707272584331 -77.06915425386045 0
      vertex 75.75873389659645 -77.09441532585453 0
    endloop
  endfacet
  facet normal -0.29028467725439405 0.9569403357322296 0
    outer loop
      vertex 75.86707272584331 -77.06915425386045 3
      vertex 75.97352744018441 -77.03686156931072 0
      vertex 75.86707272584331 -77.06915425386045 0
    endloop
  endfacet
  facet normal -0.3522500479213013 0.9359059267573001 0
    outer loop
      vertex 75.97352744018441 -77.03686156931072 3
      vertex 76.07764218418968 -76.99767555443822 0
      vertex 75.97352744018441 -77.03686156931072 0
    endloop
  endfacet
  facet normal -0.41270702980436796 0.9108638249211879 0
    outer loop
      vertex 76.07764218418968 -76.99767555443822 3
      vertex 76.17897112254133 -76.9517640097746 0
      vertex 76.07764218418968 -76.99767555443822 0
    endloop
  endfacet
  facet normal -0.47139673682603533 0.8819212643483348 0
    outer loop
      vertex 76.17897112254133 -76.9517640097746 3
      vertex 76.27708034916903 -76.89932353560258 0
      vertex 76.17897112254133 -76.9517640097746 0
    endloop
  endfacet
  facet normal -0.5280678506502982 0.8492021815266223 0
    outer loop
      vertex 76.27708034916903 -76.89932353560258 3
      vertex 76.37154974530236 -76.84057869008336 0
      vertex 76.27708034916903 -76.89932353560258 0
    endloop
  endfacet
  facet normal -0.5824776968677736 0.8128466845916357 0
    outer loop
      vertex 76.37154974530236 -76.84057869008336 3
      vertex 76.46197477848386 -76.77578102766414 0
      vertex 76.37154974530236 -76.84057869008336 0
    endloop
  endfacet
  facet normal -0.6343932841637167 0.7730104533626785 0
    outer loop
      vertex 76.46197477848386 -76.77578102766414 3
      vertex 76.54796823483915 -76.7052080218833 0
      vertex 76.46197477848386 -76.77578102766414 0
    endloop
  endfacet
  facet normal -0.6835923020228546 0.7298640726978513 0
    outer loop
      vertex 76.54796823483915 -76.7052080218833 3
      vertex 76.62916187718616 -76.62916187718616 0
      vertex 76.54796823483915 -76.7052080218833 0
    endloop
  endfacet
  facet normal -0.7298640726978513 0.6835923020228546 0
    outer loop
      vertex 76.62916187718616 -76.62916187718616 3
      vertex 76.7052080218833 -76.54796823483915 0
      vertex 76.62916187718616 -76.62916187718616 0
    endloop
  endfacet
  facet normal -0.7730104533626785 0.6343932841637167 0
    outer loop
      vertex 76.7052080218833 -76.54796823483915 3
      vertex 76.77578102766414 -76.46197477848386 0
      vertex 76.7052080218833 -76.54796823483915 0
    endloop
  endfacet
  facet normal -0.8128466845916357 0.5824776968677736 0
    outer loop
      vertex 76.77578102766414 -76.46197477848386 3
      vertex 76.84057869008336 -76.37154974530236 0
      vertex 76.77578102766414 -76.46197477848386 0
    endloop
  endfacet
  facet normal -0.8492021815266223 0.5280678506502982 0
    outer loop
      vertex 76.84057869008336 -76.37154974530236 3
      vertex 76.89932353560258 -76.27708034916903 0
      vertex 76.84057869008336 -76.37154974530236 0
    endloop
  endfacet
  facet normal -0.8819212643483348 0.47139673682603533 0
    outer loop
      vertex 76.89932353560258 -76.27708034916903 3
      vertex 76.9517640097746 -76.17897112254133 0
      vertex 76.89932353560258 -76.27708034916903 0
    endloop
  endfacet
  facet normal -0.9108638249211879 0.41270702980436796 0
    outer loop
      vertex 76.9517640097746 -76.17897112254133 3
      vertex 76.99767555443822 -76.07764218418968 0
      vertex 76.9517640097746 -76.17897112254133 0
    endloop
  endfacet
  facet normal -0.9359059267573001 0.3522500479213013 0
    outer loop
      vertex 76.99767555443822 -76.07764218418968 3
      vertex 77.03686156931072 -75.97352744018441 0
      vertex 76.99767555443822 -76.07764218418968 0
    endloop
  endfacet
  facet normal -0.9569403357322296 0.29028467725439405 0
    outer loop
      vertex 77.03686156931072 -75.97352744018441 3
      vertex 77.06915425386045 -75.86707272584331 0
      vertex 77.03686156931072 -75.97352744018441 0
    endloop
  endfacet
  facet normal -0.9738769792773214 0.2270762630344259 0
    outer loop
      vertex 77.06915425386045 -75.86707272584331 3
      vertex 77.09441532585453 -75.75873389659645 0
      vertex 77.06915425386045 -75.86707272584331 0
    endloop
  endfacet
  facet normal -0.9866433320848933 0.16289547339450183 0
    outer loop
      vertex 77.09441532585453 -75.75873389659645 3
      vertex 77.1125366135045 -75.64897487594313 0
      vertex 77.09441532585453 -75.75873389659645 0
    endloop
  endfacet
  facet normal -0.9951847266721932 0.09801714032959864 0
    outer loop
      vertex 77.1125366135045 -75.64897487594313 3
      vertex 77.12344051867466 -75.53826566886028 0
      vertex 77.1125366135045 -75.64897487594313 0
    endloop
  endfacet
  facet normal -0.9994645874763642 0.03271908282181814 0
    outer loop
      vertex 77.12344051867466 -75.53826566886028 3
      vertex 77.12708034916903 -75.42708034916903 0
      vertex 77.12344051867466 -75.53826566886028 0
    endloop
  endfacet
  facet normal -0.9994645874763642 -0.03271908282181814 0
    outer loop
      vertex 77.12708034916903 -75.42708034916903 3
      vertex 77.12344051867466 -75.31589502947779 0
      vertex 77.12708034916903 -75.42708034916903 0
    endloop
  endfacet
  facet normal -0.9951847266721932 -0.09801714032959864 0
    outer loop
      vertex 77.12344051867466 -75.31589502947779 3
      vertex 77.1125366135045 -75.20518582239494 0
      vertex 77.12344051867466 -75.31589502947779 0
    endloop
  endfacet
  facet normal -0.9866433320848933 -0.16289547339450183 0
    outer loop
      vertex 77.1125366135045 -75.20518582239494 3
      vertex 77.09441532585453 -75.09542680174161 0
      vertex 77.1125366135045 -75.20518582239494 0
    endloop
  endfacet
  facet normal -0.9359059267573001 -0.3522500479213013 0
    outer loop
      vertex 77.03686156931072 -74.88063325815365 3
      vertex 76.99767555443822 -74.77651851414838 0
      vertex 77.03686156931072 -74.88063325815365 0
    endloop
  endfacet
  facet normal -0.9108638249211879 -0.41270702980436796 0
    outer loop
      vertex 76.99767555443822 -74.77651851414838 3
      vertex 76.9517640097746 -74.67518957579674 0
      vertex 76.99767555443822 -74.77651851414838 0
    endloop
  endfacet
  facet normal -0.9738769792773214 -0.2270762630344259 0
    outer loop
      vertex 77.09441532585453 -75.09542680174161 3
      vertex 77.06915425386045 -74.98708797249475 0
      vertex 77.09441532585453 -75.09542680174161 0
    endloop
  endfacet
  facet normal -0.9569403357322296 -0.29028467725439405 0
    outer loop
      vertex 77.06915425386045 -74.98708797249475 3
      vertex 77.03686156931072 -74.88063325815365 0
      vertex 77.06915425386045 -74.98708797249475 0
    endloop
  endfacet
  facet normal 0.41270702980436796 -0.9108638249211879 0
    outer loop
      vertex 74.77651851414838 -73.85648514389985 3
      vertex 74.67518957579674 -73.90239668856346 0
      vertex 74.77651851414838 -73.85648514389985 0
    endloop
  endfacet
  facet normal 0.3522500479213013 -0.9359059267573001 0
    outer loop
      vertex 74.88063325815365 -73.81729912902735 3
      vertex 74.77651851414838 -73.85648514389985 0
      vertex 74.88063325815365 -73.81729912902735 0
    endloop
  endfacet
  facet normal 0.29028467725439405 -0.9569403357322296 0
    outer loop
      vertex 74.98708797249475 -73.78500644447762 3
      vertex 74.88063325815365 -73.81729912902735 0
      vertex 74.98708797249475 -73.78500644447762 0
    endloop
  endfacet
  facet normal 0.2270762630344259 -0.9738769792773214 0
    outer loop
      vertex 75.09542680174161 -73.75974537248354 3
      vertex 74.98708797249475 -73.78500644447762 0
      vertex 75.09542680174161 -73.75974537248354 0
    endloop
  endfacet
  facet normal 0.16289547339450183 -0.9866433320848933 0
    outer loop
      vertex 75.20518582239494 -73.74162408483356 3
      vertex 75.09542680174161 -73.75974537248354 0
      vertex 75.20518582239494 -73.74162408483356 0
    endloop
  endfacet
  facet normal 0.09801714032959864 -0.9951847266721932 0
    outer loop
      vertex 75.31589502947779 -73.73072017966341 3
      vertex 75.20518582239494 -73.74162408483356 0
      vertex 75.31589502947779 -73.73072017966341 0
    endloop
  endfacet
  facet normal 0.03271908282181814 -0.9994645874763642 0
    outer loop
      vertex 75.42708034916903 -73.72708034916903 3
      vertex 75.31589502947779 -73.73072017966341 0
      vertex 75.42708034916903 -73.72708034916903 0
    endloop
  endfacet
  facet normal -0.03271908282181814 -0.9994645874763642 0
    outer loop
      vertex 75.53826566886028 -73.73072017966341 3
      vertex 75.42708034916903 -73.72708034916903 0
      vertex 75.53826566886028 -73.73072017966341 0
    endloop
  endfacet
  facet normal -0.41270702980436796 -0.9108638249211879 0
    outer loop
      vertex 76.17897112254133 -73.90239668856346 3
      vertex 76.07764218418968 -73.85648514389985 0
      vertex 76.17897112254133 -73.90239668856346 0
    endloop
  endfacet
  facet normal -0.47139673682603533 -0.8819212643483348 0
    outer loop
      vertex 76.27708034916903 -73.95483716273549 3
      vertex 76.17897112254133 -73.90239668856346 0
      vertex 76.27708034916903 -73.95483716273549 0
    endloop
  endfacet
  facet normal -0.5280678506502982 -0.8492021815266223 0
    outer loop
      vertex 76.37154974530236 -74.0135820082547 3
      vertex 76.27708034916903 -73.95483716273549 0
      vertex 76.37154974530236 -74.0135820082547 0
    endloop
  endfacet
  facet normal -0.09801714032959864 -0.9951847266721932 0
    outer loop
      vertex 75.64897487594313 -73.74162408483356 3
      vertex 75.53826566886028 -73.73072017966341 0
      vertex 75.64897487594313 -73.74162408483356 0
    endloop
  endfacet
  facet normal -0.16289547339450183 -0.9866433320848933 0
    outer loop
      vertex 75.75873389659645 -73.75974537248354 3
      vertex 75.64897487594313 -73.74162408483356 0
      vertex 75.75873389659645 -73.75974537248354 0
    endloop
  endfacet
  facet normal -0.2270762630344259 -0.9738769792773214 0
    outer loop
      vertex 75.86707272584331 -73.78500644447762 3
      vertex 75.75873389659645 -73.75974537248354 0
      vertex 75.86707272584331 -73.78500644447762 0
    endloop
  endfacet
  facet normal -0.29028467725439405 -0.9569403357322296 0
    outer loop
      vertex 75.97352744018441 -73.81729912902735 3
      vertex 75.86707272584331 -73.78500644447762 0
      vertex 75.97352744018441 -73.81729912902735 0
    endloop
  endfacet
  facet normal -0.3522500479213013 -0.9359059267573001 0
    outer loop
      vertex 76.07764218418968 -73.85648514389985 3
      vertex 75.97352744018441 -73.81729912902735 0
      vertex 76.07764218418968 -73.85648514389985 0
    endloop
  endfacet
  facet normal -0.8128466845916357 -0.5824776968677736 0
    outer loop
      vertex 76.84057869008336 -74.4826109530357 3
      vertex 76.77578102766414 -74.3921859198542 0
      vertex 76.84057869008336 -74.4826109530357 0
    endloop
  endfacet
  facet normal -0.7730104533626785 -0.6343932841637167 0
    outer loop
      vertex 76.77578102766414 -74.3921859198542 3
      vertex 76.7052080218833 -74.30619246349892 0
      vertex 76.77578102766414 -74.3921859198542 0
    endloop
  endfacet
  facet normal -0.6835923020228546 -0.7298640726978513 0
    outer loop
      vertex 76.62916187718616 -74.2249988211519 3
      vertex 76.54796823483915 -74.14895267645477 0
      vertex 76.62916187718616 -74.2249988211519 0
    endloop
  endfacet
  facet normal -0.6343932841637167 -0.7730104533626785 0
    outer loop
      vertex 76.54796823483915 -74.14895267645477 3
      vertex 76.46197477848386 -74.07837967067393 0
      vertex 76.54796823483915 -74.14895267645477 0
    endloop
  endfacet
  facet normal -0.5824776968677736 -0.8128466845916357 0
    outer loop
      vertex 76.46197477848386 -74.07837967067393 3
      vertex 76.37154974530236 -74.0135820082547 0
      vertex 76.46197477848386 -74.07837967067393 0
    endloop
  endfacet
  facet normal -0.7298640726978513 -0.6835923020228546 0
    outer loop
      vertex 76.7052080218833 -74.30619246349892 3
      vertex 76.62916187718616 -74.2249988211519 0
      vertex 76.7052080218833 -74.30619246349892 0
    endloop
  endfacet
  facet normal -0.8819212643483348 -0.47139673682603533 0
    outer loop
      vertex 76.9517640097746 -74.67518957579674 3
      vertex 76.89932353560258 -74.57708034916904 0
      vertex 76.9517640097746 -74.67518957579674 0
    endloop
  endfacet
  facet normal -0.8492021815266223 -0.5280678506502982 0
    outer loop
      vertex 76.89932353560258 -74.57708034916904 3
      vertex 76.84057869008336 -74.4826109530357 0
      vertex 76.89932353560258 -74.57708034916904 0
    endloop
  endfacet
  facet normal 0.8128466845916357 0.5824776968677736 0
    outer loop
      vertex 74.07837967067393 -76.46197477848386 3
      vertex 74.07837967067393 -76.46197477848386 0
      vertex 74.0135820082547 -76.37154974530236 3
    endloop
  endfacet
  facet normal 0.6835923020228546 0.7298640726978513 -8.126394868707978e-19
    outer loop
      vertex 74.2249988211519 -76.62916187718616 3
      vertex 74.30619246349892 -76.7052080218833 3
      vertex 74.30619246349892 -76.7052080218833 0
    endloop
  endfacet
  facet normal 0.7730104533626785 0.6343932841637167 -8.730397515535718e-19
    outer loop
      vertex 74.07837967067393 -76.46197477848386 3
      vertex 74.14895267645477 -76.54796823483915 3
      vertex 74.14895267645477 -76.54796823483915 0
    endloop
  endfacet
  facet normal 0.7298640726978513 0.6835923020228546 0
    outer loop
      vertex 74.2249988211519 -76.62916187718616 3
      vertex 74.2249988211519 -76.62916187718616 0
      vertex 74.14895267645477 -76.54796823483915 3
    endloop
  endfacet
  facet normal 0.5280678506502982 0.8492021815266223 -1.2302484536244338e-18
    outer loop
      vertex 74.4826109530357 -76.84057869008336 3
      vertex 74.57708034916904 -76.89932353560258 3
      vertex 74.57708034916904 -76.89932353560258 0
    endloop
  endfacet
  facet normal 0.47139673682603533 0.8819212643483348 0
    outer loop
      vertex 74.67518957579674 -76.9517640097746 3
      vertex 74.67518957579674 -76.9517640097746 0
      vertex 74.57708034916904 -76.89932353560258 3
    endloop
  endfacet
  facet normal 0.6343932841637167 0.7730104533626785 -8.730397515535718e-19
    outer loop
      vertex 74.30619246349892 -76.7052080218833 3
      vertex 74.3921859198542 -76.77578102766414 3
      vertex 74.3921859198542 -76.77578102766414 0
    endloop
  endfacet
  facet normal 0.5824776968677736 0.8128466845916357 0
    outer loop
      vertex 74.4826109530357 -76.84057869008336 3
      vertex 74.4826109530357 -76.84057869008336 0
      vertex 74.3921859198542 -76.77578102766414 3
    endloop
  endfacet
  facet normal 0.9359059267573001 0.3522500479213013 0
    outer loop
      vertex 73.85648514389985 -76.07764218418968 3
      vertex 73.85648514389985 -76.07764218418968 0
      vertex 73.81729912902735 -75.97352744018441 3
    endloop
  endfacet
  facet normal 0.9569403357322296 0.29028467725439405 0
    outer loop
      vertex 73.81729912902735 -75.97352744018441 3
      vertex 73.81729912902735 -75.97352744018441 0
      vertex 73.78500644447762 -75.86707272584331 3
    endloop
  endfacet
  facet normal 0.9738769792773214 0.2270762630344259 0
    outer loop
      vertex 73.78500644447762 -75.86707272584331 3
      vertex 73.78500644447762 -75.86707272584331 0
      vertex 73.75974537248354 -75.75873389659645 3
    endloop
  endfacet
  facet normal 0.9866433320848933 0.16289547339450183 0
    outer loop
      vertex 73.75974537248354 -75.75873389659645 3
      vertex 73.75974537248354 -75.75873389659645 0
      vertex 73.74162408483356 -75.64897487594313 3
    endloop
  endfacet
  facet normal 0.9951847266721932 0.09801714032959864 0
    outer loop
      vertex 73.74162408483356 -75.64897487594313 3
      vertex 73.74162408483356 -75.64897487594313 0
      vertex 73.73072017966341 -75.53826566886028 3
    endloop
  endfacet
  facet normal 0.9994645874763642 0.03271908282181814 0
    outer loop
      vertex 73.73072017966341 -75.53826566886028 3
      vertex 73.73072017966341 -75.53826566886028 0
      vertex 73.72708034916903 -75.42708034916903 3
    endloop
  endfacet
  facet normal 0.9994645874763642 -0.03271908282181814 0
    outer loop
      vertex 73.72708034916903 -75.42708034916903 3
      vertex 73.72708034916903 -75.42708034916903 0
      vertex 73.73072017966341 -75.31589502947779 3
    endloop
  endfacet
  facet normal 0.9951847266721932 -0.09801714032959864 0
    outer loop
      vertex 73.73072017966341 -75.31589502947779 3
      vertex 73.73072017966341 -75.31589502947779 0
      vertex 73.74162408483356 -75.20518582239494 3
    endloop
  endfacet
  facet normal 0.9866433320848933 -0.16289547339450183 0
    outer loop
      vertex 73.74162408483356 -75.20518582239494 3
      vertex 73.74162408483356 -75.20518582239494 0
      vertex 73.75974537248354 -75.09542680174161 3
    endloop
  endfacet
  facet normal 0.9738769792773214 -0.2270762630344259 0
    outer loop
      vertex 73.75974537248354 -75.09542680174161 3
      vertex 73.75974537248354 -75.09542680174161 0
      vertex 73.78500644447762 -74.98708797249475 3
    endloop
  endfacet
  facet normal 0.9569403357322296 -0.29028467725439405 0
    outer loop
      vertex 73.78500644447762 -74.98708797249475 3
      vertex 73.78500644447762 -74.98708797249475 0
      vertex 73.81729912902735 -74.88063325815365 3
    endloop
  endfacet
  facet normal 0.9359059267573001 -0.3522500479213013 0
    outer loop
      vertex 73.81729912902735 -74.88063325815365 3
      vertex 73.81729912902735 -74.88063325815365 0
      vertex 73.85648514389985 -74.77651851414838 3
    endloop
  endfacet
  facet normal 0.8492021815266223 0.5280678506502982 0
    outer loop
      vertex 74.0135820082547 -76.37154974530236 3
      vertex 74.0135820082547 -76.37154974530236 0
      vertex 73.95483716273549 -76.27708034916903 3
    endloop
  endfacet
  facet normal 0.8819212643483348 0.47139673682603533 0
    outer loop
      vertex 73.95483716273549 -76.27708034916903 3
      vertex 73.95483716273549 -76.27708034916903 0
      vertex 73.90239668856346 -76.17897112254133 3
    endloop
  endfacet
  facet normal 0.9108638249211879 0.41270702980436796 -6.905569277105089e-19
    outer loop
      vertex 73.85648514389985 -76.07764218418968 3
      vertex 73.90239668856346 -76.17897112254133 3
      vertex 73.90239668856346 -76.17897112254133 0
    endloop
  endfacet
  facet normal 0.9108638249211879 -0.41270702980436796 0
    outer loop
      vertex 73.85648514389985 -74.77651851414838 3
      vertex 73.85648514389985 -74.77651851414838 0
      vertex 73.90239668856346 -74.67518957579674 3
    endloop
  endfacet
  facet normal 0.8819212643483348 -0.47139673682603533 0
    outer loop
      vertex 73.90239668856346 -74.67518957579674 3
      vertex 73.90239668856346 -74.67518957579674 0
      vertex 73.95483716273549 -74.57708034916904 3
    endloop
  endfacet
  facet normal 0.8492021815266223 -0.5280678506502982 0
    outer loop
      vertex 73.95483716273549 -74.57708034916904 3
      vertex 73.95483716273549 -74.57708034916904 0
      vertex 74.0135820082547 -74.4826109530357 3
    endloop
  endfacet
  facet normal 0.8128466845916357 -0.5824776968677736 0
    outer loop
      vertex 74.0135820082547 -74.4826109530357 3
      vertex 74.0135820082547 -74.4826109530357 0
      vertex 74.07837967067393 -74.3921859198542 3
    endloop
  endfacet
  facet normal 0.7730104533626785 -0.6343932841637167 0
    outer loop
      vertex 74.07837967067393 -74.3921859198542 3
      vertex 74.07837967067393 -74.3921859198542 0
      vertex 74.14895267645477 -74.30619246349892 3
    endloop
  endfacet
  facet normal 0.7298640726978513 -0.6835923020228546 0
    outer loop
      vertex 74.14895267645477 -74.30619246349892 3
      vertex 74.14895267645477 -74.30619246349892 0
      vertex 74.2249988211519 -74.2249988211519 3
    endloop
  endfacet
  facet normal 0.6835923020228546 -0.7298640726978513 0
    outer loop
      vertex 74.2249988211519 -74.2249988211519 3
      vertex 74.2249988211519 -74.2249988211519 0
      vertex 74.30619246349892 -74.14895267645477 3
    endloop
  endfacet
  facet normal 0.6343932841637167 -0.7730104533626785 0
    outer loop
      vertex 74.30619246349892 -74.14895267645477 3
      vertex 74.30619246349892 -74.14895267645477 0
      vertex 74.3921859198542 -74.07837967067393 3
    endloop
  endfacet
  facet normal 0.5824776968677736 -0.8128466845916357 0
    outer loop
      vertex 74.3921859198542 -74.07837967067393 3
      vertex 74.3921859198542 -74.07837967067393 0
      vertex 74.4826109530357 -74.0135820082547 3
    endloop
  endfacet
  facet normal 0.5280678506502982 -0.8492021815266223 0
    outer loop
      vertex 74.4826109530357 -74.0135820082547 3
      vertex 74.4826109530357 -74.0135820082547 0
      vertex 74.57708034916904 -73.95483716273549 3
    endloop
  endfacet
  facet normal 0.47139673682603533 -0.8819212643483348 0
    outer loop
      vertex 74.57708034916904 -73.95483716273549 3
      vertex 74.57708034916904 -73.95483716273549 0
      vertex 74.67518957579674 -73.90239668856346 3
    endloop
  endfacet
  facet normal 0.41270702980436796 -0.9108638249211879 0
    outer loop
      vertex 74.67518957579674 -73.90239668856346 3
      vertex 74.67518957579674 -73.90239668856346 0
      vertex 74.77651851414838 -73.85648514389985 3
    endloop
  endfacet
  facet normal 0.41270702980436796 0.9108638249211879 -6.905569277105089e-19
    outer loop
      vertex 74.67518957579674 -76.9517640097746 3
      vertex 74.77651851414838 -76.99767555443822 3
      vertex 74.77651851414838 -76.99767555443822 0
    endloop
  endfacet
  facet normal 0.3522500479213013 0.9359059267573001 -2.166961164621453e-19
    outer loop
      vertex 74.77651851414838 -76.99767555443822 3
      vertex 74.88063325815365 -77.03686156931072 3
      vertex 74.88063325815365 -77.03686156931072 0
    endloop
  endfacet
  facet normal 0.29028467725439405 0.9569403357322296 0
    outer loop
      vertex 74.98708797249475 -77.06915425386045 3
      vertex 74.98708797249475 -77.06915425386045 0
      vertex 74.88063325815365 -77.03686156931072 3
    endloop
  endfacet
  facet normal 0.2270762630344259 0.9738769792773214 -1.7446323763098246e-19
    outer loop
      vertex 74.98708797249475 -77.06915425386045 3
      vertex 75.09542680174161 -77.09441532585453 3
      vertex 75.09542680174161 -77.09441532585453 0
    endloop
  endfacet
  facet normal 0.16289547339450183 0.9866433320848933 5.726490459600851e-19
    outer loop
      vertex 75.09542680174161 -77.09441532585453 3
      vertex 75.20518582239494 -77.1125366135045 3
      vertex 75.20518582239494 -77.1125366135045 0
    endloop
  endfacet
  facet normal 0.09801714032959864 0.9951847266721932 -7.375412545214896e-20
    outer loop
      vertex 75.20518582239494 -77.1125366135045 3
      vertex 75.31589502947779 -77.12344051867466 3
      vertex 75.31589502947779 -77.12344051867466 0
    endloop
  endfacet
  facet normal 0.03271908282181814 0.9994645874763642 2.5239385402771795e-21
    outer loop
      vertex 75.31589502947779 -77.12344051867466 3
      vertex 75.42708034916903 -77.12708034916903 3
      vertex 75.42708034916903 -77.12708034916903 0
    endloop
  endfacet
  facet normal -0.03271908282181814 0.9994645874763642 -2.5239385402771795e-21
    outer loop
      vertex 75.42708034916903 -77.12708034916903 3
      vertex 75.53826566886028 -77.12344051867466 3
      vertex 75.53826566886028 -77.12344051867466 0
    endloop
  endfacet
  facet normal -0.09801714032959864 0.9951847266721932 7.375412545214896e-20
    outer loop
      vertex 75.53826566886028 -77.12344051867466 3
      vertex 75.64897487594313 -77.1125366135045 3
      vertex 75.64897487594313 -77.1125366135045 0
    endloop
  endfacet
  facet normal -0.16289547339450183 0.9866433320848933 -5.726490459600851e-19
    outer loop
      vertex 75.64897487594313 -77.1125366135045 3
      vertex 75.75873389659645 -77.09441532585453 3
      vertex 75.75873389659645 -77.09441532585453 0
    endloop
  endfacet
  facet normal -0.2270762630344259 0.9738769792773214 1.7446323763098246e-19
    outer loop
      vertex 75.75873389659645 -77.09441532585453 3
      vertex 75.86707272584331 -77.06915425386045 3
      vertex 75.86707272584331 -77.06915425386045 0
    endloop
  endfacet
  facet normal -0.29028467725439405 0.9569403357322296 4.491188868011154e-19
    outer loop
      vertex 75.86707272584331 -77.06915425386045 3
      vertex 75.97352744018441 -77.03686156931072 3
      vertex 75.97352744018441 -77.03686156931072 0
    endloop
  endfacet
  facet normal -0.3522500479213013 0.9359059267573001 2.166961164621453e-19
    outer loop
      vertex 75.97352744018441 -77.03686156931072 3
      vertex 76.07764218418968 -76.99767555443822 3
      vertex 76.07764218418968 -76.99767555443822 0
    endloop
  endfacet
  facet normal -0.41270702980436796 0.9108638249211879 6.905569277105089e-19
    outer loop
      vertex 76.07764218418968 -76.99767555443822 3
      vertex 76.17897112254133 -76.9517640097746 3
      vertex 76.17897112254133 -76.9517640097746 0
    endloop
  endfacet
  facet normal -0.47139673682603533 0.8819212643483348 -6.87205366885993e-19
    outer loop
      vertex 76.17897112254133 -76.9517640097746 3
      vertex 76.27708034916903 -76.89932353560258 3
      vertex 76.27708034916903 -76.89932353560258 0
    endloop
  endfacet
  facet normal -0.5280678506502982 0.8492021815266223 1.2302484536244338e-18
    outer loop
      vertex 76.27708034916903 -76.89932353560258 3
      vertex 76.37154974530236 -76.84057869008336 3
      vertex 76.37154974530236 -76.84057869008336 0
    endloop
  endfacet
  facet normal -0.5824776968677736 0.8128466845916357 -3.6931902391075436e-19
    outer loop
      vertex 76.37154974530236 -76.84057869008336 3
      vertex 76.46197477848386 -76.77578102766414 3
      vertex 76.46197477848386 -76.77578102766414 0
    endloop
  endfacet
  facet normal -0.6343932841637167 0.7730104533626785 8.730397515535718e-19
    outer loop
      vertex 76.46197477848386 -76.77578102766414 3
      vertex 76.54796823483915 -76.7052080218833 3
      vertex 76.54796823483915 -76.7052080218833 0
    endloop
  endfacet
  facet normal -0.6835923020228546 0.7298640726978513 8.126394868707978e-19
    outer loop
      vertex 76.54796823483915 -76.7052080218833 3
      vertex 76.62916187718616 -76.62916187718616 3
      vertex 76.62916187718616 -76.62916187718616 0
    endloop
  endfacet
  facet normal -0.7298640726978513 0.6835923020228546 8.126394868707978e-19
    outer loop
      vertex 76.62916187718616 -76.62916187718616 3
      vertex 76.7052080218833 -76.54796823483915 3
      vertex 76.7052080218833 -76.54796823483915 0
    endloop
  endfacet
  facet normal -0.7730104533626785 0.6343932841637167 8.730397515535718e-19
    outer loop
      vertex 76.7052080218833 -76.54796823483915 3
      vertex 76.77578102766414 -76.46197477848386 3
      vertex 76.77578102766414 -76.46197477848386 0
    endloop
  endfacet
  facet normal -0.8128466845916357 0.5824776968677736 -3.6931902391075436e-19
    outer loop
      vertex 76.77578102766414 -76.46197477848386 3
      vertex 76.84057869008336 -76.37154974530236 3
      vertex 76.84057869008336 -76.37154974530236 0
    endloop
  endfacet
  facet normal -0.8492021815266223 0.5280678506502982 1.2302484536244338e-18
    outer loop
      vertex 76.84057869008336 -76.37154974530236 3
      vertex 76.89932353560258 -76.27708034916903 3
      vertex 76.89932353560258 -76.27708034916903 0
    endloop
  endfacet
  facet normal -0.8819212643483348 0.47139673682603533 -6.87205366885993e-19
    outer loop
      vertex 76.89932353560258 -76.27708034916903 3
      vertex 76.9517640097746 -76.17897112254133 3
      vertex 76.9517640097746 -76.17897112254133 0
    endloop
  endfacet
  facet normal -0.9108638249211879 0.41270702980436796 6.905569277105089e-19
    outer loop
      vertex 76.9517640097746 -76.17897112254133 3
      vertex 76.99767555443822 -76.07764218418968 3
      vertex 76.99767555443822 -76.07764218418968 0
    endloop
  endfacet
  facet normal -0.9359059267573001 0.3522500479213013 2.166961164621453e-19
    outer loop
      vertex 76.99767555443822 -76.07764218418968 3
      vertex 77.03686156931072 -75.97352744018441 3
      vertex 77.03686156931072 -75.97352744018441 0
    endloop
  endfacet
  facet normal -0.9569403357322296 0.29028467725439405 4.491188868011154e-19
    outer loop
      vertex 77.03686156931072 -75.97352744018441 3
      vertex 77.06915425386045 -75.86707272584331 3
      vertex 77.06915425386045 -75.86707272584331 0
    endloop
  endfacet
  facet normal -0.9738769792773214 0.2270762630344259 1.7446323763098246e-19
    outer loop
      vertex 77.06915425386045 -75.86707272584331 3
      vertex 77.09441532585453 -75.75873389659645 3
      vertex 77.09441532585453 -75.75873389659645 0
    endloop
  endfacet
  facet normal -0.9866433320848933 0.16289547339450183 -5.726490459600851e-19
    outer loop
      vertex 77.09441532585453 -75.75873389659645 3
      vertex 77.1125366135045 -75.64897487594313 3
      vertex 77.1125366135045 -75.64897487594313 0
    endloop
  endfacet
  facet normal -0.9951847266721932 0.09801714032959864 7.375412545214896e-20
    outer loop
      vertex 77.1125366135045 -75.64897487594313 3
      vertex 77.12344051867466 -75.53826566886028 3
      vertex 77.12344051867466 -75.53826566886028 0
    endloop
  endfacet
  facet normal -0.9994645874763642 0.03271908282181814 -2.5239385402771795e-21
    outer loop
      vertex 77.12344051867466 -75.53826566886028 3
      vertex 77.12708034916903 -75.42708034916903 3
      vertex 77.12708034916903 -75.42708034916903 0
    endloop
  endfacet
  facet normal -0.9994645874763642 -0.03271908282181814 2.5239385402771795e-21
    outer loop
      vertex 77.12708034916903 -75.42708034916903 3
      vertex 77.12344051867466 -75.31589502947779 3
      vertex 77.12344051867466 -75.31589502947779 0
    endloop
  endfacet
  facet normal -0.9951847266721932 -0.09801714032959864 -7.375412545214896e-20
    outer loop
      vertex 77.12344051867466 -75.31589502947779 3
      vertex 77.1125366135045 -75.20518582239494 3
      vertex 77.1125366135045 -75.20518582239494 0
    endloop
  endfacet
  facet normal -0.9359059267573001 -0.3522500479213013 -2.166961164621453e-19
    outer loop
      vertex 77.03686156931072 -74.88063325815365 3
      vertex 76.99767555443822 -74.77651851414838 3
      vertex 76.99767555443822 -74.77651851414838 0
    endloop
  endfacet
  facet normal -0.9866433320848933 -0.16289547339450183 5.726490459600851e-19
    outer loop
      vertex 77.1125366135045 -75.20518582239494 3
      vertex 77.09441532585453 -75.09542680174161 3
      vertex 77.09441532585453 -75.09542680174161 0
    endloop
  endfacet
  facet normal -0.9738769792773214 -0.2270762630344259 -1.7446323763098246e-19
    outer loop
      vertex 77.09441532585453 -75.09542680174161 3
      vertex 77.06915425386045 -74.98708797249475 3
      vertex 77.06915425386045 -74.98708797249475 0
    endloop
  endfacet
  facet normal -0.9569403357322296 -0.29028467725439405 0
    outer loop
      vertex 77.03686156931072 -74.88063325815365 3
      vertex 77.03686156931072 -74.88063325815365 0
      vertex 77.06915425386045 -74.98708797249475 3
    endloop
  endfacet
  facet normal 0.3522500479213013 -0.9359059267573001 0
    outer loop
      vertex 74.77651851414838 -73.85648514389985 3
      vertex 74.77651851414838 -73.85648514389985 0
      vertex 74.88063325815365 -73.81729912902735 3
    endloop
  endfacet
  facet normal 0.29028467725439405 -0.9569403357322296 0
    outer loop
      vertex 74.88063325815365 -73.81729912902735 3
      vertex 74.88063325815365 -73.81729912902735 0
      vertex 74.98708797249475 -73.78500644447762 3
    endloop
  endfacet
  facet normal 0.2270762630344259 -0.9738769792773214 0
    outer loop
      vertex 74.98708797249475 -73.78500644447762 3
      vertex 74.98708797249475 -73.78500644447762 0
      vertex 75.09542680174161 -73.75974537248354 3
    endloop
  endfacet
  facet normal 0.16289547339450183 -0.9866433320848933 0
    outer loop
      vertex 75.09542680174161 -73.75974537248354 3
      vertex 75.09542680174161 -73.75974537248354 0
      vertex 75.20518582239494 -73.74162408483356 3
    endloop
  endfacet
  facet normal 0.09801714032959864 -0.9951847266721932 0
    outer loop
      vertex 75.20518582239494 -73.74162408483356 3
      vertex 75.20518582239494 -73.74162408483356 0
      vertex 75.31589502947779 -73.73072017966341 3
    endloop
  endfacet
  facet normal 0.03271908282181814 -0.9994645874763642 0
    outer loop
      vertex 75.31589502947779 -73.73072017966341 3
      vertex 75.31589502947779 -73.73072017966341 0
      vertex 75.42708034916903 -73.72708034916903 3
    endloop
  endfacet
  facet normal -0.03271908282181814 -0.9994645874763642 0
    outer loop
      vertex 75.42708034916903 -73.72708034916903 3
      vertex 75.42708034916903 -73.72708034916903 0
      vertex 75.53826566886028 -73.73072017966341 3
    endloop
  endfacet
  facet normal -0.41270702980436796 -0.9108638249211879 -6.905569277105089e-19
    outer loop
      vertex 76.17897112254133 -73.90239668856346 3
      vertex 76.07764218418968 -73.85648514389985 3
      vertex 76.07764218418968 -73.85648514389985 0
    endloop
  endfacet
  facet normal -0.47139673682603533 -0.8819212643483348 0
    outer loop
      vertex 76.17897112254133 -73.90239668856346 3
      vertex 76.17897112254133 -73.90239668856346 0
      vertex 76.27708034916903 -73.95483716273549 3
    endloop
  endfacet
  facet normal -0.5280678506502982 -0.8492021815266223 0
    outer loop
      vertex 76.27708034916903 -73.95483716273549 3
      vertex 76.27708034916903 -73.95483716273549 0
      vertex 76.37154974530236 -74.0135820082547 3
    endloop
  endfacet
  facet normal -0.5824776968677736 -0.8128466845916357 0
    outer loop
      vertex 76.37154974530236 -74.0135820082547 3
      vertex 76.37154974530236 -74.0135820082547 0
      vertex 76.46197477848386 -74.07837967067393 3
    endloop
  endfacet
  facet normal -0.09801714032959864 -0.9951847266721932 0
    outer loop
      vertex 75.53826566886028 -73.73072017966341 3
      vertex 75.53826566886028 -73.73072017966341 0
      vertex 75.64897487594313 -73.74162408483356 3
    endloop
  endfacet
  facet normal -0.16289547339450183 -0.9866433320848933 0
    outer loop
      vertex 75.64897487594313 -73.74162408483356 3
      vertex 75.64897487594313 -73.74162408483356 0
      vertex 75.75873389659645 -73.75974537248354 3
    endloop
  endfacet
  facet normal -0.2270762630344259 -0.9738769792773214 0
    outer loop
      vertex 75.75873389659645 -73.75974537248354 3
      vertex 75.75873389659645 -73.75974537248354 0
      vertex 75.86707272584331 -73.78500644447762 3
    endloop
  endfacet
  facet normal -0.29028467725439405 -0.9569403357322296 0
    outer loop
      vertex 75.86707272584331 -73.78500644447762 3
      vertex 75.86707272584331 -73.78500644447762 0
      vertex 75.97352744018441 -73.81729912902735 3
    endloop
  endfacet
  facet normal -0.3522500479213013 -0.9359059267573001 0
    outer loop
      vertex 75.97352744018441 -73.81729912902735 3
      vertex 75.97352744018441 -73.81729912902735 0
      vertex 76.07764218418968 -73.85648514389985 3
    endloop
  endfacet
  facet normal -0.8128466845916357 -0.5824776968677736 0
    outer loop
      vertex 76.77578102766414 -74.3921859198542 3
      vertex 76.77578102766414 -74.3921859198542 0
      vertex 76.84057869008336 -74.4826109530357 3
    endloop
  endfacet
  facet normal -0.7730104533626785 -0.6343932841637167 -8.730397515535718e-19
    outer loop
      vertex 76.77578102766414 -74.3921859198542 3
      vertex 76.7052080218833 -74.30619246349892 3
      vertex 76.7052080218833 -74.30619246349892 0
    endloop
  endfacet
  facet normal -0.6835923020228546 -0.7298640726978513 0
    outer loop
      vertex 76.54796823483915 -74.14895267645477 3
      vertex 76.54796823483915 -74.14895267645477 0
      vertex 76.62916187718616 -74.2249988211519 3
    endloop
  endfacet
  facet normal -0.6343932841637167 -0.7730104533626785 -8.730397515535718e-19
    outer loop
      vertex 76.54796823483915 -74.14895267645477 3
      vertex 76.46197477848386 -74.07837967067393 3
      vertex 76.46197477848386 -74.07837967067393 0
    endloop
  endfacet
  facet normal -0.7298640726978513 -0.6835923020228546 -8.126394868707978e-19
    outer loop
      vertex 76.7052080218833 -74.30619246349892 3
      vertex 76.62916187718616 -74.2249988211519 3
      vertex 76.62916187718616 -74.2249988211519 0
    endloop
  endfacet
  facet normal -0.9108638249211879 -0.41270702980436796 -6.905569277105089e-19
    outer loop
      vertex 76.99767555443822 -74.77651851414838 3
      vertex 76.9517640097746 -74.67518957579674 3
      vertex 76.9517640097746 -74.67518957579674 0
    endloop
  endfacet
  facet normal -0.8819212643483348 -0.47139673682603533 0
    outer loop
      vertex 76.89932353560258 -74.57708034916904 3
      vertex 76.89932353560258 -74.57708034916904 0
      vertex 76.9517640097746 -74.67518957579674 3
    endloop
  endfacet
  facet normal -0.8492021815266223 -0.5280678506502982 -1.2302484536244338e-18
    outer loop
      vertex 76.89932353560258 -74.57708034916904 3
      vertex 76.84057869008336 -74.4826109530357 3
      vertex 76.84057869008336 -74.4826109530357 0
    endloop
  endfacet
  facet normal 0 0 -1
    outer loop
      vertex 73.85648514389985 -76.07764218418968 3
      vertex 73.81729912902735 -75.97352744018441 3
      vertex 73.81729912902735 -74.88063325815365 3
    endloop
  endfacet
  facet normal 0 0 -1
    outer loop
      vertex 73.78500644447762 -75.86707272584331 3
      vertex 73.75974537248354 -75.75873389659645 3
      vertex 73.75974537248354 -75.09542680174161 3
    endloop
  endfacet
  facet normal 0 0 -1
    outer loop
      vertex 73.81729912902735 -75.97352744018441 3
      vertex 73.78500644447762 -75.86707272584331 3
      vertex 73.78500644447762 -74.98708797249475 3
    endloop
  endfacet
  facet normal 0 0 -1
    outer loop
      vertex 73.75974537248354 -75.75873389659645 3
      vertex 73.74162408483356 -75.64897487594313 3
      vertex 73.74162408483356 -75.20518582239494 3
    endloop
  endfacet
  facet normal 0 0 -1
    outer loop
      vertex 73.74162408483356 -75.64897487594313 3
      vertex 73.73072017966341 -75.53826566886028 3
      vertex 73.73072017966341 -75.31589502947779 3
    endloop
  endfacet
  facet normal 0 0 -1
    outer loop
      vertex 73.73072017966341 -75.53826566886028 3
      vertex 73.72708034916903 -75.42708034916903 3
      vertex 73.73072017966341 -75.31589502947779 3
    endloop
  endfacet
  facet normal 0 0 -1
    outer loop
      vertex 73.74162408483356 -75.64897487594313 3
      vertex 73.73072017966341 -75.31589502947779 3
      vertex 73.74162408483356 -75.20518582239494 3
    endloop
  endfacet
  facet normal 0 0 -1
    outer loop
      vertex 73.75974537248354 -75.75873389659645 3
      vertex 73.74162408483356 -75.20518582239494 3
      vertex 73.75974537248354 -75.09542680174161 3
    endloop
  endfacet
  facet normal 0 0 -1
    outer loop
      vertex 73.78500644447762 -75.86707272584331 3
      vertex 73.75974537248354 -75.09542680174161 3
      vertex 73.78500644447762 -74.98708797249475 3
    endloop
  endfacet
  facet normal 0 0 -1
    outer loop
      vertex 73.81729912902735 -75.97352744018441 3
      vertex 73.78500644447762 -74.98708797249475 3
      vertex 73.81729912902735 -74.88063325815365 3
    endloop
  endfacet
  facet normal 0 0 -1
    outer loop
      vertex 73.85648514389985 -76.07764218418968 3
      vertex 73.81729912902735 -74.88063325815365 3
      vertex 73.85648514389985 -74.77651851414838 3
    endloop
  endfacet
  facet normal 0 0 -1
    outer loop
      vertex 74.07837967067393 -76.46197477848386 3
      vertex 74.0135820082547 -76.37154974530236 3
      vertex 74.0135820082547 -74.4826109530357 3
    endloop
  endfacet
  facet normal 0 0 -1
    outer loop
      vertex 73.85648514389985 -76.07764218418968 3
      vertex 73.85648514389985 -74.77651851414838 3
      vertex 73.90239668856346 -76.17897112254133 3
    endloop
  endfacet
  facet normal 0 0 -1
    outer loop
      vertex 73.95483716273549 -76.27708034916903 3
      vertex 73.90239668856346 -76.17897112254133 3
      vertex 73.90239668856346 -74.67518957579674 3
    endloop
  endfacet
  facet normal 0 0 -1
    outer loop
      vertex 74.0135820082547 -76.37154974530236 3
      vertex 73.95483716273549 -76.27708034916903 3
      vertex 73.95483716273549 -74.57708034916904 3
    endloop
  endfacet
  facet normal 0 0 -1
    outer loop
      vertex 74.07837967067393 -76.46197477848386 3
      vertex 74.07837967067393 -74.3921859198542 3
      vertex 74.14895267645477 -76.54796823483915 3
    endloop
  endfacet
  facet normal 0 0 -1
    outer loop
      vertex 74.2249988211519 -76.62916187718616 3
      vertex 74.2249988211519 -74.2249988211519 3
      vertex 74.30619246349892 -76.7052080218833 3
    endloop
  endfacet
  facet normal 0 0 -1
    outer loop
      vertex 74.2249988211519 -76.62916187718616 3
      vertex 74.14895267645477 -76.54796823483915 3
      vertex 74.14895267645477 -74.30619246349892 3
    endloop
  endfacet
  facet normal 0 0 -1
    outer loop
      vertex 74.30619246349892 -76.7052080218833 3
      vertex 74.30619246349892 -74.14895267645477 3
      vertex 74.3921859198542 -76.77578102766414 3
    endloop
  endfacet
  facet normal 0 0 -1
    outer loop
      vertex 74.4826109530357 -76.84057869008336 3
      vertex 74.3921859198542 -76.77578102766414 3
      vertex 74.3921859198542 -74.07837967067393 3
    endloop
  endfacet
  facet normal 0 0 -1
    outer loop
      vertex 74.4826109530357 -76.84057869008336 3
      vertex 74.4826109530357 -74.0135820082547 3
      vertex 74.57708034916904 -76.89932353560258 3
    endloop
  endfacet
  facet normal 0 0 -1
    outer loop
      vertex 74.67518957579674 -76.9517640097746 3
      vertex 74.57708034916904 -76.89932353560258 3
      vertex 74.57708034916904 -73.95483716273549 3
    endloop
  endfacet
  facet normal 0 0 -1
    outer loop
      vertex 74.67518957579674 -76.9517640097746 3
      vertex 74.67518957579674 -73.90239668856346 3
      vertex 74.77651851414838 -76.99767555443822 3
    endloop
  endfacet
  facet normal 0 0 -1
    outer loop
      vertex 73.90239668856346 -76.17897112254133 3
      vertex 73.85648514389985 -74.77651851414838 3
      vertex 73.90239668856346 -74.67518957579674 3
    endloop
  endfacet
  facet normal 0 0 -1
    outer loop
      vertex 73.95483716273549 -76.27708034916903 3
      vertex 73.90239668856346 -74.67518957579674 3
      vertex 73.95483716273549 -74.57708034916904 3
    endloop
  endfacet
  facet normal 0 0 -1
    outer loop
      vertex 74.0135820082547 -76.37154974530236 3
      vertex 73.95483716273549 -74.57708034916904 3
      vertex 74.0135820082547 -74.4826109530357 3
    endloop
  endfacet
  facet normal 0 0 -1
    outer loop
      vertex 74.07837967067393 -76.46197477848386 3
      vertex 74.0135820082547 -74.4826109530357 3
      vertex 74.07837967067393 -74.3921859198542 3
    endloop
  endfacet
  facet normal 0 0 -1
    outer loop
      vertex 74.14895267645477 -76.54796823483915 3
      vertex 74.07837967067393 -74.3921859198542 3
      vertex 74.14895267645477 -74.30619246349892 3
    endloop
  endfacet
  facet normal 0 0 -1
    outer loop
      vertex 74.2249988211519 -76.62916187718616 3
      vertex 74.14895267645477 -74.30619246349892 3
      vertex 74.2249988211519 -74.2249988211519 3
    endloop
  endfacet
  facet normal 0 0 -1
    outer loop
      vertex 74.30619246349892 -76.7052080218833 3
      vertex 74.2249988211519 -74.2249988211519 3
      vertex 74.30619246349892 -74.14895267645477 3
    endloop
  endfacet
  facet normal 0 0 -1
    outer loop
      vertex 74.3921859198542 -76.77578102766414 3
      vertex 74.30619246349892 -74.14895267645477 3
      vertex 74.3921859198542 -74.07837967067393 3
    endloop
  endfacet
  facet normal 0 0 -1
    outer loop
      vertex 74.4826109530357 -76.84057869008336 3
      vertex 74.3921859198542 -74.07837967067393 3
      vertex 74.4826109530357 -74.0135820082547 3
    endloop
  endfacet
  facet normal 0 0 -1
    outer loop
      vertex 74.4826109530357 -74.0135820082547 3
      vertex 74.57708034916904 -73.95483716273549 3
      vertex 74.57708034916904 -76.89932353560258 3
    endloop
  endfacet
  facet normal 0 0 -1
    outer loop
      vertex 74.67518957579674 -76.9517640097746 3
      vertex 74.57708034916904 -73.95483716273549 3
      vertex 74.67518957579674 -73.90239668856346 3
    endloop
  endfacet
  facet normal 0 0 -1
    outer loop
      vertex 75.09542680174161 -77.09441532585453 3
      vertex 75.09542680174161 -73.75974537248354 3
      vertex 75.20518582239494 -77.1125366135045 3
    endloop
  endfacet
  facet normal 0 0 -1
    outer loop
      vertex 74.77651851414838 -76.99767555443822 3
      vertex 74.77651851414838 -73.85648514389985 3
      vertex 74.88063325815365 -77.03686156931072 3
    endloop
  endfacet
  facet normal 0 0 -1
    outer loop
      vertex 74.98708797249475 -77.06915425386045 3
      vertex 74.88063325815365 -77.03686156931072 3
      vertex 74.88063325815365 -73.81729912902735 3
    endloop
  endfacet
  facet normal 0 0 -1
    outer loop
      vertex 74.98708797249475 -77.06915425386045 3
      vertex 74.98708797249475 -73.78500644447762 3
      vertex 75.09542680174161 -77.09441532585453 3
    endloop
  endfacet
  facet normal 0 0 -1
    outer loop
      vertex 75.20518582239494 -77.1125366135045 3
      vertex 75.20518582239494 -73.74162408483356 3
      vertex 75.31589502947779 -77.12344051867466 3
    endloop
  endfacet
  facet normal 0 0 -1
    outer loop
      vertex 75.31589502947779 -77.12344051867466 3
      vertex 75.31589502947779 -73.73072017966341 3
      vertex 75.42708034916903 -77.12708034916903 3
    endloop
  endfacet
  facet normal 0 0 -1
    outer loop
      vertex 75.42708034916903 -77.12708034916903 3
      vertex 75.42708034916903 -73.72708034916903 3
      vertex 75.53826566886028 -77.12344051867466 3
    endloop
  endfacet
  facet normal 0 0 -1
    outer loop
      vertex 74.77651851414838 -76.99767555443822 3
      vertex 74.67518957579674 -73.90239668856346 3
      vertex 74.77651851414838 -73.85648514389985 3
    endloop
  endfacet
  facet normal 0 0 -1
    outer loop
      vertex 74.88063325815365 -77.03686156931072 3
      vertex 74.77651851414838 -73.85648514389985 3
      vertex 74.88063325815365 -73.81729912902735 3
    endloop
  endfacet
  facet normal 0 0 -1
    outer loop
      vertex 74.98708797249475 -77.06915425386045 3
      vertex 74.88063325815365 -73.81729912902735 3
      vertex 74.98708797249475 -73.78500644447762 3
    endloop
  endfacet
  facet normal 0 0 -1
    outer loop
      vertex 75.09542680174161 -77.09441532585453 3
      vertex 74.98708797249475 -73.78500644447762 3
      vertex 75.09542680174161 -73.75974537248354 3
    endloop
  endfacet
  facet normal 0 0 -1
    outer loop
      vertex 75.20518582239494 -77.1125366135045 3
      vertex 75.09542680174161 -73.75974537248354 3
      vertex 75.20518582239494 -73.74162408483356 3
    endloop
  endfacet
  facet normal 0 0 -1
    outer loop
      vertex 75.31589502947779 -77.12344051867466 3
      vertex 75.20518582239494 -73.74162408483356 3
      vertex 75.31589502947779 -73.73072017966341 3
    endloop
  endfacet
  facet normal 0 0 -1
    outer loop
      vertex 75.42708034916903 -77.12708034916903 3
      vertex 75.31589502947779 -73.73072017966341 3
      vertex 75.42708034916903 -73.72708034916903 3
    endloop
  endfacet
  facet normal 0 0 -1
    outer loop
      vertex 75.53826566886028 -77.12344051867466 3
      vertex 75.42708034916903 -73.72708034916903 3
      vertex 75.53826566886028 -73.73072017966341 3
    endloop
  endfacet
  facet normal 0 0 -1
    outer loop
      vertex 75.53826566886028 -77.12344051867466 3
      vertex 75.53826566886028 -73.73072017966341 3
      vertex 75.64897487594313 -77.1125366135045 3
    endloop
  endfacet
  facet normal 0 0 -1
    outer loop
      vertex 75.64897487594313 -77.1125366135045 3
      vertex 75.64897487594313 -73.74162408483356 3
      vertex 75.75873389659645 -77.09441532585453 3
    endloop
  endfacet
  facet normal 0 0 -1
    outer loop
      vertex 75.75873389659645 -77.09441532585453 3
      vertex 75.75873389659645 -73.75974537248354 3
      vertex 75.86707272584331 -77.06915425386045 3
    endloop
  endfacet
  facet normal 0 0 -1
    outer loop
      vertex 75.86707272584331 -77.06915425386045 3
      vertex 75.86707272584331 -73.78500644447762 3
      vertex 75.97352744018441 -77.03686156931072 3
    endloop
  endfacet
  facet normal 0 0 -1
    outer loop
      vertex 75.97352744018441 -77.03686156931072 3
      vertex 75.97352744018441 -73.81729912902735 3
      vertex 76.07764218418968 -76.99767555443822 3
    endloop
  endfacet
  facet normal 0 0 -1
    outer loop
      vertex 76.07764218418968 -76.99767555443822 3
      vertex 76.07764218418968 -73.85648514389985 3
      vertex 76.17897112254133 -76.9517640097746 3
    endloop
  endfacet
  facet normal 0 0 -1
    outer loop
      vertex 76.17897112254133 -76.9517640097746 3
      vertex 76.17897112254133 -73.90239668856346 3
      vertex 76.27708034916903 -76.89932353560258 3
    endloop
  endfacet
  facet normal 0 0 -1
    outer loop
      vertex 76.27708034916903 -76.89932353560258 3
      vertex 76.27708034916903 -73.95483716273549 3
      vertex 76.37154974530236 -76.84057869008336 3
    endloop
  endfacet
  facet normal 0 0 -1
    outer loop
      vertex 76.37154974530236 -76.84057869008336 3
      vertex 76.37154974530236 -74.0135820082547 3
      vertex 76.46197477848386 -76.77578102766414 3
    endloop
  endfacet
  facet normal 0 0 -1
    outer loop
      vertex 75.64897487594313 -77.1125366135045 3
      vertex 75.53826566886028 -73.73072017966341 3
      vertex 75.64897487594313 -73.74162408483356 3
    endloop
  endfacet
  facet normal 0 0 -1
    outer loop
      vertex 75.75873389659645 -77.09441532585453 3
      vertex 75.64897487594313 -73.74162408483356 3
      vertex 75.75873389659645 -73.75974537248354 3
    endloop
  endfacet
  facet normal 0 0 -1
    outer loop
      vertex 75.86707272584331 -77.06915425386045 3
      vertex 75.75873389659645 -73.75974537248354 3
      vertex 75.86707272584331 -73.78500644447762 3
    endloop
  endfacet
  facet normal 0 0 -1
    outer loop
      vertex 75.97352744018441 -77.03686156931072 3
      vertex 75.86707272584331 -73.78500644447762 3
      vertex 75.97352744018441 -73.81729912902735 3
    endloop
  endfacet
  facet normal 0 0 -1
    outer loop
      vertex 76.07764218418968 -76.99767555443822 3
      vertex 75.97352744018441 -73.81729912902735 3
      vertex 76.07764218418968 -73.85648514389985 3
    endloop
  endfacet
  facet normal 0 0 -1
    outer loop
      vertex 76.17897112254133 -76.9517640097746 3
      vertex 76.07764218418968 -73.85648514389985 3
      vertex 76.17897112254133 -73.90239668856346 3
    endloop
  endfacet
  facet normal 0 0 -1
    outer loop
      vertex 76.37154974530236 -76.84057869008336 3
      vertex 76.27708034916903 -73.95483716273549 3
      vertex 76.37154974530236 -74.0135820082547 3
    endloop
  endfacet
  facet normal 0 0 -1
    outer loop
      vertex 76.27708034916903 -76.89932353560258 3
      vertex 76.17897112254133 -73.90239668856346 3
      vertex 76.27708034916903 -73.95483716273549 3
    endloop
  endfacet
  facet normal 0 0 -1
    outer loop
      vertex 76.46197477848386 -76.77578102766414 3
      vertex 76.46197477848386 -74.07837967067393 3
      vertex 76.54796823483915 -76.7052080218833 3
    endloop
  endfacet
  facet normal 0 0 -1
    outer loop
      vertex 76.54796823483915 -76.7052080218833 3
      vertex 76.54796823483915 -74.14895267645477 3
      vertex 76.62916187718616 -76.62916187718616 3
    endloop
  endfacet
  facet normal 0 0 -1
    outer loop
      vertex 76.62916187718616 -76.62916187718616 3
      vertex 76.62916187718616 -74.2249988211519 3
      vertex 76.7052080218833 -76.54796823483915 3
    endloop
  endfacet
  facet normal 0 0 -1
    outer loop
      vertex 76.7052080218833 -76.54796823483915 3
      vertex 76.7052080218833 -74.30619246349892 3
      vertex 76.77578102766414 -76.46197477848386 3
    endloop
  endfacet
  facet normal 0 0 -1
    outer loop
      vertex 76.77578102766414 -76.46197477848386 3
      vertex 76.77578102766414 -74.3921859198542 3
      vertex 76.84057869008336 -76.37154974530236 3
    endloop
  endfacet
  facet normal 0 0 -1
    outer loop
      vertex 76.84057869008336 -76.37154974530236 3
      vertex 76.84057869008336 -74.4826109530357 3
      vertex 76.89932353560258 -76.27708034916903 3
    endloop
  endfacet
  facet normal 0 0 -1
    outer loop
      vertex 76.89932353560258 -76.27708034916903 3
      vertex 76.89932353560258 -74.57708034916904 3
      vertex 76.9517640097746 -76.17897112254133 3
    endloop
  endfacet
  facet normal 0 0 -1
    outer loop
      vertex 76.9517640097746 -76.17897112254133 3
      vertex 76.9517640097746 -74.67518957579674 3
      vertex 76.99767555443822 -76.07764218418968 3
    endloop
  endfacet
  facet normal 0 0 -1
    outer loop
      vertex 76.99767555443822 -76.07764218418968 3
      vertex 76.99767555443822 -74.77651851414838 3
      vertex 77.03686156931072 -75.97352744018441 3
    endloop
  endfacet
  facet normal 0 0 -1
    outer loop
      vertex 77.03686156931072 -75.97352744018441 3
      vertex 77.03686156931072 -74.88063325815365 3
      vertex 77.06915425386045 -75.86707272584331 3
    endloop
  endfacet
  facet normal 0 0 -1
    outer loop
      vertex 76.46197477848386 -76.77578102766414 3
      vertex 76.37154974530236 -74.0135820082547 3
      vertex 76.46197477848386 -74.07837967067393 3
    endloop
  endfacet
  facet normal 0 0 -1
    outer loop
      vertex 76.54796823483915 -76.7052080218833 3
      vertex 76.46197477848386 -74.07837967067393 3
      vertex 76.54796823483915 -74.14895267645477 3
    endloop
  endfacet
  facet normal 0 0 -1
    outer loop
      vertex 76.62916187718616 -76.62916187718616 3
      vertex 76.54796823483915 -74.14895267645477 3
      vertex 76.62916187718616 -74.2249988211519 3
    endloop
  endfacet
  facet normal 0 0 -1
    outer loop
      vertex 76.7052080218833 -76.54796823483915 3
      vertex 76.62916187718616 -74.2249988211519 3
      vertex 76.7052080218833 -74.30619246349892 3
    endloop
  endfacet
  facet normal 0 0 -1
    outer loop
      vertex 76.77578102766414 -76.46197477848386 3
      vertex 76.7052080218833 -74.30619246349892 3
      vertex 76.77578102766414 -74.3921859198542 3
    endloop
  endfacet
  facet normal 0 0 -1
    outer loop
      vertex 76.84057869008336 -76.37154974530236 3
      vertex 76.77578102766414 -74.3921859198542 3
      vertex 76.84057869008336 -74.4826109530357 3
    endloop
  endfacet
  facet normal 0 0 -1
    outer loop
      vertex 76.9517640097746 -76.17897112254133 3
      vertex 76.89932353560258 -74.57708034916904 3
      vertex 76.9517640097746 -74.67518957579674 3
    endloop
  endfacet
  facet normal 0 0 -1
    outer loop
      vertex 76.99767555443822 -76.07764218418968 3
      vertex 76.9517640097746 -74.67518957579674 3
      vertex 76.99767555443822 -74.77651851414838 3
    endloop
  endfacet
  facet normal 0 0 -1
    outer loop
      vertex 77.03686156931072 -75.97352744018441 3
      vertex 76.99767555443822 -74.77651851414838 3
      vertex 77.03686156931072 -74.88063325815365 3
    endloop
  endfacet
  facet normal 0 0 -1
    outer loop
      vertex 77.06915425386045 -75.86707272584331 3
      vertex 77.06915425386045 -74.98708797249475 3
      vertex 77.09441532585453 -75.75873389659645 3
    endloop
  endfacet
  facet normal 0 0 -1
    outer loop
      vertex 77.09441532585453 -75.75873389659645 3
      vertex 77.09441532585453 -75.09542680174161 3
      vertex 77.1125366135045 -75.64897487594313 3
    endloop
  endfacet
  facet normal 0 0 -1
    outer loop
      vertex 77.1125366135045 -75.64897487594313 3
      vertex 77.1125366135045 -75.20518582239494 3
      vertex 77.12344051867466 -75.53826566886028 3
    endloop
  endfacet
  facet normal 0 0 -1
    outer loop
      vertex 77.12344051867466 -75.53826566886028 3
      vertex 77.12344051867466 -75.31589502947779 3
      vertex 77.12708034916903 -75.42708034916903 3
    endloop
  endfacet
  facet normal 0 0 -1
    outer loop
      vertex 77.12344051867466 -75.53826566886028 3
      vertex 77.1125366135045 -75.20518582239494 3
      vertex 77.12344051867466 -75.31589502947779 3
    endloop
  endfacet
  facet normal 0 0 -1
    outer loop
      vertex 77.03686156931072 -74.88063325815365 3
      vertex 77.06915425386045 -74.98708797249475 3
      vertex 77.06915425386045 -75.86707272584331 3
    endloop
  endfacet
  facet normal 0 0 -1
    outer loop
      vertex 77.09441532585453 -75.75873389659645 3
      vertex 77.06915425386045 -74.98708797249475 3
      vertex 77.09441532585453 -75.09542680174161 3
    endloop
  endfacet
  facet normal 0 0 -1
    outer loop
      vertex 77.1125366135045 -75.64897487594313 3
      vertex 77.09441532585453 -75.09542680174161 3
      vertex 77.1125366135045 -75.20518582239494 3
    endloop
  endfacet
  facet normal 0 0 -1
    outer loop
      vertex 76.89932353560258 -76.27708034916903 3
      vertex 76.84057869008336 -74.4826109530357 3
      vertex 76.89932353560258 -74.57708034916904 3
    endloop
  endfacet
  facet normal 0 0 -1
    outer loop
      vertex -81.70243187874048 -71.65110972692449 0
      vertex -86.21370748944852 -66.15410449037768 0
      vertex -81.2096370335896 -54.26254465902455 0
    endloop
  endfacet
  facet normal 0 0 -1
    outer loop
      vertex -90.3558027689176 -60.37381722224017 0
      vertex -84.58470118762612 -48.835 0
      vertex -86.21370748944852 -66.15410449037768 0
    endloop
  endfacet
  facet normal 0 0 -1
    outer loop
      vertex -86.21370748944852 -66.15410449037768 0
      vertex -84.58470118762612 -48.835 0
      vertex -81.2096370335896 -54.26254465902455 0
    endloop
  endfacet
  facet normal 0 0 -1
    outer loop
      vertex -66.15410449037768 -86.21370748944852 0
      vertex -59.45772877128175 -77.48682074624494 0
      vertex -60.37381722224017 -90.3558027689176 0
    endloop
  endfacet
  facet normal 0 0 -1
    outer loop
      vertex -60.37381722224017 -90.3558027689176 0
      vertex -54.26254465902455 -81.2096370335896 0
      vertex -54.335 -94.11098062925494 0
    endloop
  endfacet
  facet normal 0 0 -1
    outer loop
      vertex -60.37381722224017 -90.3558027689176 0
      vertex -59.45772877128175 -77.48682074624494 0
      vertex -54.26254465902455 -81.2096370335896 0
    endloop
  endfacet
  facet normal 0 0 -1
    outer loop
      vertex -81.70243187874048 -71.65110972692449 0
      vertex -76.84057869008336 -76.37154974530236 0
      vertex -76.84129391154212 -76.84129391154212 0
    endloop
  endfacet
  facet normal 0 0 -1
    outer loop
      vertex -81.70243187874048 -71.65110972692449 0
      vertex -76.89932353560258 -76.27708034916903 0
      vertex -76.84057869008336 -76.37154974530236 0
    endloop
  endfacet
  facet normal 0 0 -1
    outer loop
      vertex -71.65110972692449 -81.70243187874048 0
      vertex -76.84129391154212 -76.84129391154212 0
      vertex -76.46197477848386 -76.77578102766414 0
    endloop
  endfacet
  facet normal 0 0 -1
    outer loop
      vertex -71.65110972692449 -81.70243187874048 0
      vertex -76.46197477848386 -76.77578102766414 0
      vertex -76.37154974530236 -76.84057869008336 0
    endloop
  endfacet
  facet normal 0 0 -1
    outer loop
      vertex -71.65110972692449 -81.70243187874048 0
      vertex -76.37154974530236 -76.84057869008336 0
      vertex -76.27708034916903 -76.89932353560258 0
    endloop
  endfacet
  facet normal 0 0 -1
    outer loop
      vertex -76.84129391154212 -76.84129391154212 0
      vertex -76.7052080218833 -76.54796823483915 0
      vertex -76.62916187718616 -76.62916187718616 0
    endloop
  endfacet
  facet normal 0 0 -1
    outer loop
      vertex -76.84129391154212 -76.84129391154212 0
      vertex -76.62916187718616 -76.62916187718616 0
      vertex -76.54796823483915 -76.7052080218833 0
    endloop
  endfacet
  facet normal 0 0 -1
    outer loop
      vertex -76.84129391154212 -76.84129391154212 0
      vertex -76.77578102766414 -76.46197477848386 0
      vertex -76.7052080218833 -76.54796823483915 0
    endloop
  endfacet
  facet normal 0 0 -1
    outer loop
      vertex -76.84129391154212 -76.84129391154212 0
      vertex -76.84057869008336 -76.37154974530236 0
      vertex -76.77578102766414 -76.46197477848386 0
    endloop
  endfacet
  facet normal 0 0 -1
    outer loop
      vertex -76.84129391154212 -76.84129391154212 0
      vertex -76.54796823483915 -76.7052080218833 0
      vertex -76.46197477848386 -76.77578102766414 0
    endloop
  endfacet
  facet normal 0 0 -1
    outer loop
      vertex -81.70243187874048 -71.65110972692449 0
      vertex -76.99767555443822 -76.07764218418968 0
      vertex -76.9517640097746 -76.17897112254133 0
    endloop
  endfacet
  facet normal 0 0 -1
    outer loop
      vertex -81.70243187874048 -71.65110972692449 0
      vertex -77.03686156931072 -75.97352744018441 0
      vertex -76.99767555443822 -76.07764218418968 0
    endloop
  endfacet
  facet normal 0 0 -1
    outer loop
      vertex -81.70243187874048 -71.65110972692449 0
      vertex -77.06915425386045 -75.86707272584331 0
      vertex -77.03686156931072 -75.97352744018441 0
    endloop
  endfacet
  facet normal 0 0 -1
    outer loop
      vertex -81.70243187874048 -71.65110972692449 0
      vertex -77.09441532585453 -75.75873389659645 0
      vertex -77.06915425386045 -75.86707272584331 0
    endloop
  endfacet
  facet normal 0 0 -1
    outer loop
      vertex -81.70243187874048 -71.65110972692449 0
      vertex -77.1125366135045 -75.64897487594313 0
      vertex -77.09441532585453 -75.75873389659645 0
    endloop
  endfacet
  facet normal 0 0 -1
    outer loop
      vertex -81.70243187874048 -71.65110972692449 0
      vertex -77.12344051867466 -75.53826566886028 0
      vertex -77.1125366135045 -75.64897487594313 0
    endloop
  endfacet
  facet normal 0 0 -1
    outer loop
      vertex -81.70243187874048 -71.65110972692449 0
      vertex -77.12708034916903 -75.42708034916903 0
      vertex -77.12344051867466 -75.53826566886028 0
    endloop
  endfacet
  facet normal 0 0 -1
    outer loop
      vertex -81.70243187874048 -71.65110972692449 0
      vertex -77.12344051867466 -75.31589502947779 0
      vertex -77.12708034916903 -75.42708034916903 0
    endloop
  endfacet
  facet normal 0 0 -1
    outer loop
      vertex -81.70243187874048 -71.65110972692449 0
      vertex -77.06915425386045 -74.98708797249475 0
      vertex -77.09441532585453 -75.09542680174161 0
    endloop
  endfacet
  facet normal 0 0 -1
    outer loop
      vertex -81.70243187874048 -71.65110972692449 0
      vertex -77.09441532585453 -75.09542680174161 0
      vertex -77.1125366135045 -75.20518582239494 0
    endloop
  endfacet
  facet normal 0 0 -1
    outer loop
      vertex -81.70243187874048 -71.65110972692449 0
      vertex -77.1125366135045 -75.20518582239494 0
      vertex -77.12344051867466 -75.31589502947779 0
    endloop
  endfacet
  facet normal 0 0 -1
    outer loop
      vertex -81.70243187874048 -71.65110972692449 0
      vertex -76.9517640097746 -76.17897112254133 0
      vertex -76.89932353560258 -76.27708034916903 0
    endloop
  endfacet
  facet normal 0 0 -1
    outer loop
      vertex -81.70243187874048 -71.65110972692449 0
      vertex -76.9517640097746 -74.67518957579674 0
      vertex -76.99767555443822 -74.77651851414838 0
    endloop
  endfacet
  facet normal 0 0 -1
    outer loop
      vertex -81.70243187874048 -71.65110972692449 0
      vertex -76.99767555443822 -74.77651851414838 0
      vertex -77.03686156931072 -74.88063325815365 0
    endloop
  endfacet
  facet normal 0 0 -1
    outer loop
      vertex -81.70243187874048 -71.65110972692449 0
      vertex -77.03686156931072 -74.88063325815365 0
      vertex -77.06915425386045 -74.98708797249475 0
    endloop
  endfacet
  facet normal 0 0 -1
    outer loop
      vertex -81.70243187874048 -71.65110972692449 0
      vertex -76.89932353560258 -74.57708034916904 0
      vertex -76.9517640097746 -74.67518957579674 0
    endloop
  endfacet
  facet normal 0 0 -1
    outer loop
      vertex -81.70243187874048 -71.65110972692449 0
      vertex -73.43219399647174 -64.39830576082373 0
      vertex -76.89932353560258 -74.57708034916904 0
    endloop
  endfacet
  facet normal 0 0 -1
    outer loop
      vertex -73.43219399647174 -64.39830576082373 0
      vertex -76.84057869008336 -74.4826109530357 0
      vertex -76.89932353560258 -74.57708034916904 0
    endloop
  endfacet
  facet normal 0 0 -1
    outer loop
      vertex -76.77578102766414 -74.3921859198542 0
      vertex -73.43219399647174 -64.39830576082373 0
      vertex -76.7052080218833 -74.30619246349892 0
    endloop
  endfacet
  facet normal 0 0 -1
    outer loop
      vertex -76.7052080218833 -74.30619246349892 0
      vertex -73.43219399647174 -64.39830576082373 0
      vertex -76.62916187718616 -74.2249988211519 0
    endloop
  endfacet
  facet normal 0 0 -1
    outer loop
      vertex -73.43219399647174 -64.39830576082373 0
      vertex -76.77578102766414 -74.3921859198542 0
      vertex -76.84057869008336 -74.4826109530357 0
    endloop
  endfacet
  facet normal 0 0 -1
    outer loop
      vertex -76.54796823483915 -74.14895267645477 0
      vertex -76.62916187718616 -74.2249988211519 0
      vertex -73.43219399647174 -64.39830576082373 0
    endloop
  endfacet
  facet normal 0 0 -1
    outer loop
      vertex -76.46197477848386 -74.07837967067393 0
      vertex -76.54796823483915 -74.14895267645477 0
      vertex -73.43219399647174 -64.39830576082373 0
    endloop
  endfacet
  facet normal 0 0 -1
    outer loop
      vertex -76.37154974530236 -74.0135820082547 0
      vertex -76.46197477848386 -74.07837967067393 0
      vertex -73.43219399647174 -64.39830576082373 0
    endloop
  endfacet
  facet normal 0 0 -1
    outer loop
      vertex -76.27708034916903 -73.95483716273549 0
      vertex -76.37154974530236 -74.0135820082547 0
      vertex -73.43219399647174 -64.39830576082373 0
    endloop
  endfacet
  facet normal 0 0 -1
    outer loop
      vertex -76.17897112254133 -73.90239668856346 0
      vertex -76.27708034916903 -73.95483716273549 0
      vertex -73.43219399647174 -64.39830576082373 0
    endloop
  endfacet
  facet normal 0 0 -1
    outer loop
      vertex -71.65110972692449 -81.70243187874048 0
      vertex -76.17897112254133 -76.9517640097746 0
      vertex -76.07764218418968 -76.99767555443822 0
    endloop
  endfacet
  facet normal 0 0 -1
    outer loop
      vertex -71.65110972692449 -81.70243187874048 0
      vertex -76.07764218418968 -76.99767555443822 0
      vertex -75.97352744018441 -77.03686156931072 0
    endloop
  endfacet
  facet normal 0 0 -1
    outer loop
      vertex -71.65110972692449 -81.70243187874048 0
      vertex -75.97352744018441 -77.03686156931072 0
      vertex -75.86707272584331 -77.06915425386045 0
    endloop
  endfacet
  facet normal 0 0 -1
    outer loop
      vertex -71.65110972692449 -81.70243187874048 0
      vertex -75.86707272584331 -77.06915425386045 0
      vertex -75.75873389659645 -77.09441532585453 0
    endloop
  endfacet
  facet normal 0 0 -1
    outer loop
      vertex -71.65110972692449 -81.70243187874048 0
      vertex -75.75873389659645 -77.09441532585453 0
      vertex -75.64897487594313 -77.1125366135045 0
    endloop
  endfacet
  facet normal 0 0 -1
    outer loop
      vertex -71.65110972692449 -81.70243187874048 0
      vertex -76.27708034916903 -76.89932353560258 0
      vertex -76.17897112254133 -76.9517640097746 0
    endloop
  endfacet
  facet normal 0 0 -1
    outer loop
      vertex -71.65110972692449 -81.70243187874048 0
      vertex -75.64897487594313 -77.1125366135045 0
      vertex -75.53826566886028 -77.12344051867466 0
    endloop
  endfacet
  facet normal 0 0 -1
    outer loop
      vertex -71.65110972692449 -81.70243187874048 0
      vertex -75.53826566886028 -77.12344051867466 0
      vertex -75.42708034916903 -77.12708034916903 0
    endloop
  endfacet
  facet normal 0 0 -1
    outer loop
      vertex -71.65110972692449 -81.70243187874048 0
      vertex -75.42708034916903 -77.12708034916903 0
      vertex -75.31589502947779 -77.12344051867466 0
    endloop
  endfacet
  facet normal 0 0 -1
    outer loop
      vertex -71.65110972692449 -81.70243187874048 0
      vertex -75.31589502947779 -77.12344051867466 0
      vertex -75.20518582239494 -77.1125366135045 0
    endloop
  endfacet
  facet normal 0 0 -1
    outer loop
      vertex -71.65110972692449 -81.70243187874048 0
      vertex -75.20518582239494 -77.1125366135045 0
      vertex -75.09542680174161 -77.09441532585453 0
    endloop
  endfacet
  facet normal 0 0 -1
    outer loop
      vertex -71.65110972692449 -81.70243187874048 0
      vertex -75.09542680174161 -77.09441532585453 0
      vertex -74.98708797249475 -77.06915425386045 0
    endloop
  endfacet
  facet normal 0 0 -1
    outer loop
      vertex -71.65110972692449 -81.70243187874048 0
      vertex -74.98708797249475 -77.06915425386045 0
      vertex -74.88063325815365 -77.03686156931072 0
    endloop
  endfacet
  facet normal 0 0 -1
    outer loop
      vertex -71.65110972692449 -81.70243187874048 0
      vertex -74.88063325815365 -77.03686156931072 0
      vertex -74.77651851414838 -76.99767555443822 0
    endloop
  endfacet
  facet normal 0 0 -1
    outer loop
      vertex -71.65110972692449 -81.70243187874048 0
      vertex -74.77651851414838 -76.99767555443822 0
      vertex -74.67518957579674 -76.9517640097746 0
    endloop
  endfacet
  facet normal 0 0 -1
    outer loop
      vertex -71.65110972692449 -81.70243187874048 0
      vertex -74.67518957579674 -76.9517640097746 0
      vertex -74.57708034916904 -76.89932353560258 0
    endloop
  endfacet
  facet normal 0 0 -1
    outer loop
      vertex -71.65110972692449 -81.70243187874048 0
      vertex -74.57708034916904 -76.89932353560258 0
      vertex -74.4826109530357 -76.84057869008336 0
    endloop
  endfacet
  facet normal 0 0 -1
    outer loop
      vertex -71.65110972692449 -81.70243187874048 0
      vertex -74.4826109530357 -76.84057869008336 0
      vertex -74.3921859198542 -76.77578102766414 0
    endloop
  endfacet
  facet normal 0 0 -1
    outer loop
      vertex -71.65110972692449 -81.70243187874048 0
      vertex -74.3921859198542 -76.77578102766414 0
      vertex -74.30619246349892 -76.7052080218833 0
    endloop
  endfacet
  facet normal 0 0 -1
    outer loop
      vertex -71.65110972692449 -81.70243187874048 0
      vertex -74.30619246349892 -76.7052080218833 0
      vertex -74.2249988211519 -76.62916187718616 0
    endloop
  endfacet
  facet normal 0 0 -1
    outer loop
      vertex -71.65110972692449 -81.70243187874048 0
      vertex -74.2249988211519 -76.62916187718616 0
      vertex -74.14895267645477 -76.54796823483915 0
    endloop
  endfacet
  facet normal 0 0 -1
    outer loop
      vertex -71.65110972692449 -81.70243187874048 0
      vertex -74.14895267645477 -76.54796823483915 0
      vertex -74.07837967067393 -76.46197477848386 0
    endloop
  endfacet
  facet normal 0 0 -1
    outer loop
      vertex -71.65110972692449 -81.70243187874048 0
      vertex -74.07837967067393 -76.46197477848386 0
      vertex -74.0135820082547 -76.37154974530236 0
    endloop
  endfacet
  facet normal 0 0 -1
    outer loop
      vertex -71.65110972692449 -81.70243187874048 0
      vertex -74.0135820082547 -76.37154974530236 0
      vertex -73.95483716273549 -76.27708034916903 0
    endloop
  endfacet
  facet normal 0 0 -1
    outer loop
      vertex -71.65110972692449 -81.70243187874048 0
      vertex -73.95483716273549 -76.27708034916903 0
      vertex -73.90239668856346 -76.17897112254133 0
    endloop
  endfacet
  facet normal 0 0 -1
    outer loop
      vertex -71.65110972692449 -81.70243187874048 0
      vertex -73.90239668856346 -76.17897112254133 0
      vertex -73.85648514389985 -76.07764218418968 0
    endloop
  endfacet
  facet normal 0 0 -1
    outer loop
      vertex -71.65110972692449 -81.70243187874048 0
      vertex -73.85648514389985 -76.07764218418968 0
      vertex -73.81729912902735 -75.97352744018441 0
    endloop
  endfacet
  facet normal 0 0 -1
    outer loop
      vertex -71.65110972692449 -81.70243187874048 0
      vertex -73.81729912902735 -75.97352744018441 0
      vertex -73.78500644447762 -75.86707272584331 0
    endloop
  endfacet
  facet normal 0 0 -1
    outer loop
      vertex -71.65110972692449 -81.70243187874048 0
      vertex -73.75974537248354 -75.75873389659645 0
      vertex -73.74162408483356 -75.64897487594313 0
    endloop
  endfacet
  facet normal 0 0 -1
    outer loop
      vertex -71.65110972692449 -81.70243187874048 0
      vertex -73.78500644447762 -75.86707272584331 0
      vertex -73.75974537248354 -75.75873389659645 0
    endloop
  endfacet
  facet normal 0 0 -1
    outer loop
      vertex -71.65110972692449 -81.70243187874048 0
      vertex -73.72708034916903 -75.42708034916903 0
      vertex -73.73072017966341 -75.31589502947779 0
    endloop
  endfacet
  facet normal 0 0 -1
    outer loop
      vertex -71.65110972692449 -81.70243187874048 0
      vertex -73.73072017966341 -75.53826566886028 0
      vertex -73.72708034916903 -75.42708034916903 0
    endloop
  endfacet
  facet normal 0 0 -1
    outer loop
      vertex -71.65110972692449 -81.70243187874048 0
      vertex -73.74162408483356 -75.64897487594313 0
      vertex -73.73072017966341 -75.53826566886028 0
    endloop
  endfacet
  facet normal 0 0 -1
    outer loop
      vertex -71.65110972692449 -81.70243187874048 0
      vertex -73.75974537248354 -75.09542680174161 0
      vertex -73.78500644447762 -74.98708797249475 0
    endloop
  endfacet
  facet normal 0 0 -1
    outer loop
      vertex -71.65110972692449 -81.70243187874048 0
      vertex -73.74162408483356 -75.20518582239494 0
      vertex -73.75974537248354 -75.09542680174161 0
    endloop
  endfacet
  facet normal 0 0 -1
    outer loop
      vertex -71.65110972692449 -81.70243187874048 0
      vertex -73.73072017966341 -75.31589502947779 0
      vertex -73.74162408483356 -75.20518582239494 0
    endloop
  endfacet
  facet normal 0 0 -1
    outer loop
      vertex -71.65110972692449 -81.70243187874048 0
      vertex -73.78500644447762 -74.98708797249475 0
      vertex -73.81729912902735 -74.88063325815365 0
    endloop
  endfacet
  facet normal 0 0 -1
    outer loop
      vertex -71.65110972692449 -81.70243187874048 0
      vertex -73.81729912902735 -74.88063325815365 0
      vertex -69.06311931849011 -69.06311931849011 0
    endloop
  endfacet
  facet normal 0 0 -1
    outer loop
      vertex -71.65110972692449 -81.70243187874048 0
      vertex -69.06311931849011 -69.06311931849011 0
      vertex -64.39830576082373 -73.43219399647174 0
    endloop
  endfacet
  facet normal 0 0 -1
    outer loop
      vertex -69.06311931849011 -69.06311931849011 0
      vertex -76.07764218418968 -73.85648514389985 0
      vertex -76.17897112254133 -73.90239668856346 0
    endloop
  endfacet
  facet normal 0 0 -1
    outer loop
      vertex -69.06311931849011 -69.06311931849011 0
      vertex -75.97352744018441 -73.81729912902735 0
      vertex -76.07764218418968 -73.85648514389985 0
    endloop
  endfacet
  facet normal 0 0 -1
    outer loop
      vertex -69.06311931849011 -69.06311931849011 0
      vertex -75.86707272584331 -73.78500644447762 0
      vertex -75.97352744018441 -73.81729912902735 0
    endloop
  endfacet
  facet normal 0 0 -1
    outer loop
      vertex -69.06311931849011 -69.06311931849011 0
      vertex -75.75873389659645 -73.75974537248354 0
      vertex -75.86707272584331 -73.78500644447762 0
    endloop
  endfacet
  facet normal 0 0 -1
    outer loop
      vertex -69.06311931849011 -69.06311931849011 0
      vertex -75.64897487594313 -73.74162408483356 0
      vertex -75.75873389659645 -73.75974537248354 0
    endloop
  endfacet
  facet normal 0 0 -1
    outer loop
      vertex -69.06311931849011 -69.06311931849011 0
      vertex -75.53826566886028 -73.73072017966341 0
      vertex -75.64897487594313 -73.74162408483356 0
    endloop
  endfacet
  facet normal 0 0 -1
    outer loop
      vertex -69.06311931849011 -69.06311931849011 0
      vertex -75.42708034916903 -73.72708034916903 0
      vertex -75.53826566886028 -73.73072017966341 0
    endloop
  endfacet
  facet normal 0 0 -1
    outer loop
      vertex -69.06311931849011 -69.06311931849011 0
      vertex -75.31589502947779 -73.73072017966341 0
      vertex -75.42708034916903 -73.72708034916903 0
    endloop
  endfacet
  facet normal 0 0 -1
    outer loop
      vertex -69.06311931849011 -69.06311931849011 0
      vertex -75.20518582239494 -73.74162408483356 0
      vertex -75.31589502947779 -73.73072017966341 0
    endloop
  endfacet
  facet normal 0 0 -1
    outer loop
      vertex -69.06311931849011 -69.06311931849011 0
      vertex -75.09542680174161 -73.75974537248354 0
      vertex -75.20518582239494 -73.74162408483356 0
    endloop
  endfacet
  facet normal 0 0 -1
    outer loop
      vertex -69.06311931849011 -69.06311931849011 0
      vertex -74.98708797249475 -73.78500644447762 0
      vertex -75.09542680174161 -73.75974537248354 0
    endloop
  endfacet
  facet normal 0 0 -1
    outer loop
      vertex -69.06311931849011 -69.06311931849011 0
      vertex -74.88063325815365 -73.81729912902735 0
      vertex -74.98708797249475 -73.78500644447762 0
    endloop
  endfacet
  facet normal 0 0 -1
    outer loop
      vertex -69.06311931849011 -69.06311931849011 0
      vertex -74.77651851414838 -73.85648514389985 0
      vertex -74.88063325815365 -73.81729912902735 0
    endloop
  endfacet
  facet normal 0 0 -1
    outer loop
      vertex -69.06311931849011 -69.06311931849011 0
      vertex -74.67518957579674 -73.90239668856346 0
      vertex -74.77651851414838 -73.85648514389985 0
    endloop
  endfacet
  facet normal 0 0 -1
    outer loop
      vertex -69.06311931849011 -69.06311931849011 0
      vertex -74.3921859198542 -74.07837967067393 0
      vertex -74.4826109530357 -74.0135820082547 0
    endloop
  endfacet
  facet normal 0 0 -1
    outer loop
      vertex -69.06311931849011 -69.06311931849011 0
      vertex -74.57708034916904 -73.95483716273549 0
      vertex -74.67518957579674 -73.90239668856346 0
    endloop
  endfacet
  facet normal 0 0 -1
    outer loop
      vertex -69.06311931849011 -69.06311931849011 0
      vertex -74.4826109530357 -74.0135820082547 0
      vertex -74.57708034916904 -73.95483716273549 0
    endloop
  endfacet
  facet normal 0 0 -1
    outer loop
      vertex -69.06311931849011 -69.06311931849011 0
      vertex -74.0135820082547 -74.4826109530357 0
      vertex -74.07837967067393 -74.3921859198542 0
    endloop
  endfacet
  facet normal 0 0 -1
    outer loop
      vertex -69.06311931849011 -69.06311931849011 0
      vertex -73.85648514389985 -74.77651851414838 0
      vertex -73.90239668856346 -74.67518957579674 0
    endloop
  endfacet
  facet normal 0 0 -1
    outer loop
      vertex -69.06311931849011 -69.06311931849011 0
      vertex -73.81729912902735 -74.88063325815365 0
      vertex -73.85648514389985 -74.77651851414838 0
    endloop
  endfacet
  facet normal 0 0 -1
    outer loop
      vertex -69.06311931849011 -69.06311931849011 0
      vertex -73.95483716273549 -74.57708034916904 0
      vertex -74.0135820082547 -74.4826109530357 0
    endloop
  endfacet
  facet normal 0 0 -1
    outer loop
      vertex -69.06311931849011 -69.06311931849011 0
      vertex -73.90239668856346 -74.67518957579674 0
      vertex -73.95483716273549 -74.57708034916904 0
    endloop
  endfacet
  facet normal 0 0 -1
    outer loop
      vertex -69.06311931849011 -69.06311931849011 0
      vertex -74.30619246349892 -74.14895267645477 0
      vertex -74.3921859198542 -74.07837967067393 0
    endloop
  endfacet
  facet normal 0 0 -1
    outer loop
      vertex -69.06311931849011 -69.06311931849011 0
      vertex -74.2249988211519 -74.2249988211519 0
      vertex -74.30619246349892 -74.14895267645477 0
    endloop
  endfacet
  facet normal 0 0 -1
    outer loop
      vertex -69.06311931849011 -69.06311931849011 0
      vertex -74.14895267645477 -74.30619246349892 0
      vertex -74.2249988211519 -74.2249988211519 0
    endloop
  endfacet
  facet normal 0 0 -1
    outer loop
      vertex -69.06311931849011 -69.06311931849011 0
      vertex -74.07837967067393 -74.3921859198542 0
      vertex -74.14895267645477 -74.30619246349892 0
    endloop
  endfacet
  facet normal 0 0 -1
    outer loop
      vertex -69.06311931849011 -69.06311931849011 0
      vertex -76.17897112254133 -73.90239668856346 0
      vertex -73.43219399647174 -64.39830576082373 0
    endloop
  endfacet
  facet normal 0 0 -1
    outer loop
      vertex -81.70243187874048 -71.65110972692449 0
      vertex -81.2096370335896 -54.26254465902455 0
      vertex -77.48682074624494 -59.45772877128175 0
    endloop
  endfacet
  facet normal 0 0 -1
    outer loop
      vertex -81.70243187874048 -71.65110972692449 0
      vertex -77.48682074624494 -59.45772877128175 0
      vertex -73.43219399647174 -64.39830576082373 0
    endloop
  endfacet
  facet normal 0 0 -1
    outer loop
      vertex -71.65110972692449 -81.70243187874048 0
      vertex -64.39830576082373 -73.43219399647174 0
      vertex -66.15410449037768 -86.21370748944852 0
    endloop
  endfacet
  facet normal 0 0 -1
    outer loop
      vertex -66.15410449037768 -86.21370748944852 0
      vertex -64.39830576082373 -73.43219399647174 0
      vertex -59.45772877128175 -77.48682074624494 0
    endloop
  endfacet
  facet normal -0.7730104533627378 -0.6343932841636445 2.719505939231867e-17
    outer loop
      vertex -81.70243187874048 -71.65110972692449 0
      vertex -86.21370748944852 -66.15410449037768 4
      vertex -86.21370748944852 -66.15410449037768 0
    endloop
  endfacet
  facet normal -0.8128466845916149 -0.5824776968678024 0
    outer loop
      vertex -90.3558027689176 -60.37381722224017 0
      vertex -86.21370748944852 -66.15410449037768 0
      vertex -90.3558027689176 -60.37381722224017 4
    endloop
  endfacet
  facet normal -0.8492021815265797 -0.5280678506503667 -5.256817944130042e-17
    outer loop
      vertex -90.3558027689176 -60.37381722224017 0
      vertex -94.11098062925494 -54.335 4
      vertex -94.11098062925494 -54.335 0
    endloop
  endfacet
  facet normal -0.6343932841636445 -0.7730104533627378 2.719505939231867e-17
    outer loop
      vertex -71.65110972692449 -81.70243187874048 0
      vertex -66.15410449037768 -86.21370748944852 0
      vertex -66.15410449037768 -86.21370748944852 4
    endloop
  endfacet
  facet normal -0.5824776968678024 -0.8128466845916149 6.017343357859658e-19
    outer loop
      vertex -66.15410449037768 -86.21370748944852 0
      vertex -60.37381722224017 -90.3558027689176 0
      vertex -60.37381722224017 -90.3558027689176 4
    endloop
  endfacet
  facet normal -0.5280678506503667 -0.8492021815265797 -5.256817944130042e-17
    outer loop
      vertex -60.37381722224017 -90.3558027689176 0
      vertex -54.335 -94.11098062925494 0
      vertex -54.335 -94.11098062925494 4
    endloop
  endfacet
  facet normal -0.7298640726978353 -0.6835923020228717 0
    outer loop
      vertex -81.70243187874048 -71.65110972692449 0
      vertex -76.84129391154212 -76.84129391154212 0
      vertex -81.70243187874048 -71.65110972692449 4
    endloop
  endfacet
  facet normal -0.6835923020228717 -0.7298640726978353 0
    outer loop
      vertex -71.65110972692449 -81.70243187874048 0
      vertex -71.65110972692449 -81.70243187874048 4
      vertex -76.84129391154212 -76.84129391154212 0
    endloop
  endfacet
  facet normal 0 0 -1
    outer loop
      vertex -97.46316082235724 -48.06351196609887 0
      vertex -100.39798879800153 -41.58620859511431 0
      vertex -97.4608810327144 -6.387923631908073 0
    endloop
  endfacet
  facet normal 0 0 -1
    outer loop
      vertex -97.46316082235724 -48.06351196609887 0
      vertex -95.79329833698351 -19.054471751315248 0
      vertex -94.3419754536533 -25.278856135163203 0
    endloop
  endfacet
  facet normal 0 0 -1
    outer loop
      vertex -90.3558027689176 -60.37381722224017 0
      vertex -94.11098062925494 -54.335 0
      vertex -90.23531394037738 -37.376690839098316 0
    endloop
  endfacet
  facet normal 0 0 -1
    outer loop
      vertex -97.46316082235724 -48.06351196609887 0
      vertex -92.48666574778697 -31.394992576159794 0
      vertex -94.11098062925494 -54.335 0
    endloop
  endfacet
  facet normal 0 0 -1
    outer loop
      vertex -94.11098062925494 -54.335 0
      vertex -92.48666574778697 -31.394992576159794 0
      vertex -90.23531394037738 -37.376690839098316 0
    endloop
  endfacet
  facet normal 0 0 -1
    outer loop
      vertex -90.3558027689176 -60.37381722224017 0
      vertex -90.23531394037738 -37.376690839098316 0
      vertex -87.59756066549767 -43.198336373689855 0
    endloop
  endfacet
  facet normal 0 0 -1
    outer loop
      vertex -90.3558027689176 -60.37381722224017 0
      vertex -87.59756066549767 -43.198336373689855 0
      vertex -84.58470118762612 -48.835 0
    endloop
  endfacet
  facet normal 0 0 -1
    outer loop
      vertex -97.46316082235724 -48.06351196609887 0
      vertex -94.3419754536533 -25.278856135163203 0
      vertex -92.48666574778697 -31.394992576159794 0
    endloop
  endfacet
  facet normal 0 0 -1
    outer loop
      vertex -104.96715954283306 -28.125865631290928 0
      vertex -106.58193642141906 -21.200465293492655 0
      vertex -105.09940479473082 -0.6505618350206526 0
    endloop
  endfacet
  facet normal 0 0 -1
    outer loop
      vertex -97.46316082235724 -48.06351196609887 0
      vertex -96.83441961038007 -12.748493194132438 0
      vertex -95.79329833698351 -19.054471751315248 0
    endloop
  endfacet
  facet normal 0 0 -1
    outer loop
      vertex -97.46316082235724 -48.06351196609887 0
      vertex -97.4608810327144 -6.387923631908073 0
      vertex -96.83441961038007 -12.748493194132438 0
    endloop
  endfacet
  facet normal 0 0 -1
    outer loop
      vertex -100.39798879800153 -41.58620859511431 0
      vertex -97.67 0 0
      vertex -97.4608810327144 -6.387923631908073 0
    endloop
  endfacet
  facet normal 0 0 -1
    outer loop
      vertex -106.58193642141906 -21.200465293492655 0
      vertex -107.74031308549198 -14.184281308553004 0
      vertex -106.55881468030876 -1.6963601695056258 0
    endloop
  endfacet
  facet normal 0 0 -1
    outer loop
      vertex -107.74031308549198 -14.184281308553004 0
      vertex -108.43732918833904 -7.107358053439647 0
      vertex -107.70489442931483 -1.3487006784950997 0
    endloop
  endfacet
  facet normal 0 0 -1
    outer loop
      vertex -106.58193642141906 -21.200465293492655 0
      vertex -106.33834645257258 -1.6673349766854917 0
      vertex -106.23000762332572 -1.6420739046914161 0
    endloop
  endfacet
  facet normal 0 0 -1
    outer loop
      vertex -106.58193642141906 -21.200465293492655 0
      vertex -106.44810547322591 -1.6854562643354776 0
      vertex -106.33834645257258 -1.6673349766854917 0
    endloop
  endfacet
  facet normal 0 0 -1
    outer loop
      vertex -106.58193642141906 -21.200465293492655 0
      vertex -106.55881468030876 -1.6963601695056258 0
      vertex -106.44810547322591 -1.6854562643354776 0
    endloop
  endfacet
  facet normal 0 0 -1
    outer loop
      vertex -106.58193642141906 -21.200465293492655 0
      vertex -106.01943816497935 -1.5705952052691874 0
      vertex -105.9181092266277 -1.52468366060557 0
    endloop
  endfacet
  facet normal 0 0 -1
    outer loop
      vertex -106.58193642141906 -21.200465293492655 0
      vertex -106.12355290898462 -1.6097812201416797 0
      vertex -106.01943816497935 -1.5705952052691874 0
    endloop
  endfacet
  facet normal 0 0 -1
    outer loop
      vertex -106.58193642141906 -21.200465293492655 0
      vertex -106.23000762332572 -1.6420739046914161 0
      vertex -106.12355290898462 -1.6097812201416797 0
    endloop
  endfacet
  facet normal 0 0 -1
    outer loop
      vertex -106.58193642141906 -21.200465293492655 0
      vertex -105.9181092266277 -1.52468366060557 0
      vertex -105.82000000000001 -1.4722431864335457 0
    endloop
  endfacet
  facet normal 0 0 -1
    outer loop
      vertex -106.58193642141906 -21.200465293492655 0
      vertex -105.82000000000001 -1.4722431864335457 0
      vertex -105.72553060386667 -1.413498340914327 0
    endloop
  endfacet
  facet normal 0 0 -1
    outer loop
      vertex -106.58193642141906 -21.200465293492655 0
      vertex -105.72553060386667 -1.413498340914327 0
      vertex -105.63510557068517 -1.3487006784950997 0
    endloop
  endfacet
  facet normal 0 0 -1
    outer loop
      vertex -106.58193642141906 -21.200465293492655 0
      vertex -105.63510557068517 -1.3487006784950997 0
      vertex -105.54911211432989 -1.2781276727142616 0
    endloop
  endfacet
  facet normal 0 0 -1
    outer loop
      vertex -106.58193642141906 -21.200465293492655 0
      vertex -105.54911211432989 -1.2781276727142616 0
      vertex -105.46791847198287 -1.2020815280171309 0
    endloop
  endfacet
  facet normal 0 0 -1
    outer loop
      vertex -106.58193642141906 -21.200465293492655 0
      vertex -105.46791847198287 -1.2020815280171309 0
      vertex -105.39187232728574 -1.120887885670117 0
    endloop
  endfacet
  facet normal 0 0 -1
    outer loop
      vertex -106.58193642141906 -21.200465293492655 0
      vertex -105.39187232728574 -1.120887885670117 0
      vertex -105.3212993215049 -1.034894429314825 0
    endloop
  endfacet
  facet normal 0 0 -1
    outer loop
      vertex -106.58193642141906 -21.200465293492655 0
      vertex -105.3212993215049 -1.034894429314825 0
      vertex -105.25650165908567 -0.9444693961333237 0
    endloop
  endfacet
  facet normal 0 0 -1
    outer loop
      vertex -106.58193642141906 -21.200465293492655 0
      vertex -105.25650165908567 -0.9444693961333237 0
      vertex -105.19775681356646 -0.85 0
    endloop
  endfacet
  facet normal 0 0 -1
    outer loop
      vertex -106.58193642141906 -21.200465293492655 0
      vertex -105.19775681356646 -0.85 0
      vertex -105.14531633939443 -0.7518907733723021 0
    endloop
  endfacet
  facet normal 0 0 -1
    outer loop
      vertex -106.58193642141906 -21.200465293492655 0
      vertex -105.14531633939443 -0.7518907733723021 0
      vertex -105.09940479473082 -0.6505618350206526 0
    endloop
  endfacet
  facet normal 0 0 -1
    outer loop
      vertex -104.96715954283306 -28.125865631290928 0
      vertex -105.09940479473082 -0.6505618350206526 0
      vertex -105.06021877985832 -0.5464470910153747 0
    endloop
  endfacet
  facet normal 0 0 -1
    outer loop
      vertex -104.96715954283306 -28.125865631290928 0
      vertex -105.06021877985832 -0.5464470910153747 0
      vertex -105.02792609530859 -0.43999237667428526 0
    endloop
  endfacet
  facet normal 0 0 -1
    outer loop
      vertex -104.96715954283306 -28.125865631290928 0
      vertex -105.02792609530859 -0.43999237667428526 0
      vertex -105.0026650233145 -0.33165354742741804 0
    endloop
  endfacet
  facet normal 0 0 -1
    outer loop
      vertex -104.96715954283306 -28.125865631290928 0
      vertex -105.0026650233145 -0.33165354742741804 0
      vertex -104.98454373566453 -0.22189452677408766 0
    endloop
  endfacet
  facet normal 0 0 -1
    outer loop
      vertex -104.96715954283306 -28.125865631290928 0
      vertex -104.98454373566453 -0.22189452677408766 0
      vertex -104.97363983049438 -0.1111853196912432 0
    endloop
  endfacet
  facet normal 0 0 -1
    outer loop
      vertex -104.96715954283306 -28.125865631290928 0
      vertex -104.97363983049438 -0.1111853196912432 0
      vertex -104.97 0 0
    endloop
  endfacet
  facet normal 0 0 -1
    outer loop
      vertex -102.90289717223314 -34.93082669449457 0
      vertex -104.96715954283306 -28.125865631290928 0
      vertex -102.90289717223314 34.93082669449457 0
    endloop
  endfacet
  facet normal 0 0 -1
    outer loop
      vertex -107.74031308549198 -14.184281308553004 0
      vertex -107.70489442931483 -1.3487006784950997 0
      vertex -107.61446939613333 -1.413498340914327 0
    endloop
  endfacet
  facet normal 0 0 -1
    outer loop
      vertex -107.74031308549198 -14.184281308553004 0
      vertex -107.61446939613333 -1.413498340914327 0
      vertex -107.52 -1.4722431864335457 0
    endloop
  endfacet
  facet normal 0 0 -1
    outer loop
      vertex -107.74031308549198 -14.184281308553004 0
      vertex -107.32056183502065 -1.5705952052691874 0
      vertex -107.21644709101538 -1.6097812201416797 0
    endloop
  endfacet
  facet normal 0 0 -1
    outer loop
      vertex -107.74031308549198 -14.184281308553004 0
      vertex -107.4218907733723 -1.52468366060557 0
      vertex -107.32056183502065 -1.5705952052691874 0
    endloop
  endfacet
  facet normal 0 0 -1
    outer loop
      vertex -107.74031308549198 -14.184281308553004 0
      vertex -107.52 -1.4722431864335457 0
      vertex -107.4218907733723 -1.52468366060557 0
    endloop
  endfacet
  facet normal 0 0 -1
    outer loop
      vertex -107.74031308549198 -14.184281308553004 0
      vertex -107.21644709101538 -1.6097812201416797 0
      vertex -107.10999237667428 -1.6420739046914161 0
    endloop
  endfacet
  facet normal 0 0 -1
    outer loop
      vertex -107.74031308549198 -14.184281308553004 0
      vertex -107.10999237667428 -1.6420739046914161 0
      vertex -107.00165354742742 -1.6673349766854917 0
    endloop
  endfacet
  facet normal 0 0 -1
    outer loop
      vertex -107.74031308549198 -14.184281308553004 0
      vertex -107.00165354742742 -1.6673349766854917 0
      vertex -106.8918945267741 -1.6854562643354776 0
    endloop
  endfacet
  facet normal 0 0 -1
    outer loop
      vertex -107.74031308549198 -14.184281308553004 0
      vertex -106.67 -1.7 0
      vertex -106.55881468030876 -1.6963601695056258 0
    endloop
  endfacet
  facet normal 0 0 -1
    outer loop
      vertex -107.74031308549198 -14.184281308553004 0
      vertex -106.78118531969125 -1.6963601695056258 0
      vertex -106.67 -1.7 0
    endloop
  endfacet
  facet normal 0 0 -1
    outer loop
      vertex -107.74031308549198 -14.184281308553004 0
      vertex -106.8918945267741 -1.6854562643354776 0
      vertex -106.78118531969125 -1.6963601695056258 0
    endloop
  endfacet
  facet normal 0 0 -1
    outer loop
      vertex -108.43732918833904 -7.107358053439647 0
      vertex -108.19468366060558 -0.7518907733723021 0
      vertex -108.14224318643355 -0.85 0
    endloop
  endfacet
  facet normal 0 0 -1
    outer loop
      vertex -108.43732918833904 -7.107358053439647 0
      vertex -108.24059520526919 -0.6505618350206526 0
      vertex -108.19468366060558 -0.7518907733723021 0
    endloop
  endfacet
  facet normal 0 0 -1
    outer loop
      vertex -108.43732918833904 -7.107358053439647 0
      vertex -108.27978122014169 -0.5464470910153747 0
      vertex -108.24059520526919 -0.6505618350206526 0
    endloop
  endfacet
  facet normal 0 0 -1
    outer loop
      vertex -108.43732918833904 -7.107358053439647 0
      vertex -108.31207390469142 -0.43999237667428526 0
      vertex -108.27978122014169 -0.5464470910153747 0
    endloop
  endfacet
  facet normal 0 0 -1
    outer loop
      vertex -108.43732918833904 -7.107358053439647 0
      vertex -108.3373349766855 -0.33165354742741804 0
      vertex -108.31207390469142 -0.43999237667428526 0
    endloop
  endfacet
  facet normal 0 0 -1
    outer loop
      vertex -108.43732918833904 -7.107358053439647 0
      vertex -108.35545626433547 -0.22189452677408766 0
      vertex -108.3373349766855 -0.33165354742741804 0
    endloop
  endfacet
  facet normal 0 0 -1
    outer loop
      vertex -108.43732918833904 -7.107358053439647 0
      vertex -107.87208152801713 -1.2020815280171309 0
      vertex -107.79088788567012 -1.2781276727142616 0
    endloop
  endfacet
  facet normal 0 0 -1
    outer loop
      vertex -108.43732918833904 -7.107358053439647 0
      vertex -108.08349834091433 -0.9444693961333237 0
      vertex -108.01870067849511 -1.034894429314825 0
    endloop
  endfacet
  facet normal 0 0 -1
    outer loop
      vertex -108.43732918833904 -7.107358053439647 0
      vertex -108.01870067849511 -1.034894429314825 0
      vertex -107.94812767271426 -1.120887885670117 0
    endloop
  endfacet
  facet normal 0 0 -1
    outer loop
      vertex -108.43732918833904 -7.107358053439647 0
      vertex -107.94812767271426 -1.120887885670117 0
      vertex -107.87208152801713 -1.2020815280171309 0
    endloop
  endfacet
  facet normal 0 0 -1
    outer loop
      vertex -108.43732918833904 -7.107358053439647 0
      vertex -107.79088788567012 -1.2781276727142616 0
      vertex -107.70489442931483 -1.3487006784950997 0
    endloop
  endfacet
  facet normal 0 0 -1
    outer loop
      vertex -108.43732918833904 -7.107358053439647 0
      vertex -108.14224318643355 -0.85 0
      vertex -108.08349834091433 -0.9444693961333237 0
    endloop
  endfacet
  facet normal 0 0 -1
    outer loop
      vertex -108.43732918833904 -7.107358053439647 0
      vertex -108.36636016950563 -0.1111853196912432 0
      vertex -108.35545626433547 -0.22189452677408766 0
    endloop
  endfacet
  facet normal 0 0 -1
    outer loop
      vertex -108.43732918833904 -7.107358053439647 0
      vertex -108.37 0 0
      vertex -108.36636016950563 -0.1111853196912432 0
    endloop
  endfacet
  facet normal 0 0 -1
    outer loop
      vertex -100.39798879800153 -41.58620859511431 0
      vertex -102.90289717223314 -34.93082669449457 0
      vertex -100.39798879800153 41.58620859511431 0
    endloop
  endfacet
  facet normal -0.8819212643483545 -0.47139673682599875 0
    outer loop
      vertex -97.46316082235724 -48.06351196609887 0
      vertex -94.11098062925494 -54.335 0
      vertex -97.46316082235724 -48.06351196609887 4
    endloop
  endfacet
  facet normal -0.9108638249211757 -0.412707029804395 1.0380266033486107e-17
    outer loop
      vertex -97.46316082235724 -48.06351196609887 0
      vertex -100.39798879800153 -41.58620859511431 4
      vertex -100.39798879800153 -41.58620859511431 0
    endloop
  endfacet
  facet normal -0.9359059267573255 -0.35225004792123393 -2.6578391222153856e-17
    outer loop
      vertex -100.39798879800153 -41.58620859511431 0
      vertex -102.90289717223314 -34.93082669449457 4
      vertex -102.90289717223314 -34.93082669449457 0
    endloop
  endfacet
  facet normal -0.9569403357322088 -0.29028467725446244 1.2715136006167501e-17
    outer loop
      vertex -102.90289717223314 -34.93082669449457 0
      vertex -104.96715954283306 -28.125865631290928 4
      vertex -104.96715954283306 -28.125865631290928 0
    endloop
  endfacet
  facet normal -0.9738769792773337 -0.22707626303437287 2.5319809456803894e-17
    outer loop
      vertex -104.96715954283306 -28.125865631290928 0
      vertex -106.58193642141906 -21.200465293492655 4
      vertex -106.58193642141906 -21.200465293492655 0
    endloop
  endfacet
  facet normal -0.9866433320848791 -0.16289547339458788 -2.0077943865432015e-17
    outer loop
      vertex -106.58193642141906 -21.200465293492655 0
      vertex -107.74031308549198 -14.184281308553004 4
      vertex -107.74031308549198 -14.184281308553004 0
    endloop
  endfacet
  facet normal -0.995184726672197 -0.09801714032955963 -2.2782192871444916e-18
    outer loop
      vertex -107.74031308549198 -14.184281308553004 0
      vertex -108.43732918833904 -7.107358053439647 4
      vertex -108.43732918833904 -7.107358053439647 0
    endloop
  endfacet
  facet normal -0.9994645874763656 -0.032719082821777504 6.261497762187465e-19
    outer loop
      vertex -108.43732918833904 -7.107358053439647 0
      vertex -108.67 0 4
      vertex -108.67 0 0
    endloop
  endfacet
  facet normal 0 0 -1
    outer loop
      vertex -48.06351196609887 -97.46316082235724 0
      vertex -43.39021693291761 -93.05062049505285 0
      vertex -37.509562971697775 -95.57280777330045 0
    endloop
  endfacet
  facet normal 0 0 -1
    outer loop
      vertex -48.06351196609887 -97.46316082235724 0
      vertex -37.509562971697775 -95.57280777330045 0
      vertex -41.58620859511431 -100.39798879800153 0
    endloop
  endfacet
  facet normal 0 0 -1
    outer loop
      vertex -48.06351196609887 -97.46316082235724 0
      vertex -54.335 -94.11098062925494 0
      vertex -43.198336373689855 -87.59756066549767 0
    endloop
  endfacet
  facet normal 0 0 -1
    outer loop
      vertex -54.335 -94.11098062925494 0
      vertex -48.835 -84.58470118762612 0
      vertex -43.198336373689855 -87.59756066549767 0
    endloop
  endfacet
  facet normal 0 0 -1
    outer loop
      vertex -54.335 -94.11098062925494 0
      vertex -54.26254465902455 -81.2096370335896 0
      vertex -48.835 -84.58470118762612 0
    endloop
  endfacet
  facet normal 0 0 -1
    outer loop
      vertex -48.06351196609887 -97.46316082235724 0
      vertex -43.198336373689855 -87.59756066549767 0
      vertex -43.39021693291761 -93.05062049505285 0
    endloop
  endfacet
  facet normal 0 0 -1
    outer loop
      vertex -43.39021693291761 -93.05062049505285 0
      vertex -43.198336373689855 -87.59756066549767 0
      vertex -41.2574799479786 -88.47695127122446 0
    endloop
  endfacet
  facet normal 0 0 -1
    outer loop
      vertex -41.58620859511431 -100.39798879800153 0
      vertex -31.483215551625438 -97.72377417256196 0
      vertex -34.93082669449457 -102.90289717223314 0
    endloop
  endfacet
  facet normal 0 0 -1
    outer loop
      vertex -41.58620859511431 -100.39798879800153 0
      vertex -37.509562971697775 -95.57280777330045 0
      vertex -31.483215551625438 -97.72377417256196 0
    endloop
  endfacet
  facet normal 0 0 -1
    outer loop
      vertex -34.93082669449457 -102.90289717223314 0
      vertex -25.334582020862452 -99.49516497713944 0
      vertex -28.125865631290928 -104.96715954283306 0
    endloop
  endfacet
  facet normal 0 0 -1
    outer loop
      vertex -34.93082669449457 -102.90289717223314 0
      vertex -31.483215551625438 -97.72377417256196 0
      vertex -25.334582020862452 -99.49516497713944 0
    endloop
  endfacet
  facet normal 0 0 -1
    outer loop
      vertex -28.125865631290928 -104.96715954283306 0
      vertex -19.08754470741644 -100.88009980686171 0
      vertex -21.200465293492655 -106.58193642141906 0
    endloop
  endfacet
  facet normal 0 0 -1
    outer loop
      vertex -28.125865631290928 -104.96715954283306 0
      vertex -25.334582020862452 -99.49516497713944 0
      vertex -19.08754470741644 -100.88009980686171 0
    endloop
  endfacet
  facet normal 0 0 -1
    outer loop
      vertex -21.200465293492655 -106.58193642141906 0
      vertex -19.08754470741644 -100.88009980686171 0
      vertex -12.766368156157304 -101.87319934163968 0
    endloop
  endfacet
  facet normal 0 0 -1
    outer loop
      vertex -21.200465293492655 -106.58193642141906 0
      vertex -12.766368156157304 -101.87319934163968 0
      vertex -14.184281308553004 -107.74031308549198 0
    endloop
  endfacet
  facet normal 0 0 -1
    outer loop
      vertex -14.184281308553004 -107.74031308549198 0
      vertex -12.766368156157304 -101.87319934163968 0
      vertex -6.395604881238967 -102.4706062156513 0
    endloop
  endfacet
  facet normal 0 0 -1
    outer loop
      vertex -14.184281308553004 -107.74031308549198 0
      vertex -6.395604881238967 -102.4706062156513 0
      vertex -7.107358053439647 -108.43732918833904 0
    endloop
  endfacet
  facet normal 0 0 -1
    outer loop
      vertex -7.107358053439647 -108.43732918833904 0
      vertex -1.6097812201416797 -107.21644709101538 0
      vertex -1.5705952052691874 -107.32056183502065 0
    endloop
  endfacet
  facet normal 0 0 -1
    outer loop
      vertex -7.107358053439647 -108.43732918833904 0
      vertex -1.5705952052691874 -107.32056183502065 0
      vertex -1.52468366060557 -107.4218907733723 0
    endloop
  endfacet
  facet normal 0 0 -1
    outer loop
      vertex -7.107358053439647 -108.43732918833904 0
      vertex -1.6854562643354776 -106.8918945267741 0
      vertex -1.6673349766854917 -107.00165354742742 0
    endloop
  endfacet
  facet normal 0 0 -1
    outer loop
      vertex -7.107358053439647 -108.43732918833904 0
      vertex -1.6673349766854917 -107.00165354742742 0
      vertex -1.6420739046914161 -107.10999237667428 0
    endloop
  endfacet
  facet normal 0 0 -1
    outer loop
      vertex -7.107358053439647 -108.43732918833904 0
      vertex -1.6420739046914161 -107.10999237667428 0
      vertex -1.6097812201416797 -107.21644709101538 0
    endloop
  endfacet
  facet normal 0 0 -1
    outer loop
      vertex -7.107358053439647 -108.43732918833904 0
      vertex -1.6963601695056258 -106.55881468030876 0
      vertex -1.7 -106.67 0
    endloop
  endfacet
  facet normal 0 0 -1
    outer loop
      vertex -7.107358053439647 -108.43732918833904 0
      vertex -1.7 -106.67 0
      vertex -1.6963601695056258 -106.78118531969125 0
    endloop
  endfacet
  facet normal 0 0 -1
    outer loop
      vertex -7.107358053439647 -108.43732918833904 0
      vertex -1.6963601695056258 -106.78118531969125 0
      vertex -1.6854562643354776 -106.8918945267741 0
    endloop
  endfacet
  facet normal 0 0 -1
    outer loop
      vertex -7.107358053439647 -108.43732918833904 0
      vertex -1.6420739046914161 -106.23000762332572 0
      vertex -1.6673349766854917 -106.33834645257258 0
    endloop
  endfacet
  facet normal 0 0 -1
    outer loop
      vertex -7.107358053439647 -108.43732918833904 0
      vertex -1.6673349766854917 -106.33834645257258 0
      vertex -1.6854562643354776 -106.44810547322591 0
    endloop
  endfacet
  facet normal 0 0 -1
    outer loop
      vertex -7.107358053439647 -108.43732918833904 0
      vertex -1.6854562643354776 -106.44810547322591 0
      vertex -1.6963601695056258 -106.55881468030876 0
    endloop
  endfacet
  facet normal 0 0 -1
    outer loop
      vertex -7.107358053439647 -108.43732918833904 0
      vertex -1.52468366060557 -105.9181092266277 0
      vertex -1.5705952052691874 -106.01943816497935 0
    endloop
  endfacet
  facet normal 0 0 -1
    outer loop
      vertex -7.107358053439647 -108.43732918833904 0
      vertex -1.5705952052691874 -106.01943816497935 0
      vertex -1.6097812201416797 -106.12355290898462 0
    endloop
  endfacet
  facet normal 0 0 -1
    outer loop
      vertex -7.107358053439647 -108.43732918833904 0
      vertex -1.6097812201416797 -106.12355290898462 0
      vertex -1.6420739046914161 -106.23000762332572 0
    endloop
  endfacet
  facet normal 0 0 -1
    outer loop
      vertex -7.107358053439647 -108.43732918833904 0
      vertex -6.395604881238967 -102.4706062156513 0
      vertex 0 -102.67 0
    endloop
  endfacet
  facet normal 0 0 -1
    outer loop
      vertex -7.107358053439647 -108.43732918833904 0
      vertex -1.2781276727142616 -107.79088788567012 0
      vertex -1.2020815280171309 -107.87208152801713 0
    endloop
  endfacet
  facet normal 0 0 -1
    outer loop
      vertex -7.107358053439647 -108.43732918833904 0
      vertex -1.4722431864335457 -107.52 0
      vertex -1.413498340914327 -107.61446939613333 0
    endloop
  endfacet
  facet normal 0 0 -1
    outer loop
      vertex -7.107358053439647 -108.43732918833904 0
      vertex -1.413498340914327 -107.61446939613333 0
      vertex -1.3487006784950997 -107.70489442931483 0
    endloop
  endfacet
  facet normal 0 0 -1
    outer loop
      vertex -7.107358053439647 -108.43732918833904 0
      vertex -1.3487006784950997 -107.70489442931483 0
      vertex -1.2781276727142616 -107.79088788567012 0
    endloop
  endfacet
  facet normal 0 0 -1
    outer loop
      vertex -7.107358053439647 -108.43732918833904 0
      vertex -1.034894429314825 -108.01870067849511 0
      vertex -0.9444693961333237 -108.08349834091433 0
    endloop
  endfacet
  facet normal 0 0 -1
    outer loop
      vertex -7.107358053439647 -108.43732918833904 0
      vertex -1.120887885670117 -107.94812767271426 0
      vertex -1.034894429314825 -108.01870067849511 0
    endloop
  endfacet
  facet normal 0 0 -1
    outer loop
      vertex -7.107358053439647 -108.43732918833904 0
      vertex -1.2020815280171309 -107.87208152801713 0
      vertex -1.120887885670117 -107.94812767271426 0
    endloop
  endfacet
  facet normal 0 0 -1
    outer loop
      vertex -7.107358053439647 -108.43732918833904 0
      vertex -0.6505618350206526 -108.24059520526919 0
      vertex -0.5464470910153747 -108.27978122014169 0
    endloop
  endfacet
  facet normal 0 0 -1
    outer loop
      vertex -7.107358053439647 -108.43732918833904 0
      vertex -0.7518907733723021 -108.19468366060558 0
      vertex -0.6505618350206526 -108.24059520526919 0
    endloop
  endfacet
  facet normal 0 0 -1
    outer loop
      vertex -7.107358053439647 -108.43732918833904 0
      vertex -0.85 -108.14224318643355 0
      vertex -0.7518907733723021 -108.19468366060558 0
    endloop
  endfacet
  facet normal 0 0 -1
    outer loop
      vertex -7.107358053439647 -108.43732918833904 0
      vertex -0.33165354742741804 -108.3373349766855 0
      vertex -0.22189452677408766 -108.35545626433547 0
    endloop
  endfacet
  facet normal 0 0 -1
    outer loop
      vertex -7.107358053439647 -108.43732918833904 0
      vertex -0.43999237667428526 -108.31207390469142 0
      vertex -0.33165354742741804 -108.3373349766855 0
    endloop
  endfacet
  facet normal 0 0 -1
    outer loop
      vertex -7.107358053439647 -108.43732918833904 0
      vertex -0.5464470910153747 -108.27978122014169 0
      vertex -0.43999237667428526 -108.31207390469142 0
    endloop
  endfacet
  facet normal 0 0 -1
    outer loop
      vertex -7.107358053439647 -108.43732918833904 0
      vertex -0.9444693961333237 -108.08349834091433 0
      vertex -0.85 -108.14224318643355 0
    endloop
  endfacet
  facet normal 0 0 -1
    outer loop
      vertex -7.107358053439647 -108.43732918833904 0
      vertex -1.52468366060557 -107.4218907733723 0
      vertex -1.4722431864335457 -107.52 0
    endloop
  endfacet
  facet normal 0 0 -1
    outer loop
      vertex -7.107358053439647 -108.43732918833904 0
      vertex -0.1111853196912432 -108.36636016950563 0
      vertex 0 -108.67 0
    endloop
  endfacet
  facet normal 0 0 -1
    outer loop
      vertex -7.107358053439647 -108.43732918833904 0
      vertex -0.22189452677408766 -108.35545626433547 0
      vertex -0.1111853196912432 -108.36636016950563 0
    endloop
  endfacet
  facet normal 0 0 -1
    outer loop
      vertex -7.107358053439647 -108.43732918833904 0
      vertex 0 -102.67 0
      vertex -1.52468366060557 -105.9181092266277 0
    endloop
  endfacet
  facet normal 0 0 -1
    outer loop
      vertex 0 -108.67 0
      vertex -0.1111853196912432 -108.36636016950563 0
      vertex 0 -108.37 0
    endloop
  endfacet
  facet normal 0 0 -1
    outer loop
      vertex -1.413498340914327 -105.72553060386667 0
      vertex 0 -102.67 0
      vertex -1.3487006784950997 -105.63510557068517 0
    endloop
  endfacet
  facet normal 0 0 -1
    outer loop
      vertex -1.4722431864335457 -105.82000000000001 0
      vertex 0 -102.67 0
      vertex -1.413498340914327 -105.72553060386667 0
    endloop
  endfacet
  facet normal 0 0 -1
    outer loop
      vertex -1.52468366060557 -105.9181092266277 0
      vertex 0 -102.67 0
      vertex -1.4722431864335457 -105.82000000000001 0
    endloop
  endfacet
  facet normal 0 0 -1
    outer loop
      vertex -1.3487006784950997 -105.63510557068517 0
      vertex 0 -102.67 0
      vertex -1.2781276727142616 -105.54911211432989 0
    endloop
  endfacet
  facet normal 0 0 -1
    outer loop
      vertex -1.034894429314825 -105.3212993215049 0
      vertex -1.120887885670117 -105.39187232728574 0
      vertex 0 -102.67 0
    endloop
  endfacet
  facet normal 0 0 -1
    outer loop
      vertex -1.120887885670117 -105.39187232728574 0
      vertex -1.2020815280171309 -105.46791847198287 0
      vertex 0 -102.67 0
    endloop
  endfacet
  facet normal 0 0 -1
    outer loop
      vertex -1.2781276727142616 -105.54911211432989 0
      vertex 0 -102.67 0
      vertex -1.2020815280171309 -105.46791847198287 0
    endloop
  endfacet
  facet normal 0 0 -1
    outer loop
      vertex -0.9444693961333237 -105.25650165908567 0
      vertex -1.034894429314825 -105.3212993215049 0
      vertex 0 -102.67 0
    endloop
  endfacet
  facet normal 0 0 -1
    outer loop
      vertex -0.6505618350206526 -105.09940479473082 0
      vertex -0.7518907733723021 -105.14531633939443 0
      vertex 0 -102.67 0
    endloop
  endfacet
  facet normal 0 0 -1
    outer loop
      vertex -0.7518907733723021 -105.14531633939443 0
      vertex -0.85 -105.19775681356646 0
      vertex 0 -102.67 0
    endloop
  endfacet
  facet normal 0 0 -1
    outer loop
      vertex -0.85 -105.19775681356646 0
      vertex -0.9444693961333237 -105.25650165908567 0
      vertex 0 -102.67 0
    endloop
  endfacet
  facet normal 0 0 -1
    outer loop
      vertex -0.33165354742741804 -105.0026650233145 0
      vertex -0.43999237667428526 -105.02792609530859 0
      vertex 0 -102.67 0
    endloop
  endfacet
  facet normal 0 0 -1
    outer loop
      vertex -0.43999237667428526 -105.02792609530859 0
      vertex -0.5464470910153747 -105.06021877985832 0
      vertex 0 -102.67 0
    endloop
  endfacet
  facet normal 0 0 -1
    outer loop
      vertex -0.5464470910153747 -105.06021877985832 0
      vertex -0.6505618350206526 -105.09940479473082 0
      vertex 0 -102.67 0
    endloop
  endfacet
  facet normal 0 0 -1
    outer loop
      vertex 0 -102.67 0
      vertex -0.22189452677408766 -104.98454373566453 0
      vertex -0.33165354742741804 -105.0026650233145 0
    endloop
  endfacet
  facet normal 0 0 -1
    outer loop
      vertex 0 -104.97 0
      vertex -0.1111853196912432 -104.97363983049438 0
      vertex 0 -102.67 0
    endloop
  endfacet
  facet normal 0 0 -1
    outer loop
      vertex 0 -102.67 0
      vertex -0.1111853196912432 -104.97363983049438 0
      vertex -0.22189452677408766 -104.98454373566453 0
    endloop
  endfacet
  facet normal -0.47139673682599875 -0.8819212643483545 0
    outer loop
      vertex -48.06351196609887 -97.46316082235724 0
      vertex -48.06351196609887 -97.46316082235724 4
      vertex -54.335 -94.11098062925494 0
    endloop
  endfacet
  facet normal -0.412707029804395 -0.9108638249211757 1.0380266033486107e-17
    outer loop
      vertex -48.06351196609887 -97.46316082235724 0
      vertex -41.58620859511431 -100.39798879800153 0
      vertex -41.58620859511431 -100.39798879800153 4
    endloop
  endfacet
  facet normal -0.35225004792123393 -0.9359059267573255 -2.6578391222153856e-17
    outer loop
      vertex -41.58620859511431 -100.39798879800153 0
      vertex -34.93082669449457 -102.90289717223314 0
      vertex -34.93082669449457 -102.90289717223314 4
    endloop
  endfacet
  facet normal -0.29028467725446244 -0.9569403357322088 1.2715136006167501e-17
    outer loop
      vertex -34.93082669449457 -102.90289717223314 0
      vertex -28.125865631290928 -104.96715954283306 0
      vertex -28.125865631290928 -104.96715954283306 4
    endloop
  endfacet
  facet normal -0.22707626303437287 -0.9738769792773337 2.5319809456803894e-17
    outer loop
      vertex -28.125865631290928 -104.96715954283306 0
      vertex -21.200465293492655 -106.58193642141906 0
      vertex -21.200465293492655 -106.58193642141906 4
    endloop
  endfacet
  facet normal -0.16289547339458788 -0.9866433320848791 -2.0077943865432015e-17
    outer loop
      vertex -21.200465293492655 -106.58193642141906 0
      vertex -14.184281308553004 -107.74031308549198 0
      vertex -14.184281308553004 -107.74031308549198 4
    endloop
  endfacet
  facet normal -0.09801714032955963 -0.995184726672197 -2.2782192871444916e-18
    outer loop
      vertex -14.184281308553004 -107.74031308549198 0
      vertex -7.107358053439647 -108.43732918833904 0
      vertex -7.107358053439647 -108.43732918833904 4
    endloop
  endfacet
  facet normal -0.032719082821777504 -0.9994645874763656 6.261497762187465e-19
    outer loop
      vertex -7.107358053439647 -108.43732918833904 0
      vertex 0 -108.67 0
      vertex 0 -108.67 4
    endloop
  endfacet
  facet normal -0.7730104533627378 -0.6343932841636445 0
    outer loop
      vertex -81.70243187874048 -71.65110972692449 0
      vertex -81.70243187874048 -71.65110972692449 4
      vertex -86.21370748944852 -66.15410449037768 4
    endloop
  endfacet
  facet normal -0.8492021815265797 -0.5280678506503667 0
    outer loop
      vertex -90.3558027689176 -60.37381722224017 0
      vertex -90.3558027689176 -60.37381722224017 4
      vertex -94.11098062925494 -54.335 4
    endloop
  endfacet
  facet normal -0.8128466845916149 -0.5824776968678024 0
    outer loop
      vertex -86.21370748944852 -66.15410449037768 0
      vertex -86.21370748944852 -66.15410449037768 4
      vertex -90.3558027689176 -60.37381722224017 4
    endloop
  endfacet
  facet normal -0.6343932841636445 -0.7730104533627378 0
    outer loop
      vertex -71.65110972692449 -81.70243187874048 0
      vertex -66.15410449037768 -86.21370748944852 4
      vertex -71.65110972692449 -81.70243187874048 4
    endloop
  endfacet
  facet normal -0.5824776968678024 -0.8128466845916149 0
    outer loop
      vertex -66.15410449037768 -86.21370748944852 0
      vertex -60.37381722224017 -90.3558027689176 4
      vertex -66.15410449037768 -86.21370748944852 4
    endloop
  endfacet
  facet normal -0.5280678506503667 -0.8492021815265797 0
    outer loop
      vertex -60.37381722224017 -90.3558027689176 0
      vertex -54.335 -94.11098062925494 4
      vertex -60.37381722224017 -90.3558027689176 4
    endloop
  endfacet
  facet normal -0.7298640726978353 -0.6835923020228717 0
    outer loop
      vertex -76.84129391154212 -76.84129391154212 0
      vertex -76.84129391154212 -76.84129391154212 4
      vertex -81.70243187874048 -71.65110972692449 4
    endloop
  endfacet
  facet normal -0.6835923020228717 -0.7298640726978353 0
    outer loop
      vertex -76.84129391154212 -76.84129391154212 0
      vertex -71.65110972692449 -81.70243187874048 4
      vertex -76.84129391154212 -76.84129391154212 4
    endloop
  endfacet
  facet normal 0 0 1
    outer loop
      vertex -81.70243187874048 -71.65110972692449 4
      vertex -84.58470118762612 -48.835 4
      vertex -86.21370748944852 -66.15410449037768 4
    endloop
  endfacet
  facet normal 0 0 1
    outer loop
      vertex -90.3558027689176 -60.37381722224017 4
      vertex -86.21370748944852 -66.15410449037768 4
      vertex -87.59756066549767 -43.198336373689855 4
    endloop
  endfacet
  facet normal 0 0 1
    outer loop
      vertex -81.70243187874048 -71.65110972692449 4
      vertex -81.2096370335896 -54.26254465902455 4
      vertex -84.58470118762612 -48.835 4
    endloop
  endfacet
  facet normal 0 0 1
    outer loop
      vertex -66.15410449037768 -86.21370748944852 4
      vertex -60.37381722224017 -90.3558027689176 4
      vertex -64.39830576082373 -73.43219399647174 4
    endloop
  endfacet
  facet normal 0 0 1
    outer loop
      vertex -60.37381722224017 -90.3558027689176 4
      vertex -54.335 -94.11098062925494 4
      vertex -59.45772877128175 -77.48682074624494 4
    endloop
  endfacet
  facet normal 0 0 1
    outer loop
      vertex -54.335 -94.11098062925494 4
      vertex -54.26254465902455 -81.2096370335896 4
      vertex -59.45772877128175 -77.48682074624494 4
    endloop
  endfacet
  facet normal 0 0 1
    outer loop
      vertex -81.70243187874048 -71.65110972692449 4
      vertex -76.84129391154212 -76.84129391154212 4
      vertex -77.48682074624494 -59.45772877128175 4
    endloop
  endfacet
  facet normal 0 0 1
    outer loop
      vertex -71.65110972692449 -81.70243187874048 4
      vertex -66.15410449037768 -86.21370748944852 4
      vertex -69.06311931849011 -69.06311931849011 4
    endloop
  endfacet
  facet normal 0 0 1
    outer loop
      vertex -71.65110972692449 -81.70243187874048 4
      vertex -73.43219399647174 -64.39830576082373 4
      vertex -76.84129391154212 -76.84129391154212 4
    endloop
  endfacet
  facet normal 0 0 1
    outer loop
      vertex -71.65110972692449 -81.70243187874048 4
      vertex -69.06311931849011 -69.06311931849011 4
      vertex -73.43219399647174 -64.39830576082373 4
    endloop
  endfacet
  facet normal 0 0 1
    outer loop
      vertex -81.70243187874048 -71.65110972692449 4
      vertex -77.48682074624494 -59.45772877128175 4
      vertex -81.2096370335896 -54.26254465902455 4
    endloop
  endfacet
  facet normal 0 0 1
    outer loop
      vertex -76.84129391154212 -76.84129391154212 4
      vertex -73.43219399647174 -64.39830576082373 4
      vertex -77.48682074624494 -59.45772877128175 4
    endloop
  endfacet
  facet normal 0 0 1
    outer loop
      vertex -66.15410449037768 -86.21370748944852 4
      vertex -64.39830576082373 -73.43219399647174 4
      vertex -69.06311931849011 -69.06311931849011 4
    endloop
  endfacet
  facet normal 0 0 1
    outer loop
      vertex -60.37381722224017 -90.3558027689176 4
      vertex -59.45772877128175 -77.48682074624494 4
      vertex -64.39830576082373 -73.43219399647174 4
    endloop
  endfacet
  facet normal -0.8819212643483545 -0.47139673682599875 0
    outer loop
      vertex -94.11098062925494 -54.335 0
      vertex -94.11098062925494 -54.335 4
      vertex -97.46316082235724 -48.06351196609887 4
    endloop
  endfacet
  facet normal -0.9108638249211757 -0.412707029804395 0
    outer loop
      vertex -97.46316082235724 -48.06351196609887 0
      vertex -97.46316082235724 -48.06351196609887 4
      vertex -100.39798879800153 -41.58620859511431 4
    endloop
  endfacet
  facet normal -0.9569403357322088 -0.29028467725446244 0
    outer loop
      vertex -102.90289717223314 -34.93082669449457 0
      vertex -102.90289717223314 -34.93082669449457 4
      vertex -104.96715954283306 -28.125865631290928 4
    endloop
  endfacet
  facet normal -0.9359059267573255 -0.35225004792123393 0
    outer loop
      vertex -100.39798879800153 -41.58620859511431 0
      vertex -100.39798879800153 -41.58620859511431 4
      vertex -102.90289717223314 -34.93082669449457 4
    endloop
  endfacet
  facet normal -0.9738769792773337 -0.22707626303437287 0
    outer loop
      vertex -104.96715954283306 -28.125865631290928 0
      vertex -104.96715954283306 -28.125865631290928 4
      vertex -106.58193642141906 -21.200465293492655 4
    endloop
  endfacet
  facet normal -0.9866433320848791 -0.16289547339458788 0
    outer loop
      vertex -106.58193642141906 -21.200465293492655 0
      vertex -106.58193642141906 -21.200465293492655 4
      vertex -107.74031308549198 -14.184281308553004 4
    endloop
  endfacet
  facet normal -0.995184726672197 -0.09801714032955963 0
    outer loop
      vertex -107.74031308549198 -14.184281308553004 0
      vertex -107.74031308549198 -14.184281308553004 4
      vertex -108.43732918833904 -7.107358053439647 4
    endloop
  endfacet
  facet normal -0.9994645874763656 -0.032719082821777504 0
    outer loop
      vertex -108.43732918833904 -7.107358053439647 0
      vertex -108.43732918833904 -7.107358053439647 4
      vertex -108.67 0 4
    endloop
  endfacet
  facet normal 0 0 1
    outer loop
      vertex -97.46316082235724 -48.06351196609887 4
      vertex -94.11098062925494 -54.335 4
      vertex -95.79329833698351 -19.054471751315248 4
    endloop
  endfacet
  facet normal 0 0 1
    outer loop
      vertex -90.3558027689176 -60.37381722224017 4
      vertex -92.48666574778697 -31.394992576159794 4
      vertex -94.11098062925494 -54.335 4
    endloop
  endfacet
  facet normal 0 0 1
    outer loop
      vertex -90.3558027689176 -60.37381722224017 4
      vertex -87.59756066549767 -43.198336373689855 4
      vertex -90.23531394037738 -37.376690839098316 4
    endloop
  endfacet
  facet normal 0 0 1
    outer loop
      vertex -90.3558027689176 -60.37381722224017 4
      vertex -90.23531394037738 -37.376690839098316 4
      vertex -92.48666574778697 -31.394992576159794 4
    endloop
  endfacet
  facet normal 0 0 1
    outer loop
      vertex -86.21370748944852 -66.15410449037768 4
      vertex -84.58470118762612 -48.835 4
      vertex -87.59756066549767 -43.198336373689855 4
    endloop
  endfacet
  facet normal 0 0 1
    outer loop
      vertex -94.11098062925494 -54.335 4
      vertex -92.48666574778697 -31.394992576159794 4
      vertex -94.3419754536533 -25.278856135163203 4
    endloop
  endfacet
  facet normal 0 0 1
    outer loop
      vertex -94.11098062925494 -54.335 4
      vertex -94.3419754536533 -25.278856135163203 4
      vertex -95.79329833698351 -19.054471751315248 4
    endloop
  endfacet
  facet normal 0 0 1
    outer loop
      vertex -100.39798879800153 -41.58620859511431 4
      vertex -102.90289717223314 34.93082669449457 4
      vertex -102.90289717223314 -34.93082669449457 4
    endloop
  endfacet
  facet normal 0 0 1
    outer loop
      vertex -97.46316082235724 -48.06351196609887 4
      vertex -95.79329833698351 -19.054471751315248 4
      vertex -96.83441961038007 -12.748493194132438 4
    endloop
  endfacet
  facet normal 0 0 1
    outer loop
      vertex -97.46316082235724 -48.06351196609887 4
      vertex -96.83441961038007 -12.748493194132438 4
      vertex -97.4608810327144 -6.387923631908073 4
    endloop
  endfacet
  facet normal 0 0 1
    outer loop
      vertex -97.46316082235724 -48.06351196609887 4
      vertex -100.39798879800153 41.58620859511431 4
      vertex -100.39798879800153 -41.58620859511431 4
    endloop
  endfacet
  facet normal 0 0 1
    outer loop
      vertex -97.46316082235724 -48.06351196609887 4
      vertex -97.4608810327144 -6.387923631908073 4
      vertex -97.67 0 4
    endloop
  endfacet
  facet normal 0 0 1
    outer loop
      vertex -106.58193642141906 -21.200465293492655 4
      vertex -107.74031308549198 14.184281308553004 4
      vertex -107.74031308549198 -14.184281308553004 4
    endloop
  endfacet
  facet normal 0 0 1
    outer loop
      vertex -104.96715954283306 -28.125865631290928 4
      vertex -106.58193642141906 21.200465293492655 4
      vertex -106.58193642141906 -21.200465293492655 4
    endloop
  endfacet
  facet normal 0 0 1
    outer loop
      vertex -102.90289717223314 -34.93082669449457 4
      vertex -104.96715954283306 28.125865631290928 4
      vertex -104.96715954283306 -28.125865631290928 4
    endloop
  endfacet
  facet normal 0 0 1
    outer loop
      vertex -107.74031308549198 -14.184281308553004 4
      vertex -108.43732918833904 7.107358053439647 4
      vertex -108.43732918833904 -7.107358053439647 4
    endloop
  endfacet
  facet normal 0 0 1
    outer loop
      vertex -97.46316082235724 -48.06351196609887 4
      vertex -97.67 0 4
      vertex -100.39798879800153 41.58620859511431 4
    endloop
  endfacet
  facet normal -0.47139673682599875 -0.8819212643483545 0
    outer loop
      vertex -54.335 -94.11098062925494 0
      vertex -48.06351196609887 -97.46316082235724 4
      vertex -54.335 -94.11098062925494 4
    endloop
  endfacet
  facet normal -0.412707029804395 -0.9108638249211757 0
    outer loop
      vertex -48.06351196609887 -97.46316082235724 0
      vertex -41.58620859511431 -100.39798879800153 4
      vertex -48.06351196609887 -97.46316082235724 4
    endloop
  endfacet
  facet normal -0.35225004792123393 -0.9359059267573255 0
    outer loop
      vertex -41.58620859511431 -100.39798879800153 0
      vertex -34.93082669449457 -102.90289717223314 4
      vertex -41.58620859511431 -100.39798879800153 4
    endloop
  endfacet
  facet normal -0.29028467725446244 -0.9569403357322088 0
    outer loop
      vertex -34.93082669449457 -102.90289717223314 0
      vertex -28.125865631290928 -104.96715954283306 4
      vertex -34.93082669449457 -102.90289717223314 4
    endloop
  endfacet
  facet normal -0.22707626303437287 -0.9738769792773337 0
    outer loop
      vertex -28.125865631290928 -104.96715954283306 0
      vertex -21.200465293492655 -106.58193642141906 4
      vertex -28.125865631290928 -104.96715954283306 4
    endloop
  endfacet
  facet normal -0.16289547339458788 -0.9866433320848791 0
    outer loop
      vertex -21.200465293492655 -106.58193642141906 0
      vertex -14.184281308553004 -107.74031308549198 4
      vertex -21.200465293492655 -106.58193642141906 4
    endloop
  endfacet
  facet normal -0.09801714032955963 -0.995184726672197 0
    outer loop
      vertex -14.184281308553004 -107.74031308549198 0
      vertex -7.107358053439647 -108.43732918833904 4
      vertex -14.184281308553004 -107.74031308549198 4
    endloop
  endfacet
  facet normal -0.032719082821777504 -0.9994645874763656 0
    outer loop
      vertex -7.107358053439647 -108.43732918833904 0
      vertex 0 -108.67 4
      vertex -7.107358053439647 -108.43732918833904 4
    endloop
  endfacet
  facet normal 0 0 1
    outer loop
      vertex -48.06351196609887 -97.46316082235724 4
      vertex -41.58620859511431 -100.39798879800153 4
      vertex -43.39021693291761 -93.05062049505285 4
    endloop
  endfacet
  facet normal 0 0 1
    outer loop
      vertex -41.58620859511431 -100.39798879800153 4
      vertex -37.509562971697775 -95.57280777330045 4
      vertex -43.39021693291761 -93.05062049505285 4
    endloop
  endfacet
  facet normal 0 0 1
    outer loop
      vertex -48.06351196609887 -97.46316082235724 4
      vertex -48.835 -84.58470118762612 4
      vertex -54.335 -94.11098062925494 4
    endloop
  endfacet
  facet normal 0 0 1
    outer loop
      vertex -54.335 -94.11098062925494 4
      vertex -48.835 -84.58470118762612 4
      vertex -54.26254465902455 -81.2096370335896 4
    endloop
  endfacet
  facet normal 0 0 1
    outer loop
      vertex -48.06351196609887 -97.46316082235724 4
      vertex -43.39021693291761 -93.05062049505285 4
      vertex -48.835 -84.58470118762612 4
    endloop
  endfacet
  facet normal 0 0 1
    outer loop
      vertex -43.198336373689855 -87.59756066549767 4
      vertex -48.835 -84.58470118762612 4
      vertex -43.39021693291761 -93.05062049505285 4
    endloop
  endfacet
  facet normal 0 0 1
    outer loop
      vertex -41.2574799479786 -88.47695127122446 4
      vertex -43.198336373689855 -87.59756066549767 4
      vertex -43.39021693291761 -93.05062049505285 4
    endloop
  endfacet
  facet normal 0 0 1
    outer loop
      vertex -41.58620859511431 -100.39798879800153 4
      vertex -34.93082669449457 -102.90289717223314 4
      vertex -37.509562971697775 -95.57280777330045 4
    endloop
  endfacet
  facet normal 0 0 1
    outer loop
      vertex -34.93082669449457 -102.90289717223314 4
      vertex -31.483215551625438 -97.72377417256196 4
      vertex -37.509562971697775 -95.57280777330045 4
    endloop
  endfacet
  facet normal 0 0 1
    outer loop
      vertex -34.93082669449457 -102.90289717223314 4
      vertex -28.125865631290928 -104.96715954283306 4
      vertex -31.483215551625438 -97.72377417256196 4
    endloop
  endfacet
  facet normal 0 0 1
    outer loop
      vertex -28.125865631290928 -104.96715954283306 4
      vertex -25.334582020862452 -99.49516497713944 4
      vertex -31.483215551625438 -97.72377417256196 4
    endloop
  endfacet
  facet normal 0 0 1
    outer loop
      vertex -28.125865631290928 -104.96715954283306 4
      vertex -21.200465293492655 -106.58193642141906 4
      vertex -25.334582020862452 -99.49516497713944 4
    endloop
  endfacet
  facet normal 0 0 1
    outer loop
      vertex -21.200465293492655 -106.58193642141906 4
      vertex -19.08754470741644 -100.88009980686171 4
      vertex -25.334582020862452 -99.49516497713944 4
    endloop
  endfacet
  facet normal 0 0 1
    outer loop
      vertex -21.200465293492655 -106.58193642141906 4
      vertex -14.184281308553004 -107.74031308549198 4
      vertex -19.08754470741644 -100.88009980686171 4
    endloop
  endfacet
  facet normal 0 0 1
    outer loop
      vertex -14.184281308553004 -107.74031308549198 4
      vertex -12.766368156157304 -101.87319934163968 4
      vertex -19.08754470741644 -100.88009980686171 4
    endloop
  endfacet
  facet normal 0 0 1
    outer loop
      vertex -14.184281308553004 -107.74031308549198 4
      vertex -7.107358053439647 -108.43732918833904 4
      vertex -12.766368156157304 -101.87319934163968 4
    endloop
  endfacet
  facet normal 0 0 1
    outer loop
      vertex -7.107358053439647 -108.43732918833904 4
      vertex -6.395604881238967 -102.4706062156513 4
      vertex -12.766368156157304 -101.87319934163968 4
    endloop
  endfacet
  facet normal 0 0 1
    outer loop
      vertex -7.107358053439647 -108.43732918833904 4
      vertex 0 -108.67 4
      vertex -6.395604881238967 -102.4706062156513 4
    endloop
  endfacet
  facet normal 0 0 1
    outer loop
      vertex 0 -108.67 4
      vertex -1.2559308229296493e-15 -102.67 4
      vertex -6.395604881238967 -102.4706062156513 4
    endloop
  endfacet
  facet normal 0 0 -1
    outer loop
      vertex -108.43732918833904 -7.107358053439647 0
      vertex -108.67 0 0
      vertex -108.43732918833904 7.107358053439647 0
    endloop
  endfacet
  facet normal 0 0 -1
    outer loop
      vertex -108.43732918833904 -7.107358053439647 0
      vertex -108.43732918833904 7.107358053439647 0
      vertex -108.37 0 0
    endloop
  endfacet
  facet normal 0 0 -1
    outer loop
      vertex -108.43732918833904 7.107358053439647 0
      vertex -108.35545626433547 0.22189452677408766 0
      vertex -108.36636016950563 0.1111853196912432 0
    endloop
  endfacet
  facet normal 0 0 -1
    outer loop
      vertex -108.43732918833904 7.107358053439647 0
      vertex -108.36636016950563 0.1111853196912432 0
      vertex -108.37 0 0
    endloop
  endfacet
  facet normal 0 0 -1
    outer loop
      vertex -108.43732918833904 7.107358053439647 0
      vertex -108.27978122014169 0.5464470910153747 0
      vertex -108.31207390469142 0.43999237667428526 0
    endloop
  endfacet
  facet normal 0 0 -1
    outer loop
      vertex -108.43732918833904 7.107358053439647 0
      vertex -108.31207390469142 0.43999237667428526 0
      vertex -108.3373349766855 0.33165354742741804 0
    endloop
  endfacet
  facet normal 0 0 -1
    outer loop
      vertex -108.43732918833904 7.107358053439647 0
      vertex -108.3373349766855 0.33165354742741804 0
      vertex -108.35545626433547 0.22189452677408766 0
    endloop
  endfacet
  facet normal 0 0 -1
    outer loop
      vertex -108.43732918833904 7.107358053439647 0
      vertex -108.19468366060558 0.7518907733723021 0
      vertex -108.24059520526919 0.6505618350206526 0
    endloop
  endfacet
  facet normal 0 0 -1
    outer loop
      vertex -108.43732918833904 7.107358053439647 0
      vertex -108.24059520526919 0.6505618350206526 0
      vertex -108.27978122014169 0.5464470910153747 0
    endloop
  endfacet
  facet normal 0 0 -1
    outer loop
      vertex -107.74031308549198 14.184281308553004 0
      vertex -108.14224318643355 0.85 0
      vertex -108.19468366060558 0.7518907733723021 0
    endloop
  endfacet
  facet normal 0 0 -1
    outer loop
      vertex -107.74031308549198 14.184281308553004 0
      vertex -108.08349834091433 0.9444693961333237 0
      vertex -108.14224318643355 0.85 0
    endloop
  endfacet
  facet normal 0 0 -1
    outer loop
      vertex -107.74031308549198 14.184281308553004 0
      vertex -108.01870067849511 1.034894429314825 0
      vertex -108.08349834091433 0.9444693961333237 0
    endloop
  endfacet
  facet normal 0 0 -1
    outer loop
      vertex -107.74031308549198 14.184281308553004 0
      vertex -107.94812767271426 1.120887885670117 0
      vertex -108.01870067849511 1.034894429314825 0
    endloop
  endfacet
  facet normal 0 0 -1
    outer loop
      vertex -107.74031308549198 14.184281308553004 0
      vertex -107.87208152801713 1.2020815280171309 0
      vertex -107.94812767271426 1.120887885670117 0
    endloop
  endfacet
  facet normal 0 0 -1
    outer loop
      vertex -107.74031308549198 14.184281308553004 0
      vertex -107.79088788567012 1.2781276727142616 0
      vertex -107.87208152801713 1.2020815280171309 0
    endloop
  endfacet
  facet normal 0 0 -1
    outer loop
      vertex -107.74031308549198 14.184281308553004 0
      vertex -107.70489442931483 1.3487006784950997 0
      vertex -107.79088788567012 1.2781276727142616 0
    endloop
  endfacet
  facet normal 0 0 -1
    outer loop
      vertex -107.74031308549198 14.184281308553004 0
      vertex -107.61446939613333 1.413498340914327 0
      vertex -107.70489442931483 1.3487006784950997 0
    endloop
  endfacet
  facet normal 0 0 -1
    outer loop
      vertex -107.74031308549198 14.184281308553004 0
      vertex -107.52 1.4722431864335457 0
      vertex -107.61446939613333 1.413498340914327 0
    endloop
  endfacet
  facet normal 0 0 -1
    outer loop
      vertex -107.74031308549198 14.184281308553004 0
      vertex -107.4218907733723 1.52468366060557 0
      vertex -107.52 1.4722431864335457 0
    endloop
  endfacet
  facet normal 0 0 -1
    outer loop
      vertex -107.74031308549198 14.184281308553004 0
      vertex -107.32056183502065 1.5705952052691874 0
      vertex -107.4218907733723 1.52468366060557 0
    endloop
  endfacet
  facet normal 0 0 -1
    outer loop
      vertex -104.96715954283306 -28.125865631290928 0
      vertex -104.97 0 0
      vertex -104.96715954283306 28.125865631290928 0
    endloop
  endfacet
  facet normal 0 0 -1
    outer loop
      vertex -108.43732918833904 7.107358053439647 0
      vertex -107.74031308549198 14.184281308553004 0
      vertex -108.19468366060558 0.7518907733723021 0
    endloop
  endfacet
  facet normal 0 0 -1
    outer loop
      vertex -106.58193642141906 21.200465293492655 0
      vertex -107.21644709101538 1.6097812201416797 0
      vertex -107.32056183502065 1.5705952052691874 0
    endloop
  endfacet
  facet normal 0 0 -1
    outer loop
      vertex -106.58193642141906 21.200465293492655 0
      vertex -107.10999237667428 1.6420739046914161 0
      vertex -107.21644709101538 1.6097812201416797 0
    endloop
  endfacet
  facet normal 0 0 -1
    outer loop
      vertex -106.58193642141906 21.200465293492655 0
      vertex -107.00165354742742 1.6673349766854917 0
      vertex -107.10999237667428 1.6420739046914161 0
    endloop
  endfacet
  facet normal 0 0 -1
    outer loop
      vertex -106.58193642141906 21.200465293492655 0
      vertex -106.8918945267741 1.6854562643354776 0
      vertex -107.00165354742742 1.6673349766854917 0
    endloop
  endfacet
  facet normal 0 0 -1
    outer loop
      vertex -106.58193642141906 21.200465293492655 0
      vertex -106.78118531969125 1.6963601695056258 0
      vertex -106.8918945267741 1.6854562643354776 0
    endloop
  endfacet
  facet normal 0 0 -1
    outer loop
      vertex -106.58193642141906 21.200465293492655 0
      vertex -106.67 1.7 0
      vertex -106.78118531969125 1.6963601695056258 0
    endloop
  endfacet
  facet normal 0 0 -1
    outer loop
      vertex -106.58193642141906 21.200465293492655 0
      vertex -106.55881468030876 1.6963601695056258 0
      vertex -106.67 1.7 0
    endloop
  endfacet
  facet normal 0 0 -1
    outer loop
      vertex -106.58193642141906 21.200465293492655 0
      vertex -106.23000762332572 1.6420739046914161 0
      vertex -106.33834645257258 1.6673349766854917 0
    endloop
  endfacet
  facet normal 0 0 -1
    outer loop
      vertex -106.58193642141906 21.200465293492655 0
      vertex -106.33834645257258 1.6673349766854917 0
      vertex -106.44810547322591 1.6854562643354776 0
    endloop
  endfacet
  facet normal 0 0 -1
    outer loop
      vertex -106.58193642141906 21.200465293492655 0
      vertex -106.44810547322591 1.6854562643354776 0
      vertex -106.55881468030876 1.6963601695056258 0
    endloop
  endfacet
  facet normal 0 0 -1
    outer loop
      vertex -106.58193642141906 21.200465293492655 0
      vertex -105.9181092266277 1.52468366060557 0
      vertex -106.01943816497935 1.5705952052691874 0
    endloop
  endfacet
  facet normal 0 0 -1
    outer loop
      vertex -106.58193642141906 21.200465293492655 0
      vertex -106.01943816497935 1.5705952052691874 0
      vertex -106.12355290898462 1.6097812201416797 0
    endloop
  endfacet
  facet normal 0 0 -1
    outer loop
      vertex -106.58193642141906 21.200465293492655 0
      vertex -106.12355290898462 1.6097812201416797 0
      vertex -106.23000762332572 1.6420739046914161 0
    endloop
  endfacet
  facet normal 0 0 -1
    outer loop
      vertex -104.96715954283306 28.125865631290928 0
      vertex -105.39187232728574 1.120887885670117 0
      vertex -105.46791847198287 1.2020815280171309 0
    endloop
  endfacet
  facet normal 0 0 -1
    outer loop
      vertex -107.74031308549198 14.184281308553004 0
      vertex -106.58193642141906 21.200465293492655 0
      vertex -107.32056183502065 1.5705952052691874 0
    endloop
  endfacet
  facet normal 0 0 -1
    outer loop
      vertex -104.96715954283306 28.125865631290928 0
      vertex -105.82000000000001 1.4722431864335457 0
      vertex -105.9181092266277 1.52468366060557 0
    endloop
  endfacet
  facet normal 0 0 -1
    outer loop
      vertex -104.96715954283306 28.125865631290928 0
      vertex -105.72553060386667 1.413498340914327 0
      vertex -105.82000000000001 1.4722431864335457 0
    endloop
  endfacet
  facet normal 0 0 -1
    outer loop
      vertex -104.96715954283306 28.125865631290928 0
      vertex -105.63510557068517 1.3487006784950997 0
      vertex -105.72553060386667 1.413498340914327 0
    endloop
  endfacet
  facet normal 0 0 -1
    outer loop
      vertex -104.96715954283306 28.125865631290928 0
      vertex -105.54911211432989 1.2781276727142616 0
      vertex -105.63510557068517 1.3487006784950997 0
    endloop
  endfacet
  facet normal 0 0 -1
    outer loop
      vertex -104.96715954283306 28.125865631290928 0
      vertex -105.46791847198287 1.2020815280171309 0
      vertex -105.54911211432989 1.2781276727142616 0
    endloop
  endfacet
  facet normal 0 0 -1
    outer loop
      vertex -104.96715954283306 28.125865631290928 0
      vertex -104.97363983049438 0.1111853196912432 0
      vertex -104.98454373566453 0.22189452677408766 0
    endloop
  endfacet
  facet normal 0 0 -1
    outer loop
      vertex -104.96715954283306 28.125865631290928 0
      vertex -104.97 0 0
      vertex -104.97363983049438 0.1111853196912432 0
    endloop
  endfacet
  facet normal 0 0 -1
    outer loop
      vertex -104.96715954283306 28.125865631290928 0
      vertex -105.02792609530859 0.43999237667428526 0
      vertex -105.06021877985832 0.5464470910153747 0
    endloop
  endfacet
  facet normal 0 0 -1
    outer loop
      vertex -104.96715954283306 28.125865631290928 0
      vertex -105.0026650233145 0.33165354742741804 0
      vertex -105.02792609530859 0.43999237667428526 0
    endloop
  endfacet
  facet normal 0 0 -1
    outer loop
      vertex -104.96715954283306 28.125865631290928 0
      vertex -104.98454373566453 0.22189452677408766 0
      vertex -105.0026650233145 0.33165354742741804 0
    endloop
  endfacet
  facet normal 0 0 -1
    outer loop
      vertex -104.96715954283306 28.125865631290928 0
      vertex -105.19775681356646 0.85 0
      vertex -105.25650165908567 0.9444693961333237 0
    endloop
  endfacet
  facet normal 0 0 -1
    outer loop
      vertex -104.96715954283306 28.125865631290928 0
      vertex -105.14531633939443 0.7518907733723021 0
      vertex -105.19775681356646 0.85 0
    endloop
  endfacet
  facet normal 0 0 -1
    outer loop
      vertex -104.96715954283306 28.125865631290928 0
      vertex -105.09940479473082 0.6505618350206526 0
      vertex -105.14531633939443 0.7518907733723021 0
    endloop
  endfacet
  facet normal 0 0 -1
    outer loop
      vertex -104.96715954283306 28.125865631290928 0
      vertex -105.3212993215049 1.034894429314825 0
      vertex -105.39187232728574 1.120887885670117 0
    endloop
  endfacet
  facet normal 0 0 -1
    outer loop
      vertex -104.96715954283306 28.125865631290928 0
      vertex -105.25650165908567 0.9444693961333237 0
      vertex -105.3212993215049 1.034894429314825 0
    endloop
  endfacet
  facet normal 0 0 -1
    outer loop
      vertex -104.96715954283306 28.125865631290928 0
      vertex -105.06021877985832 0.5464470910153747 0
      vertex -105.09940479473082 0.6505618350206526 0
    endloop
  endfacet
  facet normal 0 0 -1
    outer loop
      vertex -104.96715954283306 -28.125865631290928 0
      vertex -104.96715954283306 28.125865631290928 0
      vertex -102.90289717223314 34.93082669449457 0
    endloop
  endfacet
  facet normal 0 0 -1
    outer loop
      vertex -100.39798879800153 -41.58620859511431 0
      vertex -97.46316082235724 48.06351196609887 0
      vertex -97.67 0 0
    endloop
  endfacet
  facet normal 0 0 -1
    outer loop
      vertex -106.58193642141906 21.200465293492655 0
      vertex -104.96715954283306 28.125865631290928 0
      vertex -105.9181092266277 1.52468366060557 0
    endloop
  endfacet
  facet normal 0 0 -1
    outer loop
      vertex -102.90289717223314 -34.93082669449457 0
      vertex -102.90289717223314 34.93082669449457 0
      vertex -100.39798879800153 41.58620859511431 0
    endloop
  endfacet
  facet normal 0 0 -1
    outer loop
      vertex -100.39798879800153 -41.58620859511431 0
      vertex -100.39798879800153 41.58620859511431 0
      vertex -97.46316082235724 48.06351196609887 0
    endloop
  endfacet
  facet normal 0 0 -1
    outer loop
      vertex -97.46316082235724 48.06351196609887 0
      vertex -97.4608810327144 6.387923631908073 0
      vertex -97.67 0 0
    endloop
  endfacet
  facet normal 0 0 -1
    outer loop
      vertex -97.46316082235724 48.06351196609887 0
      vertex -96.83441961038007 12.748493194132438 0
      vertex -97.4608810327144 6.387923631908073 0
    endloop
  endfacet
  facet normal 0 0 -1
    outer loop
      vertex -97.46316082235724 48.06351196609887 0
      vertex -95.79329833698351 19.054471751315248 0
      vertex -96.83441961038007 12.748493194132438 0
    endloop
  endfacet
  facet normal 0 0 -1
    outer loop
      vertex -97.46316082235724 48.06351196609887 0
      vertex -94.11098062925494 54.335 0
      vertex -95.79329833698351 19.054471751315248 0
    endloop
  endfacet
  facet normal 0 0 -1
    outer loop
      vertex -94.11098062925494 54.335 0
      vertex -94.3419754536533 25.278856135163203 0
      vertex -95.79329833698351 19.054471751315248 0
    endloop
  endfacet
  facet normal 0 0 -1
    outer loop
      vertex -94.11098062925494 54.335 0
      vertex -92.48666574778697 31.394992576159794 0
      vertex -94.3419754536533 25.278856135163203 0
    endloop
  endfacet
  facet normal 0 0 -1
    outer loop
      vertex -90.3558027689176 60.37381722224017 0
      vertex -90.23531394037738 37.376690839098316 0
      vertex -92.48666574778697 31.394992576159794 0
    endloop
  endfacet
  facet normal 0 0 -1
    outer loop
      vertex -90.3558027689176 60.37381722224017 0
      vertex -87.59756066549767 43.198336373689855 0
      vertex -90.23531394037738 37.376690839098316 0
    endloop
  endfacet
  facet normal 0 0 -1
    outer loop
      vertex -94.11098062925494 54.335 0
      vertex -90.3558027689176 60.37381722224017 0
      vertex -92.48666574778697 31.394992576159794 0
    endloop
  endfacet
  facet normal 0 0 -1
    outer loop
      vertex -86.21370748944852 66.15410449037768 0
      vertex -84.58470118762612 48.835 0
      vertex -87.59756066549767 43.198336373689855 0
    endloop
  endfacet
  facet normal -0.9994645874763656 0.032719082821777504 -6.261497762187465e-19
    outer loop
      vertex -108.67 0 0
      vertex -108.43732918833904 7.107358053439647 4
      vertex -108.43732918833904 7.107358053439647 0
    endloop
  endfacet
  facet normal -0.995184726672197 0.09801714032955963 2.2782192871444916e-18
    outer loop
      vertex -108.43732918833904 7.107358053439647 0
      vertex -107.74031308549198 14.184281308553004 4
      vertex -107.74031308549198 14.184281308553004 0
    endloop
  endfacet
  facet normal -0.9866433320848791 0.16289547339458788 2.0077943865432015e-17
    outer loop
      vertex -107.74031308549198 14.184281308553004 0
      vertex -106.58193642141906 21.200465293492655 4
      vertex -106.58193642141906 21.200465293492655 0
    endloop
  endfacet
  facet normal -0.9738769792773337 0.22707626303437287 -2.5319809456803894e-17
    outer loop
      vertex -106.58193642141906 21.200465293492655 0
      vertex -104.96715954283306 28.125865631290928 4
      vertex -104.96715954283306 28.125865631290928 0
    endloop
  endfacet
  facet normal -0.9569403357322088 0.29028467725446244 -1.2715136006167501e-17
    outer loop
      vertex -104.96715954283306 28.125865631290928 0
      vertex -102.90289717223314 34.93082669449457 4
      vertex -102.90289717223314 34.93082669449457 0
    endloop
  endfacet
  facet normal -0.9359059267573255 0.35225004792123393 2.6578391222153856e-17
    outer loop
      vertex -102.90289717223314 34.93082669449457 0
      vertex -100.39798879800153 41.58620859511431 4
      vertex -100.39798879800153 41.58620859511431 0
    endloop
  endfacet
  facet normal -0.9108638249211757 0.412707029804395 -1.0380266033486107e-17
    outer loop
      vertex -100.39798879800153 41.58620859511431 0
      vertex -97.46316082235724 48.06351196609887 4
      vertex -97.46316082235724 48.06351196609887 0
    endloop
  endfacet
  facet normal -0.8819212643483545 0.47139673682599875 -3.793748029808622e-17
    outer loop
      vertex -97.46316082235724 48.06351196609887 0
      vertex -94.11098062925494 54.335 4
      vertex -94.11098062925494 54.335 0
    endloop
  endfacet
  facet normal 0 0 -1
    outer loop
      vertex -90.3558027689176 60.37381722224017 0
      vertex -86.21370748944852 66.15410449037768 0
      vertex -87.59756066549767 43.198336373689855 0
    endloop
  endfacet
  facet normal 0 0 -1
    outer loop
      vertex -81.70243187874048 71.65110972692449 0
      vertex -81.2096370335896 54.26254465902455 0
      vertex -84.58470118762612 48.835 0
    endloop
  endfacet
  facet normal 0 0 -1
    outer loop
      vertex -86.21370748944852 66.15410449037768 0
      vertex -81.70243187874048 71.65110972692449 0
      vertex -84.58470118762612 48.835 0
    endloop
  endfacet
  facet normal 0 0 -1
    outer loop
      vertex -81.70243187874048 71.65110972692449 0
      vertex -77.48682074624494 59.45772877128175 0
      vertex -81.2096370335896 54.26254465902455 0
    endloop
  endfacet
  facet normal 0 0 -1
    outer loop
      vertex -76.84057869008336 74.4826109530357 0
      vertex -73.43219399647174 64.39830576082373 0
      vertex -77.48682074624494 59.45772877128175 0
    endloop
  endfacet
  facet normal 0 0 -1
    outer loop
      vertex -81.70243187874048 71.65110972692449 0
      vertex -76.89932353560258 74.57708034916904 0
      vertex -77.48682074624494 59.45772877128175 0
    endloop
  endfacet
  facet normal 0 0 -1
    outer loop
      vertex -81.70243187874048 71.65110972692449 0
      vertex -77.06915425386045 74.98708797249475 0
      vertex -77.03686156931072 74.88063325815365 0
    endloop
  endfacet
  facet normal 0 0 -1
    outer loop
      vertex -81.70243187874048 71.65110972692449 0
      vertex -77.03686156931072 74.88063325815365 0
      vertex -76.99767555443822 74.77651851414838 0
    endloop
  endfacet
  facet normal 0 0 -1
    outer loop
      vertex -81.70243187874048 71.65110972692449 0
      vertex -76.99767555443822 74.77651851414838 0
      vertex -76.9517640097746 74.67518957579674 0
    endloop
  endfacet
  facet normal 0 0 -1
    outer loop
      vertex -81.70243187874048 71.65110972692449 0
      vertex -76.9517640097746 74.67518957579674 0
      vertex -76.89932353560258 74.57708034916904 0
    endloop
  endfacet
  facet normal 0 0 -1
    outer loop
      vertex -81.70243187874048 71.65110972692449 0
      vertex -77.12344051867466 75.31589502947779 0
      vertex -77.1125366135045 75.20518582239494 0
    endloop
  endfacet
  facet normal 0 0 -1
    outer loop
      vertex -81.70243187874048 71.65110972692449 0
      vertex -77.1125366135045 75.20518582239494 0
      vertex -77.09441532585453 75.09542680174161 0
    endloop
  endfacet
  facet normal 0 0 -1
    outer loop
      vertex -81.70243187874048 71.65110972692449 0
      vertex -77.09441532585453 75.09542680174161 0
      vertex -77.06915425386045 74.98708797249475 0
    endloop
  endfacet
  facet normal 0 0 -1
    outer loop
      vertex -81.70243187874048 71.65110972692449 0
      vertex -77.1125366135045 75.64897487594313 0
      vertex -77.12344051867466 75.53826566886028 0
    endloop
  endfacet
  facet normal 0 0 -1
    outer loop
      vertex -81.70243187874048 71.65110972692449 0
      vertex -77.12344051867466 75.53826566886028 0
      vertex -77.12708034916903 75.42708034916903 0
    endloop
  endfacet
  facet normal 0 0 -1
    outer loop
      vertex -81.70243187874048 71.65110972692449 0
      vertex -77.12708034916903 75.42708034916903 0
      vertex -77.12344051867466 75.31589502947779 0
    endloop
  endfacet
  facet normal 0 0 -1
    outer loop
      vertex -81.70243187874048 71.65110972692449 0
      vertex -77.03686156931072 75.97352744018441 0
      vertex -77.06915425386045 75.86707272584331 0
    endloop
  endfacet
  facet normal 0 0 -1
    outer loop
      vertex -81.70243187874048 71.65110972692449 0
      vertex -77.06915425386045 75.86707272584331 0
      vertex -77.09441532585453 75.75873389659645 0
    endloop
  endfacet
  facet normal 0 0 -1
    outer loop
      vertex -81.70243187874048 71.65110972692449 0
      vertex -77.09441532585453 75.75873389659645 0
      vertex -77.1125366135045 75.64897487594313 0
    endloop
  endfacet
  facet normal 0 0 -1
    outer loop
      vertex -81.70243187874048 71.65110972692449 0
      vertex -76.9517640097746 76.17897112254133 0
      vertex -76.99767555443822 76.07764218418968 0
    endloop
  endfacet
  facet normal 0 0 -1
    outer loop
      vertex -81.70243187874048 71.65110972692449 0
      vertex -76.99767555443822 76.07764218418968 0
      vertex -77.03686156931072 75.97352744018441 0
    endloop
  endfacet
  facet normal 0 0 -1
    outer loop
      vertex -81.70243187874048 71.65110972692449 0
      vertex -76.89932353560258 76.27708034916903 0
      vertex -76.9517640097746 76.17897112254133 0
    endloop
  endfacet
  facet normal 0 0 -1
    outer loop
      vertex -77.48682074624494 59.45772877128175 0
      vertex -76.89932353560258 74.57708034916904 0
      vertex -76.84057869008336 74.4826109530357 0
    endloop
  endfacet
  facet normal 0 0 -1
    outer loop
      vertex -76.77578102766414 74.3921859198542 0
      vertex -73.43219399647174 64.39830576082373 0
      vertex -76.84057869008336 74.4826109530357 0
    endloop
  endfacet
  facet normal 0 0 -1
    outer loop
      vertex -76.7052080218833 74.30619246349892 0
      vertex -73.43219399647174 64.39830576082373 0
      vertex -76.77578102766414 74.3921859198542 0
    endloop
  endfacet
  facet normal 0 0 -1
    outer loop
      vertex -76.62916187718616 74.2249988211519 0
      vertex -73.43219399647174 64.39830576082373 0
      vertex -76.7052080218833 74.30619246349892 0
    endloop
  endfacet
  facet normal 0 0 -1
    outer loop
      vertex -76.54796823483915 74.14895267645477 0
      vertex -76.46197477848386 74.07837967067393 0
      vertex -73.43219399647174 64.39830576082373 0
    endloop
  endfacet
  facet normal 0 0 -1
    outer loop
      vertex -76.46197477848386 74.07837967067393 0
      vertex -76.37154974530236 74.0135820082547 0
      vertex -73.43219399647174 64.39830576082373 0
    endloop
  endfacet
  facet normal 0 0 -1
    outer loop
      vertex -76.37154974530236 74.0135820082547 0
      vertex -76.27708034916903 73.95483716273549 0
      vertex -73.43219399647174 64.39830576082373 0
    endloop
  endfacet
  facet normal 0 0 -1
    outer loop
      vertex -76.27708034916903 73.95483716273549 0
      vertex -76.17897112254133 73.90239668856346 0
      vertex -73.43219399647174 64.39830576082373 0
    endloop
  endfacet
  facet normal 0 0 -1
    outer loop
      vertex -76.17897112254133 73.90239668856346 0
      vertex -76.07764218418968 73.85648514389985 0
      vertex -73.43219399647174 64.39830576082373 0
    endloop
  endfacet
  facet normal 0 0 -1
    outer loop
      vertex -76.07764218418968 73.85648514389985 0
      vertex -75.97352744018441 73.81729912902735 0
      vertex -73.43219399647174 64.39830576082373 0
    endloop
  endfacet
  facet normal 0 0 -1
    outer loop
      vertex -76.62916187718616 74.2249988211519 0
      vertex -76.54796823483915 74.14895267645477 0
      vertex -73.43219399647174 64.39830576082373 0
    endloop
  endfacet
  facet normal 0 0 -1
    outer loop
      vertex -75.97352744018441 73.81729912902735 0
      vertex -75.86707272584331 73.78500644447762 0
      vertex -73.43219399647174 64.39830576082373 0
    endloop
  endfacet
  facet normal 0 0 -1
    outer loop
      vertex -75.86707272584331 73.78500644447762 0
      vertex -75.75873389659645 73.75974537248354 0
      vertex -73.43219399647174 64.39830576082373 0
    endloop
  endfacet
  facet normal 0 0 -1
    outer loop
      vertex -73.43219399647174 64.39830576082373 0
      vertex -75.75873389659645 73.75974537248354 0
      vertex -75.64897487594313 73.74162408483356 0
    endloop
  endfacet
  facet normal 0 0 -1
    outer loop
      vertex -73.43219399647174 64.39830576082373 0
      vertex -75.64897487594313 73.74162408483356 0
      vertex -75.53826566886028 73.73072017966341 0
    endloop
  endfacet
  facet normal 0 0 -1
    outer loop
      vertex -73.43219399647174 64.39830576082373 0
      vertex -75.53826566886028 73.73072017966341 0
      vertex -75.42708034916903 73.72708034916903 0
    endloop
  endfacet
  facet normal 0 0 -1
    outer loop
      vertex -73.43219399647174 64.39830576082373 0
      vertex -75.42708034916903 73.72708034916903 0
      vertex -75.31589502947779 73.73072017966341 0
    endloop
  endfacet
  facet normal 0 0 -1
    outer loop
      vertex -81.70243187874048 71.65110972692449 0
      vertex -76.84129391154212 76.84129391154212 0
      vertex -76.89932353560258 76.27708034916903 0
    endloop
  endfacet
  facet normal 0 0 -1
    outer loop
      vertex -76.84129391154212 76.84129391154212 0
      vertex -76.84057869008336 76.37154974530236 0
      vertex -76.89932353560258 76.27708034916903 0
    endloop
  endfacet
  facet normal 0 0 -1
    outer loop
      vertex -76.84129391154212 76.84129391154212 0
      vertex -76.77578102766414 76.46197477848386 0
      vertex -76.84057869008336 76.37154974530236 0
    endloop
  endfacet
  facet normal 0 0 -1
    outer loop
      vertex -76.84129391154212 76.84129391154212 0
      vertex -76.7052080218833 76.54796823483915 0
      vertex -76.77578102766414 76.46197477848386 0
    endloop
  endfacet
  facet normal 0 0 -1
    outer loop
      vertex -76.84129391154212 76.84129391154212 0
      vertex -76.62916187718616 76.62916187718616 0
      vertex -76.7052080218833 76.54796823483915 0
    endloop
  endfacet
  facet normal 0 0 -1
    outer loop
      vertex -76.84129391154212 76.84129391154212 0
      vertex -76.54796823483915 76.7052080218833 0
      vertex -76.62916187718616 76.62916187718616 0
    endloop
  endfacet
  facet normal 0 0 -1
    outer loop
      vertex -76.84129391154212 76.84129391154212 0
      vertex -71.65110972692449 81.70243187874048 0
      vertex -76.54796823483915 76.7052080218833 0
    endloop
  endfacet
  facet normal 0 0 -1
    outer loop
      vertex -71.65110972692449 81.70243187874048 0
      vertex -76.46197477848386 76.77578102766414 0
      vertex -76.54796823483915 76.7052080218833 0
    endloop
  endfacet
  facet normal 0 0 -1
    outer loop
      vertex -71.65110972692449 81.70243187874048 0
      vertex -76.37154974530236 76.84057869008336 0
      vertex -76.46197477848386 76.77578102766414 0
    endloop
  endfacet
  facet normal 0 0 -1
    outer loop
      vertex -71.65110972692449 81.70243187874048 0
      vertex -76.27708034916903 76.89932353560258 0
      vertex -76.37154974530236 76.84057869008336 0
    endloop
  endfacet
  facet normal 0 0 -1
    outer loop
      vertex -73.43219399647174 64.39830576082373 0
      vertex -75.31589502947779 73.73072017966341 0
      vertex -75.20518582239494 73.74162408483356 0
    endloop
  endfacet
  facet normal 0 0 -1
    outer loop
      vertex -73.43219399647174 64.39830576082373 0
      vertex -75.20518582239494 73.74162408483356 0
      vertex -75.09542680174161 73.75974537248354 0
    endloop
  endfacet
  facet normal 0 0 -1
    outer loop
      vertex -73.43219399647174 64.39830576082373 0
      vertex -75.09542680174161 73.75974537248354 0
      vertex -74.98708797249475 73.78500644447762 0
    endloop
  endfacet
  facet normal 0 0 -1
    outer loop
      vertex -73.43219399647174 64.39830576082373 0
      vertex -74.98708797249475 73.78500644447762 0
      vertex -74.88063325815365 73.81729912902735 0
    endloop
  endfacet
  facet normal 0 0 -1
    outer loop
      vertex -73.43219399647174 64.39830576082373 0
      vertex -74.88063325815365 73.81729912902735 0
      vertex -74.77651851414838 73.85648514389985 0
    endloop
  endfacet
  facet normal 0 0 -1
    outer loop
      vertex -73.43219399647174 64.39830576082373 0
      vertex -74.77651851414838 73.85648514389985 0
      vertex -74.67518957579674 73.90239668856346 0
    endloop
  endfacet
  facet normal 0 0 -1
    outer loop
      vertex -73.43219399647174 64.39830576082373 0
      vertex -74.67518957579674 73.90239668856346 0
      vertex -74.57708034916904 73.95483716273549 0
    endloop
  endfacet
  facet normal 0 0 -1
    outer loop
      vertex -73.43219399647174 64.39830576082373 0
      vertex -74.57708034916904 73.95483716273549 0
      vertex -74.4826109530357 74.0135820082547 0
    endloop
  endfacet
  facet normal 0 0 -1
    outer loop
      vertex -73.43219399647174 64.39830576082373 0
      vertex -74.4826109530357 74.0135820082547 0
      vertex -74.3921859198542 74.07837967067393 0
    endloop
  endfacet
  facet normal 0 0 -1
    outer loop
      vertex -73.43219399647174 64.39830576082373 0
      vertex -74.3921859198542 74.07837967067393 0
      vertex -74.30619246349892 74.14895267645477 0
    endloop
  endfacet
  facet normal 0 0 -1
    outer loop
      vertex -73.43219399647174 64.39830576082373 0
      vertex -74.30619246349892 74.14895267645477 0
      vertex -74.2249988211519 74.2249988211519 0
    endloop
  endfacet
  facet normal 0 0 -1
    outer loop
      vertex -73.43219399647174 64.39830576082373 0
      vertex -74.2249988211519 74.2249988211519 0
      vertex -74.14895267645477 74.30619246349892 0
    endloop
  endfacet
  facet normal 0 0 -1
    outer loop
      vertex -73.43219399647174 64.39830576082373 0
      vertex -74.14895267645477 74.30619246349892 0
      vertex -74.07837967067393 74.3921859198542 0
    endloop
  endfacet
  facet normal 0 0 -1
    outer loop
      vertex -73.43219399647174 64.39830576082373 0
      vertex -74.07837967067393 74.3921859198542 0
      vertex -74.0135820082547 74.4826109530357 0
    endloop
  endfacet
  facet normal 0 0 -1
    outer loop
      vertex -73.43219399647174 64.39830576082373 0
      vertex -74.0135820082547 74.4826109530357 0
      vertex -73.95483716273549 74.57708034916904 0
    endloop
  endfacet
  facet normal 0 0 -1
    outer loop
      vertex -73.43219399647174 64.39830576082373 0
      vertex -73.95483716273549 74.57708034916904 0
      vertex -73.90239668856346 74.67518957579674 0
    endloop
  endfacet
  facet normal 0 0 -1
    outer loop
      vertex -73.43219399647174 64.39830576082373 0
      vertex -73.90239668856346 74.67518957579674 0
      vertex -73.85648514389985 74.77651851414838 0
    endloop
  endfacet
  facet normal 0 0 -1
    outer loop
      vertex -73.43219399647174 64.39830576082373 0
      vertex -73.85648514389985 74.77651851414838 0
      vertex -73.81729912902735 74.88063325815365 0
    endloop
  endfacet
  facet normal 0 0 -1
    outer loop
      vertex -71.65110972692449 81.70243187874048 0
      vertex -69.06311931849011 69.06311931849011 0
      vertex -73.43219399647174 64.39830576082373 0
    endloop
  endfacet
  facet normal 0 0 -1
    outer loop
      vertex -71.65110972692449 81.70243187874048 0
      vertex -73.43219399647174 64.39830576082373 0
      vertex -73.81729912902735 74.88063325815365 0
    endloop
  endfacet
  facet normal 0 0 -1
    outer loop
      vertex -71.65110972692449 81.70243187874048 0
      vertex -73.81729912902735 74.88063325815365 0
      vertex -73.78500644447762 74.98708797249475 0
    endloop
  endfacet
  facet normal 0 0 -1
    outer loop
      vertex -71.65110972692449 81.70243187874048 0
      vertex -73.78500644447762 74.98708797249475 0
      vertex -73.75974537248354 75.09542680174161 0
    endloop
  endfacet
  facet normal 0 0 -1
    outer loop
      vertex -71.65110972692449 81.70243187874048 0
      vertex -73.75974537248354 75.09542680174161 0
      vertex -73.74162408483356 75.20518582239494 0
    endloop
  endfacet
  facet normal 0 0 -1
    outer loop
      vertex -71.65110972692449 81.70243187874048 0
      vertex -73.74162408483356 75.20518582239494 0
      vertex -73.73072017966341 75.31589502947779 0
    endloop
  endfacet
  facet normal 0 0 -1
    outer loop
      vertex -71.65110972692449 81.70243187874048 0
      vertex -73.73072017966341 75.31589502947779 0
      vertex -73.72708034916903 75.42708034916903 0
    endloop
  endfacet
  facet normal 0 0 -1
    outer loop
      vertex -71.65110972692449 81.70243187874048 0
      vertex -73.72708034916903 75.42708034916903 0
      vertex -73.73072017966341 75.53826566886028 0
    endloop
  endfacet
  facet normal 0 0 -1
    outer loop
      vertex -71.65110972692449 81.70243187874048 0
      vertex -73.73072017966341 75.53826566886028 0
      vertex -73.74162408483356 75.64897487594313 0
    endloop
  endfacet
  facet normal 0 0 -1
    outer loop
      vertex -71.65110972692449 81.70243187874048 0
      vertex -73.78500644447762 75.86707272584331 0
      vertex -73.81729912902735 75.97352744018441 0
    endloop
  endfacet
  facet normal 0 0 -1
    outer loop
      vertex -71.65110972692449 81.70243187874048 0
      vertex -73.75974537248354 75.75873389659645 0
      vertex -73.78500644447762 75.86707272584331 0
    endloop
  endfacet
  facet normal 0 0 -1
    outer loop
      vertex -71.65110972692449 81.70243187874048 0
      vertex -73.74162408483356 75.64897487594313 0
      vertex -73.75974537248354 75.75873389659645 0
    endloop
  endfacet
  facet normal 0 0 -1
    outer loop
      vertex -71.65110972692449 81.70243187874048 0
      vertex -73.90239668856346 76.17897112254133 0
      vertex -73.95483716273549 76.27708034916903 0
    endloop
  endfacet
  facet normal 0 0 -1
    outer loop
      vertex -71.65110972692449 81.70243187874048 0
      vertex -73.85648514389985 76.07764218418968 0
      vertex -73.90239668856346 76.17897112254133 0
    endloop
  endfacet
  facet normal 0 0 -1
    outer loop
      vertex -71.65110972692449 81.70243187874048 0
      vertex -73.81729912902735 75.97352744018441 0
      vertex -73.85648514389985 76.07764218418968 0
    endloop
  endfacet
  facet normal 0 0 -1
    outer loop
      vertex -71.65110972692449 81.70243187874048 0
      vertex -76.17897112254133 76.9517640097746 0
      vertex -76.27708034916903 76.89932353560258 0
    endloop
  endfacet
  facet normal 0 0 -1
    outer loop
      vertex -71.65110972692449 81.70243187874048 0
      vertex -76.07764218418968 76.99767555443822 0
      vertex -76.17897112254133 76.9517640097746 0
    endloop
  endfacet
  facet normal 0 0 -1
    outer loop
      vertex -71.65110972692449 81.70243187874048 0
      vertex -75.97352744018441 77.03686156931072 0
      vertex -76.07764218418968 76.99767555443822 0
    endloop
  endfacet
  facet normal 0 0 -1
    outer loop
      vertex -71.65110972692449 81.70243187874048 0
      vertex -75.86707272584331 77.06915425386045 0
      vertex -75.97352744018441 77.03686156931072 0
    endloop
  endfacet
  facet normal 0 0 -1
    outer loop
      vertex -71.65110972692449 81.70243187874048 0
      vertex -75.75873389659645 77.09441532585453 0
      vertex -75.86707272584331 77.06915425386045 0
    endloop
  endfacet
  facet normal 0 0 -1
    outer loop
      vertex -71.65110972692449 81.70243187874048 0
      vertex -75.64897487594313 77.1125366135045 0
      vertex -75.75873389659645 77.09441532585453 0
    endloop
  endfacet
  facet normal 0 0 -1
    outer loop
      vertex -71.65110972692449 81.70243187874048 0
      vertex -75.53826566886028 77.12344051867466 0
      vertex -75.64897487594313 77.1125366135045 0
    endloop
  endfacet
  facet normal 0 0 -1
    outer loop
      vertex -71.65110972692449 81.70243187874048 0
      vertex -75.42708034916903 77.12708034916903 0
      vertex -75.53826566886028 77.12344051867466 0
    endloop
  endfacet
  facet normal 0 0 -1
    outer loop
      vertex -71.65110972692449 81.70243187874048 0
      vertex -75.31589502947779 77.12344051867466 0
      vertex -75.42708034916903 77.12708034916903 0
    endloop
  endfacet
  facet normal 0 0 -1
    outer loop
      vertex -71.65110972692449 81.70243187874048 0
      vertex -75.20518582239494 77.1125366135045 0
      vertex -75.31589502947779 77.12344051867466 0
    endloop
  endfacet
  facet normal 0 0 -1
    outer loop
      vertex -71.65110972692449 81.70243187874048 0
      vertex -75.09542680174161 77.09441532585453 0
      vertex -75.20518582239494 77.1125366135045 0
    endloop
  endfacet
  facet normal 0 0 -1
    outer loop
      vertex -71.65110972692449 81.70243187874048 0
      vertex -74.98708797249475 77.06915425386045 0
      vertex -75.09542680174161 77.09441532585453 0
    endloop
  endfacet
  facet normal 0 0 -1
    outer loop
      vertex -71.65110972692449 81.70243187874048 0
      vertex -74.57708034916904 76.89932353560258 0
      vertex -74.67518957579674 76.9517640097746 0
    endloop
  endfacet
  facet normal 0 0 -1
    outer loop
      vertex -71.65110972692449 81.70243187874048 0
      vertex -74.4826109530357 76.84057869008336 0
      vertex -74.57708034916904 76.89932353560258 0
    endloop
  endfacet
  facet normal 0 0 -1
    outer loop
      vertex -71.65110972692449 81.70243187874048 0
      vertex -74.3921859198542 76.77578102766414 0
      vertex -74.4826109530357 76.84057869008336 0
    endloop
  endfacet
  facet normal 0 0 -1
    outer loop
      vertex -71.65110972692449 81.70243187874048 0
      vertex -74.30619246349892 76.7052080218833 0
      vertex -74.3921859198542 76.77578102766414 0
    endloop
  endfacet
  facet normal 0 0 -1
    outer loop
      vertex -71.65110972692449 81.70243187874048 0
      vertex -74.88063325815365 77.03686156931072 0
      vertex -74.98708797249475 77.06915425386045 0
    endloop
  endfacet
  facet normal 0 0 -1
    outer loop
      vertex -71.65110972692449 81.70243187874048 0
      vertex -74.77651851414838 76.99767555443822 0
      vertex -74.88063325815365 77.03686156931072 0
    endloop
  endfacet
  facet normal 0 0 -1
    outer loop
      vertex -71.65110972692449 81.70243187874048 0
      vertex -74.67518957579674 76.9517640097746 0
      vertex -74.77651851414838 76.99767555443822 0
    endloop
  endfacet
  facet normal 0 0 -1
    outer loop
      vertex -71.65110972692449 81.70243187874048 0
      vertex -74.14895267645477 76.54796823483915 0
      vertex -74.2249988211519 76.62916187718616 0
    endloop
  endfacet
  facet normal 0 0 -1
    outer loop
      vertex -71.65110972692449 81.70243187874048 0
      vertex -74.07837967067393 76.46197477848386 0
      vertex -74.14895267645477 76.54796823483915 0
    endloop
  endfacet
  facet normal 0 0 -1
    outer loop
      vertex -71.65110972692449 81.70243187874048 0
      vertex -74.0135820082547 76.37154974530236 0
      vertex -74.07837967067393 76.46197477848386 0
    endloop
  endfacet
  facet normal 0 0 -1
    outer loop
      vertex -71.65110972692449 81.70243187874048 0
      vertex -74.2249988211519 76.62916187718616 0
      vertex -74.30619246349892 76.7052080218833 0
    endloop
  endfacet
  facet normal 0 0 -1
    outer loop
      vertex -71.65110972692449 81.70243187874048 0
      vertex -73.95483716273549 76.27708034916903 0
      vertex -74.0135820082547 76.37154974530236 0
    endloop
  endfacet
  facet normal 0 0 -1
    outer loop
      vertex -71.65110972692449 81.70243187874048 0
      vertex -66.15410449037768 86.21370748944852 0
      vertex -69.06311931849011 69.06311931849011 0
    endloop
  endfacet
  facet normal 0 0 -1
    outer loop
      vertex -66.15410449037768 86.21370748944852 0
      vertex -64.39830576082373 73.43219399647174 0
      vertex -69.06311931849011 69.06311931849011 0
    endloop
  endfacet
  facet normal 0 0 -1
    outer loop
      vertex -60.37381722224017 90.3558027689176 0
      vertex -59.45772877128175 77.48682074624494 0
      vertex -64.39830576082373 73.43219399647174 0
    endloop
  endfacet
  facet normal 0 0 -1
    outer loop
      vertex -66.15410449037768 86.21370748944852 0
      vertex -60.37381722224017 90.3558027689176 0
      vertex -64.39830576082373 73.43219399647174 0
    endloop
  endfacet
  facet normal 0 0 -1
    outer loop
      vertex -60.37381722224017 90.3558027689176 0
      vertex -54.335 94.11098062925494 0
      vertex -59.45772877128175 77.48682074624494 0
    endloop
  endfacet
  facet normal 0 0 -1
    outer loop
      vertex -54.335 94.11098062925494 0
      vertex -54.26254465902455 81.2096370335896 0
      vertex -59.45772877128175 77.48682074624494 0
    endloop
  endfacet
  facet normal -0.8492021815265797 0.5280678506503667 5.256817944130042e-17
    outer loop
      vertex -94.11098062925494 54.335 0
      vertex -90.3558027689176 60.37381722224017 4
      vertex -90.3558027689176 60.37381722224017 0
    endloop
  endfacet
  facet normal -0.8128466845916149 0.5824776968678024 -6.017343357859658e-19
    outer loop
      vertex -90.3558027689176 60.37381722224017 0
      vertex -86.21370748944852 66.15410449037768 4
      vertex -86.21370748944852 66.15410449037768 0
    endloop
  endfacet
  facet normal -0.7730104533627378 0.6343932841636445 -2.719505939231867e-17
    outer loop
      vertex -86.21370748944852 66.15410449037768 0
      vertex -81.70243187874048 71.65110972692449 4
      vertex -81.70243187874048 71.65110972692449 0
    endloop
  endfacet
  facet normal -0.7298640726978353 0.6835923020228717 9.252941035493442e-18
    outer loop
      vertex -81.70243187874048 71.65110972692449 0
      vertex -76.84129391154212 76.84129391154212 4
      vertex -76.84129391154212 76.84129391154212 0
    endloop
  endfacet
  facet normal -0.6835923020228717 0.7298640726978353 0
    outer loop
      vertex -76.84129391154212 76.84129391154212 0
      vertex -76.84129391154212 76.84129391154212 4
      vertex -71.65110972692449 81.70243187874048 0
    endloop
  endfacet
  facet normal -0.6343932841636445 0.7730104533627378 0
    outer loop
      vertex -71.65110972692449 81.70243187874048 0
      vertex -71.65110972692449 81.70243187874048 4
      vertex -66.15410449037768 86.21370748944852 0
    endloop
  endfacet
  facet normal -0.5824776968678024 0.8128466845916149 0
    outer loop
      vertex -66.15410449037768 86.21370748944852 0
      vertex -66.15410449037768 86.21370748944852 4
      vertex -60.37381722224017 90.3558027689176 0
    endloop
  endfacet
  facet normal -0.5280678506503667 0.8492021815265797 0
    outer loop
      vertex -60.37381722224017 90.3558027689176 0
      vertex -60.37381722224017 90.3558027689176 4
      vertex -54.335 94.11098062925494 0
    endloop
  endfacet
  facet normal 0 0 -1
    outer loop
      vertex -54.335 94.11098062925494 0
      vertex -48.835 84.58470118762612 0
      vertex -54.26254465902455 81.2096370335896 0
    endloop
  endfacet
  facet normal 0 0 -1
    outer loop
      vertex -54.335 94.11098062925494 0
      vertex -48.06351196609887 97.46316082235724 0
      vertex -48.835 84.58470118762612 0
    endloop
  endfacet
  facet normal 0 0 -1
    outer loop
      vertex -48.06351196609887 97.46316082235724 0
      vertex -43.198336373689855 87.59756066549767 0
      vertex -48.835 84.58470118762612 0
    endloop
  endfacet
  facet normal 0 0 -1
    outer loop
      vertex -48.06351196609887 97.46316082235724 0
      vertex -41.58620859511431 100.39798879800153 0
      vertex -43.198336373689855 87.59756066549767 0
    endloop
  endfacet
  facet normal 0 0 -1
    outer loop
      vertex -41.58620859511431 100.39798879800153 0
      vertex -37.376690839098316 90.23531394037738 0
      vertex -43.198336373689855 87.59756066549767 0
    endloop
  endfacet
  facet normal 0 0 -1
    outer loop
      vertex -41.58620859511431 100.39798879800153 0
      vertex -34.93082669449457 102.90289717223314 0
      vertex -37.376690839098316 90.23531394037738 0
    endloop
  endfacet
  facet normal 0 0 -1
    outer loop
      vertex -34.93082669449457 102.90289717223314 0
      vertex -31.394992576159794 92.48666574778697 0
      vertex -37.376690839098316 90.23531394037738 0
    endloop
  endfacet
  facet normal 0 0 -1
    outer loop
      vertex -34.93082669449457 102.90289717223314 0
      vertex -28.125865631290928 104.96715954283306 0
      vertex -31.394992576159794 92.48666574778697 0
    endloop
  endfacet
  facet normal 0 0 -1
    outer loop
      vertex -28.125865631290928 104.96715954283306 0
      vertex -25.278856135163203 94.3419754536533 0
      vertex -31.394992576159794 92.48666574778697 0
    endloop
  endfacet
  facet normal 0 0 -1
    outer loop
      vertex -21.200465293492655 106.58193642141906 0
      vertex -19.054471751315248 95.79329833698351 0
      vertex -25.278856135163203 94.3419754536533 0
    endloop
  endfacet
  facet normal 0 0 -1
    outer loop
      vertex -28.125865631290928 104.96715954283306 0
      vertex -21.200465293492655 106.58193642141906 0
      vertex -25.278856135163203 94.3419754536533 0
    endloop
  endfacet
  facet normal 0 0 -1
    outer loop
      vertex -14.184281308553004 107.74031308549198 0
      vertex -12.748493194132438 96.83441961038007 0
      vertex -19.054471751315248 95.79329833698351 0
    endloop
  endfacet
  facet normal 0 0 -1
    outer loop
      vertex -21.200465293492655 106.58193642141906 0
      vertex -14.184281308553004 107.74031308549198 0
      vertex -19.054471751315248 95.79329833698351 0
    endloop
  endfacet
  facet normal 0 0 -1
    outer loop
      vertex -7.107358053439647 108.43732918833904 0
      vertex -6.387923631908073 97.4608810327144 0
      vertex -12.748493194132438 96.83441961038007 0
    endloop
  endfacet
  facet normal 0 0 -1
    outer loop
      vertex -14.184281308553004 107.74031308549198 0
      vertex -7.107358053439647 108.43732918833904 0
      vertex -12.748493194132438 96.83441961038007 0
    endloop
  endfacet
  facet normal 0 0 -1
    outer loop
      vertex -0.1111853196912432 104.97363983049438 0
      vertex 0 97.67 0
      vertex -6.387923631908073 97.4608810327144 0
    endloop
  endfacet
  facet normal 0 0 -1
    outer loop
      vertex -7.107358053439647 108.43732918833904 0
      vertex -1.3487006784950997 105.63510557068517 0
      vertex -6.387923631908073 97.4608810327144 0
    endloop
  endfacet
  facet normal 0 0 -1
    outer loop
      vertex -7.107358053439647 108.43732918833904 0
      vertex -1.5705952052691874 106.01943816497935 0
      vertex -1.52468366060557 105.9181092266277 0
    endloop
  endfacet
  facet normal 0 0 -1
    outer loop
      vertex -7.107358053439647 108.43732918833904 0
      vertex -1.6097812201416797 106.12355290898462 0
      vertex -1.5705952052691874 106.01943816497935 0
    endloop
  endfacet
  facet normal 0 0 -1
    outer loop
      vertex -7.107358053439647 108.43732918833904 0
      vertex -1.6420739046914161 106.23000762332572 0
      vertex -1.6097812201416797 106.12355290898462 0
    endloop
  endfacet
  facet normal 0 0 -1
    outer loop
      vertex -7.107358053439647 108.43732918833904 0
      vertex -1.6673349766854917 106.33834645257258 0
      vertex -1.6420739046914161 106.23000762332572 0
    endloop
  endfacet
  facet normal 0 0 -1
    outer loop
      vertex -7.107358053439647 108.43732918833904 0
      vertex -1.6854562643354776 106.44810547322591 0
      vertex -1.6673349766854917 106.33834645257258 0
    endloop
  endfacet
  facet normal 0 0 -1
    outer loop
      vertex -7.107358053439647 108.43732918833904 0
      vertex -1.6963601695056258 106.55881468030876 0
      vertex -1.6854562643354776 106.44810547322591 0
    endloop
  endfacet
  facet normal 0 0 -1
    outer loop
      vertex -7.107358053439647 108.43732918833904 0
      vertex -1.7 106.67 0
      vertex -1.6963601695056258 106.55881468030876 0
    endloop
  endfacet
  facet normal 0 0 -1
    outer loop
      vertex -7.107358053439647 108.43732918833904 0
      vertex -1.6963601695056258 106.78118531969125 0
      vertex -1.7 106.67 0
    endloop
  endfacet
  facet normal 0 0 -1
    outer loop
      vertex -7.107358053439647 108.43732918833904 0
      vertex -1.6854562643354776 106.8918945267741 0
      vertex -1.6963601695056258 106.78118531969125 0
    endloop
  endfacet
  facet normal 0 0 -1
    outer loop
      vertex -7.107358053439647 108.43732918833904 0
      vertex -1.6673349766854917 107.00165354742742 0
      vertex -1.6854562643354776 106.8918945267741 0
    endloop
  endfacet
  facet normal 0 0 -1
    outer loop
      vertex -7.107358053439647 108.43732918833904 0
      vertex -1.6420739046914161 107.10999237667428 0
      vertex -1.6673349766854917 107.00165354742742 0
    endloop
  endfacet
  facet normal 0 0 -1
    outer loop
      vertex -7.107358053439647 108.43732918833904 0
      vertex -1.6097812201416797 107.21644709101538 0
      vertex -1.6420739046914161 107.10999237667428 0
    endloop
  endfacet
  facet normal 0 0 -1
    outer loop
      vertex -7.107358053439647 108.43732918833904 0
      vertex -1.5705952052691874 107.32056183502065 0
      vertex -1.6097812201416797 107.21644709101538 0
    endloop
  endfacet
  facet normal 0 0 -1
    outer loop
      vertex -7.107358053439647 108.43732918833904 0
      vertex -1.52468366060557 107.4218907733723 0
      vertex -1.5705952052691874 107.32056183502065 0
    endloop
  endfacet
  facet normal 0 0 -1
    outer loop
      vertex -1.034894429314825 105.3212993215049 0
      vertex -0.9444693961333237 105.25650165908567 0
      vertex -6.387923631908073 97.4608810327144 0
    endloop
  endfacet
  facet normal 0 0 -1
    outer loop
      vertex -1.120887885670117 105.39187232728574 0
      vertex -1.034894429314825 105.3212993215049 0
      vertex -6.387923631908073 97.4608810327144 0
    endloop
  endfacet
  facet normal 0 0 -1
    outer loop
      vertex -0.7518907733723021 105.14531633939443 0
      vertex -0.6505618350206526 105.09940479473082 0
      vertex -6.387923631908073 97.4608810327144 0
    endloop
  endfacet
  facet normal 0 0 -1
    outer loop
      vertex -0.85 105.19775681356646 0
      vertex -0.7518907733723021 105.14531633939443 0
      vertex -6.387923631908073 97.4608810327144 0
    endloop
  endfacet
  facet normal 0 0 -1
    outer loop
      vertex -0.9444693961333237 105.25650165908567 0
      vertex -0.85 105.19775681356646 0
      vertex -6.387923631908073 97.4608810327144 0
    endloop
  endfacet
  facet normal 0 0 -1
    outer loop
      vertex -1.2781276727142616 105.54911211432989 0
      vertex -6.387923631908073 97.4608810327144 0
      vertex -1.3487006784950997 105.63510557068517 0
    endloop
  endfacet
  facet normal 0 0 -1
    outer loop
      vertex -6.387923631908073 97.4608810327144 0
      vertex -1.2020815280171309 105.46791847198287 0
      vertex -1.120887885670117 105.39187232728574 0
    endloop
  endfacet
  facet normal 0 0 -1
    outer loop
      vertex -1.2020815280171309 105.46791847198287 0
      vertex -6.387923631908073 97.4608810327144 0
      vertex -1.2781276727142616 105.54911211432989 0
    endloop
  endfacet
  facet normal 0 0 -1
    outer loop
      vertex -0.43999237667428526 105.02792609530859 0
      vertex -0.33165354742741804 105.0026650233145 0
      vertex -6.387923631908073 97.4608810327144 0
    endloop
  endfacet
  facet normal 0 0 -1
    outer loop
      vertex -0.5464470910153747 105.06021877985832 0
      vertex -0.43999237667428526 105.02792609530859 0
      vertex -6.387923631908073 97.4608810327144 0
    endloop
  endfacet
  facet normal 0 0 -1
    outer loop
      vertex -0.6505618350206526 105.09940479473082 0
      vertex -0.5464470910153747 105.06021877985832 0
      vertex -6.387923631908073 97.4608810327144 0
    endloop
  endfacet
  facet normal 0 0 -1
    outer loop
      vertex -0.22189452677408766 104.98454373566453 0
      vertex -0.1111853196912432 104.97363983049438 0
      vertex -6.387923631908073 97.4608810327144 0
    endloop
  endfacet
  facet normal 0 0 -1
    outer loop
      vertex -0.33165354742741804 105.0026650233145 0
      vertex -0.22189452677408766 104.98454373566453 0
      vertex -6.387923631908073 97.4608810327144 0
    endloop
  endfacet
  facet normal 0 0 -1
    outer loop
      vertex -0.1111853196912432 104.97363983049438 0
      vertex 0 104.97 0
      vertex 0 97.67 0
    endloop
  endfacet
  facet normal 0 0 -1
    outer loop
      vertex -7.107358053439647 108.43732918833904 0
      vertex -1.413498340914327 105.72553060386667 0
      vertex -1.3487006784950997 105.63510557068517 0
    endloop
  endfacet
  facet normal 0 0 -1
    outer loop
      vertex -7.107358053439647 108.43732918833904 0
      vertex -1.4722431864335457 105.82000000000001 0
      vertex -1.413498340914327 105.72553060386667 0
    endloop
  endfacet
  facet normal 0 0 -1
    outer loop
      vertex -7.107358053439647 108.43732918833904 0
      vertex -1.52468366060557 105.9181092266277 0
      vertex -1.4722431864335457 105.82000000000001 0
    endloop
  endfacet
  facet normal 0 0 -1
    outer loop
      vertex -7.107358053439647 108.43732918833904 0
      vertex -1.4722431864335457 107.52 0
      vertex -1.52468366060557 107.4218907733723 0
    endloop
  endfacet
  facet normal 0 0 -1
    outer loop
      vertex -7.107358053439647 108.43732918833904 0
      vertex -1.413498340914327 107.61446939613333 0
      vertex -1.4722431864335457 107.52 0
    endloop
  endfacet
  facet normal 0 0 -1
    outer loop
      vertex -7.107358053439647 108.43732918833904 0
      vertex -1.3487006784950997 107.70489442931483 0
      vertex -1.413498340914327 107.61446939613333 0
    endloop
  endfacet
  facet normal 0 0 -1
    outer loop
      vertex -7.107358053439647 108.43732918833904 0
      vertex -1.2781276727142616 107.79088788567012 0
      vertex -1.3487006784950997 107.70489442931483 0
    endloop
  endfacet
  facet normal 0 0 -1
    outer loop
      vertex -7.107358053439647 108.43732918833904 0
      vertex -1.2020815280171309 107.87208152801713 0
      vertex -1.2781276727142616 107.79088788567012 0
    endloop
  endfacet
  facet normal 0 0 -1
    outer loop
      vertex -7.107358053439647 108.43732918833904 0
      vertex -0.9444693961333237 108.08349834091433 0
      vertex -1.034894429314825 108.01870067849511 0
    endloop
  endfacet
  facet normal 0 0 -1
    outer loop
      vertex -7.107358053439647 108.43732918833904 0
      vertex -1.034894429314825 108.01870067849511 0
      vertex -1.120887885670117 107.94812767271426 0
    endloop
  endfacet
  facet normal 0 0 -1
    outer loop
      vertex -7.107358053439647 108.43732918833904 0
      vertex -1.120887885670117 107.94812767271426 0
      vertex -1.2020815280171309 107.87208152801713 0
    endloop
  endfacet
  facet normal 0 0 -1
    outer loop
      vertex -7.107358053439647 108.43732918833904 0
      vertex -0.85 108.14224318643355 0
      vertex -0.9444693961333237 108.08349834091433 0
    endloop
  endfacet
  facet normal 0 0 -1
    outer loop
      vertex -7.107358053439647 108.43732918833904 0
      vertex -0.5464470910153747 108.27978122014169 0
      vertex -0.6505618350206526 108.24059520526919 0
    endloop
  endfacet
  facet normal 0 0 -1
    outer loop
      vertex -7.107358053439647 108.43732918833904 0
      vertex -0.6505618350206526 108.24059520526919 0
      vertex -0.7518907733723021 108.19468366060558 0
    endloop
  endfacet
  facet normal 0 0 -1
    outer loop
      vertex -7.107358053439647 108.43732918833904 0
      vertex -0.7518907733723021 108.19468366060558 0
      vertex -0.85 108.14224318643355 0
    endloop
  endfacet
  facet normal 0 0 -1
    outer loop
      vertex -7.107358053439647 108.43732918833904 0
      vertex -0.22189452677408766 108.35545626433547 0
      vertex -0.33165354742741804 108.3373349766855 0
    endloop
  endfacet
  facet normal 0 0 -1
    outer loop
      vertex -7.107358053439647 108.43732918833904 0
      vertex -0.33165354742741804 108.3373349766855 0
      vertex -0.43999237667428526 108.31207390469142 0
    endloop
  endfacet
  facet normal 0 0 -1
    outer loop
      vertex -7.107358053439647 108.43732918833904 0
      vertex -0.43999237667428526 108.31207390469142 0
      vertex -0.5464470910153747 108.27978122014169 0
    endloop
  endfacet
  facet normal 0 0 -1
    outer loop
      vertex -7.107358053439647 108.43732918833904 0
      vertex 0 108.67 0
      vertex -0.22189452677408766 108.35545626433547 0
    endloop
  endfacet
  facet normal 0 0 -1
    outer loop
      vertex 0 108.67 0
      vertex 0 108.37 0
      vertex -0.1111853196912432 108.36636016950563 0
    endloop
  endfacet
  facet normal 0 0 -1
    outer loop
      vertex 0 108.67 0
      vertex -0.1111853196912432 108.36636016950563 0
      vertex -0.22189452677408766 108.35545626433547 0
    endloop
  endfacet
  facet normal -0.47139673682599875 0.8819212643483545 0
    outer loop
      vertex -54.335 94.11098062925494 0
      vertex -54.335 94.11098062925494 4
      vertex -48.06351196609887 97.46316082235724 0
    endloop
  endfacet
  facet normal -0.412707029804395 0.9108638249211757 0
    outer loop
      vertex -48.06351196609887 97.46316082235724 0
      vertex -48.06351196609887 97.46316082235724 4
      vertex -41.58620859511431 100.39798879800153 0
    endloop
  endfacet
  facet normal -0.35225004792123393 0.9359059267573255 0
    outer loop
      vertex -41.58620859511431 100.39798879800153 0
      vertex -41.58620859511431 100.39798879800153 4
      vertex -34.93082669449457 102.90289717223314 0
    endloop
  endfacet
  facet normal -0.29028467725446244 0.9569403357322088 0
    outer loop
      vertex -34.93082669449457 102.90289717223314 0
      vertex -34.93082669449457 102.90289717223314 4
      vertex -28.125865631290928 104.96715954283306 0
    endloop
  endfacet
  facet normal -0.22707626303437287 0.9738769792773337 0
    outer loop
      vertex -28.125865631290928 104.96715954283306 0
      vertex -28.125865631290928 104.96715954283306 4
      vertex -21.200465293492655 106.58193642141906 0
    endloop
  endfacet
  facet normal -0.16289547339458788 0.9866433320848791 0
    outer loop
      vertex -21.200465293492655 106.58193642141906 0
      vertex -21.200465293492655 106.58193642141906 4
      vertex -14.184281308553004 107.74031308549198 0
    endloop
  endfacet
  facet normal -0.09801714032955963 0.995184726672197 0
    outer loop
      vertex -14.184281308553004 107.74031308549198 0
      vertex -14.184281308553004 107.74031308549198 4
      vertex -7.107358053439647 108.43732918833904 0
    endloop
  endfacet
  facet normal -0.032719082821777504 0.9994645874763656 0
    outer loop
      vertex -7.107358053439647 108.43732918833904 0
      vertex -7.107358053439647 108.43732918833904 4
      vertex 0 108.67 0
    endloop
  endfacet
  facet normal -0.9994645874763656 0.032719082821777504 0
    outer loop
      vertex -108.67 0 0
      vertex -108.67 0 4
      vertex -108.43732918833904 7.107358053439647 4
    endloop
  endfacet
  facet normal -0.995184726672197 0.09801714032955963 0
    outer loop
      vertex -108.43732918833904 7.107358053439647 0
      vertex -108.43732918833904 7.107358053439647 4
      vertex -107.74031308549198 14.184281308553004 4
    endloop
  endfacet
  facet normal -0.9866433320848791 0.16289547339458788 0
    outer loop
      vertex -107.74031308549198 14.184281308553004 0
      vertex -107.74031308549198 14.184281308553004 4
      vertex -106.58193642141906 21.200465293492655 4
    endloop
  endfacet
  facet normal -0.9738769792773337 0.22707626303437287 0
    outer loop
      vertex -106.58193642141906 21.200465293492655 0
      vertex -106.58193642141906 21.200465293492655 4
      vertex -104.96715954283306 28.125865631290928 4
    endloop
  endfacet
  facet normal -0.9569403357322088 0.29028467725446244 0
    outer loop
      vertex -104.96715954283306 28.125865631290928 0
      vertex -104.96715954283306 28.125865631290928 4
      vertex -102.90289717223314 34.93082669449457 4
    endloop
  endfacet
  facet normal -0.9359059267573255 0.35225004792123393 0
    outer loop
      vertex -102.90289717223314 34.93082669449457 0
      vertex -102.90289717223314 34.93082669449457 4
      vertex -100.39798879800153 41.58620859511431 4
    endloop
  endfacet
  facet normal -0.9108638249211757 0.412707029804395 0
    outer loop
      vertex -100.39798879800153 41.58620859511431 0
      vertex -100.39798879800153 41.58620859511431 4
      vertex -97.46316082235724 48.06351196609887 4
    endloop
  endfacet
  facet normal -0.8819212643483545 0.47139673682599875 0
    outer loop
      vertex -97.46316082235724 48.06351196609887 0
      vertex -97.46316082235724 48.06351196609887 4
      vertex -94.11098062925494 54.335 4
    endloop
  endfacet
  facet normal 0 0 1
    outer loop
      vertex -108.43732918833904 -7.107358053439647 4
      vertex -108.43732918833904 7.107358053439647 4
      vertex -108.67 0 4
    endloop
  endfacet
  facet normal 0 0 1
    outer loop
      vertex -107.74031308549198 -14.184281308553004 4
      vertex -107.74031308549198 14.184281308553004 4
      vertex -108.43732918833904 7.107358053439647 4
    endloop
  endfacet
  facet normal 0 0 1
    outer loop
      vertex -106.58193642141906 -21.200465293492655 4
      vertex -106.58193642141906 21.200465293492655 4
      vertex -107.74031308549198 14.184281308553004 4
    endloop
  endfacet
  facet normal 0 0 1
    outer loop
      vertex -104.96715954283306 -28.125865631290928 4
      vertex -104.96715954283306 28.125865631290928 4
      vertex -106.58193642141906 21.200465293492655 4
    endloop
  endfacet
  facet normal 0 0 1
    outer loop
      vertex -102.90289717223314 -34.93082669449457 4
      vertex -102.90289717223314 34.93082669449457 4
      vertex -104.96715954283306 28.125865631290928 4
    endloop
  endfacet
  facet normal 0 0 1
    outer loop
      vertex -100.39798879800153 -41.58620859511431 4
      vertex -100.39798879800153 41.58620859511431 4
      vertex -102.90289717223314 34.93082669449457 4
    endloop
  endfacet
  facet normal 0 0 1
    outer loop
      vertex -100.39798879800153 41.58620859511431 4
      vertex -97.67 0 4
      vertex -97.4608810327144 6.387923631908073 4
    endloop
  endfacet
  facet normal 0 0 1
    outer loop
      vertex -97.46316082235724 48.06351196609887 4
      vertex -97.4608810327144 6.387923631908073 4
      vertex -96.83441961038007 12.748493194132438 4
    endloop
  endfacet
  facet normal 0 0 1
    outer loop
      vertex -97.46316082235724 48.06351196609887 4
      vertex -96.83441961038007 12.748493194132438 4
      vertex -95.79329833698351 19.054471751315248 4
    endloop
  endfacet
  facet normal 0 0 1
    outer loop
      vertex -100.39798879800153 41.58620859511431 4
      vertex -97.4608810327144 6.387923631908073 4
      vertex -97.46316082235724 48.06351196609887 4
    endloop
  endfacet
  facet normal 0 0 1
    outer loop
      vertex -97.46316082235724 48.06351196609887 4
      vertex -95.79329833698351 19.054471751315248 4
      vertex -94.3419754536533 25.278856135163203 4
    endloop
  endfacet
  facet normal 0 0 1
    outer loop
      vertex -97.46316082235724 48.06351196609887 4
      vertex -94.3419754536533 25.278856135163203 4
      vertex -92.48666574778697 31.394992576159794 4
    endloop
  endfacet
  facet normal 0 0 1
    outer loop
      vertex -94.11098062925494 54.335 4
      vertex -92.48666574778697 31.394992576159794 4
      vertex -90.23531394037738 37.376690839098316 4
    endloop
  endfacet
  facet normal 0 0 1
    outer loop
      vertex -97.46316082235724 48.06351196609887 4
      vertex -92.48666574778697 31.394992576159794 4
      vertex -94.11098062925494 54.335 4
    endloop
  endfacet
  facet normal 0 0 1
    outer loop
      vertex -90.3558027689176 60.37381722224017 4
      vertex -90.23531394037738 37.376690839098316 4
      vertex -87.59756066549767 43.198336373689855 4
    endloop
  endfacet
  facet normal 0 0 1
    outer loop
      vertex -94.11098062925494 54.335 4
      vertex -90.23531394037738 37.376690839098316 4
      vertex -90.3558027689176 60.37381722224017 4
    endloop
  endfacet
  facet normal 0 0 1
    outer loop
      vertex -90.3558027689176 60.37381722224017 4
      vertex -87.59756066549767 43.198336373689855 4
      vertex -84.58470118762612 48.835 4
    endloop
  endfacet
  facet normal -0.8492021815265797 0.5280678506503667 0
    outer loop
      vertex -94.11098062925494 54.335 0
      vertex -94.11098062925494 54.335 4
      vertex -90.3558027689176 60.37381722224017 4
    endloop
  endfacet
  facet normal -0.8128466845916149 0.5824776968678024 0
    outer loop
      vertex -90.3558027689176 60.37381722224017 0
      vertex -90.3558027689176 60.37381722224017 4
      vertex -86.21370748944852 66.15410449037768 4
    endloop
  endfacet
  facet normal -0.7730104533627378 0.6343932841636445 0
    outer loop
      vertex -86.21370748944852 66.15410449037768 0
      vertex -86.21370748944852 66.15410449037768 4
      vertex -81.70243187874048 71.65110972692449 4
    endloop
  endfacet
  facet normal -0.7298640726978353 0.6835923020228717 0
    outer loop
      vertex -81.70243187874048 71.65110972692449 0
      vertex -81.70243187874048 71.65110972692449 4
      vertex -76.84129391154212 76.84129391154212 4
    endloop
  endfacet
  facet normal -0.6835923020228717 0.7298640726978353 0
    outer loop
      vertex -71.65110972692449 81.70243187874048 0
      vertex -76.84129391154212 76.84129391154212 4
      vertex -71.65110972692449 81.70243187874048 4
    endloop
  endfacet
  facet normal -0.6343932841636445 0.7730104533627378 0
    outer loop
      vertex -66.15410449037768 86.21370748944852 0
      vertex -71.65110972692449 81.70243187874048 4
      vertex -66.15410449037768 86.21370748944852 4
    endloop
  endfacet
  facet normal -0.5824776968678024 0.8128466845916149 0
    outer loop
      vertex -60.37381722224017 90.3558027689176 0
      vertex -66.15410449037768 86.21370748944852 4
      vertex -60.37381722224017 90.3558027689176 4
    endloop
  endfacet
  facet normal -0.5280678506503667 0.8492021815265797 0
    outer loop
      vertex -54.335 94.11098062925494 0
      vertex -60.37381722224017 90.3558027689176 4
      vertex -54.335 94.11098062925494 4
    endloop
  endfacet
  facet normal 0 0 1
    outer loop
      vertex -90.3558027689176 60.37381722224017 4
      vertex -84.58470118762612 48.835 4
      vertex -86.21370748944852 66.15410449037768 4
    endloop
  endfacet
  facet normal 0 0 1
    outer loop
      vertex -86.21370748944852 66.15410449037768 4
      vertex -84.58470118762612 48.835 4
      vertex -81.2096370335896 54.26254465902455 4
    endloop
  endfacet
  facet normal 0 0 1
    outer loop
      vertex -86.21370748944852 66.15410449037768 4
      vertex -81.2096370335896 54.26254465902455 4
      vertex -81.70243187874048 71.65110972692449 4
    endloop
  endfacet
  facet normal 0 0 1
    outer loop
      vertex -81.70243187874048 71.65110972692449 4
      vertex -81.2096370335896 54.26254465902455 4
      vertex -77.48682074624494 59.45772877128175 4
    endloop
  endfacet
  facet normal 0 0 1
    outer loop
      vertex -81.70243187874048 71.65110972692449 4
      vertex -77.48682074624494 59.45772877128175 4
      vertex -73.43219399647174 64.39830576082373 4
    endloop
  endfacet
  facet normal 0 0 1
    outer loop
      vertex -81.70243187874048 71.65110972692449 4
      vertex -73.43219399647174 64.39830576082373 4
      vertex -76.84129391154212 76.84129391154212 4
    endloop
  endfacet
  facet normal 0 0 1
    outer loop
      vertex -76.84129391154212 76.84129391154212 4
      vertex -73.43219399647174 64.39830576082373 4
      vertex -69.06311931849011 69.06311931849011 4
    endloop
  endfacet
  facet normal 0 0 1
    outer loop
      vertex -76.84129391154212 76.84129391154212 4
      vertex -69.06311931849011 69.06311931849011 4
      vertex -71.65110972692449 81.70243187874048 4
    endloop
  endfacet
  facet normal 0 0 1
    outer loop
      vertex -71.65110972692449 81.70243187874048 4
      vertex -69.06311931849011 69.06311931849011 4
      vertex -64.39830576082373 73.43219399647174 4
    endloop
  endfacet
  facet normal 0 0 1
    outer loop
      vertex -71.65110972692449 81.70243187874048 4
      vertex -64.39830576082373 73.43219399647174 4
      vertex -66.15410449037768 86.21370748944852 4
    endloop
  endfacet
  facet normal 0 0 1
    outer loop
      vertex -66.15410449037768 86.21370748944852 4
      vertex -64.39830576082373 73.43219399647174 4
      vertex -59.45772877128175 77.48682074624494 4
    endloop
  endfacet
  facet normal 0 0 1
    outer loop
      vertex -66.15410449037768 86.21370748944852 4
      vertex -59.45772877128175 77.48682074624494 4
      vertex -60.37381722224017 90.3558027689176 4
    endloop
  endfacet
  facet normal 0 0 1
    outer loop
      vertex -60.37381722224017 90.3558027689176 4
      vertex -59.45772877128175 77.48682074624494 4
      vertex -54.26254465902455 81.2096370335896 4
    endloop
  endfacet
  facet normal 0 0 1
    outer loop
      vertex -60.37381722224017 90.3558027689176 4
      vertex -54.26254465902455 81.2096370335896 4
      vertex -54.335 94.11098062925494 4
    endloop
  endfacet
  facet normal -0.47139673682599875 0.8819212643483545 0
    outer loop
      vertex -48.06351196609887 97.46316082235724 0
      vertex -54.335 94.11098062925494 4
      vertex -48.06351196609887 97.46316082235724 4
    endloop
  endfacet
  facet normal -0.412707029804395 0.9108638249211757 0
    outer loop
      vertex -41.58620859511431 100.39798879800153 0
      vertex -48.06351196609887 97.46316082235724 4
      vertex -41.58620859511431 100.39798879800153 4
    endloop
  endfacet
  facet normal -0.35225004792123393 0.9359059267573255 0
    outer loop
      vertex -34.93082669449457 102.90289717223314 0
      vertex -41.58620859511431 100.39798879800153 4
      vertex -34.93082669449457 102.90289717223314 4
    endloop
  endfacet
  facet normal -0.29028467725446244 0.9569403357322088 0
    outer loop
      vertex -28.125865631290928 104.96715954283306 0
      vertex -34.93082669449457 102.90289717223314 4
      vertex -28.125865631290928 104.96715954283306 4
    endloop
  endfacet
  facet normal -0.22707626303437287 0.9738769792773337 0
    outer loop
      vertex -21.200465293492655 106.58193642141906 0
      vertex -28.125865631290928 104.96715954283306 4
      vertex -21.200465293492655 106.58193642141906 4
    endloop
  endfacet
  facet normal -0.16289547339458788 0.9866433320848791 0
    outer loop
      vertex -14.184281308553004 107.74031308549198 0
      vertex -21.200465293492655 106.58193642141906 4
      vertex -14.184281308553004 107.74031308549198 4
    endloop
  endfacet
  facet normal -0.09801714032955963 0.995184726672197 0
    outer loop
      vertex -7.107358053439647 108.43732918833904 0
      vertex -14.184281308553004 107.74031308549198 4
      vertex -7.107358053439647 108.43732918833904 4
    endloop
  endfacet
  facet normal -0.032719082821777504 0.9994645874763656 -6.261497762187465e-19
    outer loop
      vertex -7.107358053439647 108.43732918833904 4
      vertex 0 108.67 4
      vertex 0 108.67 0
    endloop
  endfacet
  facet normal 0 0 1
    outer loop
      vertex -54.335 94.11098062925494 4
      vertex -54.26254465902455 81.2096370335896 4
      vertex -48.835 84.58470118762612 4
    endloop
  endfacet
  facet normal 0 0 1
    outer loop
      vertex -54.335 94.11098062925494 4
      vertex -48.835 84.58470118762612 4
      vertex -43.198336373689855 87.59756066549767 4
    endloop
  endfacet
  facet normal 0 0 1
    outer loop
      vertex -54.335 94.11098062925494 4
      vertex -43.198336373689855 87.59756066549767 4
      vertex -48.06351196609887 97.46316082235724 4
    endloop
  endfacet
  facet normal 0 0 1
    outer loop
      vertex -48.06351196609887 97.46316082235724 4
      vertex -43.198336373689855 87.59756066549767 4
      vertex -37.376690839098316 90.23531394037738 4
    endloop
  endfacet
  facet normal 0 0 1
    outer loop
      vertex -48.06351196609887 97.46316082235724 4
      vertex -37.376690839098316 90.23531394037738 4
      vertex -41.58620859511431 100.39798879800153 4
    endloop
  endfacet
  facet normal 0 0 1
    outer loop
      vertex -41.58620859511431 100.39798879800153 4
      vertex -37.376690839098316 90.23531394037738 4
      vertex -31.394992576159794 92.48666574778697 4
    endloop
  endfacet
  facet normal 0 0 1
    outer loop
      vertex -41.58620859511431 100.39798879800153 4
      vertex -31.394992576159794 92.48666574778697 4
      vertex -34.93082669449457 102.90289717223314 4
    endloop
  endfacet
  facet normal 0 0 1
    outer loop
      vertex -34.93082669449457 102.90289717223314 4
      vertex -31.394992576159794 92.48666574778697 4
      vertex -25.278856135163203 94.3419754536533 4
    endloop
  endfacet
  facet normal 0 0 1
    outer loop
      vertex -34.93082669449457 102.90289717223314 4
      vertex -25.278856135163203 94.3419754536533 4
      vertex -28.125865631290928 104.96715954283306 4
    endloop
  endfacet
  facet normal 0 0 1
    outer loop
      vertex -28.125865631290928 104.96715954283306 4
      vertex -25.278856135163203 94.3419754536533 4
      vertex -19.054471751315248 95.79329833698351 4
    endloop
  endfacet
  facet normal 0 0 1
    outer loop
      vertex -28.125865631290928 104.96715954283306 4
      vertex -19.054471751315248 95.79329833698351 4
      vertex -21.200465293492655 106.58193642141906 4
    endloop
  endfacet
  facet normal 0 0 1
    outer loop
      vertex -21.200465293492655 106.58193642141906 4
      vertex -19.054471751315248 95.79329833698351 4
      vertex -12.748493194132438 96.83441961038007 4
    endloop
  endfacet
  facet normal 0 0 1
    outer loop
      vertex -21.200465293492655 106.58193642141906 4
      vertex -12.748493194132438 96.83441961038007 4
      vertex -14.184281308553004 107.74031308549198 4
    endloop
  endfacet
  facet normal 0 0 1
    outer loop
      vertex -14.184281308553004 107.74031308549198 4
      vertex -12.748493194132438 96.83441961038007 4
      vertex -6.387923631908073 97.4608810327144 4
    endloop
  endfacet
  facet normal 0 0 1
    outer loop
      vertex -14.184281308553004 107.74031308549198 4
      vertex -6.387923631908073 97.4608810327144 4
      vertex -7.107358053439647 108.43732918833904 4
    endloop
  endfacet
  facet normal 0 0 1
    outer loop
      vertex -7.107358053439647 108.43732918833904 4
      vertex -6.387923631908073 97.4608810327144 4
      vertex 0 97.67 4
    endloop
  endfacet
  facet normal 0 0 1
    outer loop
      vertex -7.107358053439647 108.43732918833904 4
      vertex 0 97.67 4
      vertex 0 108.67 4
    endloop
  endfacet
  facet normal 0 0 -1
    outer loop
      vertex 0 -108.67 0
      vertex 0.1111853196912432 -108.36636016950563 0
      vertex 0.22189452677408766 -108.35545626433547 0
    endloop
  endfacet
  facet normal 0 0 -1
    outer loop
      vertex 0 -108.67 0
      vertex 0 -108.37 0
      vertex 0.1111853196912432 -108.36636016950563 0
    endloop
  endfacet
  facet normal 0 0 -1
    outer loop
      vertex 0 -108.67 0
      vertex 0.22189452677408766 -108.35545626433547 0
      vertex 7.107358053439647 -108.43732918833904 0
    endloop
  endfacet
  facet normal 0 0 -1
    outer loop
      vertex 7.107358053439647 -108.43732918833904 0
      vertex 0.22189452677408766 -108.35545626433547 0
      vertex 0.33165354742741804 -108.3373349766855 0
    endloop
  endfacet
  facet normal 0 0 -1
    outer loop
      vertex 7.107358053439647 -108.43732918833904 0
      vertex 0.33165354742741804 -108.3373349766855 0
      vertex 0.43999237667428526 -108.31207390469142 0
    endloop
  endfacet
  facet normal 0 0 -1
    outer loop
      vertex 7.107358053439647 -108.43732918833904 0
      vertex 0.43999237667428526 -108.31207390469142 0
      vertex 0.5464470910153747 -108.27978122014169 0
    endloop
  endfacet
  facet normal 0 0 -1
    outer loop
      vertex 7.107358053439647 -108.43732918833904 0
      vertex 0.5464470910153747 -108.27978122014169 0
      vertex 0.6505618350206526 -108.24059520526919 0
    endloop
  endfacet
  facet normal 0 0 -1
    outer loop
      vertex 7.107358053439647 -108.43732918833904 0
      vertex 0.6505618350206526 -108.24059520526919 0
      vertex 0.7518907733723021 -108.19468366060558 0
    endloop
  endfacet
  facet normal 0 0 -1
    outer loop
      vertex 7.107358053439647 -108.43732918833904 0
      vertex 0.7518907733723021 -108.19468366060558 0
      vertex 0.85 -108.14224318643355 0
    endloop
  endfacet
  facet normal 0 0 -1
    outer loop
      vertex 7.107358053439647 -108.43732918833904 0
      vertex 0.85 -108.14224318643355 0
      vertex 0.9444693961333237 -108.08349834091433 0
    endloop
  endfacet
  facet normal 0 0 -1
    outer loop
      vertex 7.107358053439647 -108.43732918833904 0
      vertex 0.9444693961333237 -108.08349834091433 0
      vertex 1.034894429314825 -108.01870067849511 0
    endloop
  endfacet
  facet normal 0 0 -1
    outer loop
      vertex 7.107358053439647 -108.43732918833904 0
      vertex 1.034894429314825 -108.01870067849511 0
      vertex 1.120887885670117 -107.94812767271426 0
    endloop
  endfacet
  facet normal 0 0 -1
    outer loop
      vertex 7.107358053439647 -108.43732918833904 0
      vertex 1.120887885670117 -107.94812767271426 0
      vertex 1.2020815280171309 -107.87208152801713 0
    endloop
  endfacet
  facet normal 0 0 -1
    outer loop
      vertex 7.107358053439647 -108.43732918833904 0
      vertex 1.2020815280171309 -107.87208152801713 0
      vertex 1.2781276727142616 -107.79088788567012 0
    endloop
  endfacet
  facet normal 0 0 -1
    outer loop
      vertex 7.107358053439647 -108.43732918833904 0
      vertex 1.413498340914327 -107.61446939613333 0
      vertex 1.4722431864335457 -107.52 0
    endloop
  endfacet
  facet normal 0 0 -1
    outer loop
      vertex 7.107358053439647 -108.43732918833904 0
      vertex 1.3487006784950997 -107.70489442931483 0
      vertex 1.413498340914327 -107.61446939613333 0
    endloop
  endfacet
  facet normal 0 0 -1
    outer loop
      vertex 7.107358053439647 -108.43732918833904 0
      vertex 1.2781276727142616 -107.79088788567012 0
      vertex 1.3487006784950997 -107.70489442931483 0
    endloop
  endfacet
  facet normal 0 0 -1
    outer loop
      vertex 7.107358053439647 -108.43732918833904 0
      vertex 1.4722431864335457 -107.52 0
      vertex 1.52468366060557 -107.4218907733723 0
    endloop
  endfacet
  facet normal 0 0 -1
    outer loop
      vertex 0.22189452677408766 -104.98454373566453 0
      vertex 0.1111853196912432 -104.97363983049438 0
      vertex 6.395604881238967 -102.47060621565129 0
    endloop
  endfacet
  facet normal 0 0 -1
    outer loop
      vertex 0.33165354742741804 -105.0026650233145 0
      vertex 0.22189452677408766 -104.98454373566453 0
      vertex 6.395604881238967 -102.47060621565129 0
    endloop
  endfacet
  facet normal 0 0 -1
    outer loop
      vertex 6.395604881238967 -102.47060621565129 0
      vertex 0.1111853196912432 -104.97363983049438 0
      vertex 0 -104.97 0
    endloop
  endfacet
  facet normal 0 0 -1
    outer loop
      vertex 0.43999237667428526 -105.02792609530859 0
      vertex 0.33165354742741804 -105.0026650233145 0
      vertex 6.395604881238967 -102.47060621565129 0
    endloop
  endfacet
  facet normal 0 0 -1
    outer loop
      vertex 0.5464470910153747 -105.06021877985832 0
      vertex 0.43999237667428526 -105.02792609530859 0
      vertex 6.395604881238967 -102.47060621565129 0
    endloop
  endfacet
  facet normal 0 0 -1
    outer loop
      vertex 0.6505618350206526 -105.09940479473082 0
      vertex 0.5464470910153747 -105.06021877985832 0
      vertex 6.395604881238967 -102.47060621565129 0
    endloop
  endfacet
  facet normal 0 0 -1
    outer loop
      vertex 1.120887885670117 -105.39187232728574 0
      vertex 6.395604881238967 -102.47060621565129 0
      vertex 1.2020815280171309 -105.46791847198287 0
    endloop
  endfacet
  facet normal 0 0 -1
    outer loop
      vertex 1.2020815280171309 -105.46791847198287 0
      vertex 6.395604881238967 -102.47060621565129 0
      vertex 1.2781276727142616 -105.54911211432989 0
    endloop
  endfacet
  facet normal 0 0 -1
    outer loop
      vertex 1.413498340914327 -105.72553060386667 0
      vertex 6.395604881238967 -102.47060621565129 0
      vertex 1.4722431864335457 -105.82000000000001 0
    endloop
  endfacet
  facet normal 0 0 -1
    outer loop
      vertex 1.4722431864335457 -105.82000000000001 0
      vertex 6.395604881238967 -102.47060621565129 0
      vertex 1.52468366060557 -105.9181092266277 0
    endloop
  endfacet
  facet normal 0 0 -1
    outer loop
      vertex 1.52468366060557 -105.9181092266277 0
      vertex 6.395604881238967 -102.47060621565129 0
      vertex 1.5705952052691874 -106.01943816497935 0
    endloop
  endfacet
  facet normal 0 0 -1
    outer loop
      vertex 1.2781276727142616 -105.54911211432989 0
      vertex 6.395604881238967 -102.47060621565129 0
      vertex 1.3487006784950997 -105.63510557068517 0
    endloop
  endfacet
  facet normal 0 0 -1
    outer loop
      vertex 1.3487006784950997 -105.63510557068517 0
      vertex 6.395604881238967 -102.47060621565129 0
      vertex 1.413498340914327 -105.72553060386667 0
    endloop
  endfacet
  facet normal 0 0 -1
    outer loop
      vertex 0.7518907733723021 -105.14531633939443 0
      vertex 0.6505618350206526 -105.09940479473082 0
      vertex 6.395604881238967 -102.47060621565129 0
    endloop
  endfacet
  facet normal 0 0 -1
    outer loop
      vertex 0.85 -105.19775681356646 0
      vertex 0.7518907733723021 -105.14531633939443 0
      vertex 6.395604881238967 -102.47060621565129 0
    endloop
  endfacet
  facet normal 0 0 -1
    outer loop
      vertex 0.9444693961333237 -105.25650165908567 0
      vertex 0.85 -105.19775681356646 0
      vertex 6.395604881238967 -102.47060621565129 0
    endloop
  endfacet
  facet normal 0 0 -1
    outer loop
      vertex 1.034894429314825 -105.3212993215049 0
      vertex 0.9444693961333237 -105.25650165908567 0
      vertex 6.395604881238967 -102.47060621565129 0
    endloop
  endfacet
  facet normal 0 0 -1
    outer loop
      vertex 1.120887885670117 -105.39187232728574 0
      vertex 1.034894429314825 -105.3212993215049 0
      vertex 6.395604881238967 -102.47060621565129 0
    endloop
  endfacet
  facet normal 0 0 -1
    outer loop
      vertex 6.395604881238967 -102.47060621565129 0
      vertex 0 -104.97 0
      vertex 0 -102.67 0
    endloop
  endfacet
  facet normal 0 0 -1
    outer loop
      vertex 7.107358053439647 -108.43732918833904 0
      vertex 1.5705952052691874 -107.32056183502065 0
      vertex 1.6097812201416797 -107.21644709101538 0
    endloop
  endfacet
  facet normal 0 0 -1
    outer loop
      vertex 7.107358053439647 -108.43732918833904 0
      vertex 1.52468366060557 -107.4218907733723 0
      vertex 1.5705952052691874 -107.32056183502065 0
    endloop
  endfacet
  facet normal 0 0 -1
    outer loop
      vertex 7.107358053439647 -108.43732918833904 0
      vertex 1.6673349766854917 -107.00165354742742 0
      vertex 1.6854562643354776 -106.8918945267741 0
    endloop
  endfacet
  facet normal 0 0 -1
    outer loop
      vertex 7.107358053439647 -108.43732918833904 0
      vertex 1.6420739046914161 -107.10999237667428 0
      vertex 1.6673349766854917 -107.00165354742742 0
    endloop
  endfacet
  facet normal 0 0 -1
    outer loop
      vertex 7.107358053439647 -108.43732918833904 0
      vertex 1.6097812201416797 -107.21644709101538 0
      vertex 1.6420739046914161 -107.10999237667428 0
    endloop
  endfacet
  facet normal 0 0 -1
    outer loop
      vertex 7.107358053439647 -108.43732918833904 0
      vertex 1.7 -106.67 0
      vertex 1.6963601695056258 -106.55881468030876 0
    endloop
  endfacet
  facet normal 0 0 -1
    outer loop
      vertex 7.107358053439647 -108.43732918833904 0
      vertex 1.6963601695056258 -106.78118531969125 0
      vertex 1.7 -106.67 0
    endloop
  endfacet
  facet normal 0 0 -1
    outer loop
      vertex 7.107358053439647 -108.43732918833904 0
      vertex 1.6854562643354776 -106.8918945267741 0
      vertex 1.6963601695056258 -106.78118531969125 0
    endloop
  endfacet
  facet normal 0 0 -1
    outer loop
      vertex 7.107358053439647 -108.43732918833904 0
      vertex 1.6673349766854917 -106.33834645257258 0
      vertex 1.6420739046914161 -106.23000762332572 0
    endloop
  endfacet
  facet normal 0 0 -1
    outer loop
      vertex 7.107358053439647 -108.43732918833904 0
      vertex 1.6854562643354776 -106.44810547322591 0
      vertex 1.6673349766854917 -106.33834645257258 0
    endloop
  endfacet
  facet normal 0 0 -1
    outer loop
      vertex 7.107358053439647 -108.43732918833904 0
      vertex 1.6963601695056258 -106.55881468030876 0
      vertex 1.6854562643354776 -106.44810547322591 0
    endloop
  endfacet
  facet normal 0 0 -1
    outer loop
      vertex 7.107358053439647 -108.43732918833904 0
      vertex 1.6097812201416797 -106.12355290898462 0
      vertex 1.5705952052691874 -106.01943816497935 0
    endloop
  endfacet
  facet normal 0 0 -1
    outer loop
      vertex 7.107358053439647 -108.43732918833904 0
      vertex 1.6420739046914161 -106.23000762332572 0
      vertex 1.6097812201416797 -106.12355290898462 0
    endloop
  endfacet
  facet normal 0 0 -1
    outer loop
      vertex 7.107358053439647 -108.43732918833904 0
      vertex 1.5705952052691874 -106.01943816497935 0
      vertex 6.395604881238967 -102.47060621565129 0
    endloop
  endfacet
  facet normal 0 0 -1
    outer loop
      vertex 7.107358053439647 -108.43732918833904 0
      vertex 6.395604881238967 -102.47060621565129 0
      vertex 12.766368156157315 -101.87319934163968 0
    endloop
  endfacet
  facet normal 0 0 -1
    outer loop
      vertex 7.107358053439647 -108.43732918833904 0
      vertex 12.766368156157315 -101.87319934163968 0
      vertex 14.184281308553004 -107.74031308549198 0
    endloop
  endfacet
  facet normal 0 0 -1
    outer loop
      vertex 14.184281308553004 -107.74031308549198 0
      vertex 12.766368156157315 -101.87319934163968 0
      vertex 19.087544707416438 -100.8800998068617 0
    endloop
  endfacet
  facet normal 0 0 -1
    outer loop
      vertex 14.184281308553004 -107.74031308549198 0
      vertex 19.087544707416438 -100.8800998068617 0
      vertex 21.200465293492655 -106.58193642141906 0
    endloop
  endfacet
  facet normal 0 0 -1
    outer loop
      vertex 21.200465293492655 -106.58193642141906 0
      vertex 19.087544707416438 -100.8800998068617 0
      vertex 25.334582020862445 -99.49516497713942 0
    endloop
  endfacet
  facet normal 0 0 -1
    outer loop
      vertex 21.200465293492655 -106.58193642141906 0
      vertex 25.334582020862445 -99.49516497713942 0
      vertex 28.125865631290928 -104.96715954283306 0
    endloop
  endfacet
  facet normal 0 0 -1
    outer loop
      vertex 28.125865631290928 -104.96715954283306 0
      vertex 25.334582020862445 -99.49516497713942 0
      vertex 31.483215551625428 -97.72377417256197 0
    endloop
  endfacet
  facet normal 0 0 -1
    outer loop
      vertex 28.125865631290928 -104.96715954283306 0
      vertex 31.483215551625428 -97.72377417256197 0
      vertex 34.93082669449457 -102.90289717223314 0
    endloop
  endfacet
  facet normal 0 0 -1
    outer loop
      vertex 34.93082669449457 -102.90289717223314 0
      vertex 31.483215551625428 -97.72377417256197 0
      vertex 37.509562971697775 -95.57280777330045 0
    endloop
  endfacet
  facet normal 0 0 -1
    outer loop
      vertex 34.93082669449457 -102.90289717223314 0
      vertex 37.509562971697775 -95.57280777330045 0
      vertex 41.58620859511431 -100.39798879800153 0
    endloop
  endfacet
  facet normal 0 0 -1
    outer loop
      vertex 41.58620859511431 -100.39798879800153 0
      vertex 37.509562971697775 -95.57280777330045 0
      vertex 43.39021693291761 -93.05062049505284 0
    endloop
  endfacet
  facet normal 0 0 -1
    outer loop
      vertex 41.58620859511431 -100.39798879800153 0
      vertex 43.39021693291761 -93.05062049505284 0
      vertex 48.06351196609887 -97.46316082235724 0
    endloop
  endfacet
  facet normal 0 0 -1
    outer loop
      vertex 41.25747994797861 -88.47695127122446 0
      vertex 43.198336373689855 -87.59756066549767 0
      vertex 43.39021693291761 -93.05062049505284 0
    endloop
  endfacet
  facet normal 0 0 -1
    outer loop
      vertex 48.06351196609887 -97.46316082235724 0
      vertex 43.39021693291761 -93.05062049505284 0
      vertex 48.835 -84.58470118762612 0
    endloop
  endfacet
  facet normal 0 0 -1
    outer loop
      vertex 43.39021693291761 -93.05062049505284 0
      vertex 43.198336373689855 -87.59756066549767 0
      vertex 48.835 -84.58470118762612 0
    endloop
  endfacet
  facet normal 0 0 -1
    outer loop
      vertex 48.06351196609887 -97.46316082235724 0
      vertex 48.835 -84.58470118762612 0
      vertex 54.335 -94.11098062925494 0
    endloop
  endfacet
  facet normal 0 0 -1
    outer loop
      vertex 54.335 -94.11098062925494 0
      vertex 48.835 -84.58470118762612 0
      vertex 54.26254465902455 -81.2096370335896 0
    endloop
  endfacet
  facet normal 0.032719082821777504 -0.9994645874763656 -6.261497762187465e-19
    outer loop
      vertex 0 -108.67 0
      vertex 7.107358053439647 -108.43732918833904 0
      vertex 7.107358053439647 -108.43732918833904 4
    endloop
  endfacet
  facet normal 0.09801714032955963 -0.995184726672197 2.2782192871444916e-18
    outer loop
      vertex 7.107358053439647 -108.43732918833904 0
      vertex 14.184281308553004 -107.74031308549198 0
      vertex 14.184281308553004 -107.74031308549198 4
    endloop
  endfacet
  facet normal 0.16289547339458788 -0.9866433320848791 2.0077943865432015e-17
    outer loop
      vertex 14.184281308553004 -107.74031308549198 0
      vertex 21.200465293492655 -106.58193642141906 0
      vertex 21.200465293492655 -106.58193642141906 4
    endloop
  endfacet
  facet normal 0.22707626303437287 -0.9738769792773337 -2.5319809456803894e-17
    outer loop
      vertex 21.200465293492655 -106.58193642141906 0
      vertex 28.125865631290928 -104.96715954283306 0
      vertex 28.125865631290928 -104.96715954283306 4
    endloop
  endfacet
  facet normal 0.29028467725446244 -0.9569403357322088 -1.2715136006167501e-17
    outer loop
      vertex 28.125865631290928 -104.96715954283306 0
      vertex 34.93082669449457 -102.90289717223314 0
      vertex 34.93082669449457 -102.90289717223314 4
    endloop
  endfacet
  facet normal 0.35225004792123393 -0.9359059267573255 2.6578391222153856e-17
    outer loop
      vertex 34.93082669449457 -102.90289717223314 0
      vertex 41.58620859511431 -100.39798879800153 0
      vertex 41.58620859511431 -100.39798879800153 4
    endloop
  endfacet
  facet normal 0.412707029804395 -0.9108638249211757 -1.0380266033486107e-17
    outer loop
      vertex 41.58620859511431 -100.39798879800153 0
      vertex 48.06351196609887 -97.46316082235724 0
      vertex 48.06351196609887 -97.46316082235724 4
    endloop
  endfacet
  facet normal 0.47139673682599875 -0.8819212643483545 -3.793748029808622e-17
    outer loop
      vertex 48.06351196609887 -97.46316082235724 0
      vertex 54.335 -94.11098062925494 0
      vertex 54.335 -94.11098062925494 4
    endloop
  endfacet
  facet normal 0 0 -1
    outer loop
      vertex 54.335 -94.11098062925494 0
      vertex 54.26254465902455 -81.2096370335896 0
      vertex 59.45772877128175 -77.48682074624494 0
    endloop
  endfacet
  facet normal 0 0 -1
    outer loop
      vertex 54.335 -94.11098062925494 0
      vertex 59.45772877128175 -77.48682074624494 0
      vertex 60.37381722224017 -90.3558027689176 0
    endloop
  endfacet
  facet normal 0 0 -1
    outer loop
      vertex 60.37381722224017 -90.3558027689176 0
      vertex 64.39830576082373 -73.43219399647174 0
      vertex 66.15410449037768 -86.21370748944852 0
    endloop
  endfacet
  facet normal 0 0 -1
    outer loop
      vertex 60.37381722224017 -90.3558027689176 0
      vertex 59.45772877128175 -77.48682074624494 0
      vertex 64.39830576082373 -73.43219399647174 0
    endloop
  endfacet
  facet normal 0 0 -1
    outer loop
      vertex 66.15410449037768 -86.21370748944852 0
      vertex 64.39830576082373 -73.43219399647174 0
      vertex 69.06311931849011 -69.06311931849011 0
    endloop
  endfacet
  facet normal 0 0 -1
    outer loop
      vertex 66.15410449037768 -86.21370748944852 0
      vertex 69.06311931849011 -69.06311931849011 0
      vertex 71.65110972692449 -81.70243187874048 0
    endloop
  endfacet
  facet normal 0 0 -1
    outer loop
      vertex 71.65110972692449 -81.70243187874048 0
      vertex 73.95483716273549 -76.27708034916903 0
      vertex 74.0135820082547 -76.37154974530236 0
    endloop
  endfacet
  facet normal 0 0 -1
    outer loop
      vertex 71.65110972692449 -81.70243187874048 0
      vertex 74.2249988211519 -76.62916187718616 0
      vertex 74.30619246349892 -76.7052080218833 0
    endloop
  endfacet
  facet normal 0 0 -1
    outer loop
      vertex 71.65110972692449 -81.70243187874048 0
      vertex 74.14895267645477 -76.54796823483915 0
      vertex 74.2249988211519 -76.62916187718616 0
    endloop
  endfacet
  facet normal 0 0 -1
    outer loop
      vertex 71.65110972692449 -81.70243187874048 0
      vertex 74.07837967067393 -76.46197477848386 0
      vertex 74.14895267645477 -76.54796823483915 0
    endloop
  endfacet
  facet normal 0 0 -1
    outer loop
      vertex 71.65110972692449 -81.70243187874048 0
      vertex 74.0135820082547 -76.37154974530236 0
      vertex 74.07837967067393 -76.46197477848386 0
    endloop
  endfacet
  facet normal 0 0 -1
    outer loop
      vertex 71.65110972692449 -81.70243187874048 0
      vertex 74.88063325815365 -77.03686156931072 0
      vertex 74.98708797249475 -77.06915425386045 0
    endloop
  endfacet
  facet normal 0 0 -1
    outer loop
      vertex 71.65110972692449 -81.70243187874048 0
      vertex 74.77651851414838 -76.99767555443822 0
      vertex 74.88063325815365 -77.03686156931072 0
    endloop
  endfacet
  facet normal 0 0 -1
    outer loop
      vertex 71.65110972692449 -81.70243187874048 0
      vertex 74.67518957579674 -76.9517640097746 0
      vertex 74.77651851414838 -76.99767555443822 0
    endloop
  endfacet
  facet normal 0 0 -1
    outer loop
      vertex 71.65110972692449 -81.70243187874048 0
      vertex 74.57708034916904 -76.89932353560258 0
      vertex 74.67518957579674 -76.9517640097746 0
    endloop
  endfacet
  facet normal 0 0 -1
    outer loop
      vertex 71.65110972692449 -81.70243187874048 0
      vertex 74.4826109530357 -76.84057869008336 0
      vertex 74.57708034916904 -76.89932353560258 0
    endloop
  endfacet
  facet normal 0 0 -1
    outer loop
      vertex 71.65110972692449 -81.70243187874048 0
      vertex 74.3921859198542 -76.77578102766414 0
      vertex 74.4826109530357 -76.84057869008336 0
    endloop
  endfacet
  facet normal 0 0 -1
    outer loop
      vertex 71.65110972692449 -81.70243187874048 0
      vertex 74.30619246349892 -76.7052080218833 0
      vertex 74.3921859198542 -76.77578102766414 0
    endloop
  endfacet
  facet normal 0 0 -1
    outer loop
      vertex 71.65110972692449 -81.70243187874048 0
      vertex 75.20518582239494 -77.1125366135045 0
      vertex 75.31589502947779 -77.12344051867466 0
    endloop
  endfacet
  facet normal 0 0 -1
    outer loop
      vertex 71.65110972692449 -81.70243187874048 0
      vertex 75.09542680174161 -77.09441532585453 0
      vertex 75.20518582239494 -77.1125366135045 0
    endloop
  endfacet
  facet normal 0 0 -1
    outer loop
      vertex 71.65110972692449 -81.70243187874048 0
      vertex 74.98708797249475 -77.06915425386045 0
      vertex 75.09542680174161 -77.09441532585453 0
    endloop
  endfacet
  facet normal 0 0 -1
    outer loop
      vertex 71.65110972692449 -81.70243187874048 0
      vertex 75.53826566886028 -77.12344051867466 0
      vertex 75.64897487594313 -77.1125366135045 0
    endloop
  endfacet
  facet normal 0 0 -1
    outer loop
      vertex 71.65110972692449 -81.70243187874048 0
      vertex 75.42708034916903 -77.12708034916903 0
      vertex 75.53826566886028 -77.12344051867466 0
    endloop
  endfacet
  facet normal 0 0 -1
    outer loop
      vertex 71.65110972692449 -81.70243187874048 0
      vertex 75.31589502947779 -77.12344051867466 0
      vertex 75.42708034916903 -77.12708034916903 0
    endloop
  endfacet
  facet normal 0 0 -1
    outer loop
      vertex 71.65110972692449 -81.70243187874048 0
      vertex 75.86707272584331 -77.06915425386045 0
      vertex 75.97352744018441 -77.03686156931072 0
    endloop
  endfacet
  facet normal 0 0 -1
    outer loop
      vertex 71.65110972692449 -81.70243187874048 0
      vertex 75.75873389659645 -77.09441532585453 0
      vertex 75.86707272584331 -77.06915425386045 0
    endloop
  endfacet
  facet normal 0 0 -1
    outer loop
      vertex 71.65110972692449 -81.70243187874048 0
      vertex 75.64897487594313 -77.1125366135045 0
      vertex 75.75873389659645 -77.09441532585453 0
    endloop
  endfacet
  facet normal 0 0 -1
    outer loop
      vertex 71.65110972692449 -81.70243187874048 0
      vertex 76.07764218418968 -76.99767555443822 0
      vertex 76.17897112254133 -76.9517640097746 0
    endloop
  endfacet
  facet normal 0 0 -1
    outer loop
      vertex 71.65110972692449 -81.70243187874048 0
      vertex 75.97352744018441 -77.03686156931072 0
      vertex 76.07764218418968 -76.99767555443822 0
    endloop
  endfacet
  facet normal 0 0 -1
    outer loop
      vertex 71.65110972692449 -81.70243187874048 0
      vertex 76.17897112254133 -76.9517640097746 0
      vertex 76.27708034916903 -76.89932353560258 0
    endloop
  endfacet
  facet normal 0 0 -1
    outer loop
      vertex 71.65110972692449 -81.70243187874048 0
      vertex 73.90239668856346 -76.17897112254133 0
      vertex 73.95483716273549 -76.27708034916903 0
    endloop
  endfacet
  facet normal 0 0 -1
    outer loop
      vertex 71.65110972692449 -81.70243187874048 0
      vertex 73.85648514389985 -76.07764218418968 0
      vertex 73.90239668856346 -76.17897112254133 0
    endloop
  endfacet
  facet normal 0 0 -1
    outer loop
      vertex 71.65110972692449 -81.70243187874048 0
      vertex 73.81729912902735 -75.97352744018441 0
      vertex 73.85648514389985 -76.07764218418968 0
    endloop
  endfacet
  facet normal 0 0 -1
    outer loop
      vertex 71.65110972692449 -81.70243187874048 0
      vertex 73.78500644447762 -75.86707272584331 0
      vertex 73.81729912902735 -75.97352744018441 0
    endloop
  endfacet
  facet normal 0 0 -1
    outer loop
      vertex 71.65110972692449 -81.70243187874048 0
      vertex 73.75974537248354 -75.75873389659645 0
      vertex 73.78500644447762 -75.86707272584331 0
    endloop
  endfacet
  facet normal 0 0 -1
    outer loop
      vertex 71.65110972692449 -81.70243187874048 0
      vertex 73.74162408483356 -75.64897487594313 0
      vertex 73.75974537248354 -75.75873389659645 0
    endloop
  endfacet
  facet normal 0 0 -1
    outer loop
      vertex 71.65110972692449 -81.70243187874048 0
      vertex 73.73072017966341 -75.31589502947779 0
      vertex 73.72708034916903 -75.42708034916903 0
    endloop
  endfacet
  facet normal 0 0 -1
    outer loop
      vertex 71.65110972692449 -81.70243187874048 0
      vertex 73.72708034916903 -75.42708034916903 0
      vertex 73.73072017966341 -75.53826566886028 0
    endloop
  endfacet
  facet normal 0 0 -1
    outer loop
      vertex 71.65110972692449 -81.70243187874048 0
      vertex 73.73072017966341 -75.53826566886028 0
      vertex 73.74162408483356 -75.64897487594313 0
    endloop
  endfacet
  facet normal 0 0 -1
    outer loop
      vertex 71.65110972692449 -81.70243187874048 0
      vertex 73.78500644447762 -74.98708797249475 0
      vertex 73.75974537248354 -75.09542680174161 0
    endloop
  endfacet
  facet normal 0 0 -1
    outer loop
      vertex 71.65110972692449 -81.70243187874048 0
      vertex 73.75974537248354 -75.09542680174161 0
      vertex 73.74162408483356 -75.20518582239494 0
    endloop
  endfacet
  facet normal 0 0 -1
    outer loop
      vertex 71.65110972692449 -81.70243187874048 0
      vertex 73.74162408483356 -75.20518582239494 0
      vertex 73.73072017966341 -75.31589502947779 0
    endloop
  endfacet
  facet normal 0 0 -1
    outer loop
      vertex 71.65110972692449 -81.70243187874048 0
      vertex 73.81729912902735 -74.88063325815365 0
      vertex 73.78500644447762 -74.98708797249475 0
    endloop
  endfacet
  facet normal 0 0 -1
    outer loop
      vertex 71.65110972692449 -81.70243187874048 0
      vertex 73.43219399647174 -64.39830576082373 0
      vertex 73.81729912902735 -74.88063325815365 0
    endloop
  endfacet
  facet normal 0 0 -1
    outer loop
      vertex 71.65110972692449 -81.70243187874048 0
      vertex 69.06311931849011 -69.06311931849011 0
      vertex 73.43219399647174 -64.39830576082373 0
    endloop
  endfacet
  facet normal 0 0 -1
    outer loop
      vertex 73.43219399647174 -64.39830576082373 0
      vertex 73.85648514389985 -74.77651851414838 0
      vertex 73.81729912902735 -74.88063325815365 0
    endloop
  endfacet
  facet normal 0 0 -1
    outer loop
      vertex 73.43219399647174 -64.39830576082373 0
      vertex 74.0135820082547 -74.4826109530357 0
      vertex 73.95483716273549 -74.57708034916904 0
    endloop
  endfacet
  facet normal 0 0 -1
    outer loop
      vertex 73.43219399647174 -64.39830576082373 0
      vertex 73.95483716273549 -74.57708034916904 0
      vertex 73.90239668856346 -74.67518957579674 0
    endloop
  endfacet
  facet normal 0 0 -1
    outer loop
      vertex 73.43219399647174 -64.39830576082373 0
      vertex 73.90239668856346 -74.67518957579674 0
      vertex 73.85648514389985 -74.77651851414838 0
    endloop
  endfacet
  facet normal 0 0 -1
    outer loop
      vertex 73.43219399647174 -64.39830576082373 0
      vertex 74.07837967067393 -74.3921859198542 0
      vertex 74.0135820082547 -74.4826109530357 0
    endloop
  endfacet
  facet normal 0 0 -1
    outer loop
      vertex 73.43219399647174 -64.39830576082373 0
      vertex 74.30619246349892 -74.14895267645477 0
      vertex 74.2249988211519 -74.2249988211519 0
    endloop
  endfacet
  facet normal 0 0 -1
    outer loop
      vertex 73.43219399647174 -64.39830576082373 0
      vertex 74.2249988211519 -74.2249988211519 0
      vertex 74.14895267645477 -74.30619246349892 0
    endloop
  endfacet
  facet normal 0 0 -1
    outer loop
      vertex 73.43219399647174 -64.39830576082373 0
      vertex 74.14895267645477 -74.30619246349892 0
      vertex 74.07837967067393 -74.3921859198542 0
    endloop
  endfacet
  facet normal 0 0 -1
    outer loop
      vertex 73.43219399647174 -64.39830576082373 0
      vertex 74.3921859198542 -74.07837967067393 0
      vertex 74.30619246349892 -74.14895267645477 0
    endloop
  endfacet
  facet normal 0 0 -1
    outer loop
      vertex 73.43219399647174 -64.39830576082373 0
      vertex 74.67518957579674 -73.90239668856346 0
      vertex 74.57708034916904 -73.95483716273549 0
    endloop
  endfacet
  facet normal 0 0 -1
    outer loop
      vertex 73.43219399647174 -64.39830576082373 0
      vertex 74.57708034916904 -73.95483716273549 0
      vertex 74.4826109530357 -74.0135820082547 0
    endloop
  endfacet
  facet normal 0 0 -1
    outer loop
      vertex 73.43219399647174 -64.39830576082373 0
      vertex 74.4826109530357 -74.0135820082547 0
      vertex 74.3921859198542 -74.07837967067393 0
    endloop
  endfacet
  facet normal 0 0 -1
    outer loop
      vertex 73.43219399647174 -64.39830576082373 0
      vertex 74.88063325815365 -73.81729912902735 0
      vertex 74.77651851414838 -73.85648514389985 0
    endloop
  endfacet
  facet normal 0 0 -1
    outer loop
      vertex 73.43219399647174 -64.39830576082373 0
      vertex 74.77651851414838 -73.85648514389985 0
      vertex 74.67518957579674 -73.90239668856346 0
    endloop
  endfacet
  facet normal 0 0 -1
    outer loop
      vertex 73.43219399647174 -64.39830576082373 0
      vertex 74.98708797249475 -73.78500644447762 0
      vertex 74.88063325815365 -73.81729912902735 0
    endloop
  endfacet
  facet normal 0 0 -1
    outer loop
      vertex 73.43219399647174 -64.39830576082373 0
      vertex 75.31589502947779 -73.73072017966341 0
      vertex 75.20518582239494 -73.74162408483356 0
    endloop
  endfacet
  facet normal 0 0 -1
    outer loop
      vertex 73.43219399647174 -64.39830576082373 0
      vertex 75.20518582239494 -73.74162408483356 0
      vertex 75.09542680174161 -73.75974537248354 0
    endloop
  endfacet
  facet normal 0 0 -1
    outer loop
      vertex 73.43219399647174 -64.39830576082373 0
      vertex 75.09542680174161 -73.75974537248354 0
      vertex 74.98708797249475 -73.78500644447762 0
    endloop
  endfacet
  facet normal 0 0 -1
    outer loop
      vertex 71.65110972692449 -81.70243187874048 0
      vertex 76.46197477848386 -76.77578102766414 0
      vertex 76.54796823483915 -76.7052080218833 0
    endloop
  endfacet
  facet normal 0 0 -1
    outer loop
      vertex 71.65110972692449 -81.70243187874048 0
      vertex 76.37154974530236 -76.84057869008336 0
      vertex 76.46197477848386 -76.77578102766414 0
    endloop
  endfacet
  facet normal 0 0 -1
    outer loop
      vertex 71.65110972692449 -81.70243187874048 0
      vertex 76.27708034916903 -76.89932353560258 0
      vertex 76.37154974530236 -76.84057869008336 0
    endloop
  endfacet
  facet normal 0 0 -1
    outer loop
      vertex 71.65110972692449 -81.70243187874048 0
      vertex 76.54796823483915 -76.7052080218833 0
      vertex 76.84129391154212 -76.84129391154212 0
    endloop
  endfacet
  facet normal 0 0 -1
    outer loop
      vertex 76.84129391154212 -76.84129391154212 0
      vertex 76.62916187718616 -76.62916187718616 0
      vertex 76.7052080218833 -76.54796823483915 0
    endloop
  endfacet
  facet normal 0 0 -1
    outer loop
      vertex 76.84129391154212 -76.84129391154212 0
      vertex 76.54796823483915 -76.7052080218833 0
      vertex 76.62916187718616 -76.62916187718616 0
    endloop
  endfacet
  facet normal 0 0 -1
    outer loop
      vertex 76.84129391154212 -76.84129391154212 0
      vertex 76.77578102766414 -76.46197477848386 0
      vertex 76.84057869008336 -76.37154974530236 0
    endloop
  endfacet
  facet normal 0 0 -1
    outer loop
      vertex 76.84129391154212 -76.84129391154212 0
      vertex 76.7052080218833 -76.54796823483915 0
      vertex 76.77578102766414 -76.46197477848386 0
    endloop
  endfacet
  facet normal 0 0 -1
    outer loop
      vertex 76.84129391154212 -76.84129391154212 0
      vertex 76.84057869008336 -76.37154974530236 0
      vertex 76.89932353560258 -76.27708034916903 0
    endloop
  endfacet
  facet normal 0 0 -1
    outer loop
      vertex 76.84129391154212 -76.84129391154212 0
      vertex 76.89932353560258 -76.27708034916903 0
      vertex 81.70243187874048 -71.65110972692449 0
    endloop
  endfacet
  facet normal 0 0 -1
    outer loop
      vertex 73.43219399647174 -64.39830576082373 0
      vertex 75.64897487594313 -73.74162408483356 0
      vertex 75.53826566886028 -73.73072017966341 0
    endloop
  endfacet
  facet normal 0 0 -1
    outer loop
      vertex 73.43219399647174 -64.39830576082373 0
      vertex 75.53826566886028 -73.73072017966341 0
      vertex 75.42708034916903 -73.72708034916903 0
    endloop
  endfacet
  facet normal 0 0 -1
    outer loop
      vertex 73.43219399647174 -64.39830576082373 0
      vertex 75.42708034916903 -73.72708034916903 0
      vertex 75.31589502947779 -73.73072017966341 0
    endloop
  endfacet
  facet normal 0 0 -1
    outer loop
      vertex 75.97352744018441 -73.81729912902735 0
      vertex 75.86707272584331 -73.78500644447762 0
      vertex 73.43219399647174 -64.39830576082373 0
    endloop
  endfacet
  facet normal 0 0 -1
    outer loop
      vertex 75.86707272584331 -73.78500644447762 0
      vertex 75.75873389659645 -73.75974537248354 0
      vertex 73.43219399647174 -64.39830576082373 0
    endloop
  endfacet
  facet normal 0 0 -1
    outer loop
      vertex 73.43219399647174 -64.39830576082373 0
      vertex 75.75873389659645 -73.75974537248354 0
      vertex 75.64897487594313 -73.74162408483356 0
    endloop
  endfacet
  facet normal 0 0 -1
    outer loop
      vertex 76.54796823483915 -74.14895267645477 0
      vertex 73.43219399647174 -64.39830576082373 0
      vertex 76.62916187718616 -74.2249988211519 0
    endloop
  endfacet
  facet normal 0 0 -1
    outer loop
      vertex 76.27708034916903 -73.95483716273549 0
      vertex 76.17897112254133 -73.90239668856346 0
      vertex 73.43219399647174 -64.39830576082373 0
    endloop
  endfacet
  facet normal 0 0 -1
    outer loop
      vertex 76.17897112254133 -73.90239668856346 0
      vertex 76.07764218418968 -73.85648514389985 0
      vertex 73.43219399647174 -64.39830576082373 0
    endloop
  endfacet
  facet normal 0 0 -1
    outer loop
      vertex 76.07764218418968 -73.85648514389985 0
      vertex 75.97352744018441 -73.81729912902735 0
      vertex 73.43219399647174 -64.39830576082373 0
    endloop
  endfacet
  facet normal 0 0 -1
    outer loop
      vertex 76.54796823483915 -74.14895267645477 0
      vertex 76.46197477848386 -74.07837967067393 0
      vertex 73.43219399647174 -64.39830576082373 0
    endloop
  endfacet
  facet normal 0 0 -1
    outer loop
      vertex 76.46197477848386 -74.07837967067393 0
      vertex 76.37154974530236 -74.0135820082547 0
      vertex 73.43219399647174 -64.39830576082373 0
    endloop
  endfacet
  facet normal 0 0 -1
    outer loop
      vertex 76.37154974530236 -74.0135820082547 0
      vertex 76.27708034916903 -73.95483716273549 0
      vertex 73.43219399647174 -64.39830576082373 0
    endloop
  endfacet
  facet normal 0 0 -1
    outer loop
      vertex 76.77578102766414 -74.3921859198542 0
      vertex 73.43219399647174 -64.39830576082373 0
      vertex 76.84057869008336 -74.4826109530357 0
    endloop
  endfacet
  facet normal 0 0 -1
    outer loop
      vertex 76.7052080218833 -74.30619246349892 0
      vertex 73.43219399647174 -64.39830576082373 0
      vertex 76.77578102766414 -74.3921859198542 0
    endloop
  endfacet
  facet normal 0 0 -1
    outer loop
      vertex 76.62916187718616 -74.2249988211519 0
      vertex 73.43219399647174 -64.39830576082373 0
      vertex 76.7052080218833 -74.30619246349892 0
    endloop
  endfacet
  facet normal 0 0 -1
    outer loop
      vertex 77.48682074624494 -59.45772877128175 0
      vertex 76.89932353560258 -74.57708034916904 0
      vertex 76.84057869008336 -74.4826109530357 0
    endloop
  endfacet
  facet normal 0 0 -1
    outer loop
      vertex 81.70243187874048 -71.65110972692449 0
      vertex 76.89932353560258 -76.27708034916903 0
      vertex 76.9517640097746 -76.17897112254133 0
    endloop
  endfacet
  facet normal 0 0 -1
    outer loop
      vertex 81.70243187874048 -71.65110972692449 0
      vertex 76.9517640097746 -76.17897112254133 0
      vertex 76.99767555443822 -76.07764218418968 0
    endloop
  endfacet
  facet normal 0 0 -1
    outer loop
      vertex 81.70243187874048 -71.65110972692449 0
      vertex 76.99767555443822 -76.07764218418968 0
      vertex 77.03686156931072 -75.97352744018441 0
    endloop
  endfacet
  facet normal 0 0 -1
    outer loop
      vertex 81.70243187874048 -71.65110972692449 0
      vertex 77.03686156931072 -75.97352744018441 0
      vertex 77.06915425386045 -75.86707272584331 0
    endloop
  endfacet
  facet normal 0 0 -1
    outer loop
      vertex 81.70243187874048 -71.65110972692449 0
      vertex 77.06915425386045 -75.86707272584331 0
      vertex 77.09441532585453 -75.75873389659645 0
    endloop
  endfacet
  facet normal 0 0 -1
    outer loop
      vertex 81.70243187874048 -71.65110972692449 0
      vertex 77.09441532585453 -75.75873389659645 0
      vertex 77.1125366135045 -75.64897487594313 0
    endloop
  endfacet
  facet normal 0 0 -1
    outer loop
      vertex 81.70243187874048 -71.65110972692449 0
      vertex 77.1125366135045 -75.64897487594313 0
      vertex 77.12344051867466 -75.53826566886028 0
    endloop
  endfacet
  facet normal 0 0 -1
    outer loop
      vertex 81.70243187874048 -71.65110972692449 0
      vertex 77.12344051867466 -75.53826566886028 0
      vertex 77.12708034916903 -75.42708034916903 0
    endloop
  endfacet
  facet normal 0 0 -1
    outer loop
      vertex 81.70243187874048 -71.65110972692449 0
      vertex 77.12708034916903 -75.42708034916903 0
      vertex 77.12344051867466 -75.31589502947779 0
    endloop
  endfacet
  facet normal 0 0 -1
    outer loop
      vertex 81.70243187874048 -71.65110972692449 0
      vertex 77.12344051867466 -75.31589502947779 0
      vertex 77.1125366135045 -75.20518582239494 0
    endloop
  endfacet
  facet normal 0 0 -1
    outer loop
      vertex 81.70243187874048 -71.65110972692449 0
      vertex 77.1125366135045 -75.20518582239494 0
      vertex 77.09441532585453 -75.09542680174161 0
    endloop
  endfacet
  facet normal 0 0 -1
    outer loop
      vertex 81.70243187874048 -71.65110972692449 0
      vertex 77.09441532585453 -75.09542680174161 0
      vertex 77.06915425386045 -74.98708797249475 0
    endloop
  endfacet
  facet normal 0 0 -1
    outer loop
      vertex 81.70243187874048 -71.65110972692449 0
      vertex 76.9517640097746 -74.67518957579674 0
      vertex 76.89932353560258 -74.57708034916904 0
    endloop
  endfacet
  facet normal 0 0 -1
    outer loop
      vertex 81.70243187874048 -71.65110972692449 0
      vertex 77.06915425386045 -74.98708797249475 0
      vertex 77.03686156931072 -74.88063325815365 0
    endloop
  endfacet
  facet normal 0 0 -1
    outer loop
      vertex 81.70243187874048 -71.65110972692449 0
      vertex 77.03686156931072 -74.88063325815365 0
      vertex 76.99767555443822 -74.77651851414838 0
    endloop
  endfacet
  facet normal 0 0 -1
    outer loop
      vertex 81.70243187874048 -71.65110972692449 0
      vertex 76.99767555443822 -74.77651851414838 0
      vertex 76.9517640097746 -74.67518957579674 0
    endloop
  endfacet
  facet normal 0 0 -1
    outer loop
      vertex 81.70243187874048 -71.65110972692449 0
      vertex 76.89932353560258 -74.57708034916904 0
      vertex 77.48682074624494 -59.45772877128175 0
    endloop
  endfacet
  facet normal 0 0 -1
    outer loop
      vertex 76.84057869008336 -74.4826109530357 0
      vertex 73.43219399647174 -64.39830576082373 0
      vertex 77.48682074624494 -59.45772877128175 0
    endloop
  endfacet
  facet normal 0 0 -1
    outer loop
      vertex 81.70243187874048 -71.65110972692449 0
      vertex 77.48682074624494 -59.45772877128175 0
      vertex 81.2096370335896 -54.26254465902455 0
    endloop
  endfacet
  facet normal 0 0 -1
    outer loop
      vertex 81.70243187874048 -71.65110972692449 0
      vertex 84.58470118762612 -48.835 0
      vertex 86.21370748944852 -66.15410449037768 0
    endloop
  endfacet
  facet normal 0 0 -1
    outer loop
      vertex 81.70243187874048 -71.65110972692449 0
      vertex 81.2096370335896 -54.26254465902455 0
      vertex 84.58470118762612 -48.835 0
    endloop
  endfacet
  facet normal 0 0 -1
    outer loop
      vertex 86.21370748944852 -66.15410449037768 0
      vertex 87.59756066549767 -43.198336373689855 0
      vertex 90.3558027689176 -60.37381722224017 0
    endloop
  endfacet
  facet normal 0.5280678506503667 -0.8492021815265797 5.256817944130042e-17
    outer loop
      vertex 54.335 -94.11098062925494 0
      vertex 60.37381722224017 -90.3558027689176 0
      vertex 60.37381722224017 -90.3558027689176 4
    endloop
  endfacet
  facet normal 0.5824776968678024 -0.8128466845916149 -6.017343357859658e-19
    outer loop
      vertex 60.37381722224017 -90.3558027689176 0
      vertex 66.15410449037768 -86.21370748944852 0
      vertex 66.15410449037768 -86.21370748944852 4
    endloop
  endfacet
  facet normal 0.6343932841636445 -0.7730104533627378 -2.719505939231867e-17
    outer loop
      vertex 66.15410449037768 -86.21370748944852 0
      vertex 71.65110972692449 -81.70243187874048 0
      vertex 71.65110972692449 -81.70243187874048 4
    endloop
  endfacet
  facet normal 0.6835923020228717 -0.7298640726978353 9.252941035493442e-18
    outer loop
      vertex 71.65110972692449 -81.70243187874048 0
      vertex 76.84129391154212 -76.84129391154212 0
      vertex 76.84129391154212 -76.84129391154212 4
    endloop
  endfacet
  facet normal 0.7298640726978353 -0.6835923020228717 0
    outer loop
      vertex 76.84129391154212 -76.84129391154212 0
      vertex 81.70243187874048 -71.65110972692449 0
      vertex 76.84129391154212 -76.84129391154212 4
    endloop
  endfacet
  facet normal 0.7730104533627378 -0.6343932841636445 0
    outer loop
      vertex 81.70243187874048 -71.65110972692449 0
      vertex 86.21370748944852 -66.15410449037768 0
      vertex 81.70243187874048 -71.65110972692449 4
    endloop
  endfacet
  facet normal 0.8128466845916149 -0.5824776968678024 0
    outer loop
      vertex 86.21370748944852 -66.15410449037768 0
      vertex 90.3558027689176 -60.37381722224017 0
      vertex 86.21370748944852 -66.15410449037768 4
    endloop
  endfacet
  facet normal 0.8492021815265797 -0.5280678506503667 0
    outer loop
      vertex 90.3558027689176 -60.37381722224017 0
      vertex 94.11098062925494 -54.335 0
      vertex 90.3558027689176 -60.37381722224017 4
    endloop
  endfacet
  facet normal 0 0 -1
    outer loop
      vertex 86.21370748944852 -66.15410449037768 0
      vertex 84.58470118762612 -48.835 0
      vertex 87.59756066549767 -43.198336373689855 0
    endloop
  endfacet
  facet normal 0 0 -1
    outer loop
      vertex 90.3558027689176 -60.37381722224017 0
      vertex 92.48666574778697 -31.394992576159794 0
      vertex 94.11098062925494 -54.335 0
    endloop
  endfacet
  facet normal 0 0 -1
    outer loop
      vertex 90.3558027689176 -60.37381722224017 0
      vertex 87.59756066549767 -43.198336373689855 0
      vertex 90.23531394037738 -37.376690839098316 0
    endloop
  endfacet
  facet normal 0 0 -1
    outer loop
      vertex 90.3558027689176 -60.37381722224017 0
      vertex 90.23531394037738 -37.376690839098316 0
      vertex 92.48666574778697 -31.394992576159794 0
    endloop
  endfacet
  facet normal 0 0 -1
    outer loop
      vertex 94.11098062925494 -54.335 0
      vertex 92.48666574778697 -31.394992576159794 0
      vertex 94.3419754536533 -25.278856135163203 0
    endloop
  endfacet
  facet normal 0 0 -1
    outer loop
      vertex 94.11098062925494 -54.335 0
      vertex 94.3419754536533 -25.278856135163203 0
      vertex 95.79329833698351 -19.054471751315248 0
    endloop
  endfacet
  facet normal 0 0 -1
    outer loop
      vertex 94.11098062925494 -54.335 0
      vertex 95.79329833698351 -19.054471751315248 0
      vertex 97.46316082235724 -48.06351196609887 0
    endloop
  endfacet
  facet normal 0 0 -1
    outer loop
      vertex 97.46316082235724 -48.06351196609887 0
      vertex 95.79329833698351 -19.054471751315248 0
      vertex 96.83441961038007 -12.748493194132438 0
    endloop
  endfacet
  facet normal 0 0 -1
    outer loop
      vertex 97.46316082235724 -48.06351196609887 0
      vertex 96.83441961038007 -12.748493194132438 0
      vertex 97.4608810327144 -6.387923631908073 0
    endloop
  endfacet
  facet normal 0 0 -1
    outer loop
      vertex 97.46316082235724 -48.06351196609887 0
      vertex 97.4608810327144 -6.387923631908073 0
      vertex 97.67 0 0
    endloop
  endfacet
  facet normal 0 0 -1
    outer loop
      vertex 97.46316082235724 -48.06351196609887 0
      vertex 100.39798879800153 41.58620859511431 0
      vertex 100.39798879800153 -41.58620859511431 0
    endloop
  endfacet
  facet normal 0 0 -1
    outer loop
      vertex 100.39798879800153 -41.58620859511431 0
      vertex 102.90289717223314 34.93082669449457 0
      vertex 102.90289717223314 -34.93082669449457 0
    endloop
  endfacet
  facet normal 0 0 -1
    outer loop
      vertex 104.96715954283306 -28.125865631290928 0
      vertex 105.9181092266277 -1.52468366060557 0
      vertex 106.58193642141906 -21.200465293492655 0
    endloop
  endfacet
  facet normal 0 0 -1
    outer loop
      vertex 97.46316082235724 -48.06351196609887 0
      vertex 97.67 0 0
      vertex 100.39798879800153 41.58620859511431 0
    endloop
  endfacet
  facet normal 0 0 -1
    outer loop
      vertex 102.90289717223314 -34.93082669449457 0
      vertex 104.96715954283306 28.125865631290928 0
      vertex 104.96715954283306 -28.125865631290928 0
    endloop
  endfacet
  facet normal 0 0 -1
    outer loop
      vertex 104.96715954283306 -28.125865631290928 0
      vertex 105.06021877985832 -0.5464470910153747 0
      vertex 105.09940479473082 -0.6505618350206526 0
    endloop
  endfacet
  facet normal 0 0 -1
    outer loop
      vertex 104.96715954283306 -28.125865631290928 0
      vertex 105.3212993215049 -1.034894429314825 0
      vertex 105.39187232728574 -1.120887885670117 0
    endloop
  endfacet
  facet normal 0 0 -1
    outer loop
      vertex 104.96715954283306 -28.125865631290928 0
      vertex 105.25650165908567 -0.9444693961333237 0
      vertex 105.3212993215049 -1.034894429314825 0
    endloop
  endfacet
  facet normal 0 0 -1
    outer loop
      vertex 104.96715954283306 -28.125865631290928 0
      vertex 105.19775681356646 -0.85 0
      vertex 105.25650165908567 -0.9444693961333237 0
    endloop
  endfacet
  facet normal 0 0 -1
    outer loop
      vertex 104.96715954283306 -28.125865631290928 0
      vertex 105.14531633939443 -0.7518907733723021 0
      vertex 105.19775681356646 -0.85 0
    endloop
  endfacet
  facet normal 0 0 -1
    outer loop
      vertex 104.96715954283306 -28.125865631290928 0
      vertex 105.09940479473082 -0.6505618350206526 0
      vertex 105.14531633939443 -0.7518907733723021 0
    endloop
  endfacet
  facet normal 0 0 -1
    outer loop
      vertex 104.96715954283306 -28.125865631290928 0
      vertex 105.02792609530859 -0.43999237667428526 0
      vertex 105.06021877985832 -0.5464470910153747 0
    endloop
  endfacet
  facet normal 0 0 -1
    outer loop
      vertex 104.96715954283306 -28.125865631290928 0
      vertex 105.0026650233145 -0.33165354742741804 0
      vertex 105.02792609530859 -0.43999237667428526 0
    endloop
  endfacet
  facet normal 0 0 -1
    outer loop
      vertex 104.96715954283306 -28.125865631290928 0
      vertex 104.98454373566453 -0.22189452677408766 0
      vertex 105.0026650233145 -0.33165354742741804 0
    endloop
  endfacet
  facet normal 0 0 -1
    outer loop
      vertex 104.96715954283306 -28.125865631290928 0
      vertex 104.97363983049438 -0.1111853196912432 0
      vertex 104.98454373566453 -0.22189452677408766 0
    endloop
  endfacet
  facet normal 0 0 -1
    outer loop
      vertex 104.96715954283306 -28.125865631290928 0
      vertex 104.97 0 0
      vertex 104.97363983049438 -0.1111853196912432 0
    endloop
  endfacet
  facet normal 0 0 -1
    outer loop
      vertex 104.96715954283306 -28.125865631290928 0
      vertex 105.63510557068517 -1.3487006784950997 0
      vertex 105.72553060386667 -1.413498340914327 0
    endloop
  endfacet
  facet normal 0 0 -1
    outer loop
      vertex 104.96715954283306 -28.125865631290928 0
      vertex 105.54911211432989 -1.2781276727142616 0
      vertex 105.63510557068517 -1.3487006784950997 0
    endloop
  endfacet
  facet normal 0 0 -1
    outer loop
      vertex 104.96715954283306 -28.125865631290928 0
      vertex 105.46791847198287 -1.2020815280171309 0
      vertex 105.54911211432989 -1.2781276727142616 0
    endloop
  endfacet
  facet normal 0 0 -1
    outer loop
      vertex 104.96715954283306 -28.125865631290928 0
      vertex 105.82000000000001 -1.4722431864335457 0
      vertex 105.9181092266277 -1.52468366060557 0
    endloop
  endfacet
  facet normal 0 0 -1
    outer loop
      vertex 104.96715954283306 -28.125865631290928 0
      vertex 105.72553060386667 -1.413498340914327 0
      vertex 105.82000000000001 -1.4722431864335457 0
    endloop
  endfacet
  facet normal 0 0 -1
    outer loop
      vertex 106.58193642141906 -21.200465293492655 0
      vertex 107.32056183502065 -1.5705952052691874 0
      vertex 107.74031308549198 -14.184281308553004 0
    endloop
  endfacet
  facet normal 0 0 -1
    outer loop
      vertex 104.96715954283306 -28.125865631290928 0
      vertex 105.39187232728574 -1.120887885670117 0
      vertex 105.46791847198287 -1.2020815280171309 0
    endloop
  endfacet
  facet normal 0 0 -1
    outer loop
      vertex 106.58193642141906 -21.200465293492655 0
      vertex 105.9181092266277 -1.52468366060557 0
      vertex 106.01943816497935 -1.5705952052691874 0
    endloop
  endfacet
  facet normal 0 0 -1
    outer loop
      vertex 106.58193642141906 -21.200465293492655 0
      vertex 106.01943816497935 -1.5705952052691874 0
      vertex 106.12355290898462 -1.6097812201416797 0
    endloop
  endfacet
  facet normal 0 0 -1
    outer loop
      vertex 106.58193642141906 -21.200465293492655 0
      vertex 106.12355290898462 -1.6097812201416797 0
      vertex 106.23000762332572 -1.6420739046914161 0
    endloop
  endfacet
  facet normal 0 0 -1
    outer loop
      vertex 106.58193642141906 -21.200465293492655 0
      vertex 106.23000762332572 -1.6420739046914161 0
      vertex 106.33834645257258 -1.6673349766854917 0
    endloop
  endfacet
  facet normal 0 0 -1
    outer loop
      vertex 106.58193642141906 -21.200465293492655 0
      vertex 106.33834645257258 -1.6673349766854917 0
      vertex 106.44810547322591 -1.6854562643354776 0
    endloop
  endfacet
  facet normal 0 0 -1
    outer loop
      vertex 106.58193642141906 -21.200465293492655 0
      vertex 106.44810547322591 -1.6854562643354776 0
      vertex 106.55881468030876 -1.6963601695056258 0
    endloop
  endfacet
  facet normal 0 0 -1
    outer loop
      vertex 106.58193642141906 -21.200465293492655 0
      vertex 106.55881468030876 -1.6963601695056258 0
      vertex 106.67 -1.7 0
    endloop
  endfacet
  facet normal 0 0 -1
    outer loop
      vertex 106.58193642141906 -21.200465293492655 0
      vertex 106.78118531969125 -1.6963601695056258 0
      vertex 106.8918945267741 -1.6854562643354776 0
    endloop
  endfacet
  facet normal 0 0 -1
    outer loop
      vertex 106.58193642141906 -21.200465293492655 0
      vertex 106.67 -1.7 0
      vertex 106.78118531969125 -1.6963601695056258 0
    endloop
  endfacet
  facet normal 0 0 -1
    outer loop
      vertex 106.58193642141906 -21.200465293492655 0
      vertex 107.10999237667428 -1.6420739046914161 0
      vertex 107.21644709101538 -1.6097812201416797 0
    endloop
  endfacet
  facet normal 0 0 -1
    outer loop
      vertex 106.58193642141906 -21.200465293492655 0
      vertex 107.00165354742742 -1.6673349766854917 0
      vertex 107.10999237667428 -1.6420739046914161 0
    endloop
  endfacet
  facet normal 0 0 -1
    outer loop
      vertex 106.58193642141906 -21.200465293492655 0
      vertex 106.8918945267741 -1.6854562643354776 0
      vertex 107.00165354742742 -1.6673349766854917 0
    endloop
  endfacet
  facet normal 0 0 -1
    outer loop
      vertex 106.58193642141906 -21.200465293492655 0
      vertex 107.21644709101538 -1.6097812201416797 0
      vertex 107.32056183502065 -1.5705952052691874 0
    endloop
  endfacet
  facet normal 0 0 -1
    outer loop
      vertex 107.74031308549198 -14.184281308553004 0
      vertex 108.19468366060558 -0.7518907733723021 0
      vertex 108.43732918833904 -7.107358053439647 0
    endloop
  endfacet
  facet normal 0 0 -1
    outer loop
      vertex 107.74031308549198 -14.184281308553004 0
      vertex 107.32056183502065 -1.5705952052691874 0
      vertex 107.4218907733723 -1.52468366060557 0
    endloop
  endfacet
  facet normal 0 0 -1
    outer loop
      vertex 107.74031308549198 -14.184281308553004 0
      vertex 107.4218907733723 -1.52468366060557 0
      vertex 107.52 -1.4722431864335457 0
    endloop
  endfacet
  facet normal 0 0 -1
    outer loop
      vertex 107.74031308549198 -14.184281308553004 0
      vertex 107.70489442931483 -1.3487006784950997 0
      vertex 107.79088788567012 -1.2781276727142616 0
    endloop
  endfacet
  facet normal 0 0 -1
    outer loop
      vertex 107.74031308549198 -14.184281308553004 0
      vertex 107.61446939613333 -1.413498340914327 0
      vertex 107.70489442931483 -1.3487006784950997 0
    endloop
  endfacet
  facet normal 0 0 -1
    outer loop
      vertex 107.74031308549198 -14.184281308553004 0
      vertex 107.52 -1.4722431864335457 0
      vertex 107.61446939613333 -1.413498340914327 0
    endloop
  endfacet
  facet normal 0 0 -1
    outer loop
      vertex 107.74031308549198 -14.184281308553004 0
      vertex 107.79088788567012 -1.2781276727142616 0
      vertex 107.87208152801713 -1.2020815280171309 0
    endloop
  endfacet
  facet normal 0 0 -1
    outer loop
      vertex 107.74031308549198 -14.184281308553004 0
      vertex 108.08349834091433 -0.9444693961333237 0
      vertex 108.14224318643355 -0.85 0
    endloop
  endfacet
  facet normal 0 0 -1
    outer loop
      vertex 107.74031308549198 -14.184281308553004 0
      vertex 108.01870067849511 -1.034894429314825 0
      vertex 108.08349834091433 -0.9444693961333237 0
    endloop
  endfacet
  facet normal 0 0 -1
    outer loop
      vertex 107.74031308549198 -14.184281308553004 0
      vertex 107.94812767271426 -1.120887885670117 0
      vertex 108.01870067849511 -1.034894429314825 0
    endloop
  endfacet
  facet normal 0 0 -1
    outer loop
      vertex 107.74031308549198 -14.184281308553004 0
      vertex 107.87208152801713 -1.2020815280171309 0
      vertex 107.94812767271426 -1.120887885670117 0
    endloop
  endfacet
  facet normal 0 0 -1
    outer loop
      vertex 107.74031308549198 -14.184281308553004 0
      vertex 108.14224318643355 -0.85 0
      vertex 108.19468366060558 -0.7518907733723021 0
    endloop
  endfacet
  facet normal 0 0 -1
    outer loop
      vertex 108.43732918833904 -7.107358053439647 0
      vertex 108.19468366060558 -0.7518907733723021 0
      vertex 108.24059520526919 -0.6505618350206526 0
    endloop
  endfacet
  facet normal 0 0 -1
    outer loop
      vertex 108.43732918833904 -7.107358053439647 0
      vertex 108.24059520526919 -0.6505618350206526 0
      vertex 108.27978122014169 -0.5464470910153747 0
    endloop
  endfacet
  facet normal 0 0 -1
    outer loop
      vertex 108.43732918833904 -7.107358053439647 0
      vertex 108.27978122014169 -0.5464470910153747 0
      vertex 108.31207390469142 -0.43999237667428526 0
    endloop
  endfacet
  facet normal 0 0 -1
    outer loop
      vertex 108.43732918833904 -7.107358053439647 0
      vertex 108.31207390469142 -0.43999237667428526 0
      vertex 108.3373349766855 -0.33165354742741804 0
    endloop
  endfacet
  facet normal 0 0 -1
    outer loop
      vertex 108.43732918833904 -7.107358053439647 0
      vertex 108.3373349766855 -0.33165354742741804 0
      vertex 108.35545626433547 -0.22189452677408766 0
    endloop
  endfacet
  facet normal 0 0 -1
    outer loop
      vertex 108.43732918833904 -7.107358053439647 0
      vertex 108.35545626433547 -0.22189452677408766 0
      vertex 108.36636016950563 -0.1111853196912432 0
    endloop
  endfacet
  facet normal 0 0 -1
    outer loop
      vertex 108.43732918833904 -7.107358053439647 0
      vertex 108.36636016950563 -0.1111853196912432 0
      vertex 108.37 0 0
    endloop
  endfacet
  facet normal 0.8819212643483545 -0.47139673682599875 0
    outer loop
      vertex 94.11098062925494 -54.335 0
      vertex 97.46316082235724 -48.06351196609887 0
      vertex 94.11098062925494 -54.335 4
    endloop
  endfacet
  facet normal 0.9108638249211757 -0.412707029804395 0
    outer loop
      vertex 97.46316082235724 -48.06351196609887 0
      vertex 100.39798879800153 -41.58620859511431 0
      vertex 97.46316082235724 -48.06351196609887 4
    endloop
  endfacet
  facet normal 0.9359059267573255 -0.35225004792123393 0
    outer loop
      vertex 100.39798879800153 -41.58620859511431 0
      vertex 102.90289717223314 -34.93082669449457 0
      vertex 100.39798879800153 -41.58620859511431 4
    endloop
  endfacet
  facet normal 0.9569403357322088 -0.29028467725446244 0
    outer loop
      vertex 102.90289717223314 -34.93082669449457 0
      vertex 104.96715954283306 -28.125865631290928 0
      vertex 102.90289717223314 -34.93082669449457 4
    endloop
  endfacet
  facet normal 0.9738769792773337 -0.22707626303437287 0
    outer loop
      vertex 104.96715954283306 -28.125865631290928 0
      vertex 106.58193642141906 -21.200465293492655 0
      vertex 104.96715954283306 -28.125865631290928 4
    endloop
  endfacet
  facet normal 0.9866433320848791 -0.16289547339458788 0
    outer loop
      vertex 106.58193642141906 -21.200465293492655 0
      vertex 107.74031308549198 -14.184281308553004 0
      vertex 106.58193642141906 -21.200465293492655 4
    endloop
  endfacet
  facet normal 0.995184726672197 -0.09801714032955963 0
    outer loop
      vertex 107.74031308549198 -14.184281308553004 0
      vertex 108.43732918833904 -7.107358053439647 0
      vertex 107.74031308549198 -14.184281308553004 4
    endloop
  endfacet
  facet normal 0.9994645874763656 -0.032719082821777504 0
    outer loop
      vertex 108.43732918833904 -7.107358053439647 0
      vertex 108.67 0 0
      vertex 108.43732918833904 -7.107358053439647 4
    endloop
  endfacet
  facet normal 0.032719082821777504 -0.9994645874763656 0
    outer loop
      vertex 0 -108.67 0
      vertex 7.107358053439647 -108.43732918833904 4
      vertex 0 -108.67 4
    endloop
  endfacet
  facet normal 0.09801714032955963 -0.995184726672197 0
    outer loop
      vertex 7.107358053439647 -108.43732918833904 0
      vertex 14.184281308553004 -107.74031308549198 4
      vertex 7.107358053439647 -108.43732918833904 4
    endloop
  endfacet
  facet normal 0.16289547339458788 -0.9866433320848791 0
    outer loop
      vertex 14.184281308553004 -107.74031308549198 0
      vertex 21.200465293492655 -106.58193642141906 4
      vertex 14.184281308553004 -107.74031308549198 4
    endloop
  endfacet
  facet normal 0.22707626303437287 -0.9738769792773337 0
    outer loop
      vertex 21.200465293492655 -106.58193642141906 0
      vertex 28.125865631290928 -104.96715954283306 4
      vertex 21.200465293492655 -106.58193642141906 4
    endloop
  endfacet
  facet normal 0.29028467725446244 -0.9569403357322088 0
    outer loop
      vertex 28.125865631290928 -104.96715954283306 0
      vertex 34.93082669449457 -102.90289717223314 4
      vertex 28.125865631290928 -104.96715954283306 4
    endloop
  endfacet
  facet normal 0.35225004792123393 -0.9359059267573255 0
    outer loop
      vertex 34.93082669449457 -102.90289717223314 0
      vertex 41.58620859511431 -100.39798879800153 4
      vertex 34.93082669449457 -102.90289717223314 4
    endloop
  endfacet
  facet normal 0.412707029804395 -0.9108638249211757 0
    outer loop
      vertex 41.58620859511431 -100.39798879800153 0
      vertex 48.06351196609887 -97.46316082235724 4
      vertex 41.58620859511431 -100.39798879800153 4
    endloop
  endfacet
  facet normal 0.47139673682599875 -0.8819212643483545 0
    outer loop
      vertex 48.06351196609887 -97.46316082235724 0
      vertex 54.335 -94.11098062925494 4
      vertex 48.06351196609887 -97.46316082235724 4
    endloop
  endfacet
  facet normal 0 0 1
    outer loop
      vertex 0 -108.67 4
      vertex 7.107358053439647 -108.43732918833904 4
      vertex -1.2559308229296493e-15 -102.67 4
    endloop
  endfacet
  facet normal 0 0 1
    outer loop
      vertex 7.107358053439647 -108.43732918833904 4
      vertex 6.395604881238967 -102.47060621565129 4
      vertex -1.2559308229296493e-15 -102.67 4
    endloop
  endfacet
  facet normal 0 0 1
    outer loop
      vertex 7.107358053439647 -108.43732918833904 4
      vertex 14.184281308553004 -107.74031308549198 4
      vertex 6.395604881238967 -102.47060621565129 4
    endloop
  endfacet
  facet normal 0 0 1
    outer loop
      vertex 14.184281308553004 -107.74031308549198 4
      vertex 12.766368156157315 -101.87319934163968 4
      vertex 6.395604881238967 -102.47060621565129 4
    endloop
  endfacet
  facet normal 0 0 1
    outer loop
      vertex 14.184281308553004 -107.74031308549198 4
      vertex 21.200465293492655 -106.58193642141906 4
      vertex 12.766368156157315 -101.87319934163968 4
    endloop
  endfacet
  facet normal 0 0 1
    outer loop
      vertex 21.200465293492655 -106.58193642141906 4
      vertex 19.087544707416438 -100.8800998068617 4
      vertex 12.766368156157315 -101.87319934163968 4
    endloop
  endfacet
  facet normal 0 0 1
    outer loop
      vertex 21.200465293492655 -106.58193642141906 4
      vertex 28.125865631290928 -104.96715954283306 4
      vertex 19.087544707416438 -100.8800998068617 4
    endloop
  endfacet
  facet normal 0 0 1
    outer loop
      vertex 28.125865631290928 -104.96715954283306 4
      vertex 25.334582020862445 -99.49516497713942 4
      vertex 19.087544707416438 -100.8800998068617 4
    endloop
  endfacet
  facet normal 0 0 1
    outer loop
      vertex 28.125865631290928 -104.96715954283306 4
      vertex 34.93082669449457 -102.90289717223314 4
      vertex 25.334582020862445 -99.49516497713942 4
    endloop
  endfacet
  facet normal 0 0 1
    outer loop
      vertex 34.93082669449457 -102.90289717223314 4
      vertex 31.483215551625428 -97.72377417256197 4
      vertex 25.334582020862445 -99.49516497713942 4
    endloop
  endfacet
  facet normal 0 0 1
    outer loop
      vertex 34.93082669449457 -102.90289717223314 4
      vertex 41.58620859511431 -100.39798879800153 4
      vertex 31.483215551625428 -97.72377417256197 4
    endloop
  endfacet
  facet normal 0 0 1
    outer loop
      vertex 41.58620859511431 -100.39798879800153 4
      vertex 37.509562971697775 -95.57280777330045 4
      vertex 31.483215551625428 -97.72377417256197 4
    endloop
  endfacet
  facet normal 0 0 1
    outer loop
      vertex 41.58620859511431 -100.39798879800153 4
      vertex 48.06351196609887 -97.46316082235724 4
      vertex 37.509562971697775 -95.57280777330045 4
    endloop
  endfacet
  facet normal 0 0 1
    outer loop
      vertex 48.06351196609887 -97.46316082235724 4
      vertex 43.39021693291761 -93.05062049505284 4
      vertex 37.509562971697775 -95.57280777330045 4
    endloop
  endfacet
  facet normal 0 0 1
    outer loop
      vertex 43.39021693291761 -93.05062049505284 4
      vertex 43.198336373689855 -87.59756066549767 4
      vertex 41.25747994797861 -88.47695127122446 4
    endloop
  endfacet
  facet normal 0 0 1
    outer loop
      vertex 48.06351196609887 -97.46316082235724 4
      vertex 43.198336373689855 -87.59756066549767 4
      vertex 43.39021693291761 -93.05062049505284 4
    endloop
  endfacet
  facet normal 0 0 1
    outer loop
      vertex 48.06351196609887 -97.46316082235724 4
      vertex 54.335 -94.11098062925494 4
      vertex 43.198336373689855 -87.59756066549767 4
    endloop
  endfacet
  facet normal 0 0 1
    outer loop
      vertex 54.335 -94.11098062925494 4
      vertex 48.835 -84.58470118762612 4
      vertex 43.198336373689855 -87.59756066549767 4
    endloop
  endfacet
  facet normal 0 0 1
    outer loop
      vertex 54.335 -94.11098062925494 4
      vertex 54.26254465902455 -81.2096370335896 4
      vertex 48.835 -84.58470118762612 4
    endloop
  endfacet
  facet normal 0.5280678506503667 -0.8492021815265797 0
    outer loop
      vertex 54.335 -94.11098062925494 0
      vertex 60.37381722224017 -90.3558027689176 4
      vertex 54.335 -94.11098062925494 4
    endloop
  endfacet
  facet normal 0.5824776968678024 -0.8128466845916149 0
    outer loop
      vertex 60.37381722224017 -90.3558027689176 0
      vertex 66.15410449037768 -86.21370748944852 4
      vertex 60.37381722224017 -90.3558027689176 4
    endloop
  endfacet
  facet normal 0.6343932841636445 -0.7730104533627378 0
    outer loop
      vertex 66.15410449037768 -86.21370748944852 0
      vertex 71.65110972692449 -81.70243187874048 4
      vertex 66.15410449037768 -86.21370748944852 4
    endloop
  endfacet
  facet normal 0.6835923020228717 -0.7298640726978353 0
    outer loop
      vertex 71.65110972692449 -81.70243187874048 0
      vertex 76.84129391154212 -76.84129391154212 4
      vertex 71.65110972692449 -81.70243187874048 4
    endloop
  endfacet
  facet normal 0.7298640726978353 -0.6835923020228717 0
    outer loop
      vertex 81.70243187874048 -71.65110972692449 0
      vertex 81.70243187874048 -71.65110972692449 4
      vertex 76.84129391154212 -76.84129391154212 4
    endloop
  endfacet
  facet normal 0.7730104533627378 -0.6343932841636445 0
    outer loop
      vertex 86.21370748944852 -66.15410449037768 0
      vertex 86.21370748944852 -66.15410449037768 4
      vertex 81.70243187874048 -71.65110972692449 4
    endloop
  endfacet
  facet normal 0.8128466845916149 -0.5824776968678024 0
    outer loop
      vertex 90.3558027689176 -60.37381722224017 0
      vertex 90.3558027689176 -60.37381722224017 4
      vertex 86.21370748944852 -66.15410449037768 4
    endloop
  endfacet
  facet normal 0.8492021815265797 -0.5280678506503667 0
    outer loop
      vertex 94.11098062925494 -54.335 0
      vertex 94.11098062925494 -54.335 4
      vertex 90.3558027689176 -60.37381722224017 4
    endloop
  endfacet
  facet normal 0 0 1
    outer loop
      vertex 54.335 -94.11098062925494 4
      vertex 60.37381722224017 -90.3558027689176 4
      vertex 54.26254465902455 -81.2096370335896 4
    endloop
  endfacet
  facet normal 0 0 1
    outer loop
      vertex 60.37381722224017 -90.3558027689176 4
      vertex 59.45772877128175 -77.48682074624494 4
      vertex 54.26254465902455 -81.2096370335896 4
    endloop
  endfacet
  facet normal 0 0 1
    outer loop
      vertex 60.37381722224017 -90.3558027689176 4
      vertex 66.15410449037768 -86.21370748944852 4
      vertex 59.45772877128175 -77.48682074624494 4
    endloop
  endfacet
  facet normal 0 0 1
    outer loop
      vertex 66.15410449037768 -86.21370748944852 4
      vertex 64.39830576082373 -73.43219399647174 4
      vertex 59.45772877128175 -77.48682074624494 4
    endloop
  endfacet
  facet normal 0 0 1
    outer loop
      vertex 66.15410449037768 -86.21370748944852 4
      vertex 71.65110972692449 -81.70243187874048 4
      vertex 64.39830576082373 -73.43219399647174 4
    endloop
  endfacet
  facet normal 0 0 1
    outer loop
      vertex 71.65110972692449 -81.70243187874048 4
      vertex 69.06311931849011 -69.06311931849011 4
      vertex 64.39830576082373 -73.43219399647174 4
    endloop
  endfacet
  facet normal 0 0 1
    outer loop
      vertex 71.65110972692449 -81.70243187874048 4
      vertex 76.84129391154212 -76.84129391154212 4
      vertex 69.06311931849011 -69.06311931849011 4
    endloop
  endfacet
  facet normal 0 0 1
    outer loop
      vertex 76.84129391154212 -76.84129391154212 4
      vertex 73.43219399647174 -64.39830576082373 4
      vertex 69.06311931849011 -69.06311931849011 4
    endloop
  endfacet
  facet normal 0 0 1
    outer loop
      vertex 76.84129391154212 -76.84129391154212 4
      vertex 81.70243187874048 -71.65110972692449 4
      vertex 73.43219399647174 -64.39830576082373 4
    endloop
  endfacet
  facet normal 0 0 1
    outer loop
      vertex 81.70243187874048 -71.65110972692449 4
      vertex 77.48682074624494 -59.45772877128175 4
      vertex 73.43219399647174 -64.39830576082373 4
    endloop
  endfacet
  facet normal 0 0 1
    outer loop
      vertex 81.70243187874048 -71.65110972692449 4
      vertex 81.2096370335896 -54.26254465902455 4
      vertex 77.48682074624494 -59.45772877128175 4
    endloop
  endfacet
  facet normal 0 0 1
    outer loop
      vertex 81.70243187874048 -71.65110972692449 4
      vertex 86.21370748944852 -66.15410449037768 4
      vertex 81.2096370335896 -54.26254465902455 4
    endloop
  endfacet
  facet normal 0 0 1
    outer loop
      vertex 86.21370748944852 -66.15410449037768 4
      vertex 84.58470118762612 -48.835 4
      vertex 81.2096370335896 -54.26254465902455 4
    endloop
  endfacet
  facet normal 0 0 1
    outer loop
      vertex 86.21370748944852 -66.15410449037768 4
      vertex 90.3558027689176 -60.37381722224017 4
      vertex 84.58470118762612 -48.835 4
    endloop
  endfacet
  facet normal 0.8819212643483545 -0.47139673682599875 0
    outer loop
      vertex 97.46316082235724 -48.06351196609887 0
      vertex 97.46316082235724 -48.06351196609887 4
      vertex 94.11098062925494 -54.335 4
    endloop
  endfacet
  facet normal 0.9108638249211757 -0.412707029804395 0
    outer loop
      vertex 100.39798879800153 -41.58620859511431 0
      vertex 100.39798879800153 -41.58620859511431 4
      vertex 97.46316082235724 -48.06351196609887 4
    endloop
  endfacet
  facet normal 0.9359059267573255 -0.35225004792123393 0
    outer loop
      vertex 102.90289717223314 -34.93082669449457 0
      vertex 102.90289717223314 -34.93082669449457 4
      vertex 100.39798879800153 -41.58620859511431 4
    endloop
  endfacet
  facet normal 0.9569403357322088 -0.29028467725446244 0
    outer loop
      vertex 104.96715954283306 -28.125865631290928 0
      vertex 104.96715954283306 -28.125865631290928 4
      vertex 102.90289717223314 -34.93082669449457 4
    endloop
  endfacet
  facet normal 0.9738769792773337 -0.22707626303437287 0
    outer loop
      vertex 106.58193642141906 -21.200465293492655 0
      vertex 106.58193642141906 -21.200465293492655 4
      vertex 104.96715954283306 -28.125865631290928 4
    endloop
  endfacet
  facet normal 0.9866433320848791 -0.16289547339458788 0
    outer loop
      vertex 107.74031308549198 -14.184281308553004 0
      vertex 107.74031308549198 -14.184281308553004 4
      vertex 106.58193642141906 -21.200465293492655 4
    endloop
  endfacet
  facet normal 0.995184726672197 -0.09801714032955963 0
    outer loop
      vertex 108.43732918833904 -7.107358053439647 0
      vertex 108.43732918833904 -7.107358053439647 4
      vertex 107.74031308549198 -14.184281308553004 4
    endloop
  endfacet
  facet normal 0.9994645874763656 -0.032719082821777504 -6.261497762187465e-19
    outer loop
      vertex 108.43732918833904 -7.107358053439647 4
      vertex 108.67 0 0
      vertex 108.67 0 4
    endloop
  endfacet
  facet normal 0 0 1
    outer loop
      vertex 90.3558027689176 -60.37381722224017 4
      vertex 87.59756066549767 -43.198336373689855 4
      vertex 84.58470118762612 -48.835 4
    endloop
  endfacet
  facet normal 0 0 1
    outer loop
      vertex 90.3558027689176 -60.37381722224017 4
      vertex 94.11098062925494 -54.335 4
      vertex 90.23531394037738 -37.376690839098316 4
    endloop
  endfacet
  facet normal 0 0 1
    outer loop
      vertex 90.3558027689176 -60.37381722224017 4
      vertex 90.23531394037738 -37.376690839098316 4
      vertex 87.59756066549767 -43.198336373689855 4
    endloop
  endfacet
  facet normal 0 0 1
    outer loop
      vertex 94.11098062925494 -54.335 4
      vertex 97.46316082235724 -48.06351196609887 4
      vertex 92.48666574778697 -31.394992576159794 4
    endloop
  endfacet
  facet normal 0 0 1
    outer loop
      vertex 94.11098062925494 -54.335 4
      vertex 92.48666574778697 -31.394992576159794 4
      vertex 90.23531394037738 -37.376690839098316 4
    endloop
  endfacet
  facet normal 0 0 1
    outer loop
      vertex 97.46316082235724 -48.06351196609887 4
      vertex 94.3419754536533 -25.278856135163203 4
      vertex 92.48666574778697 -31.394992576159794 4
    endloop
  endfacet
  facet normal 0 0 1
    outer loop
      vertex 97.46316082235724 -48.06351196609887 4
      vertex 95.79329833698351 -19.054471751315248 4
      vertex 94.3419754536533 -25.278856135163203 4
    endloop
  endfacet
  facet normal 0 0 1
    outer loop
      vertex 97.46316082235724 -48.06351196609887 4
      vertex 100.39798879800153 -41.58620859511431 4
      vertex 97.4608810327144 -6.387923631908073 4
    endloop
  endfacet
  facet normal 0 0 1
    outer loop
      vertex 97.46316082235724 -48.06351196609887 4
      vertex 96.83441961038007 -12.748493194132438 4
      vertex 95.79329833698351 -19.054471751315248 4
    endloop
  endfacet
  facet normal 0 0 1
    outer loop
      vertex 97.46316082235724 -48.06351196609887 4
      vertex 97.4608810327144 -6.387923631908073 4
      vertex 96.83441961038007 -12.748493194132438 4
    endloop
  endfacet
  facet normal 0 0 1
    outer loop
      vertex 100.39798879800153 -41.58620859511431 4
      vertex 97.67 0 4
      vertex 97.4608810327144 -6.387923631908073 4
    endloop
  endfacet
  facet normal 0 0 1
    outer loop
      vertex 100.39798879800153 -41.58620859511431 4
      vertex 102.90289717223314 -34.93082669449457 4
      vertex 100.39798879800153 41.58620859511431 4
    endloop
  endfacet
  facet normal 0 0 1
    outer loop
      vertex 102.90289717223314 -34.93082669449457 4
      vertex 104.96715954283306 -28.125865631290928 4
      vertex 102.90289717223314 34.93082669449457 4
    endloop
  endfacet
  facet normal 0 0 1
    outer loop
      vertex 104.96715954283306 -28.125865631290928 4
      vertex 106.58193642141906 -21.200465293492655 4
      vertex 104.96715954283306 28.125865631290928 4
    endloop
  endfacet
  facet normal 0 0 1
    outer loop
      vertex 106.58193642141906 -21.200465293492655 4
      vertex 107.74031308549198 -14.184281308553004 4
      vertex 106.58193642141906 21.200465293492655 4
    endloop
  endfacet
  facet normal 0 0 1
    outer loop
      vertex 107.74031308549198 -14.184281308553004 4
      vertex 108.43732918833904 -7.107358053439647 4
      vertex 107.74031308549198 14.184281308553004 4
    endloop
  endfacet
  facet normal 0 0 -1
    outer loop
      vertex 7.107358053439647 108.43732918833904 0
      vertex 6.387923631908073 97.4608810327144 0
      vertex 0 97.67 0
    endloop
  endfacet
  facet normal 0 0 -1
    outer loop
      vertex 0 97.67 0
      vertex 0 104.97 0
      vertex 0.1111853196912432 104.97363983049438 0
    endloop
  endfacet
  facet normal 0 0 -1
    outer loop
      vertex 0.1111853196912432 104.97363983049438 0
      vertex 0.22189452677408766 104.98454373566453 0
      vertex 0 97.67 0
    endloop
  endfacet
  facet normal 0 0 -1
    outer loop
      vertex 0.22189452677408766 104.98454373566453 0
      vertex 0.33165354742741804 105.0026650233145 0
      vertex 0 97.67 0
    endloop
  endfacet
  facet normal 0 0 -1
    outer loop
      vertex 0.33165354742741804 105.0026650233145 0
      vertex 0.43999237667428526 105.02792609530859 0
      vertex 0 97.67 0
    endloop
  endfacet
  facet normal 0 0 -1
    outer loop
      vertex 0.43999237667428526 105.02792609530859 0
      vertex 0.5464470910153747 105.06021877985832 0
      vertex 0 97.67 0
    endloop
  endfacet
  facet normal 0 0 -1
    outer loop
      vertex 0.5464470910153747 105.06021877985832 0
      vertex 0.6505618350206526 105.09940479473082 0
      vertex 0 97.67 0
    endloop
  endfacet
  facet normal 0 0 -1
    outer loop
      vertex 0.6505618350206526 105.09940479473082 0
      vertex 0.7518907733723021 105.14531633939443 0
      vertex 0 97.67 0
    endloop
  endfacet
  facet normal 0 0 -1
    outer loop
      vertex 0.7518907733723021 105.14531633939443 0
      vertex 0.85 105.19775681356646 0
      vertex 0 97.67 0
    endloop
  endfacet
  facet normal 0 0 -1
    outer loop
      vertex 0.85 105.19775681356646 0
      vertex 0.9444693961333237 105.25650165908567 0
      vertex 0 97.67 0
    endloop
  endfacet
  facet normal 0 0 -1
    outer loop
      vertex 0.9444693961333237 105.25650165908567 0
      vertex 1.034894429314825 105.3212993215049 0
      vertex 0 97.67 0
    endloop
  endfacet
  facet normal 0 0 -1
    outer loop
      vertex 1.034894429314825 105.3212993215049 0
      vertex 1.120887885670117 105.39187232728574 0
      vertex 0 97.67 0
    endloop
  endfacet
  facet normal 0 0 -1
    outer loop
      vertex 1.120887885670117 105.39187232728574 0
      vertex 1.2020815280171309 105.46791847198287 0
      vertex 0 97.67 0
    endloop
  endfacet
  facet normal 0 0 -1
    outer loop
      vertex 1.2020815280171309 105.46791847198287 0
      vertex 1.2781276727142616 105.54911211432989 0
      vertex 0 97.67 0
    endloop
  endfacet
  facet normal 0 0 -1
    outer loop
      vertex 1.3487006784950997 105.63510557068517 0
      vertex 0 97.67 0
      vertex 1.2781276727142616 105.54911211432989 0
    endloop
  endfacet
  facet normal 0 0 -1
    outer loop
      vertex 7.107358053439647 108.43732918833904 0
      vertex 0 97.67 0
      vertex 1.3487006784950997 105.63510557068517 0
    endloop
  endfacet
  facet normal 0 0 -1
    outer loop
      vertex 0 108.67 0
      vertex 0.1111853196912432 108.36636016950563 0
      vertex 0 108.37 0
    endloop
  endfacet
  facet normal 0 0 -1
    outer loop
      vertex 7.107358053439647 108.43732918833904 0
      vertex 1.3487006784950997 105.63510557068517 0
      vertex 1.413498340914327 105.72553060386667 0
    endloop
  endfacet
  facet normal 0 0 -1
    outer loop
      vertex 7.107358053439647 108.43732918833904 0
      vertex 1.413498340914327 105.72553060386667 0
      vertex 1.4722431864335457 105.82000000000001 0
    endloop
  endfacet
  facet normal 0 0 -1
    outer loop
      vertex 7.107358053439647 108.43732918833904 0
      vertex 1.4722431864335457 105.82000000000001 0
      vertex 1.52468366060557 105.9181092266277 0
    endloop
  endfacet
  facet normal 0 0 -1
    outer loop
      vertex 7.107358053439647 108.43732918833904 0
      vertex 0.22189452677408766 108.35545626433547 0
      vertex 0.1111853196912432 108.36636016950563 0
    endloop
  endfacet
  facet normal 0 0 -1
    outer loop
      vertex 0 108.67 0
      vertex 7.107358053439647 108.43732918833904 0
      vertex 0.1111853196912432 108.36636016950563 0
    endloop
  endfacet
  facet normal 0 0 -1
    outer loop
      vertex 7.107358053439647 108.43732918833904 0
      vertex 1.52468366060557 107.4218907733723 0
      vertex 1.4722431864335457 107.52 0
    endloop
  endfacet
  facet normal 0 0 -1
    outer loop
      vertex 7.107358053439647 108.43732918833904 0
      vertex 0.9444693961333237 108.08349834091433 0
      vertex 0.85 108.14224318643355 0
    endloop
  endfacet
  facet normal 0 0 -1
    outer loop
      vertex 7.107358053439647 108.43732918833904 0
      vertex 0.33165354742741804 108.3373349766855 0
      vertex 0.22189452677408766 108.35545626433547 0
    endloop
  endfacet
  facet normal 0 0 -1
    outer loop
      vertex 7.107358053439647 108.43732918833904 0
      vertex 0.43999237667428526 108.31207390469142 0
      vertex 0.33165354742741804 108.3373349766855 0
    endloop
  endfacet
  facet normal 0 0 -1
    outer loop
      vertex 7.107358053439647 108.43732918833904 0
      vertex 0.5464470910153747 108.27978122014169 0
      vertex 0.43999237667428526 108.31207390469142 0
    endloop
  endfacet
  facet normal 0 0 -1
    outer loop
      vertex 7.107358053439647 108.43732918833904 0
      vertex 0.6505618350206526 108.24059520526919 0
      vertex 0.5464470910153747 108.27978122014169 0
    endloop
  endfacet
  facet normal 0 0 -1
    outer loop
      vertex 7.107358053439647 108.43732918833904 0
      vertex 0.7518907733723021 108.19468366060558 0
      vertex 0.6505618350206526 108.24059520526919 0
    endloop
  endfacet
  facet normal 0 0 -1
    outer loop
      vertex 7.107358053439647 108.43732918833904 0
      vertex 0.85 108.14224318643355 0
      vertex 0.7518907733723021 108.19468366060558 0
    endloop
  endfacet
  facet normal 0 0 -1
    outer loop
      vertex 7.107358053439647 108.43732918833904 0
      vertex 1.034894429314825 108.01870067849511 0
      vertex 0.9444693961333237 108.08349834091433 0
    endloop
  endfacet
  facet normal 0 0 -1
    outer loop
      vertex 7.107358053439647 108.43732918833904 0
      vertex 1.120887885670117 107.94812767271426 0
      vertex 1.034894429314825 108.01870067849511 0
    endloop
  endfacet
  facet normal 0 0 -1
    outer loop
      vertex 7.107358053439647 108.43732918833904 0
      vertex 1.2020815280171309 107.87208152801713 0
      vertex 1.120887885670117 107.94812767271426 0
    endloop
  endfacet
  facet normal 0 0 -1
    outer loop
      vertex 7.107358053439647 108.43732918833904 0
      vertex 1.4722431864335457 107.52 0
      vertex 1.413498340914327 107.61446939613333 0
    endloop
  endfacet
  facet normal 0 0 -1
    outer loop
      vertex 7.107358053439647 108.43732918833904 0
      vertex 1.413498340914327 107.61446939613333 0
      vertex 1.3487006784950997 107.70489442931483 0
    endloop
  endfacet
  facet normal 0 0 -1
    outer loop
      vertex 7.107358053439647 108.43732918833904 0
      vertex 1.3487006784950997 107.70489442931483 0
      vertex 1.2781276727142616 107.79088788567012 0
    endloop
  endfacet
  facet normal 0 0 -1
    outer loop
      vertex 7.107358053439647 108.43732918833904 0
      vertex 1.2781276727142616 107.79088788567012 0
      vertex 1.2020815280171309 107.87208152801713 0
    endloop
  endfacet
  facet normal 0 0 -1
    outer loop
      vertex 7.107358053439647 108.43732918833904 0
      vertex 1.52468366060557 105.9181092266277 0
      vertex 1.5705952052691874 106.01943816497935 0
    endloop
  endfacet
  facet normal 0 0 -1
    outer loop
      vertex 7.107358053439647 108.43732918833904 0
      vertex 1.5705952052691874 106.01943816497935 0
      vertex 1.6097812201416797 106.12355290898462 0
    endloop
  endfacet
  facet normal 0 0 -1
    outer loop
      vertex 7.107358053439647 108.43732918833904 0
      vertex 1.6097812201416797 106.12355290898462 0
      vertex 1.6420739046914161 106.23000762332572 0
    endloop
  endfacet
  facet normal 0 0 -1
    outer loop
      vertex 7.107358053439647 108.43732918833904 0
      vertex 1.6420739046914161 106.23000762332572 0
      vertex 1.6673349766854917 106.33834645257258 0
    endloop
  endfacet
  facet normal 0 0 -1
    outer loop
      vertex 7.107358053439647 108.43732918833904 0
      vertex 1.6673349766854917 106.33834645257258 0
      vertex 1.6854562643354776 106.44810547322591 0
    endloop
  endfacet
  facet normal 0 0 -1
    outer loop
      vertex 7.107358053439647 108.43732918833904 0
      vertex 1.6854562643354776 106.44810547322591 0
      vertex 1.6963601695056258 106.55881468030876 0
    endloop
  endfacet
  facet normal 0 0 -1
    outer loop
      vertex 7.107358053439647 108.43732918833904 0
      vertex 1.6963601695056258 106.55881468030876 0
      vertex 1.7 106.67 0
    endloop
  endfacet
  facet normal 0 0 -1
    outer loop
      vertex 7.107358053439647 108.43732918833904 0
      vertex 1.7 106.67 0
      vertex 1.6963601695056258 106.78118531969125 0
    endloop
  endfacet
  facet normal 0 0 -1
    outer loop
      vertex 7.107358053439647 108.43732918833904 0
      vertex 1.6963601695056258 106.78118531969125 0
      vertex 1.6854562643354776 106.8918945267741 0
    endloop
  endfacet
  facet normal 0 0 -1
    outer loop
      vertex 7.107358053439647 108.43732918833904 0
      vertex 1.6854562643354776 106.8918945267741 0
      vertex 1.6673349766854917 107.00165354742742 0
    endloop
  endfacet
  facet normal 0 0 -1
    outer loop
      vertex 7.107358053439647 108.43732918833904 0
      vertex 1.6673349766854917 107.00165354742742 0
      vertex 1.6420739046914161 107.10999237667428 0
    endloop
  endfacet
  facet normal 0 0 -1
    outer loop
      vertex 7.107358053439647 108.43732918833904 0
      vertex 1.6420739046914161 107.10999237667428 0
      vertex 1.6097812201416797 107.21644709101538 0
    endloop
  endfacet
  facet normal 0 0 -1
    outer loop
      vertex 7.107358053439647 108.43732918833904 0
      vertex 1.6097812201416797 107.21644709101538 0
      vertex 1.5705952052691874 107.32056183502065 0
    endloop
  endfacet
  facet normal 0 0 -1
    outer loop
      vertex 7.107358053439647 108.43732918833904 0
      vertex 1.5705952052691874 107.32056183502065 0
      vertex 1.52468366060557 107.4218907733723 0
    endloop
  endfacet
  facet normal 0 0 -1
    outer loop
      vertex 14.184281308553004 107.74031308549198 0
      vertex 12.748493194132438 96.83441961038007 0
      vertex 6.387923631908073 97.4608810327144 0
    endloop
  endfacet
  facet normal 0 0 -1
    outer loop
      vertex 7.107358053439647 108.43732918833904 0
      vertex 14.184281308553004 107.74031308549198 0
      vertex 6.387923631908073 97.4608810327144 0
    endloop
  endfacet
  facet normal 0 0 -1
    outer loop
      vertex 21.200465293492655 106.58193642141906 0
      vertex 19.054471751315248 95.79329833698351 0
      vertex 12.748493194132438 96.83441961038007 0
    endloop
  endfacet
  facet normal 0 0 -1
    outer loop
      vertex 14.184281308553004 107.74031308549198 0
      vertex 21.200465293492655 106.58193642141906 0
      vertex 12.748493194132438 96.83441961038007 0
    endloop
  endfacet
  facet normal 0 0 -1
    outer loop
      vertex 28.125865631290928 104.96715954283306 0
      vertex 25.278856135163203 94.3419754536533 0
      vertex 19.054471751315248 95.79329833698351 0
    endloop
  endfacet
  facet normal 0 0 -1
    outer loop
      vertex 21.200465293492655 106.58193642141906 0
      vertex 28.125865631290928 104.96715954283306 0
      vertex 19.054471751315248 95.79329833698351 0
    endloop
  endfacet
  facet normal 0 0 -1
    outer loop
      vertex 41.58620859511431 100.39798879800153 0
      vertex 37.376690839098316 90.23531394037738 0
      vertex 31.394992576159794 92.48666574778697 0
    endloop
  endfacet
  facet normal 0 0 -1
    outer loop
      vertex 34.93082669449457 102.90289717223314 0
      vertex 31.394992576159794 92.48666574778697 0
      vertex 25.278856135163203 94.3419754536533 0
    endloop
  endfacet
  facet normal 0 0 -1
    outer loop
      vertex 28.125865631290928 104.96715954283306 0
      vertex 34.93082669449457 102.90289717223314 0
      vertex 25.278856135163203 94.3419754536533 0
    endloop
  endfacet
  facet normal 0 0 -1
    outer loop
      vertex 34.93082669449457 102.90289717223314 0
      vertex 41.58620859511431 100.39798879800153 0
      vertex 31.394992576159794 92.48666574778697 0
    endloop
  endfacet
  facet normal 0 0 -1
    outer loop
      vertex 48.06351196609887 97.46316082235724 0
      vertex 43.198336373689855 87.59756066549767 0
      vertex 37.376690839098316 90.23531394037738 0
    endloop
  endfacet
  facet normal 0 0 -1
    outer loop
      vertex 54.335 94.11098062925494 0
      vertex 54.26254465902455 81.2096370335896 0
      vertex 48.835 84.58470118762612 0
    endloop
  endfacet
  facet normal 0 0 -1
    outer loop
      vertex 54.335 94.11098062925494 0
      vertex 48.835 84.58470118762612 0
      vertex 43.198336373689855 87.59756066549767 0
    endloop
  endfacet
  facet normal 0 0 -1
    outer loop
      vertex 48.06351196609887 97.46316082235724 0
      vertex 54.335 94.11098062925494 0
      vertex 43.198336373689855 87.59756066549767 0
    endloop
  endfacet
  facet normal 0 0 -1
    outer loop
      vertex 41.58620859511431 100.39798879800153 0
      vertex 48.06351196609887 97.46316082235724 0
      vertex 37.376690839098316 90.23531394037738 0
    endloop
  endfacet
  facet normal 0.032719082821777504 0.9994645874763656 0
    outer loop
      vertex 0 108.67 0
      vertex 0 108.67 4
      vertex 7.107358053439647 108.43732918833904 0
    endloop
  endfacet
  facet normal 0.09801714032955963 0.995184726672197 0
    outer loop
      vertex 7.107358053439647 108.43732918833904 0
      vertex 7.107358053439647 108.43732918833904 4
      vertex 14.184281308553004 107.74031308549198 0
    endloop
  endfacet
  facet normal 0.16289547339458788 0.9866433320848791 0
    outer loop
      vertex 14.184281308553004 107.74031308549198 0
      vertex 14.184281308553004 107.74031308549198 4
      vertex 21.200465293492655 106.58193642141906 0
    endloop
  endfacet
  facet normal 0.22707626303437287 0.9738769792773337 0
    outer loop
      vertex 21.200465293492655 106.58193642141906 0
      vertex 21.200465293492655 106.58193642141906 4
      vertex 28.125865631290928 104.96715954283306 0
    endloop
  endfacet
  facet normal 0.29028467725446244 0.9569403357322088 0
    outer loop
      vertex 28.125865631290928 104.96715954283306 0
      vertex 28.125865631290928 104.96715954283306 4
      vertex 34.93082669449457 102.90289717223314 0
    endloop
  endfacet
  facet normal 0.35225004792123393 0.9359059267573255 0
    outer loop
      vertex 34.93082669449457 102.90289717223314 0
      vertex 34.93082669449457 102.90289717223314 4
      vertex 41.58620859511431 100.39798879800153 0
    endloop
  endfacet
  facet normal 0.412707029804395 0.9108638249211757 0
    outer loop
      vertex 41.58620859511431 100.39798879800153 0
      vertex 41.58620859511431 100.39798879800153 4
      vertex 48.06351196609887 97.46316082235724 0
    endloop
  endfacet
  facet normal 0.47139673682599875 0.8819212643483545 0
    outer loop
      vertex 48.06351196609887 97.46316082235724 0
      vertex 48.06351196609887 97.46316082235724 4
      vertex 54.335 94.11098062925494 0
    endloop
  endfacet
  facet normal 0 0 -1
    outer loop
      vertex 100.39798879800153 -41.58620859511431 0
      vertex 100.39798879800153 41.58620859511431 0
      vertex 102.90289717223314 34.93082669449457 0
    endloop
  endfacet
  facet normal 0 0 -1
    outer loop
      vertex 104.96715954283306 -28.125865631290928 0
      vertex 104.96715954283306 28.125865631290928 0
      vertex 104.97 0 0
    endloop
  endfacet
  facet normal 0 0 -1
    outer loop
      vertex 108.43732918833904 -7.107358053439647 0
      vertex 108.37 0 0
      vertex 108.43732918833904 7.107358053439647 0
    endloop
  endfacet
  facet normal 0 0 -1
    outer loop
      vertex 108.43732918833904 -7.107358053439647 0
      vertex 108.43732918833904 7.107358053439647 0
      vertex 108.67 0 0
    endloop
  endfacet
  facet normal 0 0 -1
    outer loop
      vertex 108.43732918833904 7.107358053439647 0
      vertex 108.36636016950563 0.1111853196912432 0
      vertex 108.35545626433547 0.22189452677408766 0
    endloop
  endfacet
  facet normal 0 0 -1
    outer loop
      vertex 108.43732918833904 7.107358053439647 0
      vertex 108.37 0 0
      vertex 108.36636016950563 0.1111853196912432 0
    endloop
  endfacet
  facet normal 0 0 -1
    outer loop
      vertex 108.43732918833904 7.107358053439647 0
      vertex 108.14224318643355 0.85 0
      vertex 108.08349834091433 0.9444693961333237 0
    endloop
  endfacet
  facet normal 0 0 -1
    outer loop
      vertex 108.43732918833904 7.107358053439647 0
      vertex 107.79088788567012 1.2781276727142616 0
      vertex 107.70489442931483 1.3487006784950997 0
    endloop
  endfacet
  facet normal 0 0 -1
    outer loop
      vertex 108.43732918833904 7.107358053439647 0
      vertex 108.08349834091433 0.9444693961333237 0
      vertex 108.01870067849511 1.034894429314825 0
    endloop
  endfacet
  facet normal 0 0 -1
    outer loop
      vertex 108.43732918833904 7.107358053439647 0
      vertex 108.01870067849511 1.034894429314825 0
      vertex 107.94812767271426 1.120887885670117 0
    endloop
  endfacet
  facet normal 0 0 -1
    outer loop
      vertex 108.43732918833904 7.107358053439647 0
      vertex 107.94812767271426 1.120887885670117 0
      vertex 107.87208152801713 1.2020815280171309 0
    endloop
  endfacet
  facet normal 0 0 -1
    outer loop
      vertex 108.43732918833904 7.107358053439647 0
      vertex 107.87208152801713 1.2020815280171309 0
      vertex 107.79088788567012 1.2781276727142616 0
    endloop
  endfacet
  facet normal 0 0 -1
    outer loop
      vertex 108.43732918833904 7.107358053439647 0
      vertex 108.31207390469142 0.43999237667428526 0
      vertex 108.27978122014169 0.5464470910153747 0
    endloop
  endfacet
  facet normal 0 0 -1
    outer loop
      vertex 108.43732918833904 7.107358053439647 0
      vertex 108.3373349766855 0.33165354742741804 0
      vertex 108.31207390469142 0.43999237667428526 0
    endloop
  endfacet
  facet normal 0 0 -1
    outer loop
      vertex 108.43732918833904 7.107358053439647 0
      vertex 108.35545626433547 0.22189452677408766 0
      vertex 108.3373349766855 0.33165354742741804 0
    endloop
  endfacet
  facet normal 0 0 -1
    outer loop
      vertex 108.43732918833904 7.107358053439647 0
      vertex 108.24059520526919 0.6505618350206526 0
      vertex 108.19468366060558 0.7518907733723021 0
    endloop
  endfacet
  facet normal 0 0 -1
    outer loop
      vertex 108.43732918833904 7.107358053439647 0
      vertex 108.27978122014169 0.5464470910153747 0
      vertex 108.24059520526919 0.6505618350206526 0
    endloop
  endfacet
  facet normal 0 0 -1
    outer loop
      vertex 108.43732918833904 7.107358053439647 0
      vertex 108.19468366060558 0.7518907733723021 0
      vertex 108.14224318643355 0.85 0
    endloop
  endfacet
  facet normal 0 0 -1
    outer loop
      vertex 107.74031308549198 14.184281308553004 0
      vertex 106.67 1.7 0
      vertex 106.55881468030876 1.6963601695056258 0
    endloop
  endfacet
  facet normal 0 0 -1
    outer loop
      vertex 107.74031308549198 14.184281308553004 0
      vertex 106.78118531969125 1.6963601695056258 0
      vertex 106.67 1.7 0
    endloop
  endfacet
  facet normal 0 0 -1
    outer loop
      vertex 107.74031308549198 14.184281308553004 0
      vertex 106.8918945267741 1.6854562643354776 0
      vertex 106.78118531969125 1.6963601695056258 0
    endloop
  endfacet
  facet normal 0 0 -1
    outer loop
      vertex 107.74031308549198 14.184281308553004 0
      vertex 107.21644709101538 1.6097812201416797 0
      vertex 107.10999237667428 1.6420739046914161 0
    endloop
  endfacet
  facet normal 0 0 -1
    outer loop
      vertex 107.74031308549198 14.184281308553004 0
      vertex 107.10999237667428 1.6420739046914161 0
      vertex 107.00165354742742 1.6673349766854917 0
    endloop
  endfacet
  facet normal 0 0 -1
    outer loop
      vertex 107.74031308549198 14.184281308553004 0
      vertex 107.00165354742742 1.6673349766854917 0
      vertex 106.8918945267741 1.6854562643354776 0
    endloop
  endfacet
  facet normal 0 0 -1
    outer loop
      vertex 107.74031308549198 14.184281308553004 0
      vertex 107.52 1.4722431864335457 0
      vertex 107.4218907733723 1.52468366060557 0
    endloop
  endfacet
  facet normal 0 0 -1
    outer loop
      vertex 107.74031308549198 14.184281308553004 0
      vertex 107.4218907733723 1.52468366060557 0
      vertex 107.32056183502065 1.5705952052691874 0
    endloop
  endfacet
  facet normal 0 0 -1
    outer loop
      vertex 107.74031308549198 14.184281308553004 0
      vertex 107.32056183502065 1.5705952052691874 0
      vertex 107.21644709101538 1.6097812201416797 0
    endloop
  endfacet
  facet normal 0 0 -1
    outer loop
      vertex 107.74031308549198 14.184281308553004 0
      vertex 107.70489442931483 1.3487006784950997 0
      vertex 107.61446939613333 1.413498340914327 0
    endloop
  endfacet
  facet normal 0 0 -1
    outer loop
      vertex 107.74031308549198 14.184281308553004 0
      vertex 107.61446939613333 1.413498340914327 0
      vertex 107.52 1.4722431864335457 0
    endloop
  endfacet
  facet normal 0 0 -1
    outer loop
      vertex 102.90289717223314 -34.93082669449457 0
      vertex 102.90289717223314 34.93082669449457 0
      vertex 104.96715954283306 28.125865631290928 0
    endloop
  endfacet
  facet normal 0 0 -1
    outer loop
      vertex 104.96715954283306 28.125865631290928 0
      vertex 104.98454373566453 0.22189452677408766 0
      vertex 104.97363983049438 0.1111853196912432 0
    endloop
  endfacet
  facet normal 0 0 -1
    outer loop
      vertex 104.96715954283306 28.125865631290928 0
      vertex 104.97363983049438 0.1111853196912432 0
      vertex 104.97 0 0
    endloop
  endfacet
  facet normal 0 0 -1
    outer loop
      vertex 104.96715954283306 28.125865631290928 0
      vertex 105.06021877985832 0.5464470910153747 0
      vertex 105.02792609530859 0.43999237667428526 0
    endloop
  endfacet
  facet normal 0 0 -1
    outer loop
      vertex 104.96715954283306 28.125865631290928 0
      vertex 105.02792609530859 0.43999237667428526 0
      vertex 105.0026650233145 0.33165354742741804 0
    endloop
  endfacet
  facet normal 0 0 -1
    outer loop
      vertex 104.96715954283306 28.125865631290928 0
      vertex 105.0026650233145 0.33165354742741804 0
      vertex 104.98454373566453 0.22189452677408766 0
    endloop
  endfacet
  facet normal 0 0 -1
    outer loop
      vertex 104.96715954283306 28.125865631290928 0
      vertex 105.09940479473082 0.6505618350206526 0
      vertex 105.06021877985832 0.5464470910153747 0
    endloop
  endfacet
  facet normal 0 0 -1
    outer loop
      vertex 106.58193642141906 21.200465293492655 0
      vertex 105.19775681356646 0.85 0
      vertex 105.14531633939443 0.7518907733723021 0
    endloop
  endfacet
  facet normal 0 0 -1
    outer loop
      vertex 106.58193642141906 21.200465293492655 0
      vertex 105.14531633939443 0.7518907733723021 0
      vertex 105.09940479473082 0.6505618350206526 0
    endloop
  endfacet
  facet normal 0 0 -1
    outer loop
      vertex 106.58193642141906 21.200465293492655 0
      vertex 105.25650165908567 0.9444693961333237 0
      vertex 105.19775681356646 0.85 0
    endloop
  endfacet
  facet normal 0 0 -1
    outer loop
      vertex 106.58193642141906 21.200465293492655 0
      vertex 105.46791847198287 1.2020815280171309 0
      vertex 105.39187232728574 1.120887885670117 0
    endloop
  endfacet
  facet normal 0 0 -1
    outer loop
      vertex 106.58193642141906 21.200465293492655 0
      vertex 105.39187232728574 1.120887885670117 0
      vertex 105.3212993215049 1.034894429314825 0
    endloop
  endfacet
  facet normal 0 0 -1
    outer loop
      vertex 106.58193642141906 21.200465293492655 0
      vertex 105.3212993215049 1.034894429314825 0
      vertex 105.25650165908567 0.9444693961333237 0
    endloop
  endfacet
  facet normal 0 0 -1
    outer loop
      vertex 106.58193642141906 21.200465293492655 0
      vertex 105.54911211432989 1.2781276727142616 0
      vertex 105.46791847198287 1.2020815280171309 0
    endloop
  endfacet
  facet normal 0 0 -1
    outer loop
      vertex 106.58193642141906 21.200465293492655 0
      vertex 105.82000000000001 1.4722431864335457 0
      vertex 105.72553060386667 1.413498340914327 0
    endloop
  endfacet
  facet normal 0 0 -1
    outer loop
      vertex 106.58193642141906 21.200465293492655 0
      vertex 105.72553060386667 1.413498340914327 0
      vertex 105.63510557068517 1.3487006784950997 0
    endloop
  endfacet
  facet normal 0 0 -1
    outer loop
      vertex 106.58193642141906 21.200465293492655 0
      vertex 105.63510557068517 1.3487006784950997 0
      vertex 105.54911211432989 1.2781276727142616 0
    endloop
  endfacet
  facet normal 0 0 -1
    outer loop
      vertex 106.58193642141906 21.200465293492655 0
      vertex 105.9181092266277 1.52468366060557 0
      vertex 105.82000000000001 1.4722431864335457 0
    endloop
  endfacet
  facet normal 0 0 -1
    outer loop
      vertex 106.58193642141906 21.200465293492655 0
      vertex 106.01943816497935 1.5705952052691874 0
      vertex 105.9181092266277 1.52468366060557 0
    endloop
  endfacet
  facet normal 0 0 -1
    outer loop
      vertex 106.58193642141906 21.200465293492655 0
      vertex 106.12355290898462 1.6097812201416797 0
      vertex 106.01943816497935 1.5705952052691874 0
    endloop
  endfacet
  facet normal 0 0 -1
    outer loop
      vertex 106.58193642141906 21.200465293492655 0
      vertex 106.23000762332572 1.6420739046914161 0
      vertex 106.12355290898462 1.6097812201416797 0
    endloop
  endfacet
  facet normal 0 0 -1
    outer loop
      vertex 106.58193642141906 21.200465293492655 0
      vertex 106.33834645257258 1.6673349766854917 0
      vertex 106.23000762332572 1.6420739046914161 0
    endloop
  endfacet
  facet normal 0 0 -1
    outer loop
      vertex 106.58193642141906 21.200465293492655 0
      vertex 106.44810547322591 1.6854562643354776 0
      vertex 106.33834645257258 1.6673349766854917 0
    endloop
  endfacet
  facet normal 0 0 -1
    outer loop
      vertex 106.58193642141906 21.200465293492655 0
      vertex 106.55881468030876 1.6963601695056258 0
      vertex 106.44810547322591 1.6854562643354776 0
    endloop
  endfacet
  facet normal 0 0 -1
    outer loop
      vertex 108.43732918833904 7.107358053439647 0
      vertex 107.70489442931483 1.3487006784950997 0
      vertex 107.74031308549198 14.184281308553004 0
    endloop
  endfacet
  facet normal 0 0 -1
    outer loop
      vertex 107.74031308549198 14.184281308553004 0
      vertex 106.55881468030876 1.6963601695056258 0
      vertex 106.58193642141906 21.200465293492655 0
    endloop
  endfacet
  facet normal 0 0 -1
    outer loop
      vertex 100.39798879800153 41.58620859511431 0
      vertex 97.67 0 0
      vertex 97.4608810327144 6.387923631908073 0
    endloop
  endfacet
  facet normal 0 0 -1
    outer loop
      vertex 97.46316082235724 48.06351196609887 0
      vertex 97.4608810327144 6.387923631908073 0
      vertex 96.83441961038007 12.748493194132438 0
    endloop
  endfacet
  facet normal 0 0 -1
    outer loop
      vertex 97.46316082235724 48.06351196609887 0
      vertex 96.83441961038007 12.748493194132438 0
      vertex 95.79329833698351 19.054471751315248 0
    endloop
  endfacet
  facet normal 0 0 -1
    outer loop
      vertex 106.58193642141906 21.200465293492655 0
      vertex 105.09940479473082 0.6505618350206526 0
      vertex 104.96715954283306 28.125865631290928 0
    endloop
  endfacet
  facet normal 0 0 -1
    outer loop
      vertex 97.46316082235724 48.06351196609887 0
      vertex 94.3419754536533 25.278856135163203 0
      vertex 92.48666574778697 31.394992576159794 0
    endloop
  endfacet
  facet normal 0 0 -1
    outer loop
      vertex 90.3558027689176 60.37381722224017 0
      vertex 87.59756066549767 43.198336373689855 0
      vertex 84.58470118762612 48.835 0
    endloop
  endfacet
  facet normal 0 0 -1
    outer loop
      vertex 90.3558027689176 60.37381722224017 0
      vertex 90.23531394037738 37.376690839098316 0
      vertex 87.59756066549767 43.198336373689855 0
    endloop
  endfacet
  facet normal 0 0 -1
    outer loop
      vertex 94.11098062925494 54.335 0
      vertex 92.48666574778697 31.394992576159794 0
      vertex 90.23531394037738 37.376690839098316 0
    endloop
  endfacet
  facet normal 0 0 -1
    outer loop
      vertex 97.46316082235724 48.06351196609887 0
      vertex 92.48666574778697 31.394992576159794 0
      vertex 94.11098062925494 54.335 0
    endloop
  endfacet
  facet normal 0 0 -1
    outer loop
      vertex 90.3558027689176 60.37381722224017 0
      vertex 94.11098062925494 54.335 0
      vertex 90.23531394037738 37.376690839098316 0
    endloop
  endfacet
  facet normal 0 0 -1
    outer loop
      vertex 97.46316082235724 48.06351196609887 0
      vertex 95.79329833698351 19.054471751315248 0
      vertex 94.3419754536533 25.278856135163203 0
    endloop
  endfacet
  facet normal 0 0 -1
    outer loop
      vertex 100.39798879800153 41.58620859511431 0
      vertex 97.4608810327144 6.387923631908073 0
      vertex 97.46316082235724 48.06351196609887 0
    endloop
  endfacet
  facet normal 0.9994645874763656 0.032719082821777504 0
    outer loop
      vertex 108.67 0 0
      vertex 108.43732918833904 7.107358053439647 0
      vertex 108.67 0 4
    endloop
  endfacet
  facet normal 0.995184726672197 0.09801714032955963 0
    outer loop
      vertex 108.43732918833904 7.107358053439647 0
      vertex 107.74031308549198 14.184281308553004 0
      vertex 108.43732918833904 7.107358053439647 4
    endloop
  endfacet
  facet normal 0.9866433320848791 0.16289547339458788 0
    outer loop
      vertex 107.74031308549198 14.184281308553004 0
      vertex 106.58193642141906 21.200465293492655 0
      vertex 107.74031308549198 14.184281308553004 4
    endloop
  endfacet
  facet normal 0.9738769792773337 0.22707626303437287 0
    outer loop
      vertex 106.58193642141906 21.200465293492655 0
      vertex 104.96715954283306 28.125865631290928 0
      vertex 106.58193642141906 21.200465293492655 4
    endloop
  endfacet
  facet normal 0.9569403357322088 0.29028467725446244 0
    outer loop
      vertex 104.96715954283306 28.125865631290928 0
      vertex 102.90289717223314 34.93082669449457 0
      vertex 104.96715954283306 28.125865631290928 4
    endloop
  endfacet
  facet normal 0.9359059267573255 0.35225004792123393 0
    outer loop
      vertex 102.90289717223314 34.93082669449457 0
      vertex 100.39798879800153 41.58620859511431 0
      vertex 102.90289717223314 34.93082669449457 4
    endloop
  endfacet
  facet normal 0.9108638249211757 0.412707029804395 0
    outer loop
      vertex 100.39798879800153 41.58620859511431 0
      vertex 97.46316082235724 48.06351196609887 0
      vertex 100.39798879800153 41.58620859511431 4
    endloop
  endfacet
  facet normal 0.8819212643483545 0.47139673682599875 0
    outer loop
      vertex 97.46316082235724 48.06351196609887 0
      vertex 94.11098062925494 54.335 0
      vertex 97.46316082235724 48.06351196609887 4
    endloop
  endfacet
  facet normal 0 0 -1
    outer loop
      vertex 66.15410449037768 86.21370748944852 0
      vertex 64.39830576082373 73.43219399647174 0
      vertex 59.45772877128175 77.48682074624494 0
    endloop
  endfacet
  facet normal 0 0 -1
    outer loop
      vertex 66.15410449037768 86.21370748944852 0
      vertex 71.65110972692449 81.70243187874048 0
      vertex 64.39830576082373 73.43219399647174 0
    endloop
  endfacet
  facet normal 0 0 -1
    outer loop
      vertex 81.70243187874048 71.65110972692449 0
      vertex 77.48682074624494 59.45772877128175 0
      vertex 73.43219399647174 64.39830576082373 0
    endloop
  endfacet
  facet normal 0 0 -1
    outer loop
      vertex 81.70243187874048 71.65110972692449 0
      vertex 81.2096370335896 54.26254465902455 0
      vertex 77.48682074624494 59.45772877128175 0
    endloop
  endfacet
  facet normal 0 0 -1
    outer loop
      vertex 69.06311931849011 69.06311931849011 0
      vertex 76.17897112254133 73.90239668856346 0
      vertex 73.43219399647174 64.39830576082373 0
    endloop
  endfacet
  facet normal 0 0 -1
    outer loop
      vertex 69.06311931849011 69.06311931849011 0
      vertex 74.30619246349892 74.14895267645477 0
      vertex 74.3921859198542 74.07837967067393 0
    endloop
  endfacet
  facet normal 0 0 -1
    outer loop
      vertex 69.06311931849011 69.06311931849011 0
      vertex 74.2249988211519 74.2249988211519 0
      vertex 74.30619246349892 74.14895267645477 0
    endloop
  endfacet
  facet normal 0 0 -1
    outer loop
      vertex 69.06311931849011 69.06311931849011 0
      vertex 74.14895267645477 74.30619246349892 0
      vertex 74.2249988211519 74.2249988211519 0
    endloop
  endfacet
  facet normal 0 0 -1
    outer loop
      vertex 69.06311931849011 69.06311931849011 0
      vertex 74.07837967067393 74.3921859198542 0
      vertex 74.14895267645477 74.30619246349892 0
    endloop
  endfacet
  facet normal 0 0 -1
    outer loop
      vertex 69.06311931849011 69.06311931849011 0
      vertex 73.95483716273549 74.57708034916904 0
      vertex 74.0135820082547 74.4826109530357 0
    endloop
  endfacet
  facet normal 0 0 -1
    outer loop
      vertex 69.06311931849011 69.06311931849011 0
      vertex 73.90239668856346 74.67518957579674 0
      vertex 73.95483716273549 74.57708034916904 0
    endloop
  endfacet
  facet normal 0 0 -1
    outer loop
      vertex 69.06311931849011 69.06311931849011 0
      vertex 73.85648514389985 74.77651851414838 0
      vertex 73.90239668856346 74.67518957579674 0
    endloop
  endfacet
  facet normal 0 0 -1
    outer loop
      vertex 69.06311931849011 69.06311931849011 0
      vertex 73.81729912902735 74.88063325815365 0
      vertex 73.85648514389985 74.77651851414838 0
    endloop
  endfacet
  facet normal 0 0 -1
    outer loop
      vertex 69.06311931849011 69.06311931849011 0
      vertex 74.0135820082547 74.4826109530357 0
      vertex 74.07837967067393 74.3921859198542 0
    endloop
  endfacet
  facet normal 0 0 -1
    outer loop
      vertex 69.06311931849011 69.06311931849011 0
      vertex 74.57708034916904 73.95483716273549 0
      vertex 74.67518957579674 73.90239668856346 0
    endloop
  endfacet
  facet normal 0 0 -1
    outer loop
      vertex 69.06311931849011 69.06311931849011 0
      vertex 74.4826109530357 74.0135820082547 0
      vertex 74.57708034916904 73.95483716273549 0
    endloop
  endfacet
  facet normal 0 0 -1
    outer loop
      vertex 69.06311931849011 69.06311931849011 0
      vertex 74.3921859198542 74.07837967067393 0
      vertex 74.4826109530357 74.0135820082547 0
    endloop
  endfacet
  facet normal 0 0 -1
    outer loop
      vertex 69.06311931849011 69.06311931849011 0
      vertex 74.88063325815365 73.81729912902735 0
      vertex 74.98708797249475 73.78500644447762 0
    endloop
  endfacet
  facet normal 0 0 -1
    outer loop
      vertex 69.06311931849011 69.06311931849011 0
      vertex 74.77651851414838 73.85648514389985 0
      vertex 74.88063325815365 73.81729912902735 0
    endloop
  endfacet
  facet normal 0 0 -1
    outer loop
      vertex 69.06311931849011 69.06311931849011 0
      vertex 74.67518957579674 73.90239668856346 0
      vertex 74.77651851414838 73.85648514389985 0
    endloop
  endfacet
  facet normal 0 0 -1
    outer loop
      vertex 69.06311931849011 69.06311931849011 0
      vertex 75.20518582239494 73.74162408483356 0
      vertex 75.31589502947779 73.73072017966341 0
    endloop
  endfacet
  facet normal 0 0 -1
    outer loop
      vertex 69.06311931849011 69.06311931849011 0
      vertex 75.09542680174161 73.75974537248354 0
      vertex 75.20518582239494 73.74162408483356 0
    endloop
  endfacet
  facet normal 0 0 -1
    outer loop
      vertex 69.06311931849011 69.06311931849011 0
      vertex 74.98708797249475 73.78500644447762 0
      vertex 75.09542680174161 73.75974537248354 0
    endloop
  endfacet
  facet normal 0 0 -1
    outer loop
      vertex 69.06311931849011 69.06311931849011 0
      vertex 75.53826566886028 73.73072017966341 0
      vertex 75.64897487594313 73.74162408483356 0
    endloop
  endfacet
  facet normal 0 0 -1
    outer loop
      vertex 69.06311931849011 69.06311931849011 0
      vertex 75.42708034916903 73.72708034916903 0
      vertex 75.53826566886028 73.73072017966341 0
    endloop
  endfacet
  facet normal 0 0 -1
    outer loop
      vertex 69.06311931849011 69.06311931849011 0
      vertex 75.31589502947779 73.73072017966341 0
      vertex 75.42708034916903 73.72708034916903 0
    endloop
  endfacet
  facet normal 0 0 -1
    outer loop
      vertex 69.06311931849011 69.06311931849011 0
      vertex 75.86707272584331 73.78500644447762 0
      vertex 75.97352744018441 73.81729912902735 0
    endloop
  endfacet
  facet normal 0 0 -1
    outer loop
      vertex 69.06311931849011 69.06311931849011 0
      vertex 75.75873389659645 73.75974537248354 0
      vertex 75.86707272584331 73.78500644447762 0
    endloop
  endfacet
  facet normal 0 0 -1
    outer loop
      vertex 69.06311931849011 69.06311931849011 0
      vertex 75.64897487594313 73.74162408483356 0
      vertex 75.75873389659645 73.75974537248354 0
    endloop
  endfacet
  facet normal 0 0 -1
    outer loop
      vertex 69.06311931849011 69.06311931849011 0
      vertex 76.07764218418968 73.85648514389985 0
      vertex 76.17897112254133 73.90239668856346 0
    endloop
  endfacet
  facet normal 0 0 -1
    outer loop
      vertex 69.06311931849011 69.06311931849011 0
      vertex 75.97352744018441 73.81729912902735 0
      vertex 76.07764218418968 73.85648514389985 0
    endloop
  endfacet
  facet normal 0 0 -1
    outer loop
      vertex 71.65110972692449 81.70243187874048 0
      vertex 69.06311931849011 69.06311931849011 0
      vertex 64.39830576082373 73.43219399647174 0
    endloop
  endfacet
  facet normal 0 0 -1
    outer loop
      vertex 71.65110972692449 81.70243187874048 0
      vertex 73.81729912902735 74.88063325815365 0
      vertex 69.06311931849011 69.06311931849011 0
    endloop
  endfacet
  facet normal 0 0 -1
    outer loop
      vertex 71.65110972692449 81.70243187874048 0
      vertex 73.78500644447762 74.98708797249475 0
      vertex 73.81729912902735 74.88063325815365 0
    endloop
  endfacet
  facet normal 0 0 -1
    outer loop
      vertex 71.65110972692449 81.70243187874048 0
      vertex 73.75974537248354 75.09542680174161 0
      vertex 73.78500644447762 74.98708797249475 0
    endloop
  endfacet
  facet normal 0 0 -1
    outer loop
      vertex 71.65110972692449 81.70243187874048 0
      vertex 73.74162408483356 75.20518582239494 0
      vertex 73.75974537248354 75.09542680174161 0
    endloop
  endfacet
  facet normal 0 0 -1
    outer loop
      vertex 71.65110972692449 81.70243187874048 0
      vertex 73.73072017966341 75.31589502947779 0
      vertex 73.74162408483356 75.20518582239494 0
    endloop
  endfacet
  facet normal 0 0 -1
    outer loop
      vertex 71.65110972692449 81.70243187874048 0
      vertex 73.72708034916903 75.42708034916903 0
      vertex 73.73072017966341 75.31589502947779 0
    endloop
  endfacet
  facet normal 0 0 -1
    outer loop
      vertex 71.65110972692449 81.70243187874048 0
      vertex 73.73072017966341 75.53826566886028 0
      vertex 73.72708034916903 75.42708034916903 0
    endloop
  endfacet
  facet normal 0 0 -1
    outer loop
      vertex 71.65110972692449 81.70243187874048 0
      vertex 73.74162408483356 75.64897487594313 0
      vertex 73.73072017966341 75.53826566886028 0
    endloop
  endfacet
  facet normal 0 0 -1
    outer loop
      vertex 71.65110972692449 81.70243187874048 0
      vertex 73.81729912902735 75.97352744018441 0
      vertex 73.78500644447762 75.86707272584331 0
    endloop
  endfacet
  facet normal 0 0 -1
    outer loop
      vertex 71.65110972692449 81.70243187874048 0
      vertex 73.75974537248354 75.75873389659645 0
      vertex 73.74162408483356 75.64897487594313 0
    endloop
  endfacet
  facet normal 0 0 -1
    outer loop
      vertex 71.65110972692449 81.70243187874048 0
      vertex 73.78500644447762 75.86707272584331 0
      vertex 73.75974537248354 75.75873389659645 0
    endloop
  endfacet
  facet normal 0 0 -1
    outer loop
      vertex 71.65110972692449 81.70243187874048 0
      vertex 73.95483716273549 76.27708034916903 0
      vertex 73.90239668856346 76.17897112254133 0
    endloop
  endfacet
  facet normal 0 0 -1
    outer loop
      vertex 71.65110972692449 81.70243187874048 0
      vertex 73.90239668856346 76.17897112254133 0
      vertex 73.85648514389985 76.07764218418968 0
    endloop
  endfacet
  facet normal 0 0 -1
    outer loop
      vertex 71.65110972692449 81.70243187874048 0
      vertex 73.85648514389985 76.07764218418968 0
      vertex 73.81729912902735 75.97352744018441 0
    endloop
  endfacet
  facet normal 0 0 -1
    outer loop
      vertex 71.65110972692449 81.70243187874048 0
      vertex 74.0135820082547 76.37154974530236 0
      vertex 73.95483716273549 76.27708034916903 0
    endloop
  endfacet
  facet normal 0 0 -1
    outer loop
      vertex 71.65110972692449 81.70243187874048 0
      vertex 74.2249988211519 76.62916187718616 0
      vertex 74.14895267645477 76.54796823483915 0
    endloop
  endfacet
  facet normal 0 0 -1
    outer loop
      vertex 71.65110972692449 81.70243187874048 0
      vertex 74.14895267645477 76.54796823483915 0
      vertex 74.07837967067393 76.46197477848386 0
    endloop
  endfacet
  facet normal 0 0 -1
    outer loop
      vertex 71.65110972692449 81.70243187874048 0
      vertex 74.07837967067393 76.46197477848386 0
      vertex 74.0135820082547 76.37154974530236 0
    endloop
  endfacet
  facet normal 0 0 -1
    outer loop
      vertex 71.65110972692449 81.70243187874048 0
      vertex 74.30619246349892 76.7052080218833 0
      vertex 74.2249988211519 76.62916187718616 0
    endloop
  endfacet
  facet normal 0 0 -1
    outer loop
      vertex 71.65110972692449 81.70243187874048 0
      vertex 74.67518957579674 76.9517640097746 0
      vertex 74.57708034916904 76.89932353560258 0
    endloop
  endfacet
  facet normal 0 0 -1
    outer loop
      vertex 71.65110972692449 81.70243187874048 0
      vertex 74.57708034916904 76.89932353560258 0
      vertex 74.4826109530357 76.84057869008336 0
    endloop
  endfacet
  facet normal 0 0 -1
    outer loop
      vertex 71.65110972692449 81.70243187874048 0
      vertex 74.4826109530357 76.84057869008336 0
      vertex 74.3921859198542 76.77578102766414 0
    endloop
  endfacet
  facet normal 0 0 -1
    outer loop
      vertex 71.65110972692449 81.70243187874048 0
      vertex 74.3921859198542 76.77578102766414 0
      vertex 74.30619246349892 76.7052080218833 0
    endloop
  endfacet
  facet normal 0 0 -1
    outer loop
      vertex 71.65110972692449 81.70243187874048 0
      vertex 74.98708797249475 77.06915425386045 0
      vertex 74.88063325815365 77.03686156931072 0
    endloop
  endfacet
  facet normal 0 0 -1
    outer loop
      vertex 71.65110972692449 81.70243187874048 0
      vertex 74.88063325815365 77.03686156931072 0
      vertex 74.77651851414838 76.99767555443822 0
    endloop
  endfacet
  facet normal 0 0 -1
    outer loop
      vertex 71.65110972692449 81.70243187874048 0
      vertex 74.77651851414838 76.99767555443822 0
      vertex 74.67518957579674 76.9517640097746 0
    endloop
  endfacet
  facet normal 0 0 -1
    outer loop
      vertex 71.65110972692449 81.70243187874048 0
      vertex 75.31589502947779 77.12344051867466 0
      vertex 75.20518582239494 77.1125366135045 0
    endloop
  endfacet
  facet normal 0 0 -1
    outer loop
      vertex 71.65110972692449 81.70243187874048 0
      vertex 75.20518582239494 77.1125366135045 0
      vertex 75.09542680174161 77.09441532585453 0
    endloop
  endfacet
  facet normal 0 0 -1
    outer loop
      vertex 71.65110972692449 81.70243187874048 0
      vertex 75.09542680174161 77.09441532585453 0
      vertex 74.98708797249475 77.06915425386045 0
    endloop
  endfacet
  facet normal 0 0 -1
    outer loop
      vertex 71.65110972692449 81.70243187874048 0
      vertex 75.64897487594313 77.1125366135045 0
      vertex 75.53826566886028 77.12344051867466 0
    endloop
  endfacet
  facet normal 0 0 -1
    outer loop
      vertex 71.65110972692449 81.70243187874048 0
      vertex 75.53826566886028 77.12344051867466 0
      vertex 75.42708034916903 77.12708034916903 0
    endloop
  endfacet
  facet normal 0 0 -1
    outer loop
      vertex 71.65110972692449 81.70243187874048 0
      vertex 75.42708034916903 77.12708034916903 0
      vertex 75.31589502947779 77.12344051867466 0
    endloop
  endfacet
  facet normal 0 0 -1
    outer loop
      vertex 71.65110972692449 81.70243187874048 0
      vertex 76.27708034916903 76.89932353560258 0
      vertex 76.17897112254133 76.9517640097746 0
    endloop
  endfacet
  facet normal 0 0 -1
    outer loop
      vertex 71.65110972692449 81.70243187874048 0
      vertex 75.97352744018441 77.03686156931072 0
      vertex 75.86707272584331 77.06915425386045 0
    endloop
  endfacet
  facet normal 0 0 -1
    outer loop
      vertex 71.65110972692449 81.70243187874048 0
      vertex 75.86707272584331 77.06915425386045 0
      vertex 75.75873389659645 77.09441532585453 0
    endloop
  endfacet
  facet normal 0 0 -1
    outer loop
      vertex 71.65110972692449 81.70243187874048 0
      vertex 75.75873389659645 77.09441532585453 0
      vertex 75.64897487594313 77.1125366135045 0
    endloop
  endfacet
  facet normal 0 0 -1
    outer loop
      vertex 71.65110972692449 81.70243187874048 0
      vertex 76.17897112254133 76.9517640097746 0
      vertex 76.07764218418968 76.99767555443822 0
    endloop
  endfacet
  facet normal 0 0 -1
    outer loop
      vertex 71.65110972692449 81.70243187874048 0
      vertex 76.07764218418968 76.99767555443822 0
      vertex 75.97352744018441 77.03686156931072 0
    endloop
  endfacet
  facet normal 0 0 -1
    outer loop
      vertex 76.17897112254133 73.90239668856346 0
      vertex 76.27708034916903 73.95483716273549 0
      vertex 73.43219399647174 64.39830576082373 0
    endloop
  endfacet
  facet normal 0 0 -1
    outer loop
      vertex 76.46197477848386 74.07837967067393 0
      vertex 76.54796823483915 74.14895267645477 0
      vertex 73.43219399647174 64.39830576082373 0
    endloop
  endfacet
  facet normal 0 0 -1
    outer loop
      vertex 76.37154974530236 74.0135820082547 0
      vertex 76.46197477848386 74.07837967067393 0
      vertex 73.43219399647174 64.39830576082373 0
    endloop
  endfacet
  facet normal 0 0 -1
    outer loop
      vertex 76.27708034916903 73.95483716273549 0
      vertex 76.37154974530236 74.0135820082547 0
      vertex 73.43219399647174 64.39830576082373 0
    endloop
  endfacet
  facet normal 0 0 -1
    outer loop
      vertex 76.54796823483915 74.14895267645477 0
      vertex 76.62916187718616 74.2249988211519 0
      vertex 73.43219399647174 64.39830576082373 0
    endloop
  endfacet
  facet normal 0 0 -1
    outer loop
      vertex 73.43219399647174 64.39830576082373 0
      vertex 76.77578102766414 74.3921859198542 0
      vertex 76.84057869008336 74.4826109530357 0
    endloop
  endfacet
  facet normal 0 0 -1
    outer loop
      vertex 76.77578102766414 74.3921859198542 0
      vertex 73.43219399647174 64.39830576082373 0
      vertex 76.7052080218833 74.30619246349892 0
    endloop
  endfacet
  facet normal 0 0 -1
    outer loop
      vertex 76.62916187718616 74.2249988211519 0
      vertex 76.7052080218833 74.30619246349892 0
      vertex 73.43219399647174 64.39830576082373 0
    endloop
  endfacet
  facet normal 0 0 -1
    outer loop
      vertex 73.43219399647174 64.39830576082373 0
      vertex 76.84057869008336 74.4826109530357 0
      vertex 76.89932353560258 74.57708034916904 0
    endloop
  endfacet
  facet normal 0 0 -1
    outer loop
      vertex 81.70243187874048 71.65110972692449 0
      vertex 73.43219399647174 64.39830576082373 0
      vertex 76.89932353560258 74.57708034916904 0
    endloop
  endfacet
  facet normal 0 0 -1
    outer loop
      vertex 81.70243187874048 71.65110972692449 0
      vertex 76.89932353560258 74.57708034916904 0
      vertex 76.9517640097746 74.67518957579674 0
    endloop
  endfacet
  facet normal 0 0 -1
    outer loop
      vertex 81.70243187874048 71.65110972692449 0
      vertex 76.9517640097746 74.67518957579674 0
      vertex 76.99767555443822 74.77651851414838 0
    endloop
  endfacet
  facet normal 0 0 -1
    outer loop
      vertex 81.70243187874048 71.65110972692449 0
      vertex 76.99767555443822 74.77651851414838 0
      vertex 77.03686156931072 74.88063325815365 0
    endloop
  endfacet
  facet normal 0 0 -1
    outer loop
      vertex 81.70243187874048 71.65110972692449 0
      vertex 77.03686156931072 74.88063325815365 0
      vertex 77.06915425386045 74.98708797249475 0
    endloop
  endfacet
  facet normal 0 0 -1
    outer loop
      vertex 81.70243187874048 71.65110972692449 0
      vertex 76.9517640097746 76.17897112254133 0
      vertex 76.89932353560258 76.27708034916903 0
    endloop
  endfacet
  facet normal 0 0 -1
    outer loop
      vertex 81.70243187874048 71.65110972692449 0
      vertex 77.06915425386045 74.98708797249475 0
      vertex 77.09441532585453 75.09542680174161 0
    endloop
  endfacet
  facet normal 0 0 -1
    outer loop
      vertex 81.70243187874048 71.65110972692449 0
      vertex 77.09441532585453 75.09542680174161 0
      vertex 77.1125366135045 75.20518582239494 0
    endloop
  endfacet
  facet normal 0 0 -1
    outer loop
      vertex 81.70243187874048 71.65110972692449 0
      vertex 77.1125366135045 75.20518582239494 0
      vertex 77.12344051867466 75.31589502947779 0
    endloop
  endfacet
  facet normal 0 0 -1
    outer loop
      vertex 81.70243187874048 71.65110972692449 0
      vertex 77.12344051867466 75.53826566886028 0
      vertex 77.1125366135045 75.64897487594313 0
    endloop
  endfacet
  facet normal 0 0 -1
    outer loop
      vertex 81.70243187874048 71.65110972692449 0
      vertex 77.12708034916903 75.42708034916903 0
      vertex 77.12344051867466 75.53826566886028 0
    endloop
  endfacet
  facet normal 0 0 -1
    outer loop
      vertex 81.70243187874048 71.65110972692449 0
      vertex 77.12344051867466 75.31589502947779 0
      vertex 77.12708034916903 75.42708034916903 0
    endloop
  endfacet
  facet normal 0 0 -1
    outer loop
      vertex 81.70243187874048 71.65110972692449 0
      vertex 77.06915425386045 75.86707272584331 0
      vertex 77.03686156931072 75.97352744018441 0
    endloop
  endfacet
  facet normal 0 0 -1
    outer loop
      vertex 81.70243187874048 71.65110972692449 0
      vertex 77.09441532585453 75.75873389659645 0
      vertex 77.06915425386045 75.86707272584331 0
    endloop
  endfacet
  facet normal 0 0 -1
    outer loop
      vertex 81.70243187874048 71.65110972692449 0
      vertex 77.1125366135045 75.64897487594313 0
      vertex 77.09441532585453 75.75873389659645 0
    endloop
  endfacet
  facet normal 0 0 -1
    outer loop
      vertex 81.70243187874048 71.65110972692449 0
      vertex 76.99767555443822 76.07764218418968 0
      vertex 76.9517640097746 76.17897112254133 0
    endloop
  endfacet
  facet normal 0 0 -1
    outer loop
      vertex 81.70243187874048 71.65110972692449 0
      vertex 77.03686156931072 75.97352744018441 0
      vertex 76.99767555443822 76.07764218418968 0
    endloop
  endfacet
  facet normal 0 0 -1
    outer loop
      vertex 76.84129391154212 76.84129391154212 0
      vertex 76.54796823483915 76.7052080218833 0
      vertex 76.46197477848386 76.77578102766414 0
    endloop
  endfacet
  facet normal 0 0 -1
    outer loop
      vertex 76.84129391154212 76.84129391154212 0
      vertex 76.84057869008336 76.37154974530236 0
      vertex 76.77578102766414 76.46197477848386 0
    endloop
  endfacet
  facet normal 0 0 -1
    outer loop
      vertex 76.84129391154212 76.84129391154212 0
      vertex 76.77578102766414 76.46197477848386 0
      vertex 76.7052080218833 76.54796823483915 0
    endloop
  endfacet
  facet normal 0 0 -1
    outer loop
      vertex 76.84129391154212 76.84129391154212 0
      vertex 76.7052080218833 76.54796823483915 0
      vertex 76.62916187718616 76.62916187718616 0
    endloop
  endfacet
  facet normal 0 0 -1
    outer loop
      vertex 76.84129391154212 76.84129391154212 0
      vertex 76.62916187718616 76.62916187718616 0
      vertex 76.54796823483915 76.7052080218833 0
    endloop
  endfacet
  facet normal 0 0 -1
    outer loop
      vertex 71.65110972692449 81.70243187874048 0
      vertex 76.46197477848386 76.77578102766414 0
      vertex 76.37154974530236 76.84057869008336 0
    endloop
  endfacet
  facet normal 0 0 -1
    outer loop
      vertex 71.65110972692449 81.70243187874048 0
      vertex 76.37154974530236 76.84057869008336 0
      vertex 76.27708034916903 76.89932353560258 0
    endloop
  endfacet
  facet normal 0 0 -1
    outer loop
      vertex 76.84129391154212 76.84129391154212 0
      vertex 76.46197477848386 76.77578102766414 0
      vertex 71.65110972692449 81.70243187874048 0
    endloop
  endfacet
  facet normal 0 0 -1
    outer loop
      vertex 81.70243187874048 71.65110972692449 0
      vertex 76.89932353560258 76.27708034916903 0
      vertex 76.84057869008336 76.37154974530236 0
    endloop
  endfacet
  facet normal 0 0 -1
    outer loop
      vertex 76.84129391154212 76.84129391154212 0
      vertex 81.70243187874048 71.65110972692449 0
      vertex 76.84057869008336 76.37154974530236 0
    endloop
  endfacet
  facet normal 0 0 -1
    outer loop
      vertex 60.37381722224017 90.3558027689176 0
      vertex 59.45772877128175 77.48682074624494 0
      vertex 54.26254465902455 81.2096370335896 0
    endloop
  endfacet
  facet normal 0 0 -1
    outer loop
      vertex 54.335 94.11098062925494 0
      vertex 60.37381722224017 90.3558027689176 0
      vertex 54.26254465902455 81.2096370335896 0
    endloop
  endfacet
  facet normal 0 0 -1
    outer loop
      vertex 60.37381722224017 90.3558027689176 0
      vertex 66.15410449037768 86.21370748944852 0
      vertex 59.45772877128175 77.48682074624494 0
    endloop
  endfacet
  facet normal 0 0 -1
    outer loop
      vertex 86.21370748944852 66.15410449037768 0
      vertex 84.58470118762612 48.835 0
      vertex 81.2096370335896 54.26254465902455 0
    endloop
  endfacet
  facet normal 0 0 -1
    outer loop
      vertex 86.21370748944852 66.15410449037768 0
      vertex 90.3558027689176 60.37381722224017 0
      vertex 84.58470118762612 48.835 0
    endloop
  endfacet
  facet normal 0 0 -1
    outer loop
      vertex 86.21370748944852 66.15410449037768 0
      vertex 81.2096370335896 54.26254465902455 0
      vertex 81.70243187874048 71.65110972692449 0
    endloop
  endfacet
  facet normal 0.6835923020228717 0.7298640726978353 -9.252941035493442e-18
    outer loop
      vertex 76.84129391154212 76.84129391154212 0
      vertex 71.65110972692449 81.70243187874048 0
      vertex 71.65110972692449 81.70243187874048 4
    endloop
  endfacet
  facet normal 0.7298640726978353 0.6835923020228717 -9.252941035493442e-18
    outer loop
      vertex 76.84129391154212 76.84129391154212 0
      vertex 81.70243187874048 71.65110972692449 4
      vertex 81.70243187874048 71.65110972692449 0
    endloop
  endfacet
  facet normal 0.5280678506503667 0.8492021815265797 0
    outer loop
      vertex 54.335 94.11098062925494 0
      vertex 54.335 94.11098062925494 4
      vertex 60.37381722224017 90.3558027689176 0
    endloop
  endfacet
  facet normal 0.5824776968678024 0.8128466845916149 0
    outer loop
      vertex 60.37381722224017 90.3558027689176 0
      vertex 60.37381722224017 90.3558027689176 4
      vertex 66.15410449037768 86.21370748944852 0
    endloop
  endfacet
  facet normal 0.6343932841636445 0.7730104533627378 0
    outer loop
      vertex 66.15410449037768 86.21370748944852 0
      vertex 66.15410449037768 86.21370748944852 4
      vertex 71.65110972692449 81.70243187874048 0
    endloop
  endfacet
  facet normal 0.8492021815265797 0.5280678506503667 -5.256817944130042e-17
    outer loop
      vertex 90.3558027689176 60.37381722224017 0
      vertex 94.11098062925494 54.335 4
      vertex 94.11098062925494 54.335 0
    endloop
  endfacet
  facet normal 0.8128466845916149 0.5824776968678024 6.017343357859658e-19
    outer loop
      vertex 86.21370748944852 66.15410449037768 0
      vertex 90.3558027689176 60.37381722224017 4
      vertex 90.3558027689176 60.37381722224017 0
    endloop
  endfacet
  facet normal 0.7730104533627378 0.6343932841636445 0
    outer loop
      vertex 86.21370748944852 66.15410449037768 0
      vertex 81.70243187874048 71.65110972692449 0
      vertex 86.21370748944852 66.15410449037768 4
    endloop
  endfacet
  facet normal 0.032719082821777504 0.9994645874763656 0
    outer loop
      vertex 7.107358053439647 108.43732918833904 0
      vertex 0 108.67 4
      vertex 7.107358053439647 108.43732918833904 4
    endloop
  endfacet
  facet normal 0.09801714032955963 0.995184726672197 0
    outer loop
      vertex 14.184281308553004 107.74031308549198 0
      vertex 7.107358053439647 108.43732918833904 4
      vertex 14.184281308553004 107.74031308549198 4
    endloop
  endfacet
  facet normal 0.16289547339458788 0.9866433320848791 0
    outer loop
      vertex 21.200465293492655 106.58193642141906 0
      vertex 14.184281308553004 107.74031308549198 4
      vertex 21.200465293492655 106.58193642141906 4
    endloop
  endfacet
  facet normal 0.22707626303437287 0.9738769792773337 0
    outer loop
      vertex 28.125865631290928 104.96715954283306 0
      vertex 21.200465293492655 106.58193642141906 4
      vertex 28.125865631290928 104.96715954283306 4
    endloop
  endfacet
  facet normal 0.29028467725446244 0.9569403357322088 0
    outer loop
      vertex 34.93082669449457 102.90289717223314 0
      vertex 28.125865631290928 104.96715954283306 4
      vertex 34.93082669449457 102.90289717223314 4
    endloop
  endfacet
  facet normal 0.35225004792123393 0.9359059267573255 0
    outer loop
      vertex 41.58620859511431 100.39798879800153 0
      vertex 34.93082669449457 102.90289717223314 4
      vertex 41.58620859511431 100.39798879800153 4
    endloop
  endfacet
  facet normal 0.412707029804395 0.9108638249211757 0
    outer loop
      vertex 48.06351196609887 97.46316082235724 0
      vertex 41.58620859511431 100.39798879800153 4
      vertex 48.06351196609887 97.46316082235724 4
    endloop
  endfacet
  facet normal 0.47139673682599875 0.8819212643483545 0
    outer loop
      vertex 54.335 94.11098062925494 0
      vertex 48.06351196609887 97.46316082235724 4
      vertex 54.335 94.11098062925494 4
    endloop
  endfacet
  facet normal 0 0 1
    outer loop
      vertex 0 108.67 4
      vertex 0 97.67 4
      vertex 6.387923631908073 97.4608810327144 4
    endloop
  endfacet
  facet normal 0 0 1
    outer loop
      vertex 0 108.67 4
      vertex 6.387923631908073 97.4608810327144 4
      vertex 7.107358053439647 108.43732918833904 4
    endloop
  endfacet
  facet normal 0 0 1
    outer loop
      vertex 7.107358053439647 108.43732918833904 4
      vertex 6.387923631908073 97.4608810327144 4
      vertex 12.748493194132438 96.83441961038007 4
    endloop
  endfacet
  facet normal 0 0 1
    outer loop
      vertex 7.107358053439647 108.43732918833904 4
      vertex 12.748493194132438 96.83441961038007 4
      vertex 14.184281308553004 107.74031308549198 4
    endloop
  endfacet
  facet normal 0 0 1
    outer loop
      vertex 14.184281308553004 107.74031308549198 4
      vertex 12.748493194132438 96.83441961038007 4
      vertex 19.054471751315248 95.79329833698351 4
    endloop
  endfacet
  facet normal 0 0 1
    outer loop
      vertex 14.184281308553004 107.74031308549198 4
      vertex 19.054471751315248 95.79329833698351 4
      vertex 21.200465293492655 106.58193642141906 4
    endloop
  endfacet
  facet normal 0 0 1
    outer loop
      vertex 21.200465293492655 106.58193642141906 4
      vertex 19.054471751315248 95.79329833698351 4
      vertex 25.278856135163203 94.3419754536533 4
    endloop
  endfacet
  facet normal 0 0 1
    outer loop
      vertex 21.200465293492655 106.58193642141906 4
      vertex 25.278856135163203 94.3419754536533 4
      vertex 28.125865631290928 104.96715954283306 4
    endloop
  endfacet
  facet normal 0 0 1
    outer loop
      vertex 41.58620859511431 100.39798879800153 4
      vertex 37.376690839098316 90.23531394037738 4
      vertex 43.198336373689855 87.59756066549767 4
    endloop
  endfacet
  facet normal 0 0 1
    outer loop
      vertex 28.125865631290928 104.96715954283306 4
      vertex 25.278856135163203 94.3419754536533 4
      vertex 31.394992576159794 92.48666574778697 4
    endloop
  endfacet
  facet normal 0 0 1
    outer loop
      vertex 28.125865631290928 104.96715954283306 4
      vertex 31.394992576159794 92.48666574778697 4
      vertex 34.93082669449457 102.90289717223314 4
    endloop
  endfacet
  facet normal 0 0 1
    outer loop
      vertex 34.93082669449457 102.90289717223314 4
      vertex 31.394992576159794 92.48666574778697 4
      vertex 37.376690839098316 90.23531394037738 4
    endloop
  endfacet
  facet normal 0 0 1
    outer loop
      vertex 34.93082669449457 102.90289717223314 4
      vertex 37.376690839098316 90.23531394037738 4
      vertex 41.58620859511431 100.39798879800153 4
    endloop
  endfacet
  facet normal 0 0 1
    outer loop
      vertex 48.06351196609887 97.46316082235724 4
      vertex 43.198336373689855 87.59756066549767 4
      vertex 48.835 84.58470118762612 4
    endloop
  endfacet
  facet normal 0 0 1
    outer loop
      vertex 54.335 94.11098062925494 4
      vertex 48.835 84.58470118762612 4
      vertex 54.26254465902455 81.2096370335896 4
    endloop
  endfacet
  facet normal 0 0 1
    outer loop
      vertex 48.06351196609887 97.46316082235724 4
      vertex 48.835 84.58470118762612 4
      vertex 54.335 94.11098062925494 4
    endloop
  endfacet
  facet normal 0 0 1
    outer loop
      vertex 41.58620859511431 100.39798879800153 4
      vertex 43.198336373689855 87.59756066549767 4
      vertex 48.06351196609887 97.46316082235724 4
    endloop
  endfacet
  facet normal 0.9994645874763656 0.032719082821777504 0
    outer loop
      vertex 108.43732918833904 7.107358053439647 0
      vertex 108.43732918833904 7.107358053439647 4
      vertex 108.67 0 4
    endloop
  endfacet
  facet normal 0.995184726672197 0.09801714032955963 0
    outer loop
      vertex 107.74031308549198 14.184281308553004 0
      vertex 107.74031308549198 14.184281308553004 4
      vertex 108.43732918833904 7.107358053439647 4
    endloop
  endfacet
  facet normal 0.9866433320848791 0.16289547339458788 0
    outer loop
      vertex 106.58193642141906 21.200465293492655 0
      vertex 106.58193642141906 21.200465293492655 4
      vertex 107.74031308549198 14.184281308553004 4
    endloop
  endfacet
  facet normal 0.9738769792773337 0.22707626303437287 0
    outer loop
      vertex 104.96715954283306 28.125865631290928 0
      vertex 104.96715954283306 28.125865631290928 4
      vertex 106.58193642141906 21.200465293492655 4
    endloop
  endfacet
  facet normal 0.9359059267573255 0.35225004792123393 0
    outer loop
      vertex 100.39798879800153 41.58620859511431 0
      vertex 100.39798879800153 41.58620859511431 4
      vertex 102.90289717223314 34.93082669449457 4
    endloop
  endfacet
  facet normal 0.9569403357322088 0.29028467725446244 0
    outer loop
      vertex 102.90289717223314 34.93082669449457 0
      vertex 102.90289717223314 34.93082669449457 4
      vertex 104.96715954283306 28.125865631290928 4
    endloop
  endfacet
  facet normal 0.9108638249211757 0.412707029804395 0
    outer loop
      vertex 97.46316082235724 48.06351196609887 0
      vertex 97.46316082235724 48.06351196609887 4
      vertex 100.39798879800153 41.58620859511431 4
    endloop
  endfacet
  facet normal 0.8819212643483545 0.47139673682599875 0
    outer loop
      vertex 94.11098062925494 54.335 0
      vertex 94.11098062925494 54.335 4
      vertex 97.46316082235724 48.06351196609887 4
    endloop
  endfacet
  facet normal 0 0 1
    outer loop
      vertex 100.39798879800153 -41.58620859511431 4
      vertex 97.46316082235724 48.06351196609887 4
      vertex 97.67 0 4
    endloop
  endfacet
  facet normal 0 0 1
    outer loop
      vertex 108.43732918833904 -7.107358053439647 4
      vertex 108.67 0 4
      vertex 108.43732918833904 7.107358053439647 4
    endloop
  endfacet
  facet normal 0 0 1
    outer loop
      vertex 108.43732918833904 -7.107358053439647 4
      vertex 108.43732918833904 7.107358053439647 4
      vertex 107.74031308549198 14.184281308553004 4
    endloop
  endfacet
  facet normal 0 0 1
    outer loop
      vertex 104.96715954283306 -28.125865631290928 4
      vertex 104.96715954283306 28.125865631290928 4
      vertex 102.90289717223314 34.93082669449457 4
    endloop
  endfacet
  facet normal 0 0 1
    outer loop
      vertex 106.58193642141906 -21.200465293492655 4
      vertex 106.58193642141906 21.200465293492655 4
      vertex 104.96715954283306 28.125865631290928 4
    endloop
  endfacet
  facet normal 0 0 1
    outer loop
      vertex 107.74031308549198 -14.184281308553004 4
      vertex 107.74031308549198 14.184281308553004 4
      vertex 106.58193642141906 21.200465293492655 4
    endloop
  endfacet
  facet normal 0 0 1
    outer loop
      vertex 97.46316082235724 48.06351196609887 4
      vertex 97.4608810327144 6.387923631908073 4
      vertex 97.67 0 4
    endloop
  endfacet
  facet normal 0 0 1
    outer loop
      vertex 100.39798879800153 -41.58620859511431 4
      vertex 100.39798879800153 41.58620859511431 4
      vertex 97.46316082235724 48.06351196609887 4
    endloop
  endfacet
  facet normal 0 0 1
    outer loop
      vertex 97.46316082235724 48.06351196609887 4
      vertex 96.83441961038007 12.748493194132438 4
      vertex 97.4608810327144 6.387923631908073 4
    endloop
  endfacet
  facet normal 0 0 1
    outer loop
      vertex 97.46316082235724 48.06351196609887 4
      vertex 95.79329833698351 19.054471751315248 4
      vertex 96.83441961038007 12.748493194132438 4
    endloop
  endfacet
  facet normal 0 0 1
    outer loop
      vertex 102.90289717223314 -34.93082669449457 4
      vertex 102.90289717223314 34.93082669449457 4
      vertex 100.39798879800153 41.58620859511431 4
    endloop
  endfacet
  facet normal 0 0 1
    outer loop
      vertex 94.11098062925494 54.335 4
      vertex 94.3419754536533 25.278856135163203 4
      vertex 95.79329833698351 19.054471751315248 4
    endloop
  endfacet
  facet normal 0 0 1
    outer loop
      vertex 94.11098062925494 54.335 4
      vertex 92.48666574778697 31.394992576159794 4
      vertex 94.3419754536533 25.278856135163203 4
    endloop
  endfacet
  facet normal 0 0 1
    outer loop
      vertex 86.21370748944852 66.15410449037768 4
      vertex 84.58470118762612 48.835 4
      vertex 87.59756066549767 43.198336373689855 4
    endloop
  endfacet
  facet normal 0 0 1
    outer loop
      vertex 90.3558027689176 60.37381722224017 4
      vertex 90.23531394037738 37.376690839098316 4
      vertex 92.48666574778697 31.394992576159794 4
    endloop
  endfacet
  facet normal 0 0 1
    outer loop
      vertex 90.3558027689176 60.37381722224017 4
      vertex 87.59756066549767 43.198336373689855 4
      vertex 90.23531394037738 37.376690839098316 4
    endloop
  endfacet
  facet normal 0 0 1
    outer loop
      vertex 90.3558027689176 60.37381722224017 4
      vertex 92.48666574778697 31.394992576159794 4
      vertex 94.11098062925494 54.335 4
    endloop
  endfacet
  facet normal 0 0 1
    outer loop
      vertex 97.46316082235724 48.06351196609887 4
      vertex 94.11098062925494 54.335 4
      vertex 95.79329833698351 19.054471751315248 4
    endloop
  endfacet
  facet normal 0.6835923020228717 0.7298640726978353 0
    outer loop
      vertex 76.84129391154212 76.84129391154212 0
      vertex 71.65110972692449 81.70243187874048 4
      vertex 76.84129391154212 76.84129391154212 4
    endloop
  endfacet
  facet normal 0.7298640726978353 0.6835923020228717 0
    outer loop
      vertex 76.84129391154212 76.84129391154212 0
      vertex 76.84129391154212 76.84129391154212 4
      vertex 81.70243187874048 71.65110972692449 4
    endloop
  endfacet
  facet normal 0.5280678506503667 0.8492021815265797 0
    outer loop
      vertex 60.37381722224017 90.3558027689176 0
      vertex 54.335 94.11098062925494 4
      vertex 60.37381722224017 90.3558027689176 4
    endloop
  endfacet
  facet normal 0.5824776968678024 0.8128466845916149 0
    outer loop
      vertex 66.15410449037768 86.21370748944852 0
      vertex 60.37381722224017 90.3558027689176 4
      vertex 66.15410449037768 86.21370748944852 4
    endloop
  endfacet
  facet normal 0.6343932841636445 0.7730104533627378 0
    outer loop
      vertex 71.65110972692449 81.70243187874048 0
      vertex 66.15410449037768 86.21370748944852 4
      vertex 71.65110972692449 81.70243187874048 4
    endloop
  endfacet
  facet normal 0.8128466845916149 0.5824776968678024 0
    outer loop
      vertex 86.21370748944852 66.15410449037768 0
      vertex 86.21370748944852 66.15410449037768 4
      vertex 90.3558027689176 60.37381722224017 4
    endloop
  endfacet
  facet normal 0.8492021815265797 0.5280678506503667 0
    outer loop
      vertex 90.3558027689176 60.37381722224017 0
      vertex 90.3558027689176 60.37381722224017 4
      vertex 94.11098062925494 54.335 4
    endloop
  endfacet
  facet normal 0.7730104533627378 0.6343932841636445 0
    outer loop
      vertex 81.70243187874048 71.65110972692449 0
      vertex 81.70243187874048 71.65110972692449 4
      vertex 86.21370748944852 66.15410449037768 4
    endloop
  endfacet
  facet normal 0 0 1
    outer loop
      vertex 60.37381722224017 90.3558027689176 4
      vertex 59.45772877128175 77.48682074624494 4
      vertex 64.39830576082373 73.43219399647174 4
    endloop
  endfacet
  facet normal 0 0 1
    outer loop
      vertex 66.15410449037768 86.21370748944852 4
      vertex 64.39830576082373 73.43219399647174 4
      vertex 69.06311931849011 69.06311931849011 4
    endloop
  endfacet
  facet normal 0 0 1
    outer loop
      vertex 76.84129391154212 76.84129391154212 4
      vertex 73.43219399647174 64.39830576082373 4
      vertex 77.48682074624494 59.45772877128175 4
    endloop
  endfacet
  facet normal 0 0 1
    outer loop
      vertex 81.70243187874048 71.65110972692449 4
      vertex 77.48682074624494 59.45772877128175 4
      vertex 81.2096370335896 54.26254465902455 4
    endloop
  endfacet
  facet normal 0 0 1
    outer loop
      vertex 71.65110972692449 81.70243187874048 4
      vertex 69.06311931849011 69.06311931849011 4
      vertex 73.43219399647174 64.39830576082373 4
    endloop
  endfacet
  facet normal 0 0 1
    outer loop
      vertex 76.84129391154212 76.84129391154212 4
      vertex 71.65110972692449 81.70243187874048 4
      vertex 73.43219399647174 64.39830576082373 4
    endloop
  endfacet
  facet normal 0 0 1
    outer loop
      vertex 66.15410449037768 86.21370748944852 4
      vertex 69.06311931849011 69.06311931849011 4
      vertex 71.65110972692449 81.70243187874048 4
    endloop
  endfacet
  facet normal 0 0 1
    outer loop
      vertex 76.84129391154212 76.84129391154212 4
      vertex 77.48682074624494 59.45772877128175 4
      vertex 81.70243187874048 71.65110972692449 4
    endloop
  endfacet
  facet normal 0 0 1
    outer loop
      vertex 54.335 94.11098062925494 4
      vertex 54.26254465902455 81.2096370335896 4
      vertex 59.45772877128175 77.48682074624494 4
    endloop
  endfacet
  facet normal 0 0 1
    outer loop
      vertex 54.335 94.11098062925494 4
      vertex 59.45772877128175 77.48682074624494 4
      vertex 60.37381722224017 90.3558027689176 4
    endloop
  endfacet
  facet normal 0 0 1
    outer loop
      vertex 60.37381722224017 90.3558027689176 4
      vertex 64.39830576082373 73.43219399647174 4
      vertex 66.15410449037768 86.21370748944852 4
    endloop
  endfacet
  facet normal 0 0 1
    outer loop
      vertex 81.70243187874048 71.65110972692449 4
      vertex 81.2096370335896 54.26254465902455 4
      vertex 84.58470118762612 48.835 4
    endloop
  endfacet
  facet normal 0 0 1
    outer loop
      vertex 86.21370748944852 66.15410449037768 4
      vertex 87.59756066549767 43.198336373689855 4
      vertex 90.3558027689176 60.37381722224017 4
    endloop
  endfacet
  facet normal 0 0 1
    outer loop
      vertex 86.21370748944852 66.15410449037768 4
      vertex 81.70243187874048 71.65110972692449 4
      vertex 84.58470118762612 48.835 4
    endloop
  endfacet
  facet normal 0.8128466845916155 0.5824776968678018 9.260700860126097e-18
    outer loop
      vertex -77.48682074624494 -59.45772877128175 0
      vertex -81.2096370335896 -54.26254465902455 0
      vertex -81.2096370335896 -54.26254465902455 4
    endloop
  endfacet
  facet normal 0.7730104533627377 0.6343932841636446 0
    outer loop
      vertex -77.48682074624494 -59.45772877128175 4
      vertex -73.43219399647174 -64.39830576082373 0
      vertex -77.48682074624494 -59.45772877128175 0
    endloop
  endfacet
  facet normal 0.7298640726978359 0.683592302022871 1.1655445756893298e-17
    outer loop
      vertex -69.06311931849011 -69.06311931849011 0
      vertex -73.43219399647174 -64.39830576082373 0
      vertex -73.43219399647174 -64.39830576082373 4
    endloop
  endfacet
  facet normal 0.6343932841636446 0.7730104533627377 0
    outer loop
      vertex -64.39830576082373 -73.43219399647174 0
      vertex -64.39830576082373 -73.43219399647174 4
      vertex -59.45772877128175 -77.48682074624494 0
    endloop
  endfacet
  facet normal 0.683592302022871 0.7298640726978359 0
    outer loop
      vertex -69.06311931849011 -69.06311931849011 0
      vertex -69.06311931849011 -69.06311931849011 4
      vertex -64.39830576082373 -73.43219399647174 0
    endloop
  endfacet
  facet normal 0.5824776968678018 0.8128466845916155 0
    outer loop
      vertex -59.45772877128175 -77.48682074624494 0
      vertex -59.45772877128175 -77.48682074624494 4
      vertex -54.26254465902455 -81.2096370335896 0
    endloop
  endfacet
  facet normal 0.8492021815265793 0.5280678506503673 1.3114612625520001e-17
    outer loop
      vertex -81.2096370335896 -54.26254465902455 0
      vertex -84.58470118762612 -48.835 0
      vertex -84.58470118762612 -48.835 4
    endloop
  endfacet
  facet normal 0.881921264348355 0.47139673682599753 2.0033739642711323e-17
    outer loop
      vertex -84.58470118762612 -48.835 0
      vertex -87.59756066549767 -43.198336373689855 0
      vertex -87.59756066549767 -43.198336373689855 4
    endloop
  endfacet
  facet normal 0.9108638249211758 0.412707029804395 -9.053715921599957e-18
    outer loop
      vertex -87.59756066549767 -43.198336373689855 0
      vertex -90.23531394037738 -37.376690839098316 0
      vertex -90.23531394037738 -37.376690839098316 4
    endloop
  endfacet
  facet normal 0.9359059267573256 0.35225004792123354 -8.769522860512244e-18
    outer loop
      vertex -90.23531394037738 -37.376690839098316 0
      vertex -92.48666574778697 -31.394992576159794 0
      vertex -92.48666574778697 -31.394992576159794 4
    endloop
  endfacet
  facet normal 0.9569403357322087 0.2902846772544627 2.311464059309647e-17
    outer loop
      vertex -92.48666574778697 -31.394992576159794 0
      vertex -94.3419754536533 -25.278856135163203 0
      vertex -94.3419754536533 -25.278856135163203 4
    endloop
  endfacet
  facet normal 0.9738769792773341 0.22707626303437145 -3.3379928689002064e-17
    outer loop
      vertex -94.3419754536533 -25.278856135163203 0
      vertex -95.79329833698351 -19.054471751315248 0
      vertex -95.79329833698351 -19.054471751315248 4
    endloop
  endfacet
  facet normal 0.9866433320848788 0.16289547339459035 -1.3867807006747922e-17
    outer loop
      vertex -95.79329833698351 -19.054471751315248 0
      vertex -96.83441961038007 -12.748493194132438 0
      vertex -96.83441961038007 -12.748493194132438 4
    endloop
  endfacet
  facet normal 0.995184726672197 0.09801714032955883 0
    outer loop
      vertex -97.4608810327144 -6.387923631908073 4
      vertex -96.83441961038007 -12.748493194132438 0
      vertex -97.4608810327144 -6.387923631908073 0
    endloop
  endfacet
  facet normal 0.9994645874763655 0.032719082821777566 2.082385178700716e-18
    outer loop
      vertex -97.4608810327144 -6.387923631908073 0
      vertex -97.67 0 0
      vertex -97.67 0 4
    endloop
  endfacet
  facet normal 0.5280678506503673 0.8492021815265793 1.3114612625520001e-17
    outer loop
      vertex -48.835 -84.58470118762612 0
      vertex -54.26254465902455 -81.2096370335896 0
      vertex -54.26254465902455 -81.2096370335896 4
    endloop
  endfacet
  facet normal 0.47139673682599753 0.881921264348355 0
    outer loop
      vertex -48.835 -84.58470118762612 4
      vertex -43.198336373689855 -87.59756066549767 0
      vertex -48.835 -84.58470118762612 0
    endloop
  endfacet
  facet normal 0.4127070298043927 0.9108638249211767 0
    outer loop
      vertex -43.198336373689855 -87.59756066549767 0
      vertex -43.198336373689855 -87.59756066549767 4
      vertex -41.2574799479786 -88.47695127122446 0
    endloop
  endfacet
  facet normal 0.7730104533627377 0.6343932841636446 0
    outer loop
      vertex -73.43219399647174 -64.39830576082373 0
      vertex -77.48682074624494 -59.45772877128175 4
      vertex -73.43219399647174 -64.39830576082373 4
    endloop
  endfacet
  facet normal 0.8128466845916155 0.5824776968678018 0
    outer loop
      vertex -77.48682074624494 -59.45772877128175 0
      vertex -81.2096370335896 -54.26254465902455 4
      vertex -77.48682074624494 -59.45772877128175 4
    endloop
  endfacet
  facet normal 0.7298640726978359 0.683592302022871 1.1655445756893298e-17
    outer loop
      vertex -73.43219399647174 -64.39830576082373 4
      vertex -69.06311931849011 -69.06311931849011 4
      vertex -69.06311931849011 -69.06311931849011 0
    endloop
  endfacet
  facet normal 0.683592302022871 0.7298640726978359 0
    outer loop
      vertex -64.39830576082373 -73.43219399647174 0
      vertex -69.06311931849011 -69.06311931849011 4
      vertex -64.39830576082373 -73.43219399647174 4
    endloop
  endfacet
  facet normal 0.6343932841636446 0.7730104533627377 0
    outer loop
      vertex -59.45772877128175 -77.48682074624494 0
      vertex -64.39830576082373 -73.43219399647174 4
      vertex -59.45772877128175 -77.48682074624494 4
    endloop
  endfacet
  facet normal 0.5824776968678018 0.8128466845916155 9.260700860126097e-18
    outer loop
      vertex -59.45772877128175 -77.48682074624494 4
      vertex -54.26254465902455 -81.2096370335896 4
      vertex -54.26254465902455 -81.2096370335896 0
    endloop
  endfacet
  facet normal 0.9108638249211758 0.412707029804395 0
    outer loop
      vertex -87.59756066549767 -43.198336373689855 0
      vertex -90.23531394037738 -37.376690839098316 4
      vertex -87.59756066549767 -43.198336373689855 4
    endloop
  endfacet
  facet normal 0.8492021815265793 0.5280678506503673 1.3114612625520001e-17
    outer loop
      vertex -84.58470118762612 -48.835 4
      vertex -81.2096370335896 -54.26254465902455 4
      vertex -81.2096370335896 -54.26254465902455 0
    endloop
  endfacet
  facet normal 0.881921264348355 0.47139673682599753 2.0033739642711323e-17
    outer loop
      vertex -87.59756066549767 -43.198336373689855 4
      vertex -84.58470118762612 -48.835 4
      vertex -84.58470118762612 -48.835 0
    endloop
  endfacet
  facet normal 0.9359059267573256 0.35225004792123354 -8.769522860512244e-18
    outer loop
      vertex -92.48666574778697 -31.394992576159794 4
      vertex -90.23531394037738 -37.376690839098316 4
      vertex -90.23531394037738 -37.376690839098316 0
    endloop
  endfacet
  facet normal 0.9569403357322087 0.2902846772544627 0
    outer loop
      vertex -92.48666574778697 -31.394992576159794 0
      vertex -94.3419754536533 -25.278856135163203 4
      vertex -92.48666574778697 -31.394992576159794 4
    endloop
  endfacet
  facet normal 0.9866433320848788 0.16289547339459035 0
    outer loop
      vertex -95.79329833698351 -19.054471751315248 0
      vertex -96.83441961038007 -12.748493194132438 4
      vertex -95.79329833698351 -19.054471751315248 4
    endloop
  endfacet
  facet normal 0.995184726672197 0.09801714032955883 7.625550600822224e-18
    outer loop
      vertex -97.4608810327144 -6.387923631908073 4
      vertex -96.83441961038007 -12.748493194132438 4
      vertex -96.83441961038007 -12.748493194132438 0
    endloop
  endfacet
  facet normal 0.9994645874763655 0.032719082821777566 2.082385178700716e-18
    outer loop
      vertex -97.67 0 4
      vertex -97.4608810327144 -6.387923631908073 4
      vertex -97.4608810327144 -6.387923631908073 0
    endloop
  endfacet
  facet normal 0.9738769792773341 0.22707626303437145 -3.3379928689002064e-17
    outer loop
      vertex -95.79329833698351 -19.054471751315248 4
      vertex -94.3419754536533 -25.278856135163203 4
      vertex -94.3419754536533 -25.278856135163203 0
    endloop
  endfacet
  facet normal 0.5280678506503673 0.8492021815265793 0
    outer loop
      vertex -48.835 -84.58470118762612 0
      vertex -54.26254465902455 -81.2096370335896 4
      vertex -48.835 -84.58470118762612 4
    endloop
  endfacet
  facet normal 0.47139673682599753 0.881921264348355 0
    outer loop
      vertex -43.198336373689855 -87.59756066549767 0
      vertex -48.835 -84.58470118762612 4
      vertex -43.198336373689855 -87.59756066549767 4
    endloop
  endfacet
  facet normal 0.4127070298043927 0.9108638249211767 0
    outer loop
      vertex -41.2574799479786 -88.47695127122446 4
      vertex -41.2574799479786 -88.47695127122446 0
      vertex -43.198336373689855 -87.59756066549767 4
    endloop
  endfacet
  facet normal 0.9994645874763655 -0.032719082821777566 -2.082385178700716e-18
    outer loop
      vertex -97.67 0 0
      vertex -97.4608810327144 6.387923631908073 0
      vertex -97.4608810327144 6.387923631908073 4
    endloop
  endfacet
  facet normal 0.995184726672197 -0.09801714032955883 0
    outer loop
      vertex -96.83441961038007 12.748493194132438 4
      vertex -97.4608810327144 6.387923631908073 0
      vertex -96.83441961038007 12.748493194132438 0
    endloop
  endfacet
  facet normal 0.9866433320848788 -0.16289547339459035 1.3867807006747922e-17
    outer loop
      vertex -96.83441961038007 12.748493194132438 0
      vertex -95.79329833698351 19.054471751315248 0
      vertex -95.79329833698351 19.054471751315248 4
    endloop
  endfacet
  facet normal 0.9738769792773341 -0.22707626303437145 3.3379928689002064e-17
    outer loop
      vertex -95.79329833698351 19.054471751315248 0
      vertex -94.3419754536533 25.278856135163203 0
      vertex -94.3419754536533 25.278856135163203 4
    endloop
  endfacet
  facet normal 0.9569403357322087 -0.2902846772544627 -2.311464059309647e-17
    outer loop
      vertex -94.3419754536533 25.278856135163203 0
      vertex -92.48666574778697 31.394992576159794 0
      vertex -92.48666574778697 31.394992576159794 4
    endloop
  endfacet
  facet normal 0.9359059267573256 -0.35225004792123354 8.769522860512244e-18
    outer loop
      vertex -92.48666574778697 31.394992576159794 0
      vertex -90.23531394037738 37.376690839098316 0
      vertex -90.23531394037738 37.376690839098316 4
    endloop
  endfacet
  facet normal 0.9108638249211758 -0.412707029804395 9.053715921599957e-18
    outer loop
      vertex -90.23531394037738 37.376690839098316 0
      vertex -87.59756066549767 43.198336373689855 0
      vertex -87.59756066549767 43.198336373689855 4
    endloop
  endfacet
  facet normal 0.881921264348355 -0.47139673682599753 -2.0033739642711323e-17
    outer loop
      vertex -87.59756066549767 43.198336373689855 0
      vertex -84.58470118762612 48.835 0
      vertex -84.58470118762612 48.835 4
    endloop
  endfacet
  facet normal 0.8492021815265793 -0.5280678506503673 -1.3114612625520001e-17
    outer loop
      vertex -84.58470118762612 48.835 0
      vertex -81.2096370335896 54.26254465902455 0
      vertex -81.2096370335896 54.26254465902455 4
    endloop
  endfacet
  facet normal 0.8128466845916155 -0.5824776968678018 -9.260700860126097e-18
    outer loop
      vertex -81.2096370335896 54.26254465902455 0
      vertex -77.48682074624494 59.45772877128175 0
      vertex -77.48682074624494 59.45772877128175 4
    endloop
  endfacet
  facet normal 0.7730104533627377 -0.6343932841636446 -4.60438235611299e-17
    outer loop
      vertex -77.48682074624494 59.45772877128175 0
      vertex -73.43219399647174 64.39830576082373 0
      vertex -73.43219399647174 64.39830576082373 4
    endloop
  endfacet
  facet normal 0.7298640726978359 -0.683592302022871 -1.1655445756893298e-17
    outer loop
      vertex -73.43219399647174 64.39830576082373 0
      vertex -69.06311931849011 69.06311931849011 0
      vertex -69.06311931849011 69.06311931849011 4
    endloop
  endfacet
  facet normal 0.683592302022871 -0.7298640726978359 0
    outer loop
      vertex -64.39830576082373 73.43219399647174 0
      vertex -64.39830576082373 73.43219399647174 4
      vertex -69.06311931849011 69.06311931849011 0
    endloop
  endfacet
  facet normal 0.6343932841636446 -0.7730104533627377 0
    outer loop
      vertex -59.45772877128175 77.48682074624494 4
      vertex -64.39830576082373 73.43219399647174 0
      vertex -59.45772877128175 77.48682074624494 0
    endloop
  endfacet
  facet normal 0.5824776968678018 -0.8128466845916155 -9.260700860126097e-18
    outer loop
      vertex -59.45772877128175 77.48682074624494 0
      vertex -54.26254465902455 81.2096370335896 0
      vertex -54.26254465902455 81.2096370335896 4
    endloop
  endfacet
  facet normal 0.5280678506503673 -0.8492021815265793 0
    outer loop
      vertex -48.835 84.58470118762612 0
      vertex -48.835 84.58470118762612 4
      vertex -54.26254465902455 81.2096370335896 0
    endloop
  endfacet
  facet normal 0.47139673682599753 -0.881921264348355 0
    outer loop
      vertex -43.198336373689855 87.59756066549767 0
      vertex -43.198336373689855 87.59756066549767 4
      vertex -48.835 84.58470118762612 0
    endloop
  endfacet
  facet normal 0.412707029804395 -0.9108638249211758 0
    outer loop
      vertex -37.376690839098316 90.23531394037738 0
      vertex -37.376690839098316 90.23531394037738 4
      vertex -43.198336373689855 87.59756066549767 0
    endloop
  endfacet
  facet normal 0.35225004792123354 -0.9359059267573256 0
    outer loop
      vertex -31.394992576159794 92.48666574778697 0
      vertex -31.394992576159794 92.48666574778697 4
      vertex -37.376690839098316 90.23531394037738 0
    endloop
  endfacet
  facet normal 0.2902846772544627 -0.9569403357322087 0
    outer loop
      vertex -25.278856135163203 94.3419754536533 0
      vertex -25.278856135163203 94.3419754536533 4
      vertex -31.394992576159794 92.48666574778697 0
    endloop
  endfacet
  facet normal 0.22707626303437145 -0.9738769792773341 0
    outer loop
      vertex -19.054471751315248 95.79329833698351 0
      vertex -19.054471751315248 95.79329833698351 4
      vertex -25.278856135163203 94.3419754536533 0
    endloop
  endfacet
  facet normal 0.16289547339459035 -0.9866433320848788 0
    outer loop
      vertex -12.748493194132438 96.83441961038007 0
      vertex -12.748493194132438 96.83441961038007 4
      vertex -19.054471751315248 95.79329833698351 0
    endloop
  endfacet
  facet normal 0.09801714032955883 -0.995184726672197 -7.625550600822224e-18
    outer loop
      vertex -12.748493194132438 96.83441961038007 0
      vertex -6.387923631908073 97.4608810327144 0
      vertex -6.387923631908073 97.4608810327144 4
    endloop
  endfacet
  facet normal 0.032719082821777566 -0.9994645874763655 -2.082385178700716e-18
    outer loop
      vertex -6.387923631908073 97.4608810327144 0
      vertex 0 97.67 0
      vertex 0 97.67 4
    endloop
  endfacet
  facet normal 0.9994645874763655 -0.032719082821777566 0
    outer loop
      vertex -97.67 0 0
      vertex -97.4608810327144 6.387923631908073 4
      vertex -97.67 0 4
    endloop
  endfacet
  facet normal 0.995184726672197 -0.09801714032955883 -7.625550600822224e-18
    outer loop
      vertex -96.83441961038007 12.748493194132438 4
      vertex -97.4608810327144 6.387923631908073 4
      vertex -97.4608810327144 6.387923631908073 0
    endloop
  endfacet
  facet normal 0.9866433320848788 -0.16289547339459035 1.3867807006747922e-17
    outer loop
      vertex -95.79329833698351 19.054471751315248 4
      vertex -96.83441961038007 12.748493194132438 4
      vertex -96.83441961038007 12.748493194132438 0
    endloop
  endfacet
  facet normal 0.9738769792773341 -0.22707626303437145 0
    outer loop
      vertex -95.79329833698351 19.054471751315248 0
      vertex -94.3419754536533 25.278856135163203 4
      vertex -95.79329833698351 19.054471751315248 4
    endloop
  endfacet
  facet normal 0.9569403357322087 -0.2902846772544627 -2.311464059309647e-17
    outer loop
      vertex -92.48666574778697 31.394992576159794 4
      vertex -94.3419754536533 25.278856135163203 4
      vertex -94.3419754536533 25.278856135163203 0
    endloop
  endfacet
  facet normal 0.9359059267573256 -0.35225004792123354 0
    outer loop
      vertex -92.48666574778697 31.394992576159794 0
      vertex -90.23531394037738 37.376690839098316 4
      vertex -92.48666574778697 31.394992576159794 4
    endloop
  endfacet
  facet normal 0.9108638249211758 -0.412707029804395 9.053715921599957e-18
    outer loop
      vertex -87.59756066549767 43.198336373689855 4
      vertex -90.23531394037738 37.376690839098316 4
      vertex -90.23531394037738 37.376690839098316 0
    endloop
  endfacet
  facet normal 0.881921264348355 -0.47139673682599753 -2.0033739642711323e-17
    outer loop
      vertex -84.58470118762612 48.835 4
      vertex -87.59756066549767 43.198336373689855 4
      vertex -87.59756066549767 43.198336373689855 0
    endloop
  endfacet
  facet normal 0.8492021815265793 -0.5280678506503673 0
    outer loop
      vertex -84.58470118762612 48.835 0
      vertex -81.2096370335896 54.26254465902455 4
      vertex -84.58470118762612 48.835 4
    endloop
  endfacet
  facet normal 0.8128466845916155 -0.5824776968678018 -9.260700860126097e-18
    outer loop
      vertex -77.48682074624494 59.45772877128175 4
      vertex -81.2096370335896 54.26254465902455 4
      vertex -81.2096370335896 54.26254465902455 0
    endloop
  endfacet
  facet normal 0.7730104533627377 -0.6343932841636446 0
    outer loop
      vertex -77.48682074624494 59.45772877128175 0
      vertex -73.43219399647174 64.39830576082373 4
      vertex -77.48682074624494 59.45772877128175 4
    endloop
  endfacet
  facet normal 0.7298640726978359 -0.683592302022871 -1.1655445756893298e-17
    outer loop
      vertex -69.06311931849011 69.06311931849011 4
      vertex -73.43219399647174 64.39830576082373 4
      vertex -73.43219399647174 64.39830576082373 0
    endloop
  endfacet
  facet normal 0.683592302022871 -0.7298640726978359 0
    outer loop
      vertex -69.06311931849011 69.06311931849011 0
      vertex -64.39830576082373 73.43219399647174 4
      vertex -69.06311931849011 69.06311931849011 4
    endloop
  endfacet
  facet normal 0.6343932841636446 -0.7730104533627377 0
    outer loop
      vertex -64.39830576082373 73.43219399647174 0
      vertex -59.45772877128175 77.48682074624494 4
      vertex -64.39830576082373 73.43219399647174 4
    endloop
  endfacet
  facet normal 0.5824776968678018 -0.8128466845916155 0
    outer loop
      vertex -59.45772877128175 77.48682074624494 0
      vertex -54.26254465902455 81.2096370335896 4
      vertex -59.45772877128175 77.48682074624494 4
    endloop
  endfacet
  facet normal 0.5280678506503673 -0.8492021815265793 -1.3114612625520001e-17
    outer loop
      vertex -48.835 84.58470118762612 4
      vertex -54.26254465902455 81.2096370335896 4
      vertex -54.26254465902455 81.2096370335896 0
    endloop
  endfacet
  facet normal 0.47139673682599753 -0.881921264348355 0
    outer loop
      vertex -48.835 84.58470118762612 0
      vertex -43.198336373689855 87.59756066549767 4
      vertex -48.835 84.58470118762612 4
    endloop
  endfacet
  facet normal 0.412707029804395 -0.9108638249211758 0
    outer loop
      vertex -43.198336373689855 87.59756066549767 0
      vertex -37.376690839098316 90.23531394037738 4
      vertex -43.198336373689855 87.59756066549767 4
    endloop
  endfacet
  facet normal 0.35225004792123354 -0.9359059267573256 0
    outer loop
      vertex -37.376690839098316 90.23531394037738 0
      vertex -31.394992576159794 92.48666574778697 4
      vertex -37.376690839098316 90.23531394037738 4
    endloop
  endfacet
  facet normal 0.2902846772544627 -0.9569403357322087 0
    outer loop
      vertex -31.394992576159794 92.48666574778697 0
      vertex -25.278856135163203 94.3419754536533 4
      vertex -31.394992576159794 92.48666574778697 4
    endloop
  endfacet
  facet normal 0.22707626303437145 -0.9738769792773341 0
    outer loop
      vertex -25.278856135163203 94.3419754536533 0
      vertex -19.054471751315248 95.79329833698351 4
      vertex -25.278856135163203 94.3419754536533 4
    endloop
  endfacet
  facet normal 0.16289547339459035 -0.9866433320848788 0
    outer loop
      vertex -19.054471751315248 95.79329833698351 0
      vertex -12.748493194132438 96.83441961038007 4
      vertex -19.054471751315248 95.79329833698351 4
    endloop
  endfacet
  facet normal 0.09801714032955883 -0.995184726672197 0
    outer loop
      vertex -12.748493194132438 96.83441961038007 0
      vertex -6.387923631908073 97.4608810327144 4
      vertex -12.748493194132438 96.83441961038007 4
    endloop
  endfacet
  facet normal 0.032719082821777566 -0.9994645874763655 0
    outer loop
      vertex -6.387923631908073 97.4608810327144 0
      vertex 0 97.67 4
      vertex -6.387923631908073 97.4608810327144 4
    endloop
  endfacet
  facet normal -0.412707029804394 0.9108638249211762 0
    outer loop
      vertex 41.25747994797861 -88.47695127122446 0
      vertex 41.25747994797861 -88.47695127122446 4
      vertex 43.198336373689855 -87.59756066549767 0
    endloop
  endfacet
  facet normal -0.47139673682599753 0.881921264348355 0
    outer loop
      vertex 43.198336373689855 -87.59756066549767 0
      vertex 43.198336373689855 -87.59756066549767 4
      vertex 48.835 -84.58470118762612 0
    endloop
  endfacet
  facet normal -0.5280678506503673 0.8492021815265793 0
    outer loop
      vertex 48.835 -84.58470118762612 0
      vertex 48.835 -84.58470118762612 4
      vertex 54.26254465902455 -81.2096370335896 0
    endloop
  endfacet
  facet normal -0.5824776968678018 0.8128466845916155 -9.260700860126097e-18
    outer loop
      vertex 59.45772877128175 -77.48682074624494 0
      vertex 54.26254465902455 -81.2096370335896 0
      vertex 54.26254465902455 -81.2096370335896 4
    endloop
  endfacet
  facet normal -0.6343932841636446 0.7730104533627377 0
    outer loop
      vertex 59.45772877128175 -77.48682074624494 4
      vertex 64.39830576082373 -73.43219399647174 0
      vertex 59.45772877128175 -77.48682074624494 0
    endloop
  endfacet
  facet normal -0.683592302022871 0.7298640726978359 0
    outer loop
      vertex 64.39830576082373 -73.43219399647174 0
      vertex 64.39830576082373 -73.43219399647174 4
      vertex 69.06311931849011 -69.06311931849011 0
    endloop
  endfacet
  facet normal -0.7298640726978359 0.683592302022871 -1.1655445756893298e-17
    outer loop
      vertex 73.43219399647174 -64.39830576082373 0
      vertex 69.06311931849011 -69.06311931849011 0
      vertex 69.06311931849011 -69.06311931849011 4
    endloop
  endfacet
  facet normal -0.7730104533627377 0.6343932841636446 -4.60438235611299e-17
    outer loop
      vertex 77.48682074624494 -59.45772877128175 0
      vertex 73.43219399647174 -64.39830576082373 0
      vertex 73.43219399647174 -64.39830576082373 4
    endloop
  endfacet
  facet normal -0.8128466845916155 0.5824776968678018 -9.260700860126097e-18
    outer loop
      vertex 81.2096370335896 -54.26254465902455 0
      vertex 77.48682074624494 -59.45772877128175 0
      vertex 77.48682074624494 -59.45772877128175 4
    endloop
  endfacet
  facet normal -0.8492021815265793 0.5280678506503673 -1.3114612625520001e-17
    outer loop
      vertex 84.58470118762612 -48.835 0
      vertex 81.2096370335896 -54.26254465902455 0
      vertex 81.2096370335896 -54.26254465902455 4
    endloop
  endfacet
  facet normal -0.881921264348355 0.47139673682599753 -2.0033739642711323e-17
    outer loop
      vertex 87.59756066549767 -43.198336373689855 0
      vertex 84.58470118762612 -48.835 0
      vertex 84.58470118762612 -48.835 4
    endloop
  endfacet
  facet normal -0.9108638249211758 0.412707029804395 9.053715921599957e-18
    outer loop
      vertex 90.23531394037738 -37.376690839098316 0
      vertex 87.59756066549767 -43.198336373689855 0
      vertex 87.59756066549767 -43.198336373689855 4
    endloop
  endfacet
  facet normal -0.9359059267573256 0.35225004792123354 8.769522860512244e-18
    outer loop
      vertex 92.48666574778697 -31.394992576159794 0
      vertex 90.23531394037738 -37.376690839098316 0
      vertex 90.23531394037738 -37.376690839098316 4
    endloop
  endfacet
  facet normal -0.9569403357322087 0.2902846772544627 -2.311464059309647e-17
    outer loop
      vertex 94.3419754536533 -25.278856135163203 0
      vertex 92.48666574778697 -31.394992576159794 0
      vertex 92.48666574778697 -31.394992576159794 4
    endloop
  endfacet
  facet normal -0.9738769792773341 0.22707626303437145 3.3379928689002064e-17
    outer loop
      vertex 95.79329833698351 -19.054471751315248 0
      vertex 94.3419754536533 -25.278856135163203 0
      vertex 94.3419754536533 -25.278856135163203 4
    endloop
  endfacet
  facet normal -0.9866433320848788 0.16289547339459035 1.3867807006747922e-17
    outer loop
      vertex 96.83441961038007 -12.748493194132438 0
      vertex 95.79329833698351 -19.054471751315248 0
      vertex 95.79329833698351 -19.054471751315248 4
    endloop
  endfacet
  facet normal -0.995184726672197 0.09801714032955883 -7.625550600822224e-18
    outer loop
      vertex 97.4608810327144 -6.387923631908073 0
      vertex 96.83441961038007 -12.748493194132438 0
      vertex 96.83441961038007 -12.748493194132438 4
    endloop
  endfacet
  facet normal -0.9994645874763655 0.032719082821777566 -2.082385178700716e-18
    outer loop
      vertex 97.67 0 0
      vertex 97.4608810327144 -6.387923631908073 0
      vertex 97.4608810327144 -6.387923631908073 4
    endloop
  endfacet
  facet normal -0.412707029804394 0.9108638249211762 0
    outer loop
      vertex 43.198336373689855 -87.59756066549767 0
      vertex 41.25747994797861 -88.47695127122446 4
      vertex 43.198336373689855 -87.59756066549767 4
    endloop
  endfacet
  facet normal -0.47139673682599753 0.881921264348355 0
    outer loop
      vertex 48.835 -84.58470118762612 0
      vertex 43.198336373689855 -87.59756066549767 4
      vertex 48.835 -84.58470118762612 4
    endloop
  endfacet
  facet normal -0.5280678506503673 0.8492021815265793 -1.3114612625520001e-17
    outer loop
      vertex 48.835 -84.58470118762612 4
      vertex 54.26254465902455 -81.2096370335896 4
      vertex 54.26254465902455 -81.2096370335896 0
    endloop
  endfacet
  facet normal -0.5824776968678018 0.8128466845916155 0
    outer loop
      vertex 59.45772877128175 -77.48682074624494 0
      vertex 54.26254465902455 -81.2096370335896 4
      vertex 59.45772877128175 -77.48682074624494 4
    endloop
  endfacet
  facet normal -0.6343932841636446 0.7730104533627377 0
    outer loop
      vertex 64.39830576082373 -73.43219399647174 0
      vertex 59.45772877128175 -77.48682074624494 4
      vertex 64.39830576082373 -73.43219399647174 4
    endloop
  endfacet
  facet normal -0.683592302022871 0.7298640726978359 0
    outer loop
      vertex 69.06311931849011 -69.06311931849011 0
      vertex 64.39830576082373 -73.43219399647174 4
      vertex 69.06311931849011 -69.06311931849011 4
    endloop
  endfacet
  facet normal -0.7298640726978359 0.683592302022871 -1.1655445756893298e-17
    outer loop
      vertex 69.06311931849011 -69.06311931849011 4
      vertex 73.43219399647174 -64.39830576082373 4
      vertex 73.43219399647174 -64.39830576082373 0
    endloop
  endfacet
  facet normal -0.7730104533627377 0.6343932841636446 0
    outer loop
      vertex 77.48682074624494 -59.45772877128175 0
      vertex 73.43219399647174 -64.39830576082373 4
      vertex 77.48682074624494 -59.45772877128175 4
    endloop
  endfacet
  facet normal -0.8128466845916155 0.5824776968678018 -9.260700860126097e-18
    outer loop
      vertex 77.48682074624494 -59.45772877128175 4
      vertex 81.2096370335896 -54.26254465902455 4
      vertex 81.2096370335896 -54.26254465902455 0
    endloop
  endfacet
  facet normal -0.8492021815265793 0.5280678506503673 0
    outer loop
      vertex 84.58470118762612 -48.835 0
      vertex 81.2096370335896 -54.26254465902455 4
      vertex 84.58470118762612 -48.835 4
    endloop
  endfacet
  facet normal -0.881921264348355 0.47139673682599753 -2.0033739642711323e-17
    outer loop
      vertex 84.58470118762612 -48.835 4
      vertex 87.59756066549767 -43.198336373689855 4
      vertex 87.59756066549767 -43.198336373689855 0
    endloop
  endfacet
  facet normal -0.9108638249211758 0.412707029804395 9.053715921599957e-18
    outer loop
      vertex 87.59756066549767 -43.198336373689855 4
      vertex 90.23531394037738 -37.376690839098316 4
      vertex 90.23531394037738 -37.376690839098316 0
    endloop
  endfacet
  facet normal -0.9359059267573256 0.35225004792123354 0
    outer loop
      vertex 92.48666574778697 -31.394992576159794 0
      vertex 90.23531394037738 -37.376690839098316 4
      vertex 92.48666574778697 -31.394992576159794 4
    endloop
  endfacet
  facet normal -0.9569403357322087 0.2902846772544627 -2.311464059309647e-17
    outer loop
      vertex 92.48666574778697 -31.394992576159794 4
      vertex 94.3419754536533 -25.278856135163203 4
      vertex 94.3419754536533 -25.278856135163203 0
    endloop
  endfacet
  facet normal -0.9738769792773341 0.22707626303437145 0
    outer loop
      vertex 95.79329833698351 -19.054471751315248 0
      vertex 94.3419754536533 -25.278856135163203 4
      vertex 95.79329833698351 -19.054471751315248 4
    endloop
  endfacet
  facet normal -0.9866433320848788 0.16289547339459035 1.3867807006747922e-17
    outer loop
      vertex 95.79329833698351 -19.054471751315248 4
      vertex 96.83441961038007 -12.748493194132438 4
      vertex 96.83441961038007 -12.748493194132438 0
    endloop
  endfacet
  facet normal -0.995184726672197 0.09801714032955883 0
    outer loop
      vertex 97.4608810327144 -6.387923631908073 0
      vertex 96.83441961038007 -12.748493194132438 4
      vertex 97.4608810327144 -6.387923631908073 4
    endloop
  endfacet
  facet normal -0.9994645874763655 0.032719082821777566 -2.082385178700716e-18
    outer loop
      vertex 97.4608810327144 -6.387923631908073 4
      vertex 97.67 0 4
      vertex 97.67 0 0
    endloop
  endfacet
  facet normal -0.032719082821777566 -0.9994645874763655 0
    outer loop
      vertex 6.387923631908073 97.4608810327144 0
      vertex 6.387923631908073 97.4608810327144 4
      vertex 0 97.67 0
    endloop
  endfacet
  facet normal -0.09801714032955883 -0.995184726672197 0
    outer loop
      vertex 12.748493194132438 96.83441961038007 0
      vertex 12.748493194132438 96.83441961038007 4
      vertex 6.387923631908073 97.4608810327144 0
    endloop
  endfacet
  facet normal -0.22707626303437145 -0.9738769792773341 0
    outer loop
      vertex 25.278856135163203 94.3419754536533 0
      vertex 25.278856135163203 94.3419754536533 4
      vertex 19.054471751315248 95.79329833698351 0
    endloop
  endfacet
  facet normal -0.16289547339459035 -0.9866433320848788 0
    outer loop
      vertex 19.054471751315248 95.79329833698351 0
      vertex 19.054471751315248 95.79329833698351 4
      vertex 12.748493194132438 96.83441961038007 0
    endloop
  endfacet
  facet normal -0.2902846772544627 -0.9569403357322087 0
    outer loop
      vertex 31.394992576159794 92.48666574778697 0
      vertex 31.394992576159794 92.48666574778697 4
      vertex 25.278856135163203 94.3419754536533 0
    endloop
  endfacet
  facet normal -0.35225004792123354 -0.9359059267573256 0
    outer loop
      vertex 37.376690839098316 90.23531394037738 0
      vertex 37.376690839098316 90.23531394037738 4
      vertex 31.394992576159794 92.48666574778697 0
    endloop
  endfacet
  facet normal -0.47139673682599753 -0.881921264348355 0
    outer loop
      vertex 48.835 84.58470118762612 4
      vertex 43.198336373689855 87.59756066549767 0
      vertex 48.835 84.58470118762612 0
    endloop
  endfacet
  facet normal -0.412707029804395 -0.9108638249211758 0
    outer loop
      vertex 43.198336373689855 87.59756066549767 0
      vertex 43.198336373689855 87.59756066549767 4
      vertex 37.376690839098316 90.23531394037738 0
    endloop
  endfacet
  facet normal -0.5280678506503673 -0.8492021815265793 1.3114612625520001e-17
    outer loop
      vertex 48.835 84.58470118762612 0
      vertex 54.26254465902455 81.2096370335896 0
      vertex 54.26254465902455 81.2096370335896 4
    endloop
  endfacet
  facet normal -0.9994645874763655 -0.032719082821777566 0
    outer loop
      vertex 97.67 0 0
      vertex 97.67 0 4
      vertex 97.4608810327144 6.387923631908073 0
    endloop
  endfacet
  facet normal -0.995184726672197 -0.09801714032955883 7.625550600822224e-18
    outer loop
      vertex 96.83441961038007 12.748493194132438 0
      vertex 97.4608810327144 6.387923631908073 0
      vertex 97.4608810327144 6.387923631908073 4
    endloop
  endfacet
  facet normal -0.9866433320848788 -0.16289547339459035 -1.3867807006747922e-17
    outer loop
      vertex 95.79329833698351 19.054471751315248 0
      vertex 96.83441961038007 12.748493194132438 0
      vertex 96.83441961038007 12.748493194132438 4
    endloop
  endfacet
  facet normal -0.9738769792773341 -0.22707626303437145 -3.3379928689002064e-17
    outer loop
      vertex 94.3419754536533 25.278856135163203 0
      vertex 95.79329833698351 19.054471751315248 0
      vertex 95.79329833698351 19.054471751315248 4
    endloop
  endfacet
  facet normal -0.9569403357322087 -0.2902846772544627 2.311464059309647e-17
    outer loop
      vertex 92.48666574778697 31.394992576159794 0
      vertex 94.3419754536533 25.278856135163203 0
      vertex 94.3419754536533 25.278856135163203 4
    endloop
  endfacet
  facet normal -0.9359059267573256 -0.35225004792123354 -8.769522860512244e-18
    outer loop
      vertex 90.23531394037738 37.376690839098316 0
      vertex 92.48666574778697 31.394992576159794 0
      vertex 92.48666574778697 31.394992576159794 4
    endloop
  endfacet
  facet normal -0.9108638249211758 -0.412707029804395 -9.053715921599957e-18
    outer loop
      vertex 87.59756066549767 43.198336373689855 0
      vertex 90.23531394037738 37.376690839098316 0
      vertex 90.23531394037738 37.376690839098316 4
    endloop
  endfacet
  facet normal -0.881921264348355 -0.47139673682599753 2.0033739642711323e-17
    outer loop
      vertex 84.58470118762612 48.835 0
      vertex 87.59756066549767 43.198336373689855 0
      vertex 87.59756066549767 43.198336373689855 4
    endloop
  endfacet
  facet normal -0.8492021815265793 -0.5280678506503673 1.3114612625520001e-17
    outer loop
      vertex 81.2096370335896 54.26254465902455 0
      vertex 84.58470118762612 48.835 0
      vertex 84.58470118762612 48.835 4
    endloop
  endfacet
  facet normal -0.5824776968678018 -0.8128466845916155 0
    outer loop
      vertex 59.45772877128175 77.48682074624494 0
      vertex 59.45772877128175 77.48682074624494 4
      vertex 54.26254465902455 81.2096370335896 0
    endloop
  endfacet
  facet normal -0.683592302022871 -0.7298640726978359 1.1655445756893298e-17
    outer loop
      vertex 64.39830576082373 73.43219399647174 0
      vertex 69.06311931849011 69.06311931849011 0
      vertex 69.06311931849011 69.06311931849011 4
    endloop
  endfacet
  facet normal -0.6343932841636446 -0.7730104533627377 0
    outer loop
      vertex 64.39830576082373 73.43219399647174 0
      vertex 64.39830576082373 73.43219399647174 4
      vertex 59.45772877128175 77.48682074624494 0
    endloop
  endfacet
  facet normal -0.7298640726978359 -0.683592302022871 1.1655445756893298e-17
    outer loop
      vertex 69.06311931849011 69.06311931849011 0
      vertex 73.43219399647174 64.39830576082373 0
      vertex 73.43219399647174 64.39830576082373 4
    endloop
  endfacet
  facet normal -0.7730104533627377 -0.6343932841636446 0
    outer loop
      vertex 77.48682074624494 59.45772877128175 4
      vertex 73.43219399647174 64.39830576082373 0
      vertex 77.48682074624494 59.45772877128175 0
    endloop
  endfacet
  facet normal -0.8128466845916155 -0.5824776968678018 9.260700860126097e-18
    outer loop
      vertex 77.48682074624494 59.45772877128175 0
      vertex 81.2096370335896 54.26254465902455 0
      vertex 81.2096370335896 54.26254465902455 4
    endloop
  endfacet
  facet normal -0.032719082821777566 -0.9994645874763655 2.082385178700716e-18
    outer loop
      vertex 6.387923631908073 97.4608810327144 4
      vertex 0 97.67 4
      vertex 0 97.67 0
    endloop
  endfacet
  facet normal -0.09801714032955883 -0.995184726672197 0
    outer loop
      vertex 6.387923631908073 97.4608810327144 0
      vertex 12.748493194132438 96.83441961038007 4
      vertex 6.387923631908073 97.4608810327144 4
    endloop
  endfacet
  facet normal -0.16289547339459035 -0.9866433320848788 0
    outer loop
      vertex 12.748493194132438 96.83441961038007 0
      vertex 19.054471751315248 95.79329833698351 4
      vertex 12.748493194132438 96.83441961038007 4
    endloop
  endfacet
  facet normal -0.22707626303437145 -0.9738769792773341 0
    outer loop
      vertex 19.054471751315248 95.79329833698351 0
      vertex 25.278856135163203 94.3419754536533 4
      vertex 19.054471751315248 95.79329833698351 4
    endloop
  endfacet
  facet normal -0.2902846772544627 -0.9569403357322087 0
    outer loop
      vertex 25.278856135163203 94.3419754536533 0
      vertex 31.394992576159794 92.48666574778697 4
      vertex 25.278856135163203 94.3419754536533 4
    endloop
  endfacet
  facet normal -0.35225004792123354 -0.9359059267573256 0
    outer loop
      vertex 31.394992576159794 92.48666574778697 0
      vertex 37.376690839098316 90.23531394037738 4
      vertex 31.394992576159794 92.48666574778697 4
    endloop
  endfacet
  facet normal -0.412707029804395 -0.9108638249211758 0
    outer loop
      vertex 37.376690839098316 90.23531394037738 0
      vertex 43.198336373689855 87.59756066549767 4
      vertex 37.376690839098316 90.23531394037738 4
    endloop
  endfacet
  facet normal -0.47139673682599753 -0.881921264348355 0
    outer loop
      vertex 43.198336373689855 87.59756066549767 0
      vertex 48.835 84.58470118762612 4
      vertex 43.198336373689855 87.59756066549767 4
    endloop
  endfacet
  facet normal -0.5280678506503673 -0.8492021815265793 0
    outer loop
      vertex 48.835 84.58470118762612 0
      vertex 54.26254465902455 81.2096370335896 4
      vertex 48.835 84.58470118762612 4
    endloop
  endfacet
  facet normal -0.9738769792773341 -0.22707626303437145 -3.3379928689002064e-17
    outer loop
      vertex 95.79329833698351 19.054471751315248 4
      vertex 94.3419754536533 25.278856135163203 4
      vertex 94.3419754536533 25.278856135163203 0
    endloop
  endfacet
  facet normal -0.9994645874763655 -0.032719082821777566 2.082385178700716e-18
    outer loop
      vertex 97.67 0 4
      vertex 97.4608810327144 6.387923631908073 4
      vertex 97.4608810327144 6.387923631908073 0
    endloop
  endfacet
  facet normal -0.995184726672197 -0.09801714032955883 0
    outer loop
      vertex 96.83441961038007 12.748493194132438 0
      vertex 97.4608810327144 6.387923631908073 4
      vertex 96.83441961038007 12.748493194132438 4
    endloop
  endfacet
  facet normal -0.9866433320848788 -0.16289547339459035 0
    outer loop
      vertex 95.79329833698351 19.054471751315248 0
      vertex 96.83441961038007 12.748493194132438 4
      vertex 95.79329833698351 19.054471751315248 4
    endloop
  endfacet
  facet normal -0.9569403357322087 -0.2902846772544627 0
    outer loop
      vertex 92.48666574778697 31.394992576159794 0
      vertex 94.3419754536533 25.278856135163203 4
      vertex 92.48666574778697 31.394992576159794 4
    endloop
  endfacet
  facet normal -0.9359059267573256 -0.35225004792123354 -8.769522860512244e-18
    outer loop
      vertex 92.48666574778697 31.394992576159794 4
      vertex 90.23531394037738 37.376690839098316 4
      vertex 90.23531394037738 37.376690839098316 0
    endloop
  endfacet
  facet normal -0.881921264348355 -0.47139673682599753 2.0033739642711323e-17
    outer loop
      vertex 87.59756066549767 43.198336373689855 4
      vertex 84.58470118762612 48.835 4
      vertex 84.58470118762612 48.835 0
    endloop
  endfacet
  facet normal -0.8492021815265793 -0.5280678506503673 1.3114612625520001e-17
    outer loop
      vertex 84.58470118762612 48.835 4
      vertex 81.2096370335896 54.26254465902455 4
      vertex 81.2096370335896 54.26254465902455 0
    endloop
  endfacet
  facet normal -0.9108638249211758 -0.412707029804395 0
    outer loop
      vertex 87.59756066549767 43.198336373689855 0
      vertex 90.23531394037738 37.376690839098316 4
      vertex 87.59756066549767 43.198336373689855 4
    endloop
  endfacet
  facet normal -0.5824776968678018 -0.8128466845916155 9.260700860126097e-18
    outer loop
      vertex 59.45772877128175 77.48682074624494 4
      vertex 54.26254465902455 81.2096370335896 4
      vertex 54.26254465902455 81.2096370335896 0
    endloop
  endfacet
  facet normal -0.6343932841636446 -0.7730104533627377 0
    outer loop
      vertex 59.45772877128175 77.48682074624494 0
      vertex 64.39830576082373 73.43219399647174 4
      vertex 59.45772877128175 77.48682074624494 4
    endloop
  endfacet
  facet normal -0.683592302022871 -0.7298640726978359 0
    outer loop
      vertex 64.39830576082373 73.43219399647174 0
      vertex 69.06311931849011 69.06311931849011 4
      vertex 64.39830576082373 73.43219399647174 4
    endloop
  endfacet
  facet normal -0.7298640726978359 -0.683592302022871 1.1655445756893298e-17
    outer loop
      vertex 73.43219399647174 64.39830576082373 4
      vertex 69.06311931849011 69.06311931849011 4
      vertex 69.06311931849011 69.06311931849011 0
    endloop
  endfacet
  facet normal -0.8128466845916155 -0.5824776968678018 0
    outer loop
      vertex 77.48682074624494 59.45772877128175 0
      vertex 81.2096370335896 54.26254465902455 4
      vertex 77.48682074624494 59.45772877128175 4
    endloop
  endfacet
  facet normal -0.7730104533627377 -0.6343932841636446 0
    outer loop
      vertex 73.43219399647174 64.39830576082373 0
      vertex 77.48682074624494 59.45772877128175 4
      vertex 73.43219399647174 64.39830576082373 4
    endloop
  endfacet
  facet normal 0.3941710678855394 0.9190370880666208 0
    outer loop
      vertex -43.39021693291761 -93.05062049505285 0
      vertex -43.39021693291761 -93.05062049505285 4
      vertex -37.509562971697775 -95.57280777330045 0
    endloop
  endfacet
  facet normal 0.9063077870366497 -0.4226182617406997 1.4481836658677036e-17
    outer loop
      vertex -43.39021693291761 -93.05062049505285 0
      vertex -41.2574799479786 -88.47695127122446 0
      vertex -41.2574799479786 -88.47695127122446 4
    endloop
  endfacet
  facet normal 0.33615613316862886 0.941806272082064 0
    outer loop
      vertex -37.509562971697775 -95.57280777330045 0
      vertex -37.509562971697775 -95.57280777330045 4
      vertex -31.483215551625438 -97.72377417256196 0
    endloop
  endfacet
  facet normal 0.27683551142485197 0.9609173219450987 0
    outer loop
      vertex -31.483215551625438 -97.72377417256196 0
      vertex -31.483215551625438 -97.72377417256196 4
      vertex -25.334582020862452 -99.49516497713944 0
    endloop
  endfacet
  facet normal 0.21643961393810257 0.9762960071199334 0
    outer loop
      vertex -25.334582020862452 -99.49516497713944 0
      vertex -25.334582020862452 -99.49516497713944 4
      vertex -19.08754470741644 -100.88009980686171 0
    endloop
  endfacet
  facet normal 0.15520302854435217 0.9878825942037145 0
    outer loop
      vertex -19.08754470741644 -100.88009980686171 0
      vertex -19.08754470741644 -100.88009980686171 4
      vertex -12.766368156157304 -101.87319934163968 0
    endloop
  endfacet
  facet normal 0.09336360845295145 0.9956320789411338 0
    outer loop
      vertex -12.766368156157304 -101.87319934163968 0
      vertex -12.766368156157304 -101.87319934163968 4
      vertex -6.395604881238967 -102.4706062156513 0
    endloop
  endfacet
  facet normal 0.031161548384731234 0.9995143610285278 0
    outer loop
      vertex -6.395604881238967 -102.4706062156513 0
      vertex -6.395604881238967 -102.4706062156513 4
      vertex 0 -102.67 0
    endloop
  endfacet
  facet normal 0.9063077870366497 -0.4226182617406997 1.4481836658677036e-17
    outer loop
      vertex -41.2574799479786 -88.47695127122446 4
      vertex -43.39021693291761 -93.05062049505285 4
      vertex -43.39021693291761 -93.05062049505285 0
    endloop
  endfacet
  facet normal 0.33615613316862886 0.941806272082064 0
    outer loop
      vertex -31.483215551625438 -97.72377417256196 0
      vertex -37.509562971697775 -95.57280777330045 4
      vertex -31.483215551625438 -97.72377417256196 4
    endloop
  endfacet
  facet normal 0.27683551142485197 0.9609173219450987 0
    outer loop
      vertex -25.334582020862452 -99.49516497713944 0
      vertex -31.483215551625438 -97.72377417256196 4
      vertex -25.334582020862452 -99.49516497713944 4
    endloop
  endfacet
  facet normal 0.3941710678855394 0.9190370880666208 0
    outer loop
      vertex -37.509562971697775 -95.57280777330045 0
      vertex -43.39021693291761 -93.05062049505285 4
      vertex -37.509562971697775 -95.57280777330045 4
    endloop
  endfacet
  facet normal 0.21643961393810257 0.9762960071199334 0
    outer loop
      vertex -19.08754470741644 -100.88009980686171 0
      vertex -25.334582020862452 -99.49516497713944 4
      vertex -19.08754470741644 -100.88009980686171 4
    endloop
  endfacet
  facet normal 0.15520302854435217 0.9878825942037145 0
    outer loop
      vertex -12.766368156157304 -101.87319934163968 0
      vertex -19.08754470741644 -100.88009980686171 4
      vertex -12.766368156157304 -101.87319934163968 4
    endloop
  endfacet
  facet normal 0.09336360845295145 0.9956320789411338 0
    outer loop
      vertex -6.395604881238967 -102.4706062156513 0
      vertex -12.766368156157304 -101.87319934163968 4
      vertex -6.395604881238967 -102.4706062156513 4
    endloop
  endfacet
  facet normal 0.031161548384731234 0.9995143610285276 8.034413765385225e-18
    outer loop
      vertex -6.395604881238967 -102.4706062156513 4
      vertex -1.2559308229296493e-15 -102.67 4
      vertex 0 -102.67 0
    endloop
  endfacet
  facet normal -0.03116154838473345 0.9995143610285276 -9.784187276650092e-18
    outer loop
      vertex -1.2559308229296493e-15 -102.67 4
      vertex 6.395604881238967 -102.47060621565129 0
      vertex 0 -102.67 0
    endloop
  endfacet
  facet normal -0.0933636084529491 0.9956320789411339 0
    outer loop
      vertex 6.395604881238967 -102.47060621565129 4
      vertex 12.766368156157315 -101.87319934163968 0
      vertex 6.395604881238967 -102.47060621565129 0
    endloop
  endfacet
  facet normal -0.1552030285443547 0.9878825942037142 0
    outer loop
      vertex 12.766368156157315 -101.87319934163968 0
      vertex 12.766368156157315 -101.87319934163968 4
      vertex 19.087544707416438 -100.8800998068617 0
    endloop
  endfacet
  facet normal -0.21643961393810268 0.9762960071199334 0
    outer loop
      vertex 19.087544707416438 -100.8800998068617 0
      vertex 19.087544707416438 -100.8800998068617 4
      vertex 25.334582020862445 -99.49516497713942 0
    endloop
  endfacet
  facet normal -0.276835511424848 0.9609173219450999 0
    outer loop
      vertex 25.334582020862445 -99.49516497713942 0
      vertex 25.334582020862445 -99.49516497713942 4
      vertex 31.483215551625428 -97.72377417256197 0
    endloop
  endfacet
  facet normal -0.3361561331686303 0.9418062720820635 0
    outer loop
      vertex 31.483215551625428 -97.72377417256197 0
      vertex 31.483215551625428 -97.72377417256197 4
      vertex 37.509562971697775 -95.57280777330045 0
    endloop
  endfacet
  facet normal -0.39417106788554124 0.9190370880666199 0
    outer loop
      vertex 37.509562971697775 -95.57280777330045 0
      vertex 37.509562971697775 -95.57280777330045 4
      vertex 43.39021693291761 -93.05062049505284 0
    endloop
  endfacet
  facet normal -0.9063077870366498 -0.4226182617406996 1.689645973007593e-17
    outer loop
      vertex 41.25747994797861 -88.47695127122446 0
      vertex 43.39021693291761 -93.05062049505284 0
      vertex 43.39021693291761 -93.05062049505284 4
    endloop
  endfacet
  facet normal -0.031161548384733444 0.9995143610285276 0
    outer loop
      vertex 6.395604881238967 -102.47060621565129 0
      vertex -1.2559308229296493e-15 -102.67 4
      vertex 6.395604881238967 -102.47060621565129 4
    endloop
  endfacet
  facet normal -0.0933636084529491 0.9956320789411339 0
    outer loop
      vertex 12.766368156157315 -101.87319934163968 0
      vertex 6.395604881238967 -102.47060621565129 4
      vertex 12.766368156157315 -101.87319934163968 4
    endloop
  endfacet
  facet normal -0.1552030285443547 0.9878825942037142 0
    outer loop
      vertex 19.087544707416438 -100.8800998068617 0
      vertex 12.766368156157315 -101.87319934163968 4
      vertex 19.087544707416438 -100.8800998068617 4
    endloop
  endfacet
  facet normal -0.21643961393810268 0.9762960071199334 0
    outer loop
      vertex 25.334582020862445 -99.49516497713942 0
      vertex 19.087544707416438 -100.8800998068617 4
      vertex 25.334582020862445 -99.49516497713942 4
    endloop
  endfacet
  facet normal -0.276835511424848 0.9609173219450999 0
    outer loop
      vertex 31.483215551625428 -97.72377417256197 0
      vertex 25.334582020862445 -99.49516497713942 4
      vertex 31.483215551625428 -97.72377417256197 4
    endloop
  endfacet
  facet normal -0.3361561331686303 0.9418062720820635 0
    outer loop
      vertex 37.509562971697775 -95.57280777330045 0
      vertex 31.483215551625428 -97.72377417256197 4
      vertex 37.509562971697775 -95.57280777330045 4
    endloop
  endfacet
  facet normal -0.39417106788554124 0.9190370880666199 0
    outer loop
      vertex 43.39021693291761 -93.05062049505284 0
      vertex 37.509562971697775 -95.57280777330045 4
      vertex 43.39021693291761 -93.05062049505284 4
    endloop
  endfacet
  facet normal -0.9063077870366498 -0.4226182617406996 1.689645973007593e-17
    outer loop
      vertex 43.39021693291761 -93.05062049505284 4
      vertex 41.25747994797861 -88.47695127122446 4
      vertex 41.25747994797861 -88.47695127122446 0
    endloop
  endfacet
endsolid OpenSCAD_Model
