solid OpenSCAD_Model
  facet normal -0.13045026872494936 -0.4149973546612972 -0.9004220804787685
    outer loop
      vertex 62.173707799223564 -104.23573058825016 16.94776459773737
      vertex 62.4730029274131 -102.92443295317327 16.30003705720348
      vertex 65.02093911170954 -101.68643266589147 15.36031576141134
    endloop
  endfacet
  facet normal -0.13987727907744046 -0.399746297051077 -0.9058903050545601
    outer loop
      vertex 62.00761153394065 -102.76158546138858 16.30003705720348
      vertex 65.02093911170954 -101.68643266589147 15.36031576141134
      vertex 62.4730029274131 -102.92443295317327 16.30003705720348
    endloop
  endfacet
  facet normal -0.2693812682196572 -0.1692634693042425 -0.9480419876205173
    outer loop
      vertex 61.24147917205257 -102.15061529042123 16.30003705720348
      vertex 60.97915527935216 -101.7331292068001 16.30003705720348
      vertex 63.48974527244707 -100.46534632585897 15.36031576141134
    endloop
  endfacet
  facet normal -0.23483526558602028 -0.23483526558602985 -0.9432416424619314
    outer loop
      vertex 61.590125450319526 -102.49926156868817 16.30003705720348
      vertex 61.24147917205257 -102.15061529042123 16.30003705720348
      vertex 64.11598969768862 -101.25063199679425 15.36031576141134
    endloop
  endfacet
  facet normal -0.19390185155716672 -0.30859302894661395 -0.9312209267667135
    outer loop
      vertex 62.00761153394065 -102.76158546138858 16.30003705720348
      vertex 61.590125450319526 -102.49926156868817 16.30003705720348
      vertex 64.54391293340026 -101.51951398681217 15.36031576141134
    endloop
  endfacet
  facet normal -0.23483526558602413 -0.2348352655860194 -0.9432416424619331
    outer loop
      vertex 61.24147917205257 -102.15061529042123 16.30003705720348
      vertex 63.75862726246499 -100.89326956157062 15.36031576141134
      vertex 64.11598969768862 -101.25063199679425 15.36031576141134
    endloop
  endfacet
  facet normal 0.24097643242582525 -0.8683333507524297 -0.4335061141280242
    outer loop
      vertex 64.36318829766972 -106.91256580818288 20.390732179558146
      vertex 64.2190553604009 -106.2810781494275 19.04571208249035
      vertex 66.81064285552202 -105.12699399205206 18.174632662330385
    endloop
  endfacet
  facet normal 0.31969383195670614 -0.9136324809693819 -0.2511404856381569
    outer loop
      vertex 64.36318829766972 -106.91256580818288 20.390732179558146
      vertex 66.95837911622257 -105.77426884227631 19.553278261824875
      vertex 65.69320048726249 -106.44717441471042 20.390732179558146
    endloop
  endfacet
  facet normal 0.24097643242582903 -0.8683333507524303 -0.43350611412802076
    outer loop
      vertex 64.36318829766972 -106.91256580818288 20.390732179558146
      vertex 66.81064285552202 -105.12699399205206 18.174632662330385
      vertex 66.95837911622257 -105.77426884227631 19.553278261824875
    endloop
  endfacet
  facet normal 0.33079896155557315 -0.917361173729333 -0.22140579027589863
    outer loop
      vertex 65.69320048726249 -106.44717441471042 20.390732179558146
      vertex 68.32164161055515 -105.29724266396705 19.553278261824875
      vertex 65.83733342453131 -106.74646954289996 21.846162751903876
    endloop
  endfacet
  facet normal 0.31969383195670126 -0.9136324809693817 -0.251140485638164
    outer loop
      vertex 65.69320048726249 -106.44717441471042 20.390732179558146
      vertex 66.95837911622257 -105.77426884227631 19.553278261824875
      vertex 68.32164161055515 -105.29724266396705 19.553278261824875
    endloop
  endfacet
  facet normal 0.33079896155557864 -0.9173611737293325 -0.22140579027589227
    outer loop
      vertex 65.83733342453131 -106.74646954289996 21.846162751903876
      vertex 68.32164161055515 -105.29724266396705 19.553278261824875
      vertex 68.46937787125569 -105.60402017036132 21.045094598479245
    endloop
  endfacet
  facet normal 0.39816391740989643 -0.9173142835870403 4.5702066132667516e-17
    outer loop
      vertex 65.83733342453131 -106.74646954289996 21.846162751903876
      vertex 68.46937787125569 -105.60402017036132 21.045094598479245
      vertex 68.46937787125569 -105.60402017036132 22.57527577189112
    endloop
  endfacet
  facet normal 0.3981639174098965 -0.9173142835870405 0
    outer loop
      vertex 65.83733342453131 -106.74646954289996 21.846162751903876
      vertex 68.46937787125569 -105.60402017036132 22.57527577189112
      vertex 65.83733342453131 -106.74646954289996 23.339022433281315
    endloop
  endfacet
  facet normal 0.44178984968652857 -0.8690960245430022 0.2224720855242376
    outer loop
      vertex 65.83733342453131 -106.74646954289996 23.339022433281315
      vertex 68.46937787125569 -105.60402017036132 22.57527577189112
      vertex 65.69320048726249 -106.44717441471042 24.794453005627044
    endloop
  endfacet
  facet normal 0.45916579014074976 -0.7759053052807929 0.43259419136361554
    outer loop
      vertex 65.41216204004621 -105.86359206580639 26.13947310269484
      vertex 65.69320048726249 -106.44717441471042 24.794453005627044
      vertex 68.32164161055515 -105.29724266396705 24.06709210854549
    endloop
  endfacet
  facet normal 0.4417898496865247 -0.8690960245430057 0.2224720855242315
    outer loop
      vertex 65.69320048726249 -106.44717441471042 24.794453005627044
      vertex 68.46937787125569 -105.60402017036132 22.57527577189112
      vertex 68.32164161055515 -105.29724266396705 24.06709210854549
    endloop
  endfacet
  facet normal 0.08007614193093843 -0.7106954163255625 -0.6989276333836656
    outer loop
      vertex 62.96296296296296 -105.4918229856881 17.878547384682278
      vertex 65.52314814814814 -104.31800744921918 16.97828884707711
      vertex 64.01193670533945 -105.37363203025652 17.878547384682278
    endloop
  endfacet
  facet normal 0.0800761419309392 -0.7106954163255632 -0.6989276333836649
    outer loop
      vertex 64.01193670533945 -105.37363203025652 17.878547384682278
      vertex 65.52314814814814 -104.31800744921918 16.97828884707711
      vertex 66.59834623408403 -104.1968617199018 16.97828884707711
    endloop
  endfacet
  facet normal 0.010940565107778607 -0.623452486135351 -0.7817846900309396
    outer loop
      vertex 62.96296296296296 -105.4918229856881 17.878547384682278
      vertex 62.96296296296296 -104.32465828788003 16.94776459773737
      vertex 65.52314814814814 -103.1216636339659 16.024236490458573
    endloop
  endfacet
  facet normal -0.059213190994277604 -0.5255316054304713 -0.8487109812568391
    outer loop
      vertex 62.173707799223564 -104.23573058825016 16.94776459773737
      vertex 64.71416160531525 -103.03051274184529 16.024236490458573
      vertex 62.96296296296296 -104.32465828788003 16.94776459773737
    endloop
  endfacet
  facet normal 0.010940565107777009 -0.62345248613535 -0.7817846900309405
    outer loop
      vertex 62.96296296296296 -105.4918229856881 17.878547384682278
      vertex 65.52314814814814 -103.1216636339659 16.024236490458573
      vertex 65.52314814814814 -104.31800744921918 16.97828884707711
    endloop
  endfacet
  facet normal 0.07007772071740116 -0.6219569736932732 -0.7799093767440926
    outer loop
      vertex 65.52314814814814 -104.31800744921918 16.97828884707711
      vertex 66.33213469098102 -103.03051274184529 16.024236490458573
      vertex 66.59834623408403 -104.1968617199018 16.97828884707711
    endloop
  endfacet
  facet normal 0.25885406999923 -0.7397624306197162 -0.6210846292482557
    outer loop
      vertex 66.59834623408403 -104.1968617199018 16.97828884707711
      vertex 67.6196293983549 -103.83949928467818 16.97828884707711
      vertex 66.81064285552202 -105.12699399205206 18.174632662330385
    endloop
  endfacet
  facet normal 0.2588540699992355 -0.7397624306197168 -0.6210846292482526
    outer loop
      vertex 67.6196293983549 -103.83949928467818 16.97828884707711
      vertex 68.03357720215847 -104.69907075634042 18.174632662330385
      vertex 66.81064285552202 -105.12699399205206 18.174632662330385
    endloop
  endfacet
  facet normal 0.20671917261633843 -0.5907694539661443 -0.7799093767440933
    outer loop
      vertex 66.59834623408403 -104.1968617199018 16.97828884707711
      vertex 67.10055527052265 -102.76163075182737 16.024236490458573
      vertex 67.6196293983549 -103.83949928467818 16.97828884707711
    endloop
  endfacet
  facet normal 0.133825755144245 -0.7707175698987345 -0.6229647620126373
    outer loop
      vertex 64.2190553604009 -106.2810781494275 19.04571208249035
      vertex 64.01193670533945 -105.37363203025652 17.878547384682278
      vertex 66.59834623408403 -104.1968617199018 16.97828884707711
    endloop
  endfacet
  facet normal 0.13382575514424502 -0.7707175698987345 -0.6229647620126373
    outer loop
      vertex 64.2190553604009 -106.2810781494275 19.04571208249035
      vertex 66.59834623408403 -104.1968617199018 16.97828884707711
      vertex 66.81064285552202 -105.12699399205206 18.174632662330385
    endloop
  endfacet
  facet normal 0.29792290537947136 -0.8514147473959333 -0.43166522950890296
    outer loop
      vertex 66.95837911622257 -105.77426884227631 19.553278261824875
      vertex 66.81064285552202 -105.12699399205206 18.174632662330385
      vertex 68.32164161055515 -105.29724266396705 19.553278261824875
    endloop
  endfacet
  facet normal 0.29792290537947413 -0.8514147473959308 -0.4316652295089058
    outer loop
      vertex 66.81064285552202 -105.12699399205206 18.174632662330385
      vertex 68.03357720215847 -104.69907075634042 18.174632662330385
      vertex 68.32164161055515 -105.29724266396705 19.553278261824875
    endloop
  endfacet
  facet normal -0.1304502687249496 -0.41499735466129706 -0.9004220804787686
    outer loop
      vertex 62.173707799223564 -104.23573058825016 16.94776459773737
      vertex 65.02093911170954 -101.68643266589147 15.36031576141134
      vertex 64.71416160531525 -103.03051274184529 16.024236490458573
    endloop
  endfacet
  facet normal -0.059213190994277194 -0.5255316054304717 -0.8487109812568389
    outer loop
      vertex 62.96296296296296 -104.32465828788003 16.94776459773737
      vertex 64.71416160531525 -103.03051274184529 16.024236490458573
      vertex 65.52314814814814 -103.1216636339659 16.024236490458573
    endloop
  endfacet
  facet normal -0.0488286426528561 -0.433366189753671 -0.8998941655745218
    outer loop
      vertex 64.71416160531525 -103.03051274184529 16.024236490458573
      vertex 65.02093911170954 -101.68643266589147 15.36031576141134
      vertex 65.52314814814814 -103.1216636339659 16.024236490458573
    endloop
  endfacet
  facet normal -0.13987727907743683 -0.3997462970510848 -0.9058903050545573
    outer loop
      vertex 62.00761153394065 -102.76158546138858 16.30003705720348
      vertex 64.54391293340026 -101.51951398681217 15.36031576141134
      vertex 65.02093911170954 -101.68643266589147 15.36031576141134
    endloop
  endfacet
  facet normal -0.1939018515571669 -0.30859302894661356 -0.9312209267667134
    outer loop
      vertex 61.590125450319526 -102.49926156868817 16.30003705720348
      vertex 64.11598969768862 -101.25063199679425 15.36031576141134
      vertex 64.54391293340026 -101.51951398681217 15.36031576141134
    endloop
  endfacet
  facet normal -0.0488286426528484 -0.433366189753669 -0.8998941655745233
    outer loop
      vertex 65.02093911170954 -101.68643266589147 15.36031576141134
      vertex 65.52314814814814 -101.7430180344714 15.36031576141134
      vertex 65.52314814814814 -103.1216636339659 16.024236490458573
    endloop
  endfacet
  facet normal 0.07007772071739783 -0.6219569736932722 -0.7799093767440939
    outer loop
      vertex 65.52314814814814 -104.31800744921918 16.97828884707711
      vertex 65.52314814814814 -103.1216636339659 16.024236490458573
      vertex 66.33213469098102 -103.03051274184529 16.024236490458573
    endloop
  endfacet
  facet normal 0.0488286426528561 -0.433366189753671 -0.8998941655745218
    outer loop
      vertex 65.52314814814814 -103.1216636339659 16.024236490458573
      vertex 66.02535718458674 -101.68643266589147 15.36031576141134
      vertex 66.33213469098102 -103.03051274184529 16.024236490458573
    endloop
  endfacet
  facet normal 0.20671917261634223 -0.5907694539661449 -0.779909376744092
    outer loop
      vertex 66.59834623408403 -104.1968617199018 16.97828884707711
      vertex 66.33213469098102 -103.03051274184529 16.024236490458573
      vertex 67.10055527052265 -102.76163075182737 16.024236490458573
    endloop
  endfacet
  facet normal 0.144037455925296 -0.41163539941980554 -0.8998941655745222
    outer loop
      vertex 66.33213469098102 -103.03051274184529 16.024236490458573
      vertex 66.50238336289601 -101.51951398681217 15.36031576141134
      vertex 67.10055527052265 -102.76163075182737 16.024236490458573
    endloop
  endfacet
  facet normal 0.33299486201621037 -0.529958286978744 -0.7799093767440936
    outer loop
      vertex 67.6196293983549 -103.83949928467818 16.97828884707711
      vertex 67.10055527052265 -102.76163075182737 16.024236490458573
      vertex 67.78987807026989 -102.32850052964505 16.024236490458573
    endloop
  endfacet
  facet normal 0.04882864265284839 -0.433366189753669 -0.8998941655745233
    outer loop
      vertex 65.52314814814814 -103.1216636339659 16.024236490458573
      vertex 65.52314814814814 -101.7430180344714 15.36031576141134
      vertex 66.02535718458674 -101.68643266589147 15.36031576141134
    endloop
  endfacet
  facet normal 0.14403745592529682 -0.41163539941980565 -0.8998941655745221
    outer loop
      vertex 66.33213469098102 -103.03051274184529 16.024236490458573
      vertex 66.02535718458674 -101.68643266589147 15.36031576141134
      vertex 66.50238336289601 -101.51951398681217 15.36031576141134
    endloop
  endfacet
  facet normal 0.23202362970960463 -0.36926349131929415 -0.8998941655745224
    outer loop
      vertex 67.10055527052265 -102.76163075182737 16.024236490458573
      vertex 66.50238336289601 -101.51951398681217 15.36031576141134
      vertex 67.78987807026989 -102.32850052964505 16.024236490458573
    endloop
  endfacet
  facet normal 0.23202362970960577 -0.3692634913192927 -0.8998941655745228
    outer loop
      vertex 66.50238336289601 -101.51951398681217 15.36031576141134
      vertex 66.93030659860766 -101.25063199679425 15.36031576141134
      vertex 67.78987807026989 -102.32850052964505 16.024236490458573
    endloop
  endfacet
  facet normal 0.308375169853973 -0.308375169853973 -0.8998941655745227
    outer loop
      vertex 67.78987807026989 -102.32850052964505 16.024236490458573
      vertex 66.93030659860766 -101.25063199679425 15.36031576141134
      vertex 68.3655375666821 -101.75284103323285 16.024236490458573
    endloop
  endfacet
  facet normal 0.41697668499141344 -0.6636145925800095 -0.6210846292482527
    outer loop
      vertex 67.6196293983549 -103.83949928467818 16.97828884707711
      vertex 69.13062815338803 -104.00974795659317 18.174632662330385
      vertex 68.03357720215847 -104.69907075634042 18.174632662330385
    endloop
  endfacet
  facet normal 0.41697668499141516 -0.6636145925800067 -0.6210846292482545
    outer loop
      vertex 67.6196293983549 -103.83949928467818 16.97828884707711
      vertex 68.53578623859708 -103.26383978826598 16.97828884707711
      vertex 69.13062815338803 -104.00974795659317 18.174632662330385
    endloop
  endfacet
  facet normal 0.4799109609074737 -0.7637739189275109 -0.43166522950890696
    outer loop
      vertex 68.03357720215847 -104.69907075634042 18.174632662330385
      vertex 69.13062815338803 -104.00974795659317 18.174632662330385
      vertex 68.32164161055515 -105.29724266396705 19.553278261824875
    endloop
  endfacet
  facet normal 0.4799109609074771 -0.7637739189275102 -0.43166522950890424
    outer loop
      vertex 68.32164161055515 -105.29724266396705 19.553278261824875
      vertex 69.13062815338803 -104.00974795659317 18.174632662330385
      vertex 69.5445759571916 -104.52882208442543 19.553278261824875
    endloop
  endfacet
  facet normal 0.5188539805049377 -0.8257513795726685 -0.2211904293770791
    outer loop
      vertex 68.32164161055515 -105.29724266396705 19.553278261824875
      vertex 69.5445759571916 -104.52882208442543 19.553278261824875
      vertex 68.46937787125569 -105.60402017036132 21.045094598479245
    endloop
  endfacet
  facet normal 0.5188539805049371 -0.8257513795726686 -0.22119042937707964
    outer loop
      vertex 69.5445759571916 -104.52882208442543 19.553278261824875
      vertex 69.75687257862957 -104.79503362752844 21.045094598479245
      vertex 68.46937787125569 -105.60402017036132 21.045094598479245
    endloop
  endfacet
  facet normal 0.6378342769219232 -0.6378342769219232 -0.4316652295089042
    outer loop
      vertex 69.13062815338803 -104.00974795659317 18.174632662330385
      vertex 70.56585912146247 -103.50753892015456 19.553278261824875
      vertex 69.5445759571916 -104.52882208442543 19.553278261824875
    endloop
  endfacet
  facet normal 0.6378342769219232 -0.6378342769219232 -0.4316652295089042
    outer loop
      vertex 69.13062815338803 -104.00974795659317 18.174632662330385
      vertex 70.04678499363021 -103.09359111635099 18.174632662330385
      vertex 70.56585912146247 -103.50753892015456 19.553278261824875
    endloop
  endfacet
  facet normal 0.6895921961391324 -0.6895921961391324 -0.22119042937707953
    outer loop
      vertex 69.5445759571916 -104.52882208442543 19.553278261824875
      vertex 70.56585912146247 -103.50753892015456 19.553278261824875
      vertex 69.75687257862957 -104.79503362752844 21.045094598479245
    endloop
  endfacet
  facet normal 0.6895921961391325 -0.6895921961391325 -0.2211904293770795
    outer loop
      vertex 70.56585912146247 -103.50753892015456 19.553278261824875
      vertex 70.83207066456548 -103.71983554159253 21.045094598479245
      vertex 69.75687257862957 -104.79503362752844 21.045094598479245
    endloop
  endfacet
  facet normal 0.3329948620162142 -0.5299582869787436 -0.7799093767440921
    outer loop
      vertex 67.6196293983549 -103.83949928467818 16.97828884707711
      vertex 67.78987807026989 -102.32850052964505 16.024236490458573
      vertex 68.53578623859708 -103.26383978826598 16.97828884707711
    endloop
  endfacet
  facet normal 0.4425727985691403 -0.4425727985691403 -0.7799093767440922
    outer loop
      vertex 68.53578623859708 -103.26383978826598 16.97828884707711
      vertex 67.78987807026989 -102.32850052964505 16.024236490458573
      vertex 69.30087682530302 -102.49874920156005 16.97828884707711
    endloop
  endfacet
  facet normal 0.5541903478551203 -0.5541903478551203 -0.6210846292482542
    outer loop
      vertex 69.13062815338803 -104.00974795659317 18.174632662330385
      vertex 68.53578623859708 -103.26383978826598 16.97828884707711
      vertex 69.30087682530302 -102.49874920156005 16.97828884707711
    endloop
  endfacet
  facet normal 0.5541903478551203 -0.5541903478551203 -0.6210846292482542
    outer loop
      vertex 69.13062815338803 -104.00974795659317 18.174632662330385
      vertex 69.30087682530302 -102.49874920156005 16.97828884707711
      vertex 70.04678499363021 -103.09359111635099 18.174632662330385
    endloop
  endfacet
  facet normal 0.6636145925800084 -0.4169766849914127 -0.6210846292482544
    outer loop
      vertex 69.30087682530302 -102.49874920156005 16.97828884707711
      vertex 70.73610779337746 -101.99654016512143 18.174632662330385
      vertex 70.04678499363021 -103.09359111635099 18.174632662330385
    endloop
  endfacet
  facet normal 0.4425727985691403 -0.44257279856914017 -0.7799093767440921
    outer loop
      vertex 69.30087682530302 -102.49874920156005 16.97828884707711
      vertex 67.78987807026989 -102.32850052964505 16.024236490458573
      vertex 68.3655375666821 -101.75284103323285 16.024236490458573
    endloop
  endfacet
  facet normal 0.5299582869787439 -0.3329948620162104 -0.7799093767440934
    outer loop
      vertex 68.3655375666821 -101.75284103323285 16.024236490458573
      vertex 68.7986677888644 -101.06351823348561 16.024236490458573
      vertex 69.87653632171522 -101.58259236131786 16.97828884707711
    endloop
  endfacet
  facet normal 0.5299582869787436 -0.3329948620162142 -0.7799093767440921
    outer loop
      vertex 69.30087682530302 -102.49874920156005 16.97828884707711
      vertex 68.3655375666821 -101.75284103323285 16.024236490458573
      vertex 69.87653632171522 -101.58259236131786 16.97828884707711
    endloop
  endfacet
  facet normal 0.6636145925800081 -0.41697668499141605 -0.6210846292482525
    outer loop
      vertex 69.30087682530302 -102.49874920156005 16.97828884707711
      vertex 69.87653632171522 -101.58259236131786 16.97828884707711
      vertex 70.73610779337746 -101.99654016512143 18.174632662330385
    endloop
  endfacet
  facet normal 0.7397624306197168 -0.2588540699992355 -0.6210846292482526
    outer loop
      vertex 69.87653632171522 -101.58259236131786 16.97828884707711
      vertex 71.1640310290891 -100.77360581848498 18.174632662330385
      vertex 70.73610779337746 -101.99654016512143 18.174632662330385
    endloop
  endfacet
  facet normal 0.763773918927512 -0.4799109609074744 -0.4316652295089041
    outer loop
      vertex 70.04678499363021 -103.09359111635099 18.174632662330385
      vertex 70.73610779337746 -101.99654016512143 18.174632662330385
      vertex 70.56585912146247 -103.50753892015456 19.553278261824875
    endloop
  endfacet
  facet normal 0.7637739189275092 -0.47991096090747654 -0.43166522950890684
    outer loop
      vertex 70.56585912146247 -103.50753892015456 19.553278261824875
      vertex 70.73610779337746 -101.99654016512143 18.174632662330385
      vertex 71.33427970100409 -102.28460457351811 19.553278261824875
    endloop
  endfacet
  facet normal 0.8257513795726683 -0.5188539805049376 -0.22119042937707964
    outer loop
      vertex 70.56585912146247 -103.50753892015456 19.553278261824875
      vertex 71.33427970100409 -102.28460457351811 19.553278261824875
      vertex 70.83207066456548 -103.71983554159253 21.045094598479245
    endloop
  endfacet
  facet normal 0.8257513795726688 -0.5188539805049371 -0.22119042937707908
    outer loop
      vertex 71.33427970100409 -102.28460457351811 19.553278261824875
      vertex 71.64105720739836 -102.43234083421865 21.045094598479245
      vertex 70.83207066456548 -103.71983554159253 21.045094598479245
    endloop
  endfacet
  facet normal 0.8514147473959308 -0.29792290537947413 -0.43166522950890573
    outer loop
      vertex 70.73610779337746 -101.99654016512143 18.174632662330385
      vertex 71.1640310290891 -100.77360581848498 18.174632662330385
      vertex 71.33427970100409 -102.28460457351811 19.553278261824875
    endloop
  endfacet
  facet normal 0.9205039407969537 -0.32209825974267736 -0.22119042937707947
    outer loop
      vertex 71.33427970100409 -102.28460457351811 19.553278261824875
      vertex 71.81130587931335 -100.92134207918554 19.553278261824875
      vertex 71.64105720739836 -102.43234083421865 21.045094598479245
    endloop
  endfacet
  facet normal 0.9205039407969497 -0.32209825974268413 -0.22119042937708683
    outer loop
      vertex 71.64105720739836 -102.43234083421865 21.045094598479245
      vertex 71.81130587931335 -100.92134207918554 19.553278261824875
      vertex 72.14326624383698 -100.99710986614421 21.045094598479245
    endloop
  endfacet
  facet normal 0.4591657901407532 -0.7759053052807873 0.4325941913636219
    outer loop
      vertex 65.41216204004621 -105.86359206580639 26.13947310269484
      vertex 68.32164161055515 -105.29724266396705 24.06709210854549
      vertex 68.03357720215847 -104.6990707563404 25.445737708039985
    endloop
  endfacet
  facet normal 0.4584122702660197 -0.7295589487755954 0.5075450036509099
    outer loop
      vertex 65.41216204004621 -105.86359206580639 26.13947310269484
      vertex 68.03357720215847 -104.6990707563404 25.445737708039985
      vertex 69.13062815338803 -104.00974795659317 25.445737708039985
    endloop
  endfacet
  facet normal 0.45841227026601694 -0.7295589487755816 0.5075450036509322
    outer loop
      vertex 65.41216204004621 -105.86359206580639 26.13947310269484
      vertex 69.13062815338803 -104.00974795659317 25.445737708039985
      vertex 66.48245565100189 -105.19108201727249 26.13947310269484
    endloop
  endfacet
  facet normal 0.4489857033580018 -0.6407698898084332 0.622756602931682
    outer loop
      vertex 66.48245565100189 -105.19108201727249 26.13947310269484
      vertex 69.13062815338803 -104.00974795659317 25.445737708039985
      vertex 65.90212207559608 -104.46336673109963 27.306637800502912
    endloop
  endfacet
  facet normal 0.5320320765153365 -0.8467241992282841 0
    outer loop
      vertex 68.46937787125569 -105.60402017036132 21.045094598479245
      vertex 69.75687257862957 -104.79503362752844 22.57527577189112
      vertex 68.46937787125569 -105.60402017036132 22.57527577189112
    endloop
  endfacet
  facet normal 0.5320320765153365 -0.8467241992282841 3.2767987581723413e-18
    outer loop
      vertex 68.46937787125569 -105.60402017036132 21.045094598479245
      vertex 69.75687257862957 -104.79503362752844 21.045094598479245
      vertex 69.75687257862957 -104.79503362752844 22.57527577189112
    endloop
  endfacet
  facet normal 0.5188539805049377 -0.8257513795726685 0.2211904293770791
    outer loop
      vertex 68.46937787125569 -105.60402017036132 22.57527577189112
      vertex 69.5445759571916 -104.52882208442543 24.06709210854549
      vertex 68.32164161055515 -105.29724266396705 24.06709210854549
    endloop
  endfacet
  facet normal 0.5188539805049371 -0.8257513795726686 0.22119042937707964
    outer loop
      vertex 68.46937787125569 -105.60402017036132 22.57527577189112
      vertex 69.75687257862957 -104.79503362752844 22.57527577189112
      vertex 69.5445759571916 -104.52882208442543 24.06709210854549
    endloop
  endfacet
  facet normal 0.6895921961391325 -0.6895921961391325 0.2211904293770795
    outer loop
      vertex 69.75687257862957 -104.79503362752844 22.57527577189112
      vertex 70.83207066456548 -103.71983554159253 22.57527577189112
      vertex 69.5445759571916 -104.52882208442543 24.06709210854549
    endloop
  endfacet
  facet normal 0.7071067811865475 -0.7071067811865475 0
    outer loop
      vertex 69.75687257862957 -104.79503362752844 21.045094598479245
      vertex 70.83207066456548 -103.71983554159253 22.57527577189112
      vertex 69.75687257862957 -104.79503362752844 22.57527577189112
    endloop
  endfacet
  facet normal 0.7071067811865475 -0.7071067811865475 -2.8773942102122727e-17
    outer loop
      vertex 69.75687257862957 -104.79503362752844 21.045094598479245
      vertex 70.83207066456548 -103.71983554159253 21.045094598479245
      vertex 70.83207066456548 -103.71983554159253 22.57527577189112
    endloop
  endfacet
  facet normal 0.6895921961391324 -0.6895921961391324 0.22119042937707953
    outer loop
      vertex 70.83207066456548 -103.71983554159253 22.57527577189112
      vertex 70.56585912146247 -103.50753892015456 24.06709210854549
      vertex 69.5445759571916 -104.52882208442543 24.06709210854549
    endloop
  endfacet
  facet normal 0.47991096090746516 -0.763773918927513 0.4316652295089128
    outer loop
      vertex 68.32164161055515 -105.29724266396705 24.06709210854549
      vertex 69.13062815338803 -104.00974795659317 25.445737708039985
      vertex 68.03357720215847 -104.6990707563404 25.445737708039985
    endloop
  endfacet
  facet normal 0.4799109609074774 -0.7637739189275106 0.43166522950890335
    outer loop
      vertex 68.32164161055515 -105.29724266396705 24.06709210854549
      vertex 69.5445759571916 -104.52882208442543 24.06709210854549
      vertex 69.13062815338803 -104.00974795659317 25.445737708039985
    endloop
  endfacet
  facet normal 0.6378342769219234 -0.6378342769219234 0.43166522950890324
    outer loop
      vertex 69.5445759571916 -104.52882208442543 24.06709210854549
      vertex 70.56585912146247 -103.50753892015456 24.06709210854549
      vertex 69.13062815338803 -104.00974795659317 25.445737708039985
    endloop
  endfacet
  facet normal 0.6378342769219235 -0.6378342769219235 0.4316652295089033
    outer loop
      vertex 69.13062815338803 -104.00974795659317 25.445737708039985
      vertex 70.56585912146247 -103.50753892015456 24.06709210854549
      vertex 70.04678499363021 -103.09359111635099 25.445737708039985
    endloop
  endfacet
  facet normal 0.44898570335800236 -0.6407698898084314 0.6227566029316837
    outer loop
      vertex 69.13062815338803 -104.00974795659317 25.445737708039985
      vertex 68.53578623859708 -103.26383978826598 26.642081523293257
      vertex 65.90212207559608 -104.46336673109963 27.306637800502912
    endloop
  endfacet
  facet normal 0.8467241992282841 -0.5320320765153365 0
    outer loop
      vertex 70.83207066456548 -103.71983554159253 21.045094598479245
      vertex 71.64105720739836 -102.43234083421865 22.57527577189112
      vertex 70.83207066456548 -103.71983554159253 22.57527577189112
    endloop
  endfacet
  facet normal 0.8467241992282841 -0.5320320765153365 3.2767987581723413e-18
    outer loop
      vertex 70.83207066456548 -103.71983554159253 21.045094598479245
      vertex 71.64105720739836 -102.43234083421865 21.045094598479245
      vertex 71.64105720739836 -102.43234083421865 22.57527577189112
    endloop
  endfacet
  facet normal 0.8257513795726683 -0.5188539805049376 0.22119042937707964
    outer loop
      vertex 70.83207066456548 -103.71983554159253 22.57527577189112
      vertex 71.33427970100409 -102.28460457351811 24.06709210854549
      vertex 70.56585912146247 -103.50753892015456 24.06709210854549
    endloop
  endfacet
  facet normal 0.8257513795726686 -0.5188539805049371 0.22119042937707908
    outer loop
      vertex 70.83207066456548 -103.71983554159253 22.57527577189112
      vertex 71.64105720739836 -102.43234083421865 22.57527577189112
      vertex 71.33427970100409 -102.28460457351811 24.06709210854549
    endloop
  endfacet
  facet normal 0.9438833303083666 -0.3302790619551701 0
    outer loop
      vertex 71.64105720739836 -102.43234083421865 21.045094598479245
      vertex 72.14326624383698 -100.99710986614421 22.57527577189112
      vertex 71.64105720739836 -102.43234083421865 22.57527577189112
    endloop
  endfacet
  facet normal 0.9438833303083666 -0.3302790619551701 -1.5039287657330325e-17
    outer loop
      vertex 71.64105720739836 -102.43234083421865 21.045094598479245
      vertex 72.14326624383698 -100.99710986614421 21.045094598479245
      vertex 72.14326624383698 -100.99710986614421 22.57527577189112
    endloop
  endfacet
  facet normal 0.9205039407969513 -0.3220982597426847 0.22119042937707972
    outer loop
      vertex 71.64105720739836 -102.43234083421865 22.57527577189112
      vertex 72.14326624383698 -100.99710986614421 22.57527577189112
      vertex 71.33427970100409 -102.28460457351811 24.06709210854549
    endloop
  endfacet
  facet normal 0.9205039407969523 -0.32209825974267686 0.22119042937708705
    outer loop
      vertex 71.33427970100409 -102.28460457351811 24.06709210854549
      vertex 72.14326624383698 -100.99710986614421 22.57527577189112
      vertex 71.81130587931335 -100.92134207918554 24.06709210854549
    endloop
  endfacet
  facet normal 0.5541903478551197 -0.5541903478551197 0.6210846292482554
    outer loop
      vertex 69.13062815338803 -104.00974795659317 25.445737708039985
      vertex 69.30087682530302 -102.49874920156005 26.642081523293257
      vertex 68.53578623859708 -103.26383978826598 26.642081523293257
    endloop
  endfacet
  facet normal 0.5541903478551197 -0.5541903478551197 0.6210846292482552
    outer loop
      vertex 69.13062815338803 -104.00974795659317 25.445737708039985
      vertex 70.04678499363021 -103.09359111635099 25.445737708039985
      vertex 69.30087682530302 -102.49874920156005 26.642081523293257
    endloop
  endfacet
  facet normal 0.6636145925800059 -0.4169766849914147 0.6210846292482557
    outer loop
      vertex 70.04678499363021 -103.09359111635099 25.445737708039985
      vertex 69.87653632171522 -101.58259236131786 26.642081523293257
      vertex 69.30087682530302 -102.49874920156005 26.642081523293257
    endloop
  endfacet
  facet normal 0.7637739189275106 -0.4799109609074774 0.43166522950890335
    outer loop
      vertex 70.56585912146247 -103.50753892015456 24.06709210854549
      vertex 71.33427970100409 -102.28460457351811 24.06709210854549
      vertex 70.04678499363021 -103.09359111635099 25.445737708039985
    endloop
  endfacet
  facet normal 0.763773918927513 -0.4799109609074651 0.4316652295089128
    outer loop
      vertex 70.04678499363021 -103.09359111635099 25.445737708039985
      vertex 71.33427970100409 -102.28460457351811 24.06709210854549
      vertex 70.73610779337744 -101.99654016512143 25.445737708039985
    endloop
  endfacet
  facet normal 0.8514147473959247 -0.2979229053794819 0.43166522950891245
    outer loop
      vertex 71.33427970100409 -102.28460457351811 24.06709210854549
      vertex 71.1640310290891 -100.77360581848498 25.445737708039985
      vertex 70.73610779337744 -101.99654016512143 25.445737708039985
    endloop
  endfacet
  facet normal 0.6636145925800156 -0.41697668499140866 0.6210846292482495
    outer loop
      vertex 70.04678499363021 -103.09359111635099 25.445737708039985
      vertex 70.73610779337744 -101.99654016512143 25.445737708039985
      vertex 69.87653632171522 -101.58259236131786 26.642081523293257
    endloop
  endfacet
  facet normal 0.739762430619722 -0.25885406999923194 0.621084629248248
    outer loop
      vertex 70.73610779337744 -101.99654016512143 25.445737708039985
      vertex 70.23389875693884 -100.561309197047 26.642081523293257
      vertex 69.87653632171522 -101.58259236131786 26.642081523293257
    endloop
  endfacet
  facet normal 0.41697668499141066 -0.6636145925800102 0.6210846292482538
    outer loop
      vertex 65.41216204004621 -105.86359206580639 26.13947310269484
      vertex 66.48245565100189 -105.19108201727249 26.13947310269484
      vertex 65.90212207559608 -104.46336673109963 27.306637800502912
    endloop
  endfacet
  facet normal 0.41098901332998916 -0.46939294408018417 0.781510265428279
    outer loop
      vertex 65.17440678942322 -103.55084062512799 28.237420587447822
      vertex 65.90212207559608 -104.46336673109963 27.306637800502912
      vertex 68.53578623859708 -103.26383978826598 26.642081523293257
    endloop
  endfacet
  facet normal 0.41098901332998933 -0.46939294408018334 0.7815102654282794
    outer loop
      vertex 65.17440678942322 -103.55084062512799 28.237420587447822
      vertex 68.53578623859708 -103.26383978826598 26.642081523293257
      vertex 67.78987807026989 -102.32850052964505 27.59613387991179
    endloop
  endfacet
  facet normal 0.3857778546972856 -0.38577785469728576 0.8380637766007548
    outer loop
      vertex 65.17440678942322 -103.55084062512799 28.237420587447822
      vertex 67.78987807026989 -102.32850052964505 27.59613387991179
      vertex 68.3655375666821 -101.75284103323285 27.59613387991179
    endloop
  endfacet
  facet normal 0.3857778546972856 -0.3857778546972856 0.8380637766007548
    outer loop
      vertex 65.17440678942322 -103.55084062512799 28.237420587447822
      vertex 68.3655375666821 -101.75284103323285 27.59613387991179
      vertex 65.73602581031317 -102.98922160423804 28.237420587447822
    endloop
  endfacet
  facet normal 0.3440592136722931 -0.2644378635588662 0.900941659489462
    outer loop
      vertex 64.68444675387335 -102.15061529042123 28.88514812798171
      vertex 65.73602581031317 -102.98922160423804 28.237420587447822
      vertex 67.28766903383129 -100.89326956157062 28.260054608959027
    endloop
  endfacet
  facet normal 0.31929816498518426 -0.2006283343495184 0.9261732847006718
    outer loop
      vertex 64.68444675387335 -102.15061529042123 28.88514812798171
      vertex 67.28766903383129 -100.89326956157062 28.260054608959027
      vertex 64.94677064657375 -101.7331292068001 28.88514812798171
    endloop
  endfacet
  facet normal 0.3440592136722955 -0.26443786355886806 0.9009416594894606
    outer loop
      vertex 65.73602581031317 -102.98922160423804 28.237420587447822
      vertex 68.3655375666821 -101.75284103323285 27.59613387991179
      vertex 67.28766903383129 -100.89326956157062 28.260054608959027
    endloop
  endfacet
  facet normal 0.44257279856913934 -0.44257279856913934 0.7799093767440933
    outer loop
      vertex 68.53578623859708 -103.26383978826598 26.642081523293257
      vertex 69.30087682530302 -102.49874920156005 26.642081523293257
      vertex 68.3655375666821 -101.75284103323285 27.59613387991179
    endloop
  endfacet
  facet normal 0.4425727985691393 -0.44257279856913934 0.7799093767440934
    outer loop
      vertex 68.53578623859708 -103.26383978826598 26.642081523293257
      vertex 68.3655375666821 -101.75284103323285 27.59613387991179
      vertex 67.78987807026989 -102.32850052964505 27.59613387991179
    endloop
  endfacet
  facet normal 0.5299582869787424 -0.3329948620162135 0.7799093767440932
    outer loop
      vertex 69.30087682530302 -102.49874920156005 26.642081523293257
      vertex 69.87653632171522 -101.58259236131786 26.642081523293257
      vertex 68.3655375666821 -101.75284103323285 27.59613387991179
    endloop
  endfacet
  facet normal 0.5299582869787428 -0.3329948620162097 0.7799093767440947
    outer loop
      vertex 68.3655375666821 -101.75284103323285 27.59613387991179
      vertex 69.87653632171522 -101.58259236131786 26.642081523293257
      vertex 68.7986677888644 -101.06351823348561 27.59613387991179
    endloop
  endfacet
  facet normal -0.3014384480143004 -0.10547787491369023 -0.947633515639048
    outer loop
      vertex 60.97915527935216 -101.7331292068001 16.30003705720348
      vertex 60.81630778756748 -101.26773781332764 16.30003705720348
      vertex 63.48974527244707 -100.46534632585897 15.36031576141134
    endloop
  endfacet
  facet normal -0.3339077802627801 -0.03762237125772778 -0.9418546339329273
    outer loop
      vertex 60.81630778756748 -101.26773781332764 16.30003705720348
      vertex 60.761102549928516 -100.77777777777779 16.30003705720348
      vertex 63.32282659336777 -99.98832014754971 15.36031576141134
    endloop
  endfacet
  facet normal -0.2693812682196532 -0.1692634693042477 -0.9480419876205175
    outer loop
      vertex 61.24147917205257 -102.15061529042123 16.30003705720348
      vertex 63.48974527244707 -100.46534632585897 15.36031576141134
      vertex 63.75862726246499 -100.89326956157062 15.36031576141134
    endloop
  endfacet
  facet normal -0.3014384480143005 -0.10547787491369028 -0.9476335156390481
    outer loop
      vertex 60.81630778756748 -101.26773781332764 16.30003705720348
      vertex 63.32282659336777 -99.98832014754971 15.36031576141134
      vertex 63.48974527244707 -100.46534632585897 15.36031576141134
    endloop
  endfacet
  facet normal -0.369670827248866 0.0416518989014359 -0.9282287427132623
    outer loop
      vertex 60.761102549928516 -100.77777777777779 16.30003705720348
      vertex 60.81630778756748 -100.28781774222793 16.30003705720348
      vertex 63.32282659336777 -98.98390207467249 15.36031576141134
    endloop
  endfacet
  facet normal -0.41185949001383604 0.14314272204994208 -0.8999343985033998
    outer loop
      vertex 60.81630778756748 -100.28781774222793 16.30003705720348
      vertex 60.94989203315604 -99.83535087509834 16.31087051323379
      vertex 61.978746517413946 -98.67712456827822 16.024236490458573
    endloop
  endfacet
  facet normal -0.41185949001383226 0.1431427220499381 -0.8999343985034021
    outer loop
      vertex 60.94989203315604 -99.83535087509834 16.31087051323379
      vertex 60.336036352290044 -99.54797197580322 16.637514862041034
      vertex 61.978746517413946 -98.67712456827822 16.024236490458573
    endloop
  endfacet
  facet normal -0.41185949001383165 0.14314272204993847 -0.8999343985034023
    outer loop
      vertex 60.81630778756748 -100.28781774222793 16.30003705720348
      vertex 61.978746517413946 -98.67712456827822 16.024236490458573
      vertex 63.32282659336777 -98.98390207467249 15.36031576141134
    endloop
  endfacet
  facet normal -0.3339077802627805 -0.037622371257725974 -0.9418546339329273
    outer loop
      vertex 60.761102549928516 -100.77777777777779 16.30003705720348
      vertex 63.266241224787834 -99.4861111111111 15.36031576141134
      vertex 63.32282659336777 -99.98832014754971 15.36031576141134
    endloop
  endfacet
  facet normal -0.36967082724886485 0.041651898901434045 -0.9282287427132628
    outer loop
      vertex 60.761102549928516 -100.77777777777779 16.30003705720348
      vertex 63.32282659336777 -98.98390207467249 15.36031576141134
      vertex 63.266241224787834 -99.4861111111111 15.36031576141134
    endloop
  endfacet
  facet normal -0.41231446298493185 0.14427507054364594 -0.899545155972213
    outer loop
      vertex 59.76733404519099 -99.23884399985143 16.94776459773737
      vertex 61.978746517413946 -98.67712456827822 16.024236490458573
      vertex 60.336036352290044 -99.54797197580322 16.637514862041034
    endloop
  endfacet
  facet normal -0.46800305037313505 0.29406580670833155 -0.8333657337366465
    outer loop
      vertex 59.76733404519099 -99.23884399985143 16.94776459773737
      vertex 60.189900115612765 -98.56633395131753 16.94776459773737
      vertex 62.68075872961418 -97.21938118898935 16.024236490458573
    endloop
  endfacet
  facet normal -0.4949528415902169 0.37927594455525326 -0.7817745470936555
    outer loop
      vertex 60.189900115612765 -98.56633395131753 16.94776459773737
      vertex 59.27737400964113 -97.83861866514466 17.878547384682278
      vertex 62.68075872961418 -97.21938118898935 16.024236490458573
    endloop
  endfacet
  facet normal -0.4123144629849326 0.14427507054364982 -0.8995451559722122
    outer loop
      vertex 59.76733404519099 -99.23884399985143 16.94776459773737
      vertex 62.24762850743187 -97.90870398873659 16.024236490458573
      vertex 61.978746517413946 -98.67712456827822 16.024236490458573
    endloop
  endfacet
  facet normal -0.4680030503731322 0.29406580670832577 -0.83336573373665
    outer loop
      vertex 59.76733404519099 -99.23884399985143 16.94776459773737
      vertex 62.68075872961418 -97.21938118898935 16.024236490458573
      vertex 62.24762850743187 -97.90870398873659 16.024236490458573
    endloop
  endfacet
  facet normal -0.4116353994198039 0.14403745592529463 -0.8998941655745232
    outer loop
      vertex 61.978746517413946 -98.67712456827822 16.024236490458573
      vertex 63.48974527244707 -98.50687589636323 15.36031576141134
      vertex 63.32282659336777 -98.98390207467249 15.36031576141134
    endloop
  endfacet
  facet normal -0.41163539941980404 0.1440374559252993 -0.8998941655745223
    outer loop
      vertex 61.978746517413946 -98.67712456827822 16.024236490458573
      vertex 62.24762850743187 -97.90870398873659 16.024236490458573
      vertex 63.48974527244707 -98.50687589636323 15.36031576141134
    endloop
  endfacet
  facet normal -0.36926349131929415 0.23202362970960463 -0.8998941655745224
    outer loop
      vertex 62.24762850743187 -97.90870398873659 16.024236490458573
      vertex 62.68075872961418 -97.21938118898935 16.024236490458573
      vertex 63.48974527244707 -98.50687589636323 15.36031576141134
    endloop
  endfacet
  facet normal -0.30837516985397206 0.30837516985397206 -0.8998941655745234
    outer loop
      vertex 62.68075872961418 -97.21938118898935 16.024236490458573
      vertex 63.25641822602638 -96.64372169257715 16.024236490458573
      vertex 63.75862726246499 -98.07895266065158 15.36031576141134
    endloop
  endfacet
  facet normal -0.49495284159021685 0.3792759445552548 -0.7817745470936548
    outer loop
      vertex 59.27737400964113 -97.83861866514466 17.878547384682278
      vertex 61.745419470993255 -96.47347302066215 16.97828884707711
      vertex 62.68075872961418 -97.21938118898935 16.024236490458573
    endloop
  endfacet
  facet normal -0.5344574990553856 0.5344574990553856 -0.654759775342778
    outer loop
      vertex 59.27737400964113 -97.83861866514466 17.878547384682278
      vertex 60.02380385032985 -97.09218882445595 17.878547384682278
      vertex 62.51051005769919 -95.70838243395622 16.97828884707711
    endloop
  endfacet
  facet normal -0.4425727985691403 0.4425727985691403 -0.7799093767440921
    outer loop
      vertex 62.68075872961418 -97.21938118898935 16.024236490458573
      vertex 61.745419470993255 -96.47347302066215 16.97828884707711
      vertex 63.25641822602638 -96.64372169257715 16.024236490458573
    endloop
  endfacet
  facet normal -0.5344574990553855 0.5344574990553855 -0.654759775342778
    outer loop
      vertex 59.27737400964113 -97.83861866514466 17.878547384682278
      vertex 62.51051005769919 -95.70838243395622 16.97828884707711
      vertex 61.745419470993255 -96.47347302066215 16.97828884707711
    endloop
  endfacet
  facet normal -0.4425727985691403 0.4425727985691403 -0.7799093767440922
    outer loop
      vertex 61.745419470993255 -96.47347302066215 16.97828884707711
      vertex 62.51051005769919 -95.70838243395622 16.97828884707711
      vertex 63.25641822602638 -96.64372169257715 16.024236490458573
    endloop
  endfacet
  facet normal -0.5404719965388622 0.5665839188221574 -0.6219909033815713
    outer loop
      vertex 60.02380385032985 -97.09218882445595 17.878547384682278
      vertex 61.915668142908245 -94.96247426562903 18.174632662330385
      vertex 62.51051005769919 -95.70838243395622 16.97828884707711
    endloop
  endfacet
  facet normal -0.3329948620162142 0.5299582869787436 -0.7799093767440921
    outer loop
      vertex 62.51051005769919 -95.70838243395622 16.97828884707711
      vertex 63.426666897941374 -95.13272293754402 16.97828884707711
      vertex 63.25641822602638 -96.64372169257715 16.024236490458573
    endloop
  endfacet
  facet normal -0.41697668499141516 0.6636145925800067 -0.6210846292482545
    outer loop
      vertex 62.51051005769919 -95.70838243395622 16.97828884707711
      vertex 61.915668142908245 -94.96247426562903 18.174632662330385
      vertex 63.426666897941374 -95.13272293754402 16.97828884707711
    endloop
  endfacet
  facet normal -0.5404719965388638 0.5665839188221585 -0.6219909033815687
    outer loop
      vertex 60.02380385032985 -97.09218882445595 17.878547384682278
      vertex 59.44347027492404 -96.3644735382831 19.04571208249035
      vertex 61.915668142908245 -94.96247426562903 18.174632662330385
    endloop
  endfacet
  facet normal -0.5552581449911299 0.7095394110182913 -0.43386889336852186
    outer loop
      vertex 59.44347027492404 -96.3644735382831 19.04571208249035
      vertex 59.039618759018126 -95.8580597550321 20.390732179558146
      vertex 61.915668142908245 -94.96247426562903 18.174632662330385
    endloop
  endfacet
  facet normal -0.5552581449911286 0.7095394110182942 -0.4338688933685188
    outer loop
      vertex 59.039618759018126 -95.8580597550321 20.390732179558146
      vertex 61.50172033910468 -94.44340013779677 19.553278261824875
      vertex 61.915668142908245 -94.96247426562903 18.174632662330385
    endloop
  endfacet
  facet normal -0.5414036190443858 0.8109885330184291 -0.22176501211475566
    outer loop
      vertex 59.039618759018126 -95.8580597550321 20.390732179558146
      vertex 59.68184553707585 -95.37925254756037 20.57382351804878
      vertex 61.50172033910468 -94.44340013779677 19.553278261824875
    endloop
  endfacet
  facet normal -0.541403619044373 0.8109885330184489 -0.22176501211471458
    outer loop
      vertex 59.68184553707585 -95.37925254756037 20.57382351804878
      vertex 59.55944186481478 -95.17785795321905 21.60914687938413
      vertex 61.50172033910468 -94.44340013779677 19.553278261824875
    endloop
  endfacet
  facet normal -0.41697668499141477 0.6636145925800073 -0.6210846292482541
    outer loop
      vertex 61.915668142908245 -94.96247426562903 18.174632662330385
      vertex 63.0127190941378 -94.27315146588178 18.174632662330385
      vertex 63.426666897941374 -95.13272293754402 16.97828884707711
    endloop
  endfacet
  facet normal -0.5414036190443822 0.8109885330184397 -0.22176501211472655
    outer loop
      vertex 61.50172033910468 -94.44340013779677 19.553278261824875
      vertex 59.55944186481478 -95.17785795321905 21.60914687938413
      vertex 61.2894237176667 -94.17718859469376 21.045094598479245
    endloop
  endfacet
  facet normal -0.47991096090747526 0.7637739189275116 -0.4316652295089041
    outer loop
      vertex 61.915668142908245 -94.96247426562903 18.174632662330385
      vertex 61.50172033910468 -94.44340013779677 19.553278261824875
      vertex 62.724654685741136 -93.67497955825515 19.553278261824875
    endloop
  endfacet
  facet normal -0.479910960907477 0.7637739189275111 -0.43166522950890274
    outer loop
      vertex 61.915668142908245 -94.96247426562903 18.174632662330385
      vertex 62.724654685741136 -93.67497955825515 19.553278261824875
      vertex 63.0127190941378 -94.27315146588178 18.174632662330385
    endloop
  endfacet
  facet normal -0.5188539805049347 0.8257513795726694 -0.22119042937708194
    outer loop
      vertex 61.50172033910468 -94.44340013779677 19.553278261824875
      vertex 61.2894237176667 -94.17718859469376 21.045094598479245
      vertex 62.57691842504059 -93.36820205186088 21.045094598479245
    endloop
  endfacet
  facet normal -0.5188539805049351 0.8257513795726693 -0.22119042937708147
    outer loop
      vertex 61.50172033910468 -94.44340013779677 19.553278261824875
      vertex 62.57691842504059 -93.36820205186088 21.045094598479245
      vertex 62.724654685741136 -93.67497955825515 19.553278261824875
    endloop
  endfacet
  facet normal -0.3220982597426873 0.9205039407969499 -0.2211904293770812
    outer loop
      vertex 62.724654685741136 -93.67497955825515 19.553278261824875
      vertex 62.57691842504059 -93.36820205186088 21.045094598479245
      vertex 64.01214939311501 -92.86599301542226 21.045094598479245
    endloop
  endfacet
  facet normal -0.26540500233259423 0.7584839196261197 0.5951994022220064
    outer loop
      vertex 60.57765826333002 -95.65568668467303 26.121735373338893
      vertex 61.70687056552503 -95.27447740612807 26.13947310269484
      vertex 63.0127190941378 -94.2731514658818 25.445737708039985
    endloop
  endfacet
  facet normal -0.5276179030917884 0.8396990824687979 -0.12854882044609767
    outer loop
      vertex 59.55944186481478 -95.17785795321905 21.60914687938413
      vertex 60.088592501394615 -94.80908601265561 21.846162751903876
      vertex 61.2894237176667 -94.17718859469376 21.045094598479245
    endloop
  endfacet
  facet normal -0.5011076944963774 0.8653849308351316 0
    outer loop
      vertex 60.088592501394615 -94.80908601265561 21.846162751903876
      vertex 60.088592501394615 -94.80908601265561 23.339022433281315
      vertex 62.57691842504059 -93.36820205186088 22.57527577189112
    endloop
  endfacet
  facet normal -0.5276179030917838 0.8396990824688023 -0.12854882044608745
    outer loop
      vertex 60.088592501394615 -94.80908601265561 21.846162751903876
      vertex 62.57691842504059 -93.36820205186088 21.045094598479245
      vertex 61.2894237176667 -94.17718859469376 21.045094598479245
    endloop
  endfacet
  facet normal -0.5011076944963774 0.8653849308351315 4.967166569278943e-17
    outer loop
      vertex 60.088592501394615 -94.80908601265561 21.846162751903876
      vertex 62.57691842504059 -93.36820205186088 22.57527577189112
      vertex 62.57691842504059 -93.36820205186088 21.045094598479245
    endloop
  endfacet
  facet normal -0.43650578914743254 0.8717558870773545 0.22249577386267713
    outer loop
      vertex 60.088592501394615 -94.80908601265561 23.339022433281315
      vertex 62.724654685741136 -93.67497955825515 24.06709210854549
      vertex 62.57691842504059 -93.36820205186088 22.57527577189112
    endloop
  endfacet
  facet normal -0.330279061955173 0.9438833303083655 0
    outer loop
      vertex 62.57691842504059 -93.36820205186088 21.045094598479245
      vertex 62.57691842504059 -93.36820205186088 22.57527577189112
      vertex 64.01214939311501 -92.86599301542226 21.045094598479245
    endloop
  endfacet
  facet normal -0.32209825974268735 0.9205039407969499 0.2211904293770812
    outer loop
      vertex 62.57691842504059 -93.36820205186088 22.57527577189112
      vertex 62.724654685741136 -93.67497955825515 24.06709210854549
      vertex 64.01214939311501 -92.86599301542226 22.57527577189112
    endloop
  endfacet
  facet normal -0.43650578914743354 0.8717558870773526 0.2224957738626834
    outer loop
      vertex 60.232725438663444 -95.10838114084515 24.794453005627044
      vertex 62.724654685741136 -93.67497955825515 24.06709210854549
      vertex 60.088592501394615 -94.80908601265561 23.339022433281315
    endloop
  endfacet
  facet normal -0.35092831081111237 0.8300349836434976 0.4334642391238266
    outer loop
      vertex 60.232725438663444 -95.10838114084515 24.794453005627044
      vertex 60.37663322107178 -95.22401496633854 25.13238500145041
      vertex 62.724654685741136 -93.67497955825515 24.06709210854549
    endloop
  endfacet
  facet normal -0.3509283108110991 0.8300349836434922 0.43346423912384796
    outer loop
      vertex 60.57765826333002 -95.65568668467303 26.121735373338893
      vertex 62.724654685741136 -93.67497955825515 24.06709210854549
      vertex 60.37663322107178 -95.22401496633854 25.13238500145041
    endloop
  endfacet
  facet normal -0.3509283108110985 0.8300349836434922 0.43346423912384857
    outer loop
      vertex 60.57765826333002 -95.65568668467303 26.121735373338893
      vertex 63.0127190941378 -94.2731514658818 25.445737708039985
      vertex 62.724654685741136 -93.67497955825515 24.06709210854549
    endloop
  endfacet
  facet normal -0.2654050023326075 0.7584839196261266 0.5951994022219916
    outer loop
      vertex 61.70687056552503 -95.27447740612807 26.13947310269484
      vertex 64.23565344077426 -93.84522823017014 25.445737708039985
      vertex 63.0127190941378 -94.2731514658818 25.445737708039985
    endloop
  endfacet
  facet normal -0.15829193651101164 -0.15829193651100848 -0.9746216320558397
    outer loop
      vertex 63.75862726246499 -100.89326956157062 15.36031576141134
      vertex 65.04612196983888 -100.08428301873774 15.019818417581359
      vertex 64.11598969768862 -101.25063199679425 15.36031576141134
    endloop
  endfacet
  facet normal -0.18954649672808013 -0.11909995762771597 -0.9746216320558394
    outer loop
      vertex 63.75862726246499 -100.89326956157062 15.36031576141134
      vertex 63.48974527244707 -100.46534632585897 15.36031576141134
      vertex 64.8338253484009 -99.81807147563472 15.019818417581359
    endloop
  endfacet
  facet normal -0.11909995762771296 -0.18954649672808033 -0.9746216320558398
    outer loop
      vertex 64.54391293340026 -101.51951398681217 15.36031576141134
      vertex 64.11598969768862 -101.25063199679425 15.36031576141134
      vertex 65.04612196983888 -100.08428301873774 15.019818417581359
    endloop
  endfacet
  facet normal -0.07393580955085062 -0.21129640412196363 -0.9746216320558394
    outer loop
      vertex 64.54391293340026 -101.51951398681217 15.36031576141134
      vertex 65.35289947623315 -100.23201927943829 15.019818417581359
      vertex 65.02093911170954 -101.68643266589147 15.36031576141134
    endloop
  endfacet
  facet normal -0.025064211254050024 -0.2224510275162248 -0.9746216320558395
    outer loop
      vertex 65.02093911170954 -101.68643266589147 15.36031576141134
      vertex 65.35289947623315 -100.23201927943829 15.019818417581359
      vertex 65.52314814814814 -101.7430180344714 15.36031576141134
    endloop
  endfacet
  facet normal -0.11909995762772327 -0.1895464967280766 -0.9746216320558393
    outer loop
      vertex 64.54391293340026 -101.51951398681217 15.36031576141134
      vertex 65.04612196983888 -100.08428301873774 15.019818417581359
      vertex 65.19118778362451 -100.17543391085835 15.019818417581359
    endloop
  endfacet
  facet normal -0.1582919365110105 -0.15829193651101037 -0.9746216320558395
    outer loop
      vertex 63.75862726246499 -100.89326956157062 15.36031576141134
      vertex 64.9249762405215 -99.96313728942036 15.019818417581359
      vertex 65.04612196983888 -100.08428301873774 15.019818417581359
    endloop
  endfacet
  facet normal -0.07393580955085435 -0.2112964041219612 -0.9746216320558395
    outer loop
      vertex 64.54391293340026 -101.51951398681217 15.36031576141134
      vertex 65.19118778362451 -100.17543391085835 15.019818417581359
      vertex 65.35289947623315 -100.23201927943829 15.019818417581359
    endloop
  endfacet
  facet normal -0.025064211254048424 -0.22245102751622467 -0.9746216320558395
    outer loop
      vertex 65.52314814814814 -101.7430180344714 15.36031576141134
      vertex 65.35289947623315 -100.23201927943829 15.019818417581359
      vertex 65.52314814814814 -100.25120169781704 15.019818417581359
    endloop
  endfacet
  facet normal -0.21129640412196407 -0.07393580955084984 -0.9746216320558395
    outer loop
      vertex 63.48974527244707 -100.46534632585897 15.36031576141134
      vertex 63.32282659336777 -99.98832014754971 15.36031576141134
      vertex 64.77723997982095 -99.65635978302609 15.019818417581359
    endloop
  endfacet
  facet normal -0.2112964041219612 -0.07393580955085435 -0.9746216320558395
    outer loop
      vertex 63.48974527244707 -100.46534632585897 15.36031576141134
      vertex 64.77723997982095 -99.65635978302609 15.019818417581359
      vertex 64.8338253484009 -99.81807147563472 15.019818417581359
    endloop
  endfacet
  facet normal -0.22245102751622464 -0.025064211254052438 -0.9746216320558395
    outer loop
      vertex 63.32282659336777 -99.98832014754971 15.36031576141134
      vertex 63.266241224787834 -99.4861111111111 15.36031576141134
      vertex 64.7580575614422 -99.4861111111111 15.019818417581359
    endloop
  endfacet
  facet normal -0.22245102751622509 0.025064211254052487 -0.9746216320558393
    outer loop
      vertex 63.266241224787834 -99.4861111111111 15.36031576141134
      vertex 63.32282659336777 -98.98390207467249 15.36031576141134
      vertex 64.77723997982095 -99.31586243919611 15.019818417581359
    endloop
  endfacet
  facet normal -0.2224510275162259 -0.025064211254048414 -0.9746216320558392
    outer loop
      vertex 63.32282659336777 -99.98832014754971 15.36031576141134
      vertex 64.7580575614422 -99.4861111111111 15.019818417581359
      vertex 64.77723997982095 -99.65635978302609 15.019818417581359
    endloop
  endfacet
  facet normal -0.22245102751622467 0.025064211254048258 -0.9746216320558395
    outer loop
      vertex 63.266241224787834 -99.4861111111111 15.36031576141134
      vertex 64.77723997982095 -99.31586243919611 15.019818417581359
      vertex 64.7580575614422 -99.4861111111111 15.019818417581359
    endloop
  endfacet
  facet normal -0.18954649672807442 -0.11909995762772173 -0.9746216320558397
    outer loop
      vertex 63.75862726246499 -100.89326956157062 15.36031576141134
      vertex 64.8338253484009 -99.81807147563472 15.019818417581359
      vertex 64.9249762405215 -99.96313728942036 15.019818417581359
    endloop
  endfacet
  facet normal 0 0 -1
    outer loop
      vertex 64.9249762405215 -99.96313728942036 15.019818417581359
      vertex 64.8338253484009 -99.81807147563472 15.019818417581359
      vertex 64.77723997982095 -99.65635978302609 15.019818417581359
    endloop
  endfacet
  facet normal 0 0 -1
    outer loop
      vertex 64.9249762405215 -99.96313728942036 15.019818417581359
      vertex 65.19118778362451 -100.17543391085835 15.019818417581359
      vertex 65.04612196983888 -100.08428301873774 15.019818417581359
    endloop
  endfacet
  facet normal 0 0 -1
    outer loop
      vertex 64.9249762405215 -99.96313728942036 15.019818417581359
      vertex 65.52314814814814 -100.25120169781704 15.019818417581359
      vertex 65.19118778362451 -100.17543391085835 15.019818417581359
    endloop
  endfacet
  facet normal 0 0 -1
    outer loop
      vertex 65.19118778362451 -100.17543391085835 15.019818417581359
      vertex 65.52314814814814 -100.25120169781704 15.019818417581359
      vertex 65.35289947623315 -100.23201927943829 15.019818417581359
    endloop
  endfacet
  facet normal 0 0 -1
    outer loop
      vertex 64.9249762405215 -99.96313728942036 15.019818417581359
      vertex 64.77723997982095 -99.65635978302609 15.019818417581359
      vertex 64.7580575614422 -99.4861111111111 15.019818417581359
    endloop
  endfacet
  facet normal 0 0 -1
    outer loop
      vertex 64.9249762405215 -99.96313728942036 15.019818417581359
      vertex 64.7580575614422 -99.4861111111111 15.019818417581359
      vertex 64.9249762405215 -99.00908493280184 15.019818417581359
    endloop
  endfacet
  facet normal 0 0 -1
    outer loop
      vertex 64.7580575614422 -99.4861111111111 15.019818417581359
      vertex 64.77723997982095 -99.31586243919611 15.019818417581359
      vertex 64.8338253484009 -99.15415074658748 15.019818417581359
    endloop
  endfacet
  facet normal 0 0 -1
    outer loop
      vertex 64.7580575614422 -99.4861111111111 15.019818417581359
      vertex 64.8338253484009 -99.15415074658748 15.019818417581359
      vertex 64.9249762405215 -99.00908493280184 15.019818417581359
    endloop
  endfacet
  facet normal 0 0 -1
    outer loop
      vertex 64.9249762405215 -99.96313728942036 15.019818417581359
      vertex 64.9249762405215 -99.00908493280184 15.019818417581359
      vertex 65.85510851267176 -98.79678831136385 15.019818417581359
    endloop
  endfacet
  facet normal 0.025064211254050024 -0.2224510275162248 -0.9746216320558395
    outer loop
      vertex 65.52314814814814 -101.7430180344714 15.36031576141134
      vertex 65.69339682006313 -100.23201927943829 15.019818417581359
      vertex 66.02535718458674 -101.68643266589147 15.36031576141134
    endloop
  endfacet
  facet normal 0.07393580955085047 -0.21129640412196318 -0.9746216320558396
    outer loop
      vertex 66.02535718458674 -101.68643266589147 15.36031576141134
      vertex 65.85510851267176 -100.17543391085835 15.019818417581359
      vertex 66.50238336289601 -101.51951398681217 15.36031576141134
    endloop
  endfacet
  facet normal 0.11909995762771357 -0.1895464967280813 -0.9746216320558395
    outer loop
      vertex 66.50238336289601 -101.51951398681217 15.36031576141134
      vertex 65.85510851267176 -100.17543391085835 15.019818417581359
      vertex 66.93030659860766 -101.25063199679425 15.36031576141134
    endloop
  endfacet
  facet normal 0.025064211254048258 -0.22245102751622467 -0.9746216320558395
    outer loop
      vertex 65.52314814814814 -101.7430180344714 15.36031576141134
      vertex 65.52314814814814 -100.25120169781704 15.019818417581359
      vertex 65.69339682006313 -100.23201927943829 15.019818417581359
    endloop
  endfacet
  facet normal 0.07393580955085491 -0.21129640412196263 -0.9746216320558394
    outer loop
      vertex 66.02535718458674 -101.68643266589147 15.36031576141134
      vertex 65.69339682006313 -100.23201927943829 15.019818417581359
      vertex 65.85510851267176 -100.17543391085835 15.019818417581359
    endloop
  endfacet
  facet normal 0.1190999576277213 -0.18954649672807364 -0.9746216320558401
    outer loop
      vertex 66.93030659860766 -101.25063199679425 15.36031576141134
      vertex 65.85510851267176 -100.17543391085835 15.019818417581359
      vertex 66.0001743264574 -100.08428301873774 15.019818417581359
    endloop
  endfacet
  facet normal 0.1582919365110098 -0.15829193651100978 -0.9746216320558398
    outer loop
      vertex 66.93030659860766 -101.25063199679425 15.36031576141134
      vertex 66.0001743264574 -100.08428301873774 15.019818417581359
      vertex 66.12132005577477 -99.96313728942036 15.019818417581359
    endloop
  endfacet
  facet normal 0.3083751698539729 -0.308375169853973 -0.8998941655745227
    outer loop
      vertex 68.3655375666821 -101.75284103323285 16.024236490458573
      vertex 66.93030659860766 -101.25063199679425 15.36031576141134
      vertex 67.28766903383129 -100.89326956157062 15.36031576141134
    endloop
  endfacet
  facet normal 0.15829193651100992 -0.15829193651100992 -0.9746216320558398
    outer loop
      vertex 66.93030659860766 -101.25063199679425 15.36031576141134
      vertex 66.12132005577477 -99.96313728942036 15.019818417581359
      vertex 67.28766903383129 -100.89326956157062 15.36031576141134
    endloop
  endfacet
  facet normal 0.1895464967280813 -0.11909995762771357 -0.9746216320558395
    outer loop
      vertex 67.28766903383129 -100.89326956157062 15.36031576141134
      vertex 66.21247094789538 -99.81807147563472 15.019818417581359
      vertex 67.55655102384921 -100.46534632585897 15.36031576141134
    endloop
  endfacet
  facet normal 0 0 -1
    outer loop
      vertex 65.52314814814814 -100.25120169781704 15.019818417581359
      vertex 65.85510851267176 -100.17543391085835 15.019818417581359
      vertex 65.69339682006313 -100.23201927943829 15.019818417581359
    endloop
  endfacet
  facet normal 0 0 -1
    outer loop
      vertex 64.9249762405215 -99.96313728942036 15.019818417581359
      vertex 66.12132005577477 -99.96313728942036 15.019818417581359
      vertex 65.52314814814814 -100.25120169781704 15.019818417581359
    endloop
  endfacet
  facet normal 0 0 -1
    outer loop
      vertex 65.52314814814814 -100.25120169781704 15.019818417581359
      vertex 66.12132005577477 -99.96313728942036 15.019818417581359
      vertex 65.85510851267176 -100.17543391085835 15.019818417581359
    endloop
  endfacet
  facet normal 0 0 -1
    outer loop
      vertex 65.85510851267176 -100.17543391085835 15.019818417581359
      vertex 66.12132005577477 -99.96313728942036 15.019818417581359
      vertex 66.0001743264574 -100.08428301873774 15.019818417581359
    endloop
  endfacet
  facet normal 0 0 -1
    outer loop
      vertex 64.9249762405215 -99.96313728942036 15.019818417581359
      vertex 66.26905631647533 -99.31586243919611 15.019818417581359
      vertex 66.12132005577477 -99.96313728942036 15.019818417581359
    endloop
  endfacet
  facet normal 0.18954649672807364 -0.1190999576277213 -0.9746216320558401
    outer loop
      vertex 67.28766903383129 -100.89326956157062 15.36031576141134
      vertex 66.12132005577477 -99.96313728942036 15.019818417581359
      vertex 66.21247094789538 -99.81807147563472 15.019818417581359
    endloop
  endfacet
  facet normal 0 0 -1
    outer loop
      vertex 66.12132005577477 -99.96313728942036 15.019818417581359
      vertex 66.26905631647533 -99.65635978302609 15.019818417581359
      vertex 66.21247094789538 -99.81807147563472 15.019818417581359
    endloop
  endfacet
  facet normal 0 0 -1
    outer loop
      vertex 64.9249762405215 -99.96313728942036 15.019818417581359
      vertex 65.85510851267176 -98.79678831136385 15.019818417581359
      vertex 66.26905631647533 -99.31586243919611 15.019818417581359
    endloop
  endfacet
  facet normal 0 0 -1
    outer loop
      vertex 66.12132005577477 -99.96313728942036 15.019818417581359
      vertex 66.26905631647533 -99.31586243919611 15.019818417581359
      vertex 66.26905631647533 -99.65635978302609 15.019818417581359
    endloop
  endfacet
  facet normal 0 0 -1
    outer loop
      vertex 66.26905631647533 -99.65635978302609 15.019818417581359
      vertex 66.26905631647533 -99.31586243919611 15.019818417581359
      vertex 66.28823873485408 -99.4861111111111 15.019818417581359
    endloop
  endfacet
  facet normal 0.21129640412196363 -0.07393580955085062 -0.9746216320558394
    outer loop
      vertex 67.55655102384921 -100.46534632585897 15.36031576141134
      vertex 66.26905631647533 -99.65635978302609 15.019818417581359
      vertex 67.72346970292851 -99.9883201475497 15.36031576141134
    endloop
  endfacet
  facet normal 0.21129640412196124 -0.07393580955085428 -0.9746216320558397
    outer loop
      vertex 67.55655102384921 -100.46534632585897 15.36031576141134
      vertex 66.21247094789538 -99.81807147563472 15.019818417581359
      vertex 66.26905631647533 -99.65635978302609 15.019818417581359
    endloop
  endfacet
  facet normal 0.22245102751622467 -0.025064211254048348 -0.9746216320558395
    outer loop
      vertex 66.26905631647533 -99.65635978302609 15.019818417581359
      vertex 66.28823873485408 -99.4861111111111 15.019818417581359
      vertex 67.78005507150844 -99.4861111111111 15.36031576141134
    endloop
  endfacet
  facet normal 0.22245102751622495 0.025064211254048382 -0.9746216320558395
    outer loop
      vertex 66.28823873485408 -99.4861111111111 15.019818417581359
      vertex 66.26905631647533 -99.31586243919611 15.019818417581359
      vertex 67.72346970292851 -98.98390207467249 15.36031576141134
    endloop
  endfacet
  facet normal 0.22245102751622484 -0.025064211254049996 -0.9746216320558395
    outer loop
      vertex 66.26905631647533 -99.65635978302609 15.019818417581359
      vertex 67.78005507150844 -99.4861111111111 15.36031576141134
      vertex 67.72346970292851 -99.9883201475497 15.36031576141134
    endloop
  endfacet
  facet normal 0.22245102751622467 0.025064211254049312 -0.9746216320558395
    outer loop
      vertex 66.28823873485408 -99.4861111111111 15.019818417581359
      vertex 67.72346970292851 -98.98390207467249 15.36031576141134
      vertex 67.78005507150844 -99.4861111111111 15.36031576141134
    endloop
  endfacet
  facet normal -0.21129640412196407 0.07393580955084986 -0.9746216320558395
    outer loop
      vertex 64.77723997982095 -99.31586243919611 15.019818417581359
      vertex 63.32282659336777 -98.98390207467249 15.36031576141134
      vertex 63.48974527244707 -98.50687589636323 15.36031576141134
    endloop
  endfacet
  facet normal -0.21129640412196132 0.07393580955085438 -0.9746216320558397
    outer loop
      vertex 64.77723997982095 -99.31586243919611 15.019818417581359
      vertex 63.48974527244707 -98.50687589636323 15.36031576141134
      vertex 64.8338253484009 -99.15415074658748 15.019818417581359
    endloop
  endfacet
  facet normal -0.18954649672807936 0.1190999576277155 -0.9746216320558396
    outer loop
      vertex 63.48974527244707 -98.50687589636323 15.36031576141134
      vertex 63.75862726246499 -98.07895266065158 15.36031576141134
      vertex 64.9249762405215 -99.00908493280184 15.019818417581359
    endloop
  endfacet
  facet normal -0.15829193651101178 0.1582919365110087 -0.9746216320558397
    outer loop
      vertex 64.9249762405215 -99.00908493280184 15.019818417581359
      vertex 63.75862726246499 -98.07895266065158 15.36031576141134
      vertex 64.11598969768862 -97.72159022542795 15.36031576141134
    endloop
  endfacet
  facet normal -0.18954649672807666 0.11909995762772313 -0.9746216320558393
    outer loop
      vertex 63.48974527244707 -98.50687589636323 15.36031576141134
      vertex 64.9249762405215 -99.00908493280184 15.019818417581359
      vertex 64.8338253484009 -99.15415074658748 15.019818417581359
    endloop
  endfacet
  facet normal 0 0 -1
    outer loop
      vertex 64.9249762405215 -99.00908493280184 15.019818417581359
      vertex 65.04612196983888 -98.88793920348446 15.019818417581359
      vertex 65.19118778362451 -98.79678831136385 15.019818417581359
    endloop
  endfacet
  facet normal 0 0 -1
    outer loop
      vertex 64.9249762405215 -99.00908493280184 15.019818417581359
      vertex 65.19118778362451 -98.79678831136385 15.019818417581359
      vertex 65.35289947623315 -98.74020294278391 15.019818417581359
    endloop
  endfacet
  facet normal 0 0 -1
    outer loop
      vertex 64.9249762405215 -99.00908493280184 15.019818417581359
      vertex 65.35289947623315 -98.74020294278391 15.019818417581359
      vertex 65.85510851267176 -98.79678831136385 15.019818417581359
    endloop
  endfacet
  facet normal -0.15829193651100992 0.15829193651100992 -0.9746216320558398
    outer loop
      vertex 64.9249762405215 -99.00908493280184 15.019818417581359
      vertex 64.11598969768862 -97.72159022542795 15.36031576141134
      vertex 65.04612196983888 -98.88793920348446 15.019818417581359
    endloop
  endfacet
  facet normal -0.11909995762772135 0.18954649672807372 -0.9746216320558401
    outer loop
      vertex 65.04612196983888 -98.88793920348446 15.019818417581359
      vertex 64.11598969768862 -97.72159022542795 15.36031576141134
      vertex 65.19118778362451 -98.79678831136385 15.019818417581359
    endloop
  endfacet
  facet normal -0.07393580955085438 0.21129640412196132 -0.9746216320558397
    outer loop
      vertex 65.19118778362451 -98.79678831136385 15.019818417581359
      vertex 64.54391293340026 -97.45270823541003 15.36031576141134
      vertex 65.35289947623315 -98.74020294278391 15.019818417581359
    endloop
  endfacet
  facet normal -0.025064211254048348 0.22245102751622467 -0.9746216320558395
    outer loop
      vertex 65.35289947623315 -98.74020294278391 15.019818417581359
      vertex 65.52314814814814 -97.2292041877508 15.36031576141134
      vertex 65.52314814814814 -98.72102052440516 15.019818417581359
    endloop
  endfacet
  facet normal -0.36926349131928815 0.23202362970960902 -0.8998941655745237
    outer loop
      vertex 62.68075872961418 -97.21938118898935 16.024236490458573
      vertex 63.75862726246499 -98.07895266065158 15.36031576141134
      vertex 63.48974527244707 -98.50687589636323 15.36031576141134
    endloop
  endfacet
  facet normal -0.30837516985397634 0.30837516985397023 -0.8998941655745226
    outer loop
      vertex 63.75862726246499 -98.07895266065158 15.36031576141134
      vertex 63.25641822602638 -96.64372169257715 16.024236490458573
      vertex 64.11598969768862 -97.72159022542795 15.36031576141134
    endloop
  endfacet
  facet normal -0.23202362970960577 0.3692634913192927 -0.8998941655745228
    outer loop
      vertex 64.11598969768862 -97.72159022542795 15.36031576141134
      vertex 63.25641822602638 -96.64372169257715 16.024236490458573
      vertex 64.54391293340026 -97.45270823541003 15.36031576141134
    endloop
  endfacet
  facet normal -0.11909995762771354 0.18954649672808127 -0.9746216320558395
    outer loop
      vertex 65.19118778362451 -98.79678831136385 15.019818417581359
      vertex 64.11598969768862 -97.72159022542795 15.36031576141134
      vertex 64.54391293340026 -97.45270823541003 15.36031576141134
    endloop
  endfacet
  facet normal -0.07393580955085241 0.2112964041219625 -0.9746216320558396
    outer loop
      vertex 65.35289947623315 -98.74020294278391 15.019818417581359
      vertex 64.54391293340026 -97.45270823541003 15.36031576141134
      vertex 65.02093911170952 -97.28578955633073 15.36031576141134
    endloop
  endfacet
  facet normal -0.025064211254049274 0.22245102751622475 -0.9746216320558395
    outer loop
      vertex 65.35289947623315 -98.74020294278391 15.019818417581359
      vertex 65.02093911170952 -97.28578955633073 15.36031576141134
      vertex 65.52314814814814 -97.2292041877508 15.36031576141134
    endloop
  endfacet
  facet normal 0 0 -1
    outer loop
      vertex 65.35289947623315 -98.74020294278391 15.019818417581359
      vertex 65.52314814814814 -98.72102052440516 15.019818417581359
      vertex 65.85510851267176 -98.79678831136385 15.019818417581359
    endloop
  endfacet
  facet normal 0 0 -1
    outer loop
      vertex 65.52314814814814 -98.72102052440516 15.019818417581359
      vertex 65.69339682006313 -98.74020294278391 15.019818417581359
      vertex 65.85510851267176 -98.79678831136385 15.019818417581359
    endloop
  endfacet
  facet normal 0 0 -1
    outer loop
      vertex 65.85510851267176 -98.79678831136385 15.019818417581359
      vertex 66.0001743264574 -98.88793920348446 15.019818417581359
      vertex 66.12132005577477 -99.00908493280184 15.019818417581359
    endloop
  endfacet
  facet normal 0 0 -1
    outer loop
      vertex 66.26905631647533 -99.31586243919611 15.019818417581359
      vertex 66.12132005577477 -99.00908493280184 15.019818417581359
      vertex 66.21247094789538 -99.15415074658748 15.019818417581359
    endloop
  endfacet
  facet normal 0 0 -1
    outer loop
      vertex 66.26905631647533 -99.31586243919611 15.019818417581359
      vertex 65.85510851267176 -98.79678831136385 15.019818417581359
      vertex 66.12132005577477 -99.00908493280184 15.019818417581359
    endloop
  endfacet
  facet normal 0.18954649672807372 0.11909995762772135 -0.9746216320558401
    outer loop
      vertex 66.21247094789538 -99.15415074658748 15.019818417581359
      vertex 66.12132005577477 -99.00908493280184 15.019818417581359
      vertex 67.28766903383129 -98.07895266065158 15.36031576141134
    endloop
  endfacet
  facet normal 0.025064211254048382 0.22245102751622495 -0.9746216320558395
    outer loop
      vertex 65.52314814814814 -98.72102052440516 15.019818417581359
      vertex 66.02535718458675 -97.28578955633073 15.36031576141134
      vertex 65.69339682006313 -98.74020294278391 15.019818417581359
    endloop
  endfacet
  facet normal 0.07393580955085459 0.21129640412196196 -0.9746216320558395
    outer loop
      vertex 65.69339682006313 -98.74020294278391 15.019818417581359
      vertex 66.02535718458675 -97.28578955633073 15.36031576141134
      vertex 65.85510851267176 -98.79678831136385 15.019818417581359
    endloop
  endfacet
  facet normal 0.15829193651100992 0.15829193651100992 -0.9746216320558398
    outer loop
      vertex 66.0001743264574 -98.88793920348446 15.019818417581359
      vertex 66.93030659860766 -97.72159022542795 15.36031576141134
      vertex 66.12132005577477 -99.00908493280184 15.019818417581359
    endloop
  endfacet
  facet normal 0.11909995762772135 0.18954649672807372 -0.9746216320558401
    outer loop
      vertex 65.85510851267176 -98.79678831136385 15.019818417581359
      vertex 66.93030659860766 -97.72159022542795 15.36031576141134
      vertex 66.0001743264574 -98.88793920348446 15.019818417581359
    endloop
  endfacet
  facet normal 0.21129640412196132 0.07393580955085438 -0.9746216320558397
    outer loop
      vertex 66.26905631647533 -99.31586243919611 15.019818417581359
      vertex 66.21247094789538 -99.15415074658748 15.019818417581359
      vertex 67.55655102384921 -98.50687589636323 15.36031576141134
    endloop
  endfacet
  facet normal 0.2112964041219625 0.07393580955085244 -0.9746216320558396
    outer loop
      vertex 66.26905631647533 -99.31586243919611 15.019818417581359
      vertex 67.55655102384921 -98.50687589636323 15.36031576141134
      vertex 67.72346970292851 -98.98390207467249 15.36031576141134
    endloop
  endfacet
  facet normal 0.1895464967280813 0.11909995762771361 -0.9746216320558395
    outer loop
      vertex 66.21247094789538 -99.15415074658748 15.019818417581359
      vertex 67.28766903383129 -98.07895266065158 15.36031576141134
      vertex 67.55655102384921 -98.50687589636323 15.36031576141134
    endloop
  endfacet
  facet normal 0.15829193651100995 0.15829193651100995 -0.9746216320558398
    outer loop
      vertex 66.12132005577477 -99.00908493280184 15.019818417581359
      vertex 66.93030659860766 -97.72159022542795 15.36031576141134
      vertex 67.28766903383129 -98.07895266065158 15.36031576141134
    endloop
  endfacet
  facet normal 0.025064211254049312 0.22245102751622467 -0.9746216320558395
    outer loop
      vertex 65.52314814814814 -98.72102052440516 15.019818417581359
      vertex 65.52314814814814 -97.2292041877508 15.36031576141134
      vertex 66.02535718458675 -97.28578955633073 15.36031576141134
    endloop
  endfacet
  facet normal 0.07393580955085238 0.21129640412196227 -0.9746216320558397
    outer loop
      vertex 65.85510851267176 -98.79678831136385 15.019818417581359
      vertex 66.02535718458675 -97.28578955633073 15.36031576141134
      vertex 66.50238336289601 -97.45270823541003 15.36031576141134
    endloop
  endfacet
  facet normal 0.11909995762771361 0.1895464967280813 -0.9746216320558395
    outer loop
      vertex 65.85510851267176 -98.79678831136385 15.019818417581359
      vertex 66.50238336289601 -97.45270823541003 15.36031576141134
      vertex 66.93030659860766 -97.72159022542795 15.36031576141134
    endloop
  endfacet
  facet normal 0.3692634913192926 0.2320236297096057 -0.8998941655745227
    outer loop
      vertex 67.55655102384921 -98.50687589636323 15.36031576141134
      vertex 67.28766903383129 -98.07895266065158 15.36031576141134
      vertex 68.3655375666821 -97.21938118898935 16.024236490458573
    endloop
  endfacet
  facet normal 0.2320236297096062 0.36926349131929337 -0.8998941655745223
    outer loop
      vertex 66.50238336289601 -97.45270823541003 15.36031576141134
      vertex 67.10055527052265 -96.21059147039483 16.024236490458573
      vertex 66.93030659860766 -97.72159022542795 15.36031576141134
    endloop
  endfacet
  facet normal 0.308375169853973 0.308375169853973 -0.8998941655745227
    outer loop
      vertex 66.93030659860766 -97.72159022542795 15.36031576141134
      vertex 67.78987807026989 -96.64372169257715 16.024236490458573
      vertex 67.28766903383129 -98.07895266065158 15.36031576141134
    endloop
  endfacet
  facet normal 0.3692634913192937 -0.23202362970960433 -0.8998941655745226
    outer loop
      vertex 68.3655375666821 -101.75284103323285 16.024236490458573
      vertex 67.28766903383129 -100.89326956157062 15.36031576141134
      vertex 68.7986677888644 -101.06351823348561 16.024236490458573
    endloop
  endfacet
  facet normal 0.36926349131929326 -0.23202362970960613 -0.8998941655745222
    outer loop
      vertex 67.28766903383129 -100.89326956157062 15.36031576141134
      vertex 67.55655102384921 -100.46534632585897 15.36031576141134
      vertex 68.7986677888644 -101.06351823348561 16.024236490458573
    endloop
  endfacet
  facet normal 0.41163539941980554 -0.14403745592529593 -0.8998941655745222
    outer loop
      vertex 67.55655102384921 -100.46534632585897 15.36031576141134
      vertex 69.06754977888232 -100.29509765394398 16.024236490458573
      vertex 68.7986677888644 -101.06351823348561 16.024236490458573
    endloop
  endfacet
  facet normal 0.5907694539661448 -0.20671917261634223 -0.779909376744092
    outer loop
      vertex 68.7986677888644 -101.06351823348561 16.024236490458573
      vertex 69.06754977888232 -100.29509765394398 16.024236490458573
      vertex 70.23389875693884 -100.561309197047 16.97828884707711
    endloop
  endfacet
  facet normal 0.5907694539661444 -0.20671917261633846 -0.7799093767440933
    outer loop
      vertex 69.87653632171522 -101.58259236131786 16.97828884707711
      vertex 68.7986677888644 -101.06351823348561 16.024236490458573
      vertex 70.23389875693884 -100.561309197047 16.97828884707711
    endloop
  endfacet
  facet normal 0.41163539941980565 -0.144037455925297 -0.8998941655745221
    outer loop
      vertex 67.55655102384921 -100.46534632585897 15.36031576141134
      vertex 67.72346970292851 -99.9883201475497 15.36031576141134
      vertex 69.06754977888232 -100.29509765394398 16.024236490458573
    endloop
  endfacet
  facet normal 0.433366189753671 -0.048828642652856094 -0.8998941655745218
    outer loop
      vertex 67.72346970292851 -99.9883201475497 15.36031576141134
      vertex 69.15870067100293 -99.4861111111111 16.024236490458573
      vertex 69.06754977888232 -100.29509765394398 16.024236490458573
    endloop
  endfacet
  facet normal 0.4333661897536689 -0.04882864265284839 -0.8998941655745233
    outer loop
      vertex 67.72346970292851 -99.9883201475497 15.36031576141134
      vertex 67.78005507150844 -99.4861111111111 15.36031576141134
      vertex 69.15870067100293 -99.4861111111111 16.024236490458573
    endloop
  endfacet
  facet normal 0.433366189753669 0.04882864265284702 -0.8998941655745233
    outer loop
      vertex 67.72346970292851 -98.98390207467249 15.36031576141134
      vertex 69.15870067100293 -99.4861111111111 16.024236490458573
      vertex 67.78005507150844 -99.4861111111111 15.36031576141134
    endloop
  endfacet
  facet normal 0.6219569736932739 -0.07007772071739805 -0.7799093767440924
    outer loop
      vertex 69.06754977888232 -100.29509765394398 16.024236490458573
      vertex 69.15870067100293 -99.4861111111111 16.024236490458573
      vertex 70.23389875693884 -100.561309197047 16.97828884707711
    endloop
  endfacet
  facet normal 0.6219569736932721 0.07007772071739786 -0.7799093767440938
    outer loop
      vertex 69.15870067100293 -99.4861111111111 16.024236490458573
      vertex 69.06754977888232 -98.67712456827822 16.024236490458573
      vertex 70.35504448625622 -99.4861111111111 16.97828884707711
    endloop
  endfacet
  facet normal 0.621956973693272 -0.070077720717401 -0.7799093767440937
    outer loop
      vertex 69.15870067100293 -99.4861111111111 16.024236490458573
      vertex 70.35504448625622 -99.4861111111111 16.97828884707711
      vertex 70.23389875693884 -100.561309197047 16.97828884707711
    endloop
  endfacet
  facet normal 0.7397624306197162 -0.25885406999923 -0.6210846292482557
    outer loop
      vertex 69.87653632171522 -101.58259236131786 16.97828884707711
      vertex 70.23389875693884 -100.561309197047 16.97828884707711
      vertex 71.1640310290891 -100.77360581848498 18.174632662330385
    endloop
  endfacet
  facet normal 0.7788154914092529 -0.08775143105683077 -0.6210846292482548
    outer loop
      vertex 70.23389875693884 -100.561309197047 16.97828884707711
      vertex 71.30909684287475 -99.4861111111111 18.174632662330385
      vertex 71.1640310290891 -100.77360581848498 18.174632662330385
    endloop
  endfacet
  facet normal 0.7788154914092544 -0.08775143105683543 -0.6210846292482521
    outer loop
      vertex 70.23389875693884 -100.561309197047 16.97828884707711
      vertex 70.35504448625622 -99.4861111111111 16.97828884707711
      vertex 71.30909684287475 -99.4861111111111 18.174632662330385
    endloop
  endfacet
  facet normal 0.8514147473959333 -0.29792290537947136 -0.431665229508903
    outer loop
      vertex 71.33427970100409 -102.28460457351811 19.553278261824875
      vertex 71.1640310290891 -100.77360581848498 18.174632662330385
      vertex 71.81130587931335 -100.92134207918554 19.553278261824875
    endloop
  endfacet
  facet normal 0.8963620852315505 -0.10099575135803336 -0.43166522950890185
    outer loop
      vertex 71.1640310290891 -100.77360581848498 18.174632662330385
      vertex 71.30909684287475 -99.4861111111111 18.174632662330385
      vertex 71.81130587931335 -100.92134207918554 19.553278261824875
    endloop
  endfacet
  facet normal 0.9690985907399565 -0.10919118727172643 -0.22119042937708883
    outer loop
      vertex 71.81130587931335 -100.92134207918554 19.553278261824875
      vertex 72.31351491575197 -99.4861111111111 21.045094598479245
      vertex 72.14326624383698 -100.99710986614421 21.045094598479245
    endloop
  endfacet
  facet normal 0.8963620852315493 -0.1009957513580356 -0.43166522950890374
    outer loop
      vertex 71.81130587931335 -100.92134207918554 19.553278261824875
      vertex 71.30909684287475 -99.4861111111111 18.174632662330385
      vertex 71.97301757192199 -99.4861111111111 19.553278261824875
    endloop
  endfacet
  facet normal 0.9690985907399567 -0.10919118727172876 -0.22119042937708672
    outer loop
      vertex 71.81130587931335 -100.92134207918554 19.553278261824875
      vertex 71.97301757192199 -99.4861111111111 19.553278261824875
      vertex 72.31351491575197 -99.4861111111111 21.045094598479245
    endloop
  endfacet
  facet normal 0.4333661897536714 0.048828642652856184 -0.8998941655745215
    outer loop
      vertex 67.72346970292851 -98.98390207467249 15.36031576141134
      vertex 69.06754977888232 -98.67712456827822 16.024236490458573
      vertex 69.15870067100293 -99.4861111111111 16.024236490458573
    endloop
  endfacet
  facet normal 0.41163539941980354 0.14403745592530054 -0.8998941655745224
    outer loop
      vertex 67.72346970292851 -98.98390207467249 15.36031576141134
      vertex 67.55655102384921 -98.50687589636323 15.36031576141134
      vertex 68.7986677888644 -97.90870398873659 16.024236490458573
    endloop
  endfacet
  facet normal 0.411635399419807 0.1440374559252965 -0.8998941655745214
    outer loop
      vertex 67.72346970292851 -98.98390207467249 15.36031576141134
      vertex 68.7986677888644 -97.90870398873659 16.024236490458573
      vertex 69.06754977888232 -98.67712456827822 16.024236490458573
    endloop
  endfacet
  facet normal 0.621956973693273 0.07007772071740022 -0.779909376744093
    outer loop
      vertex 70.35504448625622 -99.4861111111111 16.97828884707711
      vertex 69.06754977888232 -98.67712456827822 16.024236490458573
      vertex 70.23389875693884 -98.41091302517519 16.97828884707711
    endloop
  endfacet
  facet normal 0.5907694539661437 0.206719172616341 -0.7799093767440932
    outer loop
      vertex 69.06754977888232 -98.67712456827822 16.024236490458573
      vertex 69.87653632171522 -97.38962986090434 16.97828884707711
      vertex 70.23389875693884 -98.41091302517519 16.97828884707711
    endloop
  endfacet
  facet normal 0.36926349131929415 0.23202362970960463 -0.8998941655745224
    outer loop
      vertex 67.55655102384921 -98.50687589636323 15.36031576141134
      vertex 68.3655375666821 -97.21938118898935 16.024236490458573
      vertex 68.7986677888644 -97.90870398873659 16.024236490458573
    endloop
  endfacet
  facet normal 0.30837516985397306 0.30837516985397306 -0.8998941655745227
    outer loop
      vertex 67.28766903383129 -98.07895266065158 15.36031576141134
      vertex 67.78987807026989 -96.64372169257715 16.024236490458573
      vertex 68.3655375666821 -97.21938118898935 16.024236490458573
    endloop
  endfacet
  facet normal 0.590769453966143 0.2067191726163416 -0.7799093767440934
    outer loop
      vertex 69.06754977888232 -98.67712456827822 16.024236490458573
      vertex 68.7986677888644 -97.90870398873659 16.024236490458573
      vertex 69.87653632171522 -97.38962986090434 16.97828884707711
    endloop
  endfacet
  facet normal 0.529958286978744 0.3329948620162105 -0.7799093767440936
    outer loop
      vertex 68.7986677888644 -97.90870398873659 16.024236490458573
      vertex 68.3655375666821 -97.21938118898935 16.024236490458573
      vertex 69.87653632171522 -97.38962986090434 16.97828884707711
    endloop
  endfacet
  facet normal 0.5299582869787436 0.3329948620162142 -0.7799093767440921
    outer loop
      vertex 68.3655375666821 -97.21938118898935 16.024236490458573
      vertex 69.30087682530302 -96.47347302066215 16.97828884707711
      vertex 69.87653632171522 -97.38962986090434 16.97828884707711
    endloop
  endfacet
  facet normal 0.7788154914092529 0.08775143105683411 -0.6210846292482545
    outer loop
      vertex 70.35504448625622 -99.4861111111111 16.97828884707711
      vertex 70.23389875693884 -98.41091302517519 16.97828884707711
      vertex 71.1640310290891 -98.19861640373722 18.174632662330385
    endloop
  endfacet
  facet normal 0.7788154914092548 0.08775143105683099 -0.6210846292482525
    outer loop
      vertex 70.35504448625622 -99.4861111111111 16.97828884707711
      vertex 71.1640310290891 -98.19861640373722 18.174632662330385
      vertex 71.30909684287475 -99.4861111111111 18.174632662330385
    endloop
  endfacet
  facet normal 0.7397624306197175 0.258854069999234 -0.6210846292482526
    outer loop
      vertex 69.87653632171522 -97.38962986090434 16.97828884707711
      vertex 70.73610779337746 -96.97568205710077 18.174632662330385
      vertex 70.23389875693884 -98.41091302517519 16.97828884707711
    endloop
  endfacet
  facet normal 0.7397624306197162 0.2588540699992353 -0.6210846292482536
    outer loop
      vertex 70.23389875693884 -98.41091302517519 16.97828884707711
      vertex 70.73610779337746 -96.97568205710077 18.174632662330385
      vertex 71.1640310290891 -98.19861640373722 18.174632662330385
    endloop
  endfacet
  facet normal 0.8963620852315496 0.10099575135803326 -0.43166522950890385
    outer loop
      vertex 71.30909684287475 -99.4861111111111 18.174632662330385
      vertex 71.1640310290891 -98.19861640373722 18.174632662330385
      vertex 71.97301757192199 -99.4861111111111 19.553278261824875
    endloop
  endfacet
  facet normal 0.8963620852315501 0.10099575135803569 -0.4316652295089019
    outer loop
      vertex 71.97301757192199 -99.4861111111111 19.553278261824875
      vertex 71.1640310290891 -98.19861640373722 18.174632662330385
      vertex 71.81130587931335 -98.05088014303666 19.553278261824875
    endloop
  endfacet
  facet normal 0.9690985907399572 0.1091911872717255 -0.22119042937708677
    outer loop
      vertex 71.97301757192199 -99.4861111111111 19.553278261824875
      vertex 72.14326624383698 -97.97511235607797 21.045094598479245
      vertex 72.31351491575197 -99.4861111111111 21.045094598479245
    endloop
  endfacet
  facet normal 0.9690985907399562 0.10919118727172869 -0.2211904293770899
    outer loop
      vertex 71.97301757192199 -99.4861111111111 19.553278261824875
      vertex 71.81130587931335 -98.05088014303666 19.553278261824875
      vertex 72.14326624383698 -97.97511235607797 21.045094598479245
    endloop
  endfacet
  facet normal 0.8514147473959308 0.29792290537947413 -0.43166522950890573
    outer loop
      vertex 71.1640310290891 -98.19861640373722 18.174632662330385
      vertex 70.73610779337746 -96.97568205710077 18.174632662330385
      vertex 71.33427970100409 -96.68761764870409 19.553278261824875
    endloop
  endfacet
  facet normal 0.8514147473959333 0.29792290537947136 -0.43166522950890296
    outer loop
      vertex 71.1640310290891 -98.19861640373722 18.174632662330385
      vertex 71.33427970100409 -96.68761764870409 19.553278261824875
      vertex 71.81130587931335 -98.05088014303666 19.553278261824875
    endloop
  endfacet
  facet normal 0.9205039407969515 0.3220982597426766 -0.2211904293770899
    outer loop
      vertex 71.81130587931335 -98.05088014303666 19.553278261824875
      vertex 71.33427970100409 -96.68761764870409 19.553278261824875
      vertex 72.14326624383698 -97.97511235607797 21.045094598479245
    endloop
  endfacet
  facet normal 0.9205039407969502 0.32209825974268746 -0.22119042937707972
    outer loop
      vertex 72.14326624383698 -97.97511235607797 21.045094598479245
      vertex 71.33427970100409 -96.68761764870409 19.553278261824875
      vertex 71.64105720739836 -96.53988138800355 21.045094598479245
    endloop
  endfacet
  facet normal 0.9937122098932425 -0.11196447610330888 0
    outer loop
      vertex 72.14326624383698 -100.99710986614421 21.045094598479245
      vertex 72.31351491575197 -99.4861111111111 21.045094598479245
      vertex 72.14326624383698 -100.99710986614421 22.57527577189112
    endloop
  endfacet
  facet normal 0.9690985907399564 -0.10919118727172872 0.22119042937708888
    outer loop
      vertex 72.14326624383698 -100.99710986614421 22.57527577189112
      vertex 71.97301757192199 -99.4861111111111 24.06709210854549
      vertex 71.81130587931335 -100.92134207918554 24.06709210854549
    endloop
  endfacet
  facet normal 0.9937122098932425 -0.11196447610330888 5.1230847569187056e-18
    outer loop
      vertex 72.14326624383698 -100.99710986614421 22.57527577189112
      vertex 72.31351491575197 -99.4861111111111 21.045094598479245
      vertex 72.31351491575197 -99.4861111111111 22.57527577189112
    endloop
  endfacet
  facet normal 0.9690985907399571 -0.10919118727172651 0.22119042937708674
    outer loop
      vertex 72.14326624383698 -100.99710986614421 22.57527577189112
      vertex 72.31351491575197 -99.4861111111111 22.57527577189112
      vertex 71.97301757192199 -99.4861111111111 24.06709210854549
    endloop
  endfacet
  facet normal 0.8514147473959337 -0.29792290537947147 0.43166522950890207
    outer loop
      vertex 71.33427970100409 -102.28460457351811 24.06709210854549
      vertex 71.81130587931335 -100.92134207918554 24.06709210854549
      vertex 71.1640310290891 -100.77360581848498 25.445737708039985
    endloop
  endfacet
  facet normal 0.8963620852315509 -0.10099575135803346 0.43166522950890096
    outer loop
      vertex 71.81130587931335 -100.92134207918554 24.06709210854549
      vertex 71.30909684287475 -99.4861111111111 25.445737708039985
      vertex 71.1640310290891 -100.77360581848498 25.445737708039985
    endloop
  endfacet
  facet normal 0.7397624306197116 -0.25885406999924226 0.6210846292482561
    outer loop
      vertex 70.73610779337744 -101.99654016512143 25.445737708039985
      vertex 71.1640310290891 -100.77360581848498 25.445737708039985
      vertex 70.23389875693884 -100.561309197047 26.642081523293257
    endloop
  endfacet
  facet normal 0.778815491409252 -0.08775143105683068 0.621084629248256
    outer loop
      vertex 71.1640310290891 -100.77360581848498 25.445737708039985
      vertex 71.30909684287475 -99.4861111111111 25.445737708039985
      vertex 70.23389875693884 -100.561309197047 26.642081523293257
    endloop
  endfacet
  facet normal 0.8963620852315498 -0.10099575135803567 0.43166522950890285
    outer loop
      vertex 71.81130587931335 -100.92134207918554 24.06709210854549
      vertex 71.97301757192199 -99.4861111111111 24.06709210854549
      vertex 71.30909684287475 -99.4861111111111 25.445737708039985
    endloop
  endfacet
  facet normal 0.7788154914092535 -0.08775143105683536 0.6210846292482534
    outer loop
      vertex 71.30909684287475 -99.4861111111111 25.445737708039985
      vertex 70.35504448625622 -99.4861111111111 26.642081523293257
      vertex 70.23389875693884 -100.561309197047 26.642081523293257
    endloop
  endfacet
  facet normal 0.9937122098932427 0.11196447610330786 0
    outer loop
      vertex 72.31351491575197 -99.4861111111111 21.045094598479245
      vertex 72.14326624383698 -97.97511235607797 22.57527577189112
      vertex 72.31351491575197 -99.4861111111111 22.57527577189112
    endloop
  endfacet
  facet normal 0.9937122098932427 0.11196447610330786 4.809951634981911e-18
    outer loop
      vertex 72.31351491575197 -99.4861111111111 21.045094598479245
      vertex 72.14326624383698 -97.97511235607797 21.045094598479245
      vertex 72.14326624383698 -97.97511235607797 22.57527577189112
    endloop
  endfacet
  facet normal 0.9690985907399567 0.10919118727172875 0.2211904293770867
    outer loop
      vertex 72.31351491575197 -99.4861111111111 22.57527577189112
      vertex 71.81130587931335 -98.05088014303666 24.06709210854549
      vertex 71.97301757192199 -99.4861111111111 24.06709210854549
    endloop
  endfacet
  facet normal 0.9690985907399564 0.10919118727172542 0.2211904293770898
    outer loop
      vertex 72.31351491575197 -99.4861111111111 22.57527577189112
      vertex 72.14326624383698 -97.97511235607797 22.57527577189112
      vertex 71.81130587931335 -98.05088014303666 24.06709210854549
    endloop
  endfacet
  facet normal 0.9438833303083655 0.330279061955173 0
    outer loop
      vertex 72.14326624383698 -97.97511235607797 21.045094598479245
      vertex 71.64105720739836 -96.53988138800355 21.045094598479245
      vertex 72.14326624383698 -97.97511235607797 22.57527577189112
    endloop
  endfacet
  facet normal 0.9205039407969515 0.32209825974267653 0.2211904293770899
    outer loop
      vertex 72.14326624383698 -97.97511235607797 22.57527577189112
      vertex 71.33427970100409 -96.68761764870409 24.06709210854549
      vertex 71.81130587931335 -98.05088014303666 24.06709210854549
    endloop
  endfacet
  facet normal 0.9205039407969502 0.32209825974268746 0.22119042937707975
    outer loop
      vertex 72.14326624383698 -97.97511235607797 22.57527577189112
      vertex 71.64105720739836 -96.53988138800355 22.57527577189112
      vertex 71.33427970100409 -96.68761764870409 24.06709210854549
    endloop
  endfacet
  facet normal 0.8963620852315498 0.10099575135803567 0.43166522950890285
    outer loop
      vertex 71.97301757192199 -99.4861111111111 24.06709210854549
      vertex 71.81130587931335 -98.05088014303666 24.06709210854549
      vertex 71.30909684287475 -99.4861111111111 25.445737708039985
    endloop
  endfacet
  facet normal 0.8963620852315509 0.10099575135803343 0.43166522950890096
    outer loop
      vertex 71.30909684287475 -99.4861111111111 25.445737708039985
      vertex 71.81130587931335 -98.05088014303666 24.06709210854549
      vertex 71.1640310290891 -98.19861640373722 25.445737708039985
    endloop
  endfacet
  facet normal 0.7788154914092537 0.08775143105683422 0.6210846292482534
    outer loop
      vertex 71.30909684287475 -99.4861111111111 25.445737708039985
      vertex 70.23389875693884 -98.41091302517519 26.642081523293257
      vertex 70.35504448625622 -99.4861111111111 26.642081523293257
    endloop
  endfacet
  facet normal 0.7788154914092524 0.08775143105683074 0.6210846292482554
    outer loop
      vertex 71.30909684287475 -99.4861111111111 25.445737708039985
      vertex 71.1640310290891 -98.19861640373722 25.445737708039985
      vertex 70.23389875693884 -98.41091302517519 26.642081523293257
    endloop
  endfacet
  facet normal 0.8514147473959247 0.2979229053794819 0.43166522950891245
    outer loop
      vertex 71.1640310290891 -98.19861640373722 25.445737708039985
      vertex 71.33427970100409 -96.68761764870409 24.06709210854549
      vertex 70.73610779337744 -96.97568205710077 25.445737708039985
    endloop
  endfacet
  facet normal 0.8514147473959337 0.2979229053794714 0.431665229508902
    outer loop
      vertex 71.1640310290891 -98.19861640373722 25.445737708039985
      vertex 71.81130587931335 -98.05088014303666 24.06709210854549
      vertex 71.33427970100409 -96.68761764870409 24.06709210854549
    endloop
  endfacet
  facet normal 0.7397624306197158 0.25885406999923344 0.6210846292482548
    outer loop
      vertex 71.1640310290891 -98.19861640373722 25.445737708039985
      vertex 69.87653632171522 -97.38962986090434 26.642081523293257
      vertex 70.23389875693884 -98.41091302517519 26.642081523293257
    endloop
  endfacet
  facet normal 0.739762430619717 0.2588540699992442 0.6210846292482488
    outer loop
      vertex 71.1640310290891 -98.19861640373722 25.445737708039985
      vertex 70.73610779337744 -96.97568205710077 25.445737708039985
      vertex 69.87653632171522 -97.38962986090434 26.642081523293257
    endloop
  endfacet
  facet normal -0.23202362970960463 0.36926349131929415 -0.8998941655745224
    outer loop
      vertex 64.54391293340026 -97.45270823541003 15.36031576141134
      vertex 63.25641822602638 -96.64372169257715 16.024236490458573
      vertex 63.94574102577363 -96.21059147039483 16.024236490458573
    endloop
  endfacet
  facet normal -0.3329948620162104 0.5299582869787439 -0.7799093767440934
    outer loop
      vertex 63.25641822602638 -96.64372169257715 16.024236490458573
      vertex 63.426666897941374 -95.13272293754402 16.97828884707711
      vertex 63.94574102577363 -96.21059147039483 16.024236490458573
    endloop
  endfacet
  facet normal -0.14403745592530132 0.41163539941980576 -0.8998941655745212
    outer loop
      vertex 64.54391293340026 -97.45270823541003 15.36031576141134
      vertex 64.71416160531525 -95.94170948037691 16.024236490458573
      vertex 65.02093911170952 -97.28578955633073 15.36031576141134
    endloop
  endfacet
  facet normal -0.048828642652847025 0.43336618975366903 -0.8998941655745233
    outer loop
      vertex 65.02093911170952 -97.28578955633073 15.36031576141134
      vertex 65.52314814814814 -95.8505585882563 16.024236490458573
      vertex 65.52314814814814 -97.2292041877508 15.36031576141134
    endloop
  endfacet
  facet normal -0.14403745592529593 0.41163539941980554 -0.8998941655745222
    outer loop
      vertex 64.54391293340026 -97.45270823541003 15.36031576141134
      vertex 63.94574102577363 -96.21059147039483 16.024236490458573
      vertex 64.71416160531525 -95.94170948037691 16.024236490458573
    endloop
  endfacet
  facet normal -0.04882864265285614 0.4333661897536714 -0.8998941655745217
    outer loop
      vertex 65.02093911170952 -97.28578955633073 15.36031576141134
      vertex 64.71416160531525 -95.94170948037691 16.024236490458573
      vertex 65.52314814814814 -95.8505585882563 16.024236490458573
    endloop
  endfacet
  facet normal -0.20671917261634176 0.5907694539661434 -0.7799093767440932
    outer loop
      vertex 63.94574102577363 -96.21059147039483 16.024236490458573
      vertex 64.44795006221223 -94.7753605023204 16.97828884707711
      vertex 64.71416160531525 -95.94170948037691 16.024236490458573
    endloop
  endfacet
  facet normal -0.07007772071739786 0.6219569736932721 -0.7799093767440939
    outer loop
      vertex 64.71416160531525 -95.94170948037691 16.024236490458573
      vertex 65.52314814814814 -94.65421477300302 16.97828884707711
      vertex 65.52314814814814 -95.8505585882563 16.024236490458573
    endloop
  endfacet
  facet normal -0.20671917261634085 0.5907694539661433 -0.7799093767440934
    outer loop
      vertex 63.94574102577363 -96.21059147039483 16.024236490458573
      vertex 63.426666897941374 -95.13272293754402 16.97828884707711
      vertex 64.44795006221223 -94.7753605023204 16.97828884707711
    endloop
  endfacet
  facet normal -0.07007772071740019 0.621956973693273 -0.779909376744093
    outer loop
      vertex 64.71416160531525 -95.94170948037691 16.024236490458573
      vertex 64.44795006221223 -94.7753605023204 16.97828884707711
      vertex 65.52314814814814 -94.65421477300302 16.97828884707711
    endloop
  endfacet
  facet normal 0.04882864265284702 0.433366189753669 -0.8998941655745233
    outer loop
      vertex 65.52314814814814 -97.2292041877508 15.36031576141134
      vertex 65.52314814814814 -95.8505585882563 16.024236490458573
      vertex 66.02535718458675 -97.28578955633073 15.36031576141134
    endloop
  endfacet
  facet normal 0.14403745592530054 0.41163539941980354 -0.8998941655745224
    outer loop
      vertex 66.02535718458675 -97.28578955633073 15.36031576141134
      vertex 67.10055527052265 -96.21059147039483 16.024236490458573
      vertex 66.50238336289601 -97.45270823541003 15.36031576141134
    endloop
  endfacet
  facet normal 0.048828642652856184 0.4333661897536714 -0.8998941655745215
    outer loop
      vertex 66.02535718458675 -97.28578955633073 15.36031576141134
      vertex 65.52314814814814 -95.8505585882563 16.024236490458573
      vertex 66.33213469098102 -95.94170948037691 16.024236490458573
    endloop
  endfacet
  facet normal 0.1440374559252965 0.411635399419807 -0.8998941655745214
    outer loop
      vertex 66.02535718458675 -97.28578955633073 15.36031576141134
      vertex 66.33213469098102 -95.94170948037691 16.024236490458573
      vertex 67.10055527052265 -96.21059147039483 16.024236490458573
    endloop
  endfacet
  facet normal 0.23202362970960438 0.36926349131929376 -0.8998941655745226
    outer loop
      vertex 66.93030659860766 -97.72159022542795 15.36031576141134
      vertex 67.10055527052265 -96.21059147039483 16.024236490458573
      vertex 67.78987807026989 -96.64372169257715 16.024236490458573
    endloop
  endfacet
  facet normal 0.070077720717398 0.6219569736932733 -0.7799093767440928
    outer loop
      vertex 65.52314814814814 -95.8505585882563 16.024236490458573
      vertex 66.59834623408405 -94.7753605023204 16.97828884707711
      vertex 66.33213469098102 -95.94170948037691 16.024236490458573
    endloop
  endfacet
  facet normal 0.20671917261634176 0.5907694539661434 -0.7799093767440931
    outer loop
      vertex 67.10055527052265 -96.21059147039483 16.024236490458573
      vertex 66.33213469098102 -95.94170948037691 16.024236490458573
      vertex 66.59834623408405 -94.7753605023204 16.97828884707711
    endloop
  endfacet
  facet normal 0.07007772071740008 0.6219569736932719 -0.7799093767440937
    outer loop
      vertex 65.52314814814814 -95.8505585882563 16.024236490458573
      vertex 65.52314814814814 -94.65421477300302 16.97828884707711
      vertex 66.59834623408405 -94.7753605023204 16.97828884707711
    endloop
  endfacet
  facet normal 0.3329948620162134 0.5299582869787423 -0.7799093767440931
    outer loop
      vertex 67.10055527052265 -96.21059147039483 16.024236490458573
      vertex 67.6196293983549 -95.13272293754402 16.97828884707711
      vertex 68.53578623859708 -95.70838243395622 16.97828884707711
    endloop
  endfacet
  facet normal 0.206719172616341 0.5907694539661433 -0.7799093767440934
    outer loop
      vertex 67.10055527052265 -96.21059147039483 16.024236490458573
      vertex 66.59834623408405 -94.7753605023204 16.97828884707711
      vertex 67.6196293983549 -95.13272293754402 16.97828884707711
    endloop
  endfacet
  facet normal -0.25885406999923377 0.7397624306197168 -0.6210846292482535
    outer loop
      vertex 63.0127190941378 -94.27315146588178 18.174632662330385
      vertex 64.44795006221223 -94.7753605023204 16.97828884707711
      vertex 63.426666897941374 -95.13272293754402 16.97828884707711
    endloop
  endfacet
  facet normal -0.258854069999234 0.7397624306197167 -0.6210846292482537
    outer loop
      vertex 63.0127190941378 -94.27315146588178 18.174632662330385
      vertex 64.23565344077426 -93.84522823017014 18.174632662330385
      vertex 64.44795006221223 -94.7753605023204 16.97828884707711
    endloop
  endfacet
  facet normal -0.0877514310568343 0.7788154914092547 -0.6210846292482523
    outer loop
      vertex 64.44795006221223 -94.7753605023204 16.97828884707711
      vertex 65.52314814814814 -93.70016241638449 18.174632662330385
      vertex 65.52314814814814 -94.65421477300302 16.97828884707711
    endloop
  endfacet
  facet normal -0.08775143105683084 0.7788154914092533 -0.6210846292482542
    outer loop
      vertex 64.44795006221223 -94.7753605023204 16.97828884707711
      vertex 64.23565344077426 -93.84522823017014 18.174632662330385
      vertex 65.52314814814814 -93.70016241638449 18.174632662330385
    endloop
  endfacet
  facet normal 0.08775143105683411 0.7788154914092529 -0.6210846292482545
    outer loop
      vertex 65.52314814814814 -94.65421477300302 16.97828884707711
      vertex 66.81064285552202 -93.84522823017014 18.174632662330385
      vertex 66.59834623408405 -94.7753605023204 16.97828884707711
    endloop
  endfacet
  facet normal 0.08775143105683099 0.7788154914092548 -0.6210846292482525
    outer loop
      vertex 65.52314814814814 -94.65421477300302 16.97828884707711
      vertex 65.52314814814814 -93.70016241638449 18.174632662330385
      vertex 66.81064285552202 -93.84522823017014 18.174632662330385
    endloop
  endfacet
  facet normal 0.2588540699992337 0.7397624306197167 -0.6210846292482536
    outer loop
      vertex 67.6196293983549 -95.13272293754402 16.97828884707711
      vertex 66.59834623408405 -94.7753605023204 16.97828884707711
      vertex 66.81064285552202 -93.84522823017014 18.174632662330385
    endloop
  endfacet
  facet normal 0.25885406999923555 0.7397624306197168 -0.6210846292482526
    outer loop
      vertex 67.6196293983549 -95.13272293754402 16.97828884707711
      vertex 66.81064285552202 -93.84522823017014 18.174632662330385
      vertex 68.03357720215847 -94.27315146588178 18.174632662330385
    endloop
  endfacet
  facet normal -0.297922905379473 0.8514147473959325 -0.4316652295089032
    outer loop
      vertex 63.0127190941378 -94.27315146588178 18.174632662330385
      vertex 62.724654685741136 -93.67497955825515 19.553278261824875
      vertex 64.23565344077426 -93.84522823017014 18.174632662330385
    endloop
  endfacet
  facet normal -0.2979229053794727 0.8514147473959327 -0.4316652295089029
    outer loop
      vertex 62.724654685741136 -93.67497955825515 19.553278261824875
      vertex 64.0879171800737 -93.19795337994589 19.553278261824875
      vertex 64.23565344077426 -93.84522823017014 18.174632662330385
    endloop
  endfacet
  facet normal -0.10099575135803573 0.8963620852315501 -0.4316652295089019
    outer loop
      vertex 64.23565344077426 -93.84522823017014 18.174632662330385
      vertex 64.0879171800737 -93.19795337994589 19.553278261824875
      vertex 65.52314814814814 -93.03624168733725 19.553278261824875
    endloop
  endfacet
  facet normal -0.10099575135803326 0.8963620852315496 -0.43166522950890385
    outer loop
      vertex 64.23565344077426 -93.84522823017014 18.174632662330385
      vertex 65.52314814814814 -93.03624168733725 19.553278261824875
      vertex 65.52314814814814 -93.70016241638449 18.174632662330385
    endloop
  endfacet
  facet normal -0.3220982597426781 0.9205039407969512 -0.22119042937708985
    outer loop
      vertex 62.724654685741136 -93.67497955825515 19.553278261824875
      vertex 64.01214939311501 -92.86599301542226 21.045094598479245
      vertex 64.0879171800737 -93.19795337994589 19.553278261824875
    endloop
  endfacet
  facet normal -0.10919118727172869 0.9690985907399562 -0.2211904293770899
    outer loop
      vertex 64.0879171800737 -93.19795337994589 19.553278261824875
      vertex 64.01214939311501 -92.86599301542226 21.045094598479245
      vertex 65.52314814814814 -93.03624168733725 19.553278261824875
    endloop
  endfacet
  facet normal -0.1091911872717255 0.9690985907399572 -0.22119042937708677
    outer loop
      vertex 65.52314814814814 -93.03624168733725 19.553278261824875
      vertex 64.01214939311501 -92.86599301542226 21.045094598479245
      vertex 65.52314814814814 -92.69574434350727 21.045094598479245
    endloop
  endfacet
  facet normal 0.29792290537947413 0.8514147473959308 -0.43166522950890573
    outer loop
      vertex 66.81064285552202 -93.84522823017014 18.174632662330385
      vertex 68.32164161055515 -93.67497955825515 19.553278261824875
      vertex 68.03357720215847 -94.27315146588178 18.174632662330385
    endloop
  endfacet
  facet normal 0.10099575135803326 0.8963620852315496 -0.43166522950890385
    outer loop
      vertex 66.81064285552202 -93.84522823017014 18.174632662330385
      vertex 65.52314814814814 -93.70016241638449 18.174632662330385
      vertex 65.52314814814814 -93.03624168733725 19.553278261824875
    endloop
  endfacet
  facet normal 0.10099575135803569 0.8963620852315501 -0.4316652295089019
    outer loop
      vertex 66.81064285552202 -93.84522823017014 18.174632662330385
      vertex 65.52314814814814 -93.03624168733725 19.553278261824875
      vertex 66.95837911622257 -93.19795337994589 19.553278261824875
    endloop
  endfacet
  facet normal 0.29792290537947136 0.8514147473959333 -0.43166522950890296
    outer loop
      vertex 66.81064285552202 -93.84522823017014 18.174632662330385
      vertex 66.95837911622257 -93.19795337994589 19.553278261824875
      vertex 68.32164161055515 -93.67497955825515 19.553278261824875
    endloop
  endfacet
  facet normal 0.1091911872717255 0.9690985907399572 -0.22119042937708677
    outer loop
      vertex 65.52314814814814 -93.03624168733725 19.553278261824875
      vertex 65.52314814814814 -92.69574434350727 21.045094598479245
      vertex 67.03414690318127 -92.86599301542226 21.045094598479245
    endloop
  endfacet
  facet normal 0.10919118727172869 0.9690985907399562 -0.2211904293770899
    outer loop
      vertex 65.52314814814814 -93.03624168733725 19.553278261824875
      vertex 67.03414690318127 -92.86599301542226 21.045094598479245
      vertex 66.95837911622257 -93.19795337994589 19.553278261824875
    endloop
  endfacet
  facet normal 0.3220982597426766 0.9205039407969515 -0.2211904293770899
    outer loop
      vertex 66.95837911622257 -93.19795337994589 19.553278261824875
      vertex 67.03414690318127 -92.86599301542226 21.045094598479245
      vertex 68.32164161055515 -93.67497955825515 19.553278261824875
    endloop
  endfacet
  facet normal 0.4425727985691403 0.4425727985691403 -0.7799093767440921
    outer loop
      vertex 68.3655375666821 -97.21938118898935 16.024236490458573
      vertex 67.78987807026989 -96.64372169257715 16.024236490458573
      vertex 69.30087682530302 -96.47347302066215 16.97828884707711
    endloop
  endfacet
  facet normal 0.3329948620162115 0.5299582869787457 -0.7799093767440919
    outer loop
      vertex 67.10055527052265 -96.21059147039483 16.024236490458573
      vertex 68.53578623859708 -95.70838243395622 16.97828884707711
      vertex 67.78987807026989 -96.64372169257715 16.024236490458573
    endloop
  endfacet
  facet normal 0.4425727985691403 0.4425727985691403 -0.7799093767440922
    outer loop
      vertex 67.78987807026989 -96.64372169257715 16.024236490458573
      vertex 68.53578623859708 -95.70838243395622 16.97828884707711
      vertex 69.30087682530302 -96.47347302066215 16.97828884707711
    endloop
  endfacet
  facet normal 0.663614592580008 0.416976684991416 -0.6210846292482526
    outer loop
      vertex 69.87653632171522 -97.38962986090434 16.97828884707711
      vertex 69.30087682530302 -96.47347302066215 16.97828884707711
      vertex 70.73610779337746 -96.97568205710077 18.174632662330385
    endloop
  endfacet
  facet normal 0.5541903478551203 0.5541903478551203 -0.6210846292482542
    outer loop
      vertex 69.30087682530302 -96.47347302066215 16.97828884707711
      vertex 68.53578623859708 -95.70838243395622 16.97828884707711
      vertex 70.04678499363021 -95.87863110587121 18.174632662330385
    endloop
  endfacet
  facet normal 0.6636145925800084 0.4169766849914127 -0.6210846292482544
    outer loop
      vertex 69.30087682530302 -96.47347302066215 16.97828884707711
      vertex 70.04678499363021 -95.87863110587121 18.174632662330385
      vertex 70.73610779337746 -96.97568205710077 18.174632662330385
    endloop
  endfacet
  facet normal 0.41697668499141516 0.6636145925800067 -0.6210846292482545
    outer loop
      vertex 67.6196293983549 -95.13272293754402 16.97828884707711
      vertex 69.13062815338803 -94.96247426562903 18.174632662330385
      vertex 68.53578623859708 -95.70838243395622 16.97828884707711
    endloop
  endfacet
  facet normal 0.5541903478551203 0.5541903478551203 -0.6210846292482542
    outer loop
      vertex 68.53578623859708 -95.70838243395622 16.97828884707711
      vertex 69.13062815338803 -94.96247426562903 18.174632662330385
      vertex 70.04678499363021 -95.87863110587121 18.174632662330385
    endloop
  endfacet
  facet normal 0.6378342769219232 0.6378342769219232 -0.43166522950890424
    outer loop
      vertex 69.13062815338803 -94.96247426562903 18.174632662330385
      vertex 69.5445759571916 -94.44340013779677 19.553278261824875
      vertex 70.04678499363021 -95.87863110587121 18.174632662330385
    endloop
  endfacet
  facet normal 0.7637739189275109 0.4799109609074737 -0.4316652295089069
    outer loop
      vertex 70.73610779337746 -96.97568205710077 18.174632662330385
      vertex 70.04678499363021 -95.87863110587121 18.174632662330385
      vertex 71.33427970100409 -96.68761764870409 19.553278261824875
    endloop
  endfacet
  facet normal 0.7637739189275102 0.4799109609074771 -0.43166522950890424
    outer loop
      vertex 71.33427970100409 -96.68761764870409 19.553278261824875
      vertex 70.04678499363021 -95.87863110587121 18.174632662330385
      vertex 70.56585912146247 -95.46468330206764 19.553278261824875
    endloop
  endfacet
  facet normal 0.8257513795726686 0.5188539805049371 -0.22119042937707908
    outer loop
      vertex 71.33427970100409 -96.68761764870409 19.553278261824875
      vertex 70.83207066456548 -95.25238668062967 21.045094598479245
      vertex 71.64105720739836 -96.53988138800355 21.045094598479245
    endloop
  endfacet
  facet normal 0.6378342769219232 0.6378342769219232 -0.4316652295089042
    outer loop
      vertex 70.04678499363021 -95.87863110587121 18.174632662330385
      vertex 69.5445759571916 -94.44340013779677 19.553278261824875
      vertex 70.56585912146247 -95.46468330206764 19.553278261824875
    endloop
  endfacet
  facet normal 0.8257513795726683 0.5188539805049376 -0.22119042937707964
    outer loop
      vertex 71.33427970100409 -96.68761764870409 19.553278261824875
      vertex 70.56585912146247 -95.46468330206764 19.553278261824875
      vertex 70.83207066456548 -95.25238668062967 21.045094598479245
    endloop
  endfacet
  facet normal 0.6895921961391324 0.6895921961391324 -0.22119042937707956
    outer loop
      vertex 70.56585912146247 -95.46468330206764 19.553278261824875
      vertex 69.5445759571916 -94.44340013779677 19.553278261824875
      vertex 70.83207066456548 -95.25238668062967 21.045094598479245
    endloop
  endfacet
  facet normal 0.41697668499141344 0.6636145925800095 -0.6210846292482526
    outer loop
      vertex 67.6196293983549 -95.13272293754402 16.97828884707711
      vertex 68.03357720215847 -94.27315146588178 18.174632662330385
      vertex 69.13062815338803 -94.96247426562903 18.174632662330385
    endloop
  endfacet
  facet normal 0.4799109609074737 0.7637739189275109 -0.43166522950890696
    outer loop
      vertex 69.13062815338803 -94.96247426562903 18.174632662330385
      vertex 68.03357720215847 -94.27315146588178 18.174632662330385
      vertex 68.32164161055515 -93.67497955825515 19.553278261824875
    endloop
  endfacet
  facet normal 0.4799109609074771 0.7637739189275102 -0.43166522950890424
    outer loop
      vertex 69.13062815338803 -94.96247426562903 18.174632662330385
      vertex 68.32164161055515 -93.67497955825515 19.553278261824875
      vertex 69.5445759571916 -94.44340013779677 19.553278261824875
    endloop
  endfacet
  facet normal 0.6895921961391325 0.6895921961391325 -0.2211904293770795
    outer loop
      vertex 69.5445759571916 -94.44340013779677 19.553278261824875
      vertex 69.75687257862957 -94.17718859469376 21.045094598479245
      vertex 70.83207066456548 -95.25238668062967 21.045094598479245
    endloop
  endfacet
  facet normal 0.5188539805049376 0.8257513795726683 -0.22119042937707964
    outer loop
      vertex 69.5445759571916 -94.44340013779677 19.553278261824875
      vertex 68.32164161055515 -93.67497955825515 19.553278261824875
      vertex 69.75687257862957 -94.17718859469376 21.045094598479245
    endloop
  endfacet
  facet normal 0.32209825974268746 0.9205039407969502 -0.22119042937707972
    outer loop
      vertex 68.32164161055515 -93.67497955825515 19.553278261824875
      vertex 67.03414690318127 -92.86599301542226 21.045094598479245
      vertex 68.46937787125569 -93.36820205186088 21.045094598479245
    endloop
  endfacet
  facet normal 0.5188539805049371 0.8257513795726686 -0.22119042937707908
    outer loop
      vertex 68.32164161055515 -93.67497955825515 19.553278261824875
      vertex 68.46937787125569 -93.36820205186088 21.045094598479245
      vertex 69.75687257862957 -94.17718859469376 21.045094598479245
    endloop
  endfacet
  facet normal -0.330279061955173 0.9438833303083655 1.918468473111821e-17
    outer loop
      vertex 62.57691842504059 -93.36820205186088 22.57527577189112
      vertex 64.01214939311501 -92.86599301542226 22.57527577189112
      vertex 64.01214939311501 -92.86599301542226 21.045094598479245
    endloop
  endfacet
  facet normal -0.11196447610330786 0.9937122098932427 0
    outer loop
      vertex 64.01214939311501 -92.86599301542226 21.045094598479245
      vertex 64.01214939311501 -92.86599301542226 22.57527577189112
      vertex 65.52314814814814 -92.69574434350727 21.045094598479245
    endloop
  endfacet
  facet normal -0.11196447610330786 0.9937122098932427 -4.809951634981911e-18
    outer loop
      vertex 64.01214939311501 -92.86599301542226 22.57527577189112
      vertex 65.52314814814814 -92.69574434350727 22.57527577189112
      vertex 65.52314814814814 -92.69574434350727 21.045094598479245
    endloop
  endfacet
  facet normal -0.3220982597426781 0.9205039407969512 0.22119042937708985
    outer loop
      vertex 62.724654685741136 -93.67497955825515 24.06709210854549
      vertex 64.0879171800737 -93.19795337994589 24.06709210854549
      vertex 64.01214939311501 -92.86599301542226 22.57527577189112
    endloop
  endfacet
  facet normal -0.10919118727172869 0.9690985907399562 0.22119042937708994
    outer loop
      vertex 64.01214939311501 -92.86599301542226 22.57527577189112
      vertex 64.0879171800737 -93.19795337994589 24.06709210854549
      vertex 65.52314814814814 -93.03624168733725 24.06709210854549
    endloop
  endfacet
  facet normal -0.1091911872717255 0.9690985907399572 0.22119042937708677
    outer loop
      vertex 64.01214939311501 -92.86599301542226 22.57527577189112
      vertex 65.52314814814814 -93.03624168733725 24.06709210854549
      vertex 65.52314814814814 -92.69574434350727 22.57527577189112
    endloop
  endfacet
  facet normal 0.11196447610330786 0.9937122098932427 0
    outer loop
      vertex 65.52314814814814 -92.69574434350727 21.045094598479245
      vertex 65.52314814814814 -92.69574434350727 22.57527577189112
      vertex 67.03414690318127 -92.86599301542226 21.045094598479245
    endloop
  endfacet
  facet normal 0.11196447610330786 0.9937122098932427 0
    outer loop
      vertex 67.03414690318127 -92.86599301542226 21.045094598479245
      vertex 65.52314814814814 -92.69574434350727 22.57527577189112
      vertex 67.03414690318127 -92.86599301542226 22.57527577189112
    endloop
  endfacet
  facet normal 0.330279061955173 0.9438833303083655 0
    outer loop
      vertex 67.03414690318127 -92.86599301542226 21.045094598479245
      vertex 67.03414690318127 -92.86599301542226 22.57527577189112
      vertex 68.46937787125569 -93.36820205186088 22.57527577189112
    endloop
  endfacet
  facet normal 0.1091911872717255 0.9690985907399572 0.22119042937708677
    outer loop
      vertex 65.52314814814814 -92.69574434350727 22.57527577189112
      vertex 65.52314814814814 -93.03624168733725 24.06709210854549
      vertex 67.03414690318127 -92.86599301542226 22.57527577189112
    endloop
  endfacet
  facet normal 0.10919118727172868 0.9690985907399562 0.22119042937708985
    outer loop
      vertex 67.03414690318127 -92.86599301542226 22.57527577189112
      vertex 65.52314814814814 -93.03624168733725 24.06709210854549
      vertex 66.95837911622257 -93.19795337994589 24.06709210854549
    endloop
  endfacet
  facet normal 0.32209825974267653 0.9205039407969515 0.2211904293770899
    outer loop
      vertex 67.03414690318127 -92.86599301542226 22.57527577189112
      vertex 66.95837911622257 -93.19795337994589 24.06709210854549
      vertex 68.32164161055515 -93.67497955825515 24.06709210854549
    endloop
  endfacet
  facet normal -0.2979229053794808 0.8514147473959264 0.43166522950890984
    outer loop
      vertex 63.0127190941378 -94.2731514658818 25.445737708039985
      vertex 64.23565344077426 -93.84522823017014 25.445737708039985
      vertex 62.724654685741136 -93.67497955825515 24.06709210854549
    endloop
  endfacet
  facet normal -0.2492029222931445 0.7426341625350534 0.6216047008802431
    outer loop
      vertex 61.70687056552503 -95.27447740612807 26.13947310269484
      vertex 64.44795006221223 -94.7753605023204 26.642081523293257
      vertex 64.23565344077426 -93.84522823017014 25.445737708039985
    endloop
  endfacet
  facet normal -0.087751431056834 0.778815491409252 0.6210846292482556
    outer loop
      vertex 64.23565344077426 -93.84522823017014 25.445737708039985
      vertex 64.44795006221223 -94.7753605023204 26.642081523293257
      vertex 65.52314814814814 -94.65421477300302 26.642081523293257
    endloop
  endfacet
  facet normal -0.0877514310568309 0.778815491409254 0.6210846292482535
    outer loop
      vertex 64.23565344077426 -93.84522823017014 25.445737708039985
      vertex 65.52314814814814 -94.65421477300302 26.642081523293257
      vertex 65.52314814814814 -93.70016241638449 25.445737708039985
    endloop
  endfacet
  facet normal -0.29792290537947286 0.8514147473959333 0.431665229508902
    outer loop
      vertex 62.724654685741136 -93.67497955825515 24.06709210854549
      vertex 64.23565344077426 -93.84522823017014 25.445737708039985
      vertex 64.0879171800737 -93.19795337994589 24.06709210854549
    endloop
  endfacet
  facet normal -0.10099575135803575 0.8963620852315506 0.43166522950890107
    outer loop
      vertex 64.23565344077426 -93.84522823017014 25.445737708039985
      vertex 65.52314814814814 -93.03624168733725 24.06709210854549
      vertex 64.0879171800737 -93.19795337994589 24.06709210854549
    endloop
  endfacet
  facet normal -0.10099575135803332 0.8963620852315499 0.43166522950890296
    outer loop
      vertex 64.23565344077426 -93.84522823017014 25.445737708039985
      vertex 65.52314814814814 -93.70016241638449 25.445737708039985
      vertex 65.52314814814814 -93.03624168733725 24.06709210854549
    endloop
  endfacet
  facet normal 0.2979229053794819 0.8514147473959247 0.43166522950891245
    outer loop
      vertex 66.81064285552202 -93.84522823017014 25.445737708039985
      vertex 68.03357720215847 -94.2731514658818 25.445737708039985
      vertex 68.32164161055515 -93.67497955825515 24.06709210854549
    endloop
  endfacet
  facet normal 0.08775143105683399 0.778815491409252 0.6210846292482556
    outer loop
      vertex 66.81064285552202 -93.84522823017014 25.445737708039985
      vertex 65.52314814814814 -94.65421477300302 26.642081523293257
      vertex 66.59834623408405 -94.7753605023204 26.642081523293257
    endloop
  endfacet
  facet normal 0.08775143105683089 0.7788154914092539 0.6210846292482536
    outer loop
      vertex 66.81064285552202 -93.84522823017014 25.445737708039985
      vertex 65.52314814814814 -93.70016241638449 25.445737708039985
      vertex 65.52314814814814 -94.65421477300302 26.642081523293257
    endloop
  endfacet
  facet normal 0.25885406999923344 0.7397624306197158 0.6210846292482548
    outer loop
      vertex 66.81064285552202 -93.84522823017014 25.445737708039985
      vertex 66.59834623408405 -94.7753605023204 26.642081523293257
      vertex 67.6196293983549 -95.13272293754402 26.642081523293257
    endloop
  endfacet
  facet normal 0.2588540699992442 0.739762430619717 0.6210846292482488
    outer loop
      vertex 66.81064285552202 -93.84522823017014 25.445737708039985
      vertex 67.6196293983549 -95.13272293754402 26.642081523293257
      vertex 68.03357720215847 -94.2731514658818 25.445737708039985
    endloop
  endfacet
  facet normal 0.10099575135803567 0.8963620852315498 0.43166522950890285
    outer loop
      vertex 65.52314814814814 -93.03624168733725 24.06709210854549
      vertex 65.52314814814814 -93.70016241638449 25.445737708039985
      vertex 66.95837911622257 -93.19795337994589 24.06709210854549
    endloop
  endfacet
  facet normal 0.10099575135803343 0.8963620852315509 0.43166522950890096
    outer loop
      vertex 66.81064285552202 -93.84522823017014 25.445737708039985
      vertex 66.95837911622257 -93.19795337994589 24.06709210854549
      vertex 65.52314814814814 -93.70016241638449 25.445737708039985
    endloop
  endfacet
  facet normal 0.2979229053794714 0.8514147473959337 0.431665229508902
    outer loop
      vertex 66.81064285552202 -93.84522823017014 25.445737708039985
      vertex 68.32164161055515 -93.67497955825515 24.06709210854549
      vertex 66.95837911622257 -93.19795337994589 24.06709210854549
    endloop
  endfacet
  facet normal 0.9438833303083655 0.330279061955173 -1.918468473111821e-17
    outer loop
      vertex 72.14326624383698 -97.97511235607797 22.57527577189112
      vertex 71.64105720739836 -96.53988138800355 21.045094598479245
      vertex 71.64105720739836 -96.53988138800355 22.57527577189112
    endloop
  endfacet
  facet normal 0.8467241992282841 0.5320320765153365 0
    outer loop
      vertex 71.64105720739836 -96.53988138800355 21.045094598479245
      vertex 70.83207066456548 -95.25238668062967 21.045094598479245
      vertex 71.64105720739836 -96.53988138800355 22.57527577189112
    endloop
  endfacet
  facet normal 0.8257513795726685 0.5188539805049377 0.2211904293770791
    outer loop
      vertex 71.64105720739836 -96.53988138800355 22.57527577189112
      vertex 70.56585912146247 -95.46468330206764 24.06709210854549
      vertex 71.33427970100409 -96.68761764870409 24.06709210854549
    endloop
  endfacet
  facet normal 0.8467241992282841 0.5320320765153365 -3.2767987581723413e-18
    outer loop
      vertex 71.64105720739836 -96.53988138800355 22.57527577189112
      vertex 70.83207066456548 -95.25238668062967 21.045094598479245
      vertex 70.83207066456548 -95.25238668062967 22.57527577189112
    endloop
  endfacet
  facet normal 0.7071067811865475 0.7071067811865475 0
    outer loop
      vertex 70.83207066456548 -95.25238668062967 21.045094598479245
      vertex 69.75687257862957 -94.17718859469376 22.57527577189112
      vertex 70.83207066456548 -95.25238668062967 22.57527577189112
    endloop
  endfacet
  facet normal 0.8257513795726686 0.5188539805049371 0.2211904293770796
    outer loop
      vertex 71.64105720739836 -96.53988138800355 22.57527577189112
      vertex 70.83207066456548 -95.25238668062967 22.57527577189112
      vertex 70.56585912146247 -95.46468330206764 24.06709210854549
    endloop
  endfacet
  facet normal 0.6895921961391325 0.6895921961391325 0.2211904293770795
    outer loop
      vertex 70.83207066456548 -95.25238668062967 22.57527577189112
      vertex 69.75687257862957 -94.17718859469376 22.57527577189112
      vertex 70.56585912146247 -95.46468330206764 24.06709210854549
    endloop
  endfacet
  facet normal 0.663614592580006 0.4169766849914147 0.6210846292482558
    outer loop
      vertex 70.04678499363021 -95.87863110587121 25.445737708039985
      vertex 69.30087682530302 -96.47347302066215 26.642081523293257
      vertex 69.87653632171522 -97.38962986090434 26.642081523293257
    endloop
  endfacet
  facet normal 0.5541903478551197 0.5541903478551197 0.6210846292482554
    outer loop
      vertex 70.04678499363021 -95.87863110587121 25.445737708039985
      vertex 68.53578623859708 -95.70838243395622 26.642081523293257
      vertex 69.30087682530302 -96.47347302066215 26.642081523293257
    endloop
  endfacet
  facet normal 0.6378342769219235 0.6378342769219235 0.4316652295089033
    outer loop
      vertex 69.13062815338803 -94.96247426562903 25.445737708039985
      vertex 70.04678499363021 -95.87863110587121 25.445737708039985
      vertex 69.5445759571916 -94.44340013779677 24.06709210854549
    endloop
  endfacet
  facet normal 0.4169766849914147 0.663614592580006 0.6210846292482558
    outer loop
      vertex 69.13062815338803 -94.96247426562903 25.445737708039985
      vertex 67.6196293983549 -95.13272293754402 26.642081523293257
      vertex 68.53578623859708 -95.70838243395622 26.642081523293257
    endloop
  endfacet
  facet normal 0.5541903478551197 0.5541903478551197 0.6210846292482552
    outer loop
      vertex 69.13062815338803 -94.96247426562903 25.445737708039985
      vertex 68.53578623859708 -95.70838243395622 26.642081523293257
      vertex 70.04678499363021 -95.87863110587121 25.445737708039985
    endloop
  endfacet
  facet normal 0.763773918927513 0.4799109609074651 0.4316652295089128
    outer loop
      vertex 71.33427970100409 -96.68761764870409 24.06709210854549
      vertex 70.04678499363021 -95.87863110587121 25.445737708039985
      vertex 70.73610779337744 -96.97568205710077 25.445737708039985
    endloop
  endfacet
  facet normal 0.7637739189275106 0.4799109609074774 0.43166522950890335
    outer loop
      vertex 71.33427970100409 -96.68761764870409 24.06709210854549
      vertex 70.56585912146247 -95.46468330206764 24.06709210854549
      vertex 70.04678499363021 -95.87863110587121 25.445737708039985
    endloop
  endfacet
  facet normal 0.6636145925800156 0.41697668499140866 0.6210846292482495
    outer loop
      vertex 70.73610779337744 -96.97568205710077 25.445737708039985
      vertex 70.04678499363021 -95.87863110587121 25.445737708039985
      vertex 69.87653632171522 -97.38962986090434 26.642081523293257
    endloop
  endfacet
  facet normal 0.6378342769219234 0.6378342769219234 0.43166522950890324
    outer loop
      vertex 70.56585912146247 -95.46468330206764 24.06709210854549
      vertex 69.5445759571916 -94.44340013779677 24.06709210854549
      vertex 70.04678499363021 -95.87863110587121 25.445737708039985
    endloop
  endfacet
  facet normal 0.5320320765153365 0.8467241992282841 0
    outer loop
      vertex 69.75687257862957 -94.17718859469376 21.045094598479245
      vertex 68.46937787125569 -93.36820205186088 21.045094598479245
      vertex 69.75687257862957 -94.17718859469376 22.57527577189112
    endloop
  endfacet
  facet normal 0.5188539805049377 0.8257513795726685 0.2211904293770791
    outer loop
      vertex 68.46937787125569 -93.36820205186088 22.57527577189112
      vertex 68.32164161055515 -93.67497955825515 24.06709210854549
      vertex 69.5445759571916 -94.44340013779677 24.06709210854549
    endloop
  endfacet
  facet normal 0.6895921961391324 0.6895921961391324 0.2211904293770795
    outer loop
      vertex 70.56585912146247 -95.46468330206764 24.06709210854549
      vertex 69.75687257862957 -94.17718859469376 22.57527577189112
      vertex 69.5445759571916 -94.44340013779677 24.06709210854549
    endloop
  endfacet
  facet normal 0.5188539805049371 0.8257513795726686 0.22119042937707964
    outer loop
      vertex 69.75687257862957 -94.17718859469376 22.57527577189112
      vertex 68.46937787125569 -93.36820205186088 22.57527577189112
      vertex 69.5445759571916 -94.44340013779677 24.06709210854549
    endloop
  endfacet
  facet normal 0.5320320765153365 0.8467241992282841 -3.2767987581723413e-18
    outer loop
      vertex 69.75687257862957 -94.17718859469376 22.57527577189112
      vertex 68.46937787125569 -93.36820205186088 21.045094598479245
      vertex 68.46937787125569 -93.36820205186088 22.57527577189112
    endloop
  endfacet
  facet normal 0.330279061955173 0.9438833303083655 -1.918468473111821e-17
    outer loop
      vertex 67.03414690318127 -92.86599301542226 21.045094598479245
      vertex 68.46937787125569 -93.36820205186088 22.57527577189112
      vertex 68.46937787125569 -93.36820205186088 21.045094598479245
    endloop
  endfacet
  facet normal 0.32209825974268746 0.9205039407969502 0.22119042937707975
    outer loop
      vertex 67.03414690318127 -92.86599301542226 22.57527577189112
      vertex 68.32164161055515 -93.67497955825515 24.06709210854549
      vertex 68.46937787125569 -93.36820205186088 22.57527577189112
    endloop
  endfacet
  facet normal 0.7071067811865475 0.7071067811865475 2.8773942102122727e-17
    outer loop
      vertex 70.83207066456548 -95.25238668062967 21.045094598479245
      vertex 69.75687257862957 -94.17718859469376 21.045094598479245
      vertex 69.75687257862957 -94.17718859469376 22.57527577189112
    endloop
  endfacet
  facet normal 0.47991096090746516 0.763773918927513 0.4316652295089128
    outer loop
      vertex 69.13062815338803 -94.96247426562903 25.445737708039985
      vertex 68.32164161055515 -93.67497955825515 24.06709210854549
      vertex 68.03357720215847 -94.2731514658818 25.445737708039985
    endloop
  endfacet
  facet normal 0.47991096090747737 0.7637739189275106 0.43166522950890335
    outer loop
      vertex 69.13062815338803 -94.96247426562903 25.445737708039985
      vertex 69.5445759571916 -94.44340013779677 24.06709210854549
      vertex 68.32164161055515 -93.67497955825515 24.06709210854549
    endloop
  endfacet
  facet normal 0.41697668499140866 0.6636145925800156 0.6210846292482495
    outer loop
      vertex 69.13062815338803 -94.96247426562903 25.445737708039985
      vertex 68.03357720215847 -94.2731514658818 25.445737708039985
      vertex 67.6196293983549 -95.13272293754402 26.642081523293257
    endloop
  endfacet
  facet normal -0.1330835205988711 0.6091378052680547 0.7818183361486396
    outer loop
      vertex 62.173707799223564 -97.31982496730541 28.237420587447822
      vertex 64.44795006221223 -94.7753605023204 26.642081523293257
      vertex 61.91398922058647 -96.18192352529906 27.306637800502912
    endloop
  endfacet
  facet normal -0.24920292229314459 0.7426341625350538 0.621604700880243
    outer loop
      vertex 61.70687056552503 -95.27447740612807 26.13947310269484
      vertex 61.91398922058647 -96.18192352529906 27.306637800502912
      vertex 64.44795006221223 -94.7753605023204 26.642081523293257
    endloop
  endfacet
  facet normal 0.2207394834373511 0.02487136655091543 0.9750156386323767
    outer loop
      vertex 63.70939280365168 -100.77777777777779 29.217340658547545
      vertex 66.28823873485408 -99.4861111111111 28.600551952789008
      vertex 63.69067824913583 -100.61168151249487 29.217340658547545
    endloop
  endfacet
  facet normal 0.2224706022852231 0.021267952233865125 0.9747073947224512
    outer loop
      vertex 63.70939280365168 -100.77777777777779 29.217340658547545
      vertex 65.16482337599741 -100.77777777777779 28.88514812798171
      vertex 66.28823873485408 -99.4861111111111 28.600551952789008
    endloop
  endfacet
  facet normal 0.19887256430054584 0.06958851997560529 0.9775516053161235
    outer loop
      vertex 63.69067824913583 -100.61168151249487 29.217340658547545
      vertex 66.21247094789538 -99.15415074658748 28.600551952789008
      vertex 63.63547301149686 -100.45391400751085 29.217340658547545
    endloop
  endfacet
  facet normal 0.15516841069781526 0.15516841069781842 0.9756257113478648
    outer loop
      vertex 63.546545311867 -100.31238638430533 29.217340658547545
      vertex 66.00017432645741 -98.88793920348446 28.600551952789008
      vertex 63.760215394825366 -100.02563948311783 29.137751829334718
    endloop
  endfacet
  facet normal 0.17769814080388452 0.11165514217140307 0.9777302797712295
    outer loop
      vertex 63.63547301149686 -100.45391400751085 29.217340658547545
      vertex 66.21247094789538 -99.15415074658748 28.600551952789008
      vertex 63.546545311867 -100.31238638430533 29.217340658547545
    endloop
  endfacet
  facet normal 0.2207394834373521 0.024871366550913255 0.9750156386323765
    outer loop
      vertex 63.69067824913583 -100.61168151249487 29.217340658547545
      vertex 66.28823873485408 -99.4861111111111 28.600551952789008
      vertex 66.26905631647533 -99.31586243919611 28.600551952789008
    endloop
  endfacet
  facet normal 0.15000214188697242 0.16496263245324597 0.9748264908810265
    outer loop
      vertex 63.760215394825366 -100.02563948311783 29.137751829334718
      vertex 66.00017432645741 -98.88793920348446 28.600551952789008
      vertex 64.19503121362929 -99.61542859460106 29.001427290126173
    endloop
  endfacet
  facet normal 0.1988725643005446 0.06958851997560735 0.9775516053161235
    outer loop
      vertex 63.69067824913583 -100.61168151249487 29.217340658547545
      vertex 66.26905631647533 -99.31586243919611 28.600551952789008
      vertex 66.21247094789538 -99.15415074658748 28.600551952789008
    endloop
  endfacet
  facet normal 0.17769814080388274 0.11165514217140719 0.9777302797712293
    outer loop
      vertex 63.546545311867 -100.31238638430533 29.217340658547545
      vertex 66.21247094789538 -99.15415074658748 28.600551952789008
      vertex 66.12132005577477 -99.00908493280183 28.600551952789008
    endloop
  endfacet
  facet normal 0.15516841069781648 0.1551684106978166 0.9756257113478649
    outer loop
      vertex 63.546545311867 -100.31238638430533 29.217340658547545
      vertex 66.12132005577477 -99.00908493280183 28.600551952789008
      vertex 66.00017432645741 -98.88793920348446 28.600551952789008
    endloop
  endfacet
  facet normal 0.3192981649851857 -0.2006283343495232 0.9261732847006704
    outer loop
      vertex 64.94677064657375 -101.7331292068001 28.88514812798171
      vertex 67.28766903383129 -100.89326956157062 28.260054608959027
      vertex 67.55655102384921 -100.46534632585897 28.260054608959027
    endloop
  endfacet
  facet normal 0.27596264542737503 -0.09656350603908391 0.9563054468265695
    outer loop
      vertex 64.94677064657375 -101.7331292068001 28.88514812798171
      vertex 67.72346970292851 -99.9883201475497 28.260054608959027
      vertex 65.10961813835844 -101.26773781332764 28.88514812798171
    endloop
  endfacet
  facet normal 0.24527431956433451 -0.027635778667316504 0.9690597359810713
    outer loop
      vertex 65.10961813835844 -101.26773781332764 28.88514812798171
      vertex 67.72346970292851 -99.9883201475497 28.260054608959027
      vertex 65.16482337599741 -100.77777777777779 28.88514812798171
    endloop
  endfacet
  facet normal 0.3692634913192942 -0.2320236297096067 0.8998941655745217
    outer loop
      vertex 68.3655375666821 -101.75284103323285 27.59613387991179
      vertex 67.55655102384921 -100.46534632585897 28.260054608959027
      vertex 67.28766903383129 -100.89326956157062 28.260054608959027
    endloop
  endfacet
  facet normal 0.275962645427373 -0.09656350603908027 0.9563054468265705
    outer loop
      vertex 64.94677064657375 -101.7331292068001 28.88514812798171
      vertex 67.55655102384921 -100.46534632585897 28.260054608959027
      vertex 67.72346970292851 -99.9883201475497 28.260054608959027
    endloop
  endfacet
  facet normal 0.22247060228522497 0.0212679522338634 0.9747073947224507
    outer loop
      vertex 65.16482337599741 -100.77777777777779 28.88514812798171
      vertex 67.78005507150844 -99.4861111111111 28.260054608959027
      vertex 66.28823873485408 -99.4861111111111 28.600551952789008
    endloop
  endfacet
  facet normal 0.24527431956433232 -0.027635778667308736 0.9690597359810721
    outer loop
      vertex 65.16482337599741 -100.77777777777779 28.88514812798171
      vertex 67.72346970292851 -99.9883201475497 28.260054608959027
      vertex 67.78005507150844 -99.4861111111111 28.260054608959027
    endloop
  endfacet
  facet normal 0.22245102751622495 0.025064211254048382 0.9746216320558395
    outer loop
      vertex 66.28823873485408 -99.4861111111111 28.600551952789008
      vertex 67.72346970292851 -98.98390207467249 28.260054608959027
      vertex 66.26905631647533 -99.31586243919611 28.600551952789008
    endloop
  endfacet
  facet normal 0.22245102751622467 0.025064211254049267 0.9746216320558395
    outer loop
      vertex 66.28823873485408 -99.4861111111111 28.600551952789008
      vertex 67.78005507150844 -99.4861111111111 28.260054608959027
      vertex 67.72346970292851 -98.98390207467249 28.260054608959027
    endloop
  endfacet
  facet normal 0.04020040360675682 0.356788450202785 0.9333198430076093
    outer loop
      vertex 62.96296296296296 -98.57591736474333 28.88514812798171
      vertex 63.452922998512825 -98.6311226023823 28.88514812798171
      vertex 66.02535718458675 -97.28578955633073 28.260054608959027
    endloop
  endfacet
  facet normal 0.15000214188697253 0.1649626324532456 0.9748264908810264
    outer loop
      vertex 64.19503121362929 -99.61542859460106 29.001427290126173
      vertex 66.00017432645741 -98.88793920348446 28.600551952789008
      vertex 64.3358004756064 -99.0562939868674 28.88514812798171
    endloop
  endfacet
  facet normal 0.09343067750039502 0.267009535845219 0.9591541149729473
    outer loop
      vertex 63.91831439198528 -98.79397009416698 28.88514812798171
      vertex 66.50238336289601 -97.45270823541003 28.260054608959027
      vertex 63.452922998512825 -98.6311226023823 28.88514812798171
    endloop
  endfacet
  facet normal 0.12854736598528518 0.20458196099696 0.9703719884316959
    outer loop
      vertex 64.3358004756064 -99.0562939868674 28.88514812798171
      vertex 66.93030659860766 -97.72159022542795 28.260054608959027
      vertex 63.91831439198528 -98.79397009416698 28.88514812798171
    endloop
  endfacet
  facet normal -0.008251914501497731 0.43386896640624406 0.9009381920512846
    outer loop
      vertex 62.96296296296296 -98.57591736474333 28.88514812798171
      vertex 65.52314814814814 -97.2292041877508 28.260054608959027
      vertex 62.96296296296296 -97.23089726767554 28.237420587447822
    endloop
  endfacet
  facet normal 0.04020040360674755 0.3567884502028039 0.9333198430076026
    outer loop
      vertex 62.96296296296296 -98.57591736474333 28.88514812798171
      vertex 66.02535718458675 -97.28578955633073 28.260054608959027
      vertex 65.52314814814814 -97.2292041877508 28.260054608959027
    endloop
  endfacet
  facet normal 0.09343067750039873 0.2670095358452105 0.9591541149729493
    outer loop
      vertex 63.452922998512825 -98.6311226023823 28.88514812798171
      vertex 66.50238336289601 -97.45270823541003 28.260054608959027
      vertex 66.02535718458675 -97.28578955633073 28.260054608959027
    endloop
  endfacet
  facet normal 0.1895464967280808 0.11909995762771415 0.9746216320558397
    outer loop
      vertex 66.21247094789538 -99.15415074658748 28.600551952789008
      vertex 67.28766903383129 -98.07895266065158 28.260054608959027
      vertex 66.12132005577477 -99.00908493280183 28.600551952789008
    endloop
  endfacet
  facet normal 0.15000214188697247 0.16496263245324638 0.9748264908810264
    outer loop
      vertex 64.3358004756064 -99.0562939868674 28.88514812798171
      vertex 66.00017432645741 -98.88793920348446 28.600551952789008
      vertex 66.93030659860766 -97.72159022542795 28.260054608959027
    endloop
  endfacet
  facet normal 0.15829193651101095 0.15829193651101095 0.9746216320558395
    outer loop
      vertex 66.00017432645741 -98.88793920348446 28.600551952789008
      vertex 66.12132005577477 -99.00908493280183 28.600551952789008
      vertex 66.93030659860766 -97.72159022542795 28.260054608959027
    endloop
  endfacet
  facet normal 0.21129640412196196 0.07393580955085459 0.9746216320558395
    outer loop
      vertex 66.26905631647533 -99.31586243919611 28.600551952789008
      vertex 67.72346970292851 -98.98390207467249 28.260054608959027
      vertex 66.21247094789538 -99.15415074658748 28.600551952789008
    endloop
  endfacet
  facet normal 0.21129640412196232 0.07393580955085238 0.9746216320558397
    outer loop
      vertex 66.21247094789538 -99.15415074658748 28.600551952789008
      vertex 67.72346970292851 -98.98390207467249 28.260054608959027
      vertex 67.55655102384921 -98.50687589636323 28.260054608959027
    endloop
  endfacet
  facet normal 0.18954649672808127 0.11909995762771354 0.9746216320558395
    outer loop
      vertex 66.21247094789538 -99.15415074658748 28.600551952789008
      vertex 67.55655102384921 -98.50687589636323 28.260054608959027
      vertex 67.28766903383129 -98.07895266065158 28.260054608959027
    endloop
  endfacet
  facet normal 0.1582919365110109 0.1582919365110109 0.9746216320558394
    outer loop
      vertex 66.12132005577477 -99.00908493280183 28.600551952789008
      vertex 67.28766903383129 -98.07895266065158 28.260054608959027
      vertex 66.93030659860766 -97.72159022542795 28.260054608959027
    endloop
  endfacet
  facet normal 0.3083751698539743 0.30837516985397434 0.8998941655745218
    outer loop
      vertex 66.93030659860766 -97.72159022542795 28.260054608959027
      vertex 68.3655375666821 -97.21938118898935 27.59613387991179
      vertex 67.78987807026989 -96.64372169257715 27.59613387991179
    endloop
  endfacet
  facet normal 0.12854736598528352 0.20458196099696435 0.9703719884316953
    outer loop
      vertex 63.91831439198528 -98.79397009416698 28.88514812798171
      vertex 66.93030659860766 -97.72159022542795 28.260054608959027
      vertex 66.50238336289601 -97.45270823541003 28.260054608959027
    endloop
  endfacet
  facet normal 0.30837516985397434 0.30837516985397434 0.8998941655745217
    outer loop
      vertex 66.93030659860766 -97.72159022542795 28.260054608959027
      vertex 67.28766903383129 -98.07895266065158 28.260054608959027
      vertex 68.3655375666821 -97.21938118898935 27.59613387991179
    endloop
  endfacet
  facet normal 0.2320236297096072 0.369263491319295 0.8998941655745214
    outer loop
      vertex 66.50238336289601 -97.45270823541003 28.260054608959027
      vertex 66.93030659860766 -97.72159022542795 28.260054608959027
      vertex 67.10055527052265 -96.21059147039483 27.59613387991179
    endloop
  endfacet
  facet normal 0.3692634913192958 -0.23202362970960566 0.8998941655745215
    outer loop
      vertex 68.3655375666821 -101.75284103323285 27.59613387991179
      vertex 68.7986677888644 -101.06351823348561 27.59613387991179
      vertex 67.55655102384921 -100.46534632585897 28.260054608959027
    endloop
  endfacet
  facet normal 0.41163539941980726 -0.1440374559252966 0.8998941655745212
    outer loop
      vertex 67.55655102384921 -100.46534632585897 28.260054608959027
      vertex 68.7986677888644 -101.06351823348561 27.59613387991179
      vertex 69.06754977888232 -100.29509765394398 27.59613387991179
    endloop
  endfacet
  facet normal 0.5907694539661444 -0.20671917261633846 0.7799093767440932
    outer loop
      vertex 69.87653632171522 -101.58259236131786 26.642081523293257
      vertex 70.23389875693884 -100.561309197047 26.642081523293257
      vertex 69.06754977888232 -100.29509765394398 27.59613387991179
    endloop
  endfacet
  facet normal 0.5907694539661417 -0.20671917261634118 0.7799093767440947
    outer loop
      vertex 69.87653632171522 -101.58259236131786 26.642081523293257
      vertex 69.06754977888232 -100.29509765394398 27.59613387991179
      vertex 68.7986677888644 -101.06351823348561 27.59613387991179
    endloop
  endfacet
  facet normal 0.43336618975367297 -0.04882864265285636 0.899894165574521
    outer loop
      vertex 67.72346970292851 -99.9883201475497 28.260054608959027
      vertex 69.06754977888232 -100.29509765394398 27.59613387991179
      vertex 69.15870067100293 -99.4861111111111 27.59613387991179
    endloop
  endfacet
  facet normal 0.4333661897536707 0.04882864265285606 0.8998941655745221
    outer loop
      vertex 69.15870067100293 -99.4861111111111 27.59613387991179
      vertex 69.06754977888232 -98.67712456827822 27.59613387991179
      vertex 67.78005507150844 -99.4861111111111 28.260054608959027
    endloop
  endfacet
  facet normal 0.6219569736932719 -0.07007772071740104 0.7799093767440938
    outer loop
      vertex 69.06754977888232 -100.29509765394398 27.59613387991179
      vertex 70.23389875693884 -100.561309197047 26.642081523293257
      vertex 70.35504448625622 -99.4861111111111 26.642081523293257
    endloop
  endfacet
  facet normal 0.6219569736932707 -0.0700777207173977 0.779909376744095
    outer loop
      vertex 69.06754977888232 -100.29509765394398 27.59613387991179
      vertex 70.35504448625622 -99.4861111111111 26.642081523293257
      vertex 69.15870067100293 -99.4861111111111 27.59613387991179
    endloop
  endfacet
  facet normal 0.6219569736932707 0.0700777207173977 0.779909376744095
    outer loop
      vertex 69.15870067100293 -99.4861111111111 27.59613387991179
      vertex 70.35504448625622 -99.4861111111111 26.642081523293257
      vertex 69.06754977888232 -98.67712456827822 27.59613387991179
    endloop
  endfacet
  facet normal 0.41163539941980737 -0.1440374559252976 0.8998941655745211
    outer loop
      vertex 67.55655102384921 -100.46534632585897 28.260054608959027
      vertex 69.06754977888232 -100.29509765394398 27.59613387991179
      vertex 67.72346970292851 -99.9883201475497 28.260054608959027
    endloop
  endfacet
  facet normal 0.4333661897536709 -0.04882864265284861 0.8998941655745223
    outer loop
      vertex 67.72346970292851 -99.9883201475497 28.260054608959027
      vertex 69.15870067100293 -99.4861111111111 27.59613387991179
      vertex 67.78005507150844 -99.4861111111111 28.260054608959027
    endloop
  endfacet
  facet normal 0.41163539941980865 0.14403745592529707 0.8998941655745205
    outer loop
      vertex 67.72346970292851 -98.98390207467249 28.260054608959027
      vertex 69.06754977888232 -98.67712456827822 27.59613387991179
      vertex 68.7986677888644 -97.90870398873659 27.59613387991179
    endloop
  endfacet
  facet normal 0.6219569736932714 0.07007772071740004 0.7799093767440941
    outer loop
      vertex 70.35504448625622 -99.4861111111111 26.642081523293257
      vertex 70.23389875693884 -98.41091302517519 26.642081523293257
      vertex 69.06754977888232 -98.67712456827822 27.59613387991179
    endloop
  endfacet
  facet normal 0.5907694539661421 0.20671917261634132 0.7799093767440943
    outer loop
      vertex 69.06754977888232 -98.67712456827822 27.59613387991179
      vertex 70.23389875693884 -98.41091302517519 26.642081523293257
      vertex 68.7986677888644 -97.90870398873659 27.59613387991179
    endloop
  endfacet
  facet normal 0.43336618975367514 0.0488286426528477 0.8998941655745203
    outer loop
      vertex 67.72346970292851 -98.98390207467249 28.260054608959027
      vertex 67.78005507150844 -99.4861111111111 28.260054608959027
      vertex 69.06754977888232 -98.67712456827822 27.59613387991179
    endloop
  endfacet
  facet normal 0.41163539941980526 0.14403745592530115 0.8998941655745215
    outer loop
      vertex 67.72346970292851 -98.98390207467249 28.260054608959027
      vertex 68.7986677888644 -97.90870398873659 27.59613387991179
      vertex 67.55655102384921 -98.50687589636323 28.260054608959027
    endloop
  endfacet
  facet normal 0.369263491319295 0.2320236297096072 0.8998941655745214
    outer loop
      vertex 67.55655102384921 -98.50687589636323 28.260054608959027
      vertex 68.7986677888644 -97.90870398873659 27.59613387991179
      vertex 67.28766903383129 -98.07895266065158 28.260054608959027
    endloop
  endfacet
  facet normal 0.36926349131929526 0.23202362970960538 0.8998941655745217
    outer loop
      vertex 67.28766903383129 -98.07895266065158 28.260054608959027
      vertex 68.7986677888644 -97.90870398873659 27.59613387991179
      vertex 68.3655375666821 -97.21938118898935 27.59613387991179
    endloop
  endfacet
  facet normal 0.590769453966142 0.2067191726163404 0.7799093767440947
    outer loop
      vertex 68.7986677888644 -97.90870398873659 27.59613387991179
      vertex 70.23389875693884 -98.41091302517519 26.642081523293257
      vertex 69.87653632171522 -97.38962986090434 26.642081523293257
    endloop
  endfacet
  facet normal 0.5299582869787424 0.3329948620162134 0.7799093767440932
    outer loop
      vertex 68.3655375666821 -97.21938118898935 27.59613387991179
      vertex 69.87653632171522 -97.38962986090434 26.642081523293257
      vertex 69.30087682530302 -96.47347302066215 26.642081523293257
    endloop
  endfacet
  facet normal 0.5299582869787428 0.3329948620162097 0.7799093767440947
    outer loop
      vertex 68.7986677888644 -97.90870398873659 27.59613387991179
      vertex 69.87653632171522 -97.38962986090434 26.642081523293257
      vertex 68.3655375666821 -97.21938118898935 27.59613387991179
    endloop
  endfacet
  facet normal -0.1330835205988675 0.6091378052680528 0.7818183361486417
    outer loop
      vertex 62.173707799223564 -97.31982496730541 28.237420587447822
      vertex 64.71416160531525 -95.94170948037691 27.59613387991179
      vertex 64.44795006221223 -94.7753605023204 26.642081523293257
    endloop
  endfacet
  facet normal -0.05696913618067986 0.5056150681005084 0.8608762515208244
    outer loop
      vertex 62.96296296296296 -97.23089726767554 28.237420587447822
      vertex 65.52314814814814 -95.8505585882563 27.59613387991179
      vertex 64.71416160531525 -95.94170948037691 27.59613387991179
    endloop
  endfacet
  facet normal -0.05696913618068038 0.5056150681005087 0.8608762515208239
    outer loop
      vertex 62.173707799223564 -97.31982496730541 28.237420587447822
      vertex 62.96296296296296 -97.23089726767554 28.237420587447822
      vertex 64.71416160531525 -95.94170948037691 27.59613387991179
    endloop
  endfacet
  facet normal -0.00825191450149773 0.4338689664062429 0.9009381920512851
    outer loop
      vertex 62.96296296296296 -97.23089726767554 28.237420587447822
      vertex 65.52314814814814 -97.2292041877508 28.260054608959027
      vertex 65.52314814814814 -95.8505585882563 27.59613387991179
    endloop
  endfacet
  facet normal -0.0700777207173977 0.6219569736932707 0.779909376744095
    outer loop
      vertex 64.71416160531525 -95.94170948037691 27.59613387991179
      vertex 65.52314814814814 -95.8505585882563 27.59613387991179
      vertex 65.52314814814814 -94.65421477300302 26.642081523293257
    endloop
  endfacet
  facet normal -0.07007772071740008 0.6219569736932715 0.7799093767440941
    outer loop
      vertex 64.71416160531525 -95.94170948037691 27.59613387991179
      vertex 65.52314814814814 -94.65421477300302 26.642081523293257
      vertex 64.44795006221223 -94.7753605023204 26.642081523293257
    endloop
  endfacet
  facet normal 0.04882864265285636 0.43336618975367325 0.8998941655745207
    outer loop
      vertex 66.02535718458675 -97.28578955633073 28.260054608959027
      vertex 66.33213469098102 -95.94170948037691 27.59613387991179
      vertex 65.52314814814814 -95.8505585882563 27.59613387991179
    endloop
  endfacet
  facet normal 0.14403745592529707 0.41163539941980865 0.8998941655745205
    outer loop
      vertex 66.02535718458675 -97.28578955633073 28.260054608959027
      vertex 67.10055527052265 -96.21059147039483 27.59613387991179
      vertex 66.33213469098102 -95.94170948037691 27.59613387991179
    endloop
  endfacet
  facet normal 0.23202362970960538 0.36926349131929526 0.8998941655745217
    outer loop
      vertex 66.93030659860766 -97.72159022542795 28.260054608959027
      vertex 67.78987807026989 -96.64372169257715 27.59613387991179
      vertex 67.10055527052265 -96.21059147039483 27.59613387991179
    endloop
  endfacet
  facet normal 0.3329948620162097 0.5299582869787428 0.7799093767440947
    outer loop
      vertex 67.10055527052265 -96.21059147039483 27.59613387991179
      vertex 67.78987807026989 -96.64372169257715 27.59613387991179
      vertex 67.6196293983549 -95.13272293754402 26.642081523293257
    endloop
  endfacet
  facet normal 0.048828642652847226 0.4333661897536709 0.8998941655745224
    outer loop
      vertex 65.52314814814814 -97.2292041877508 28.260054608959027
      vertex 66.02535718458675 -97.28578955633073 28.260054608959027
      vertex 65.52314814814814 -95.8505585882563 27.59613387991179
    endloop
  endfacet
  facet normal 0.14403745592530115 0.41163539941980526 0.8998941655745215
    outer loop
      vertex 66.02535718458675 -97.28578955633073 28.260054608959027
      vertex 66.50238336289601 -97.45270823541003 28.260054608959027
      vertex 67.10055527052265 -96.21059147039483 27.59613387991179
    endloop
  endfacet
  facet normal 0.07007772071739783 0.6219569736932719 0.7799093767440939
    outer loop
      vertex 65.52314814814814 -95.8505585882563 27.59613387991179
      vertex 66.33213469098102 -95.94170948037691 27.59613387991179
      vertex 66.59834623408405 -94.7753605023204 26.642081523293257
    endloop
  endfacet
  facet normal 0.07007772071739993 0.6219569736932705 0.7799093767440949
    outer loop
      vertex 65.52314814814814 -95.8505585882563 27.59613387991179
      vertex 66.59834623408405 -94.7753605023204 26.642081523293257
      vertex 65.52314814814814 -94.65421477300302 26.642081523293257
    endloop
  endfacet
  facet normal 0.20671917261634118 0.5907694539661417 0.7799093767440947
    outer loop
      vertex 67.10055527052265 -96.21059147039483 27.59613387991179
      vertex 67.6196293983549 -95.13272293754402 26.642081523293257
      vertex 66.33213469098102 -95.94170948037691 27.59613387991179
    endloop
  endfacet
  facet normal 0.2067191726163405 0.5907694539661422 0.7799093767440943
    outer loop
      vertex 66.33213469098102 -95.94170948037691 27.59613387991179
      vertex 67.6196293983549 -95.13272293754402 26.642081523293257
      vertex 66.59834623408405 -94.7753605023204 26.642081523293257
    endloop
  endfacet
  facet normal 0.44257279856913934 0.44257279856913934 0.7799093767440934
    outer loop
      vertex 68.3655375666821 -97.21938118898935 27.59613387991179
      vertex 69.30087682530302 -96.47347302066215 26.642081523293257
      vertex 67.78987807026989 -96.64372169257715 27.59613387991179
    endloop
  endfacet
  facet normal 0.44257279856913934 0.4425727985691393 0.7799093767440933
    outer loop
      vertex 67.78987807026989 -96.64372169257715 27.59613387991179
      vertex 69.30087682530302 -96.47347302066215 26.642081523293257
      vertex 68.53578623859708 -95.70838243395622 26.642081523293257
    endloop
  endfacet
  facet normal 0.3329948620162135 0.5299582869787424 0.7799093767440932
    outer loop
      vertex 67.6196293983549 -95.13272293754402 26.642081523293257
      vertex 67.78987807026989 -96.64372169257715 27.59613387991179
      vertex 68.53578623859708 -95.70838243395622 26.642081523293257
    endloop
  endfacet
  facet normal -0.07007772071739206 -0.6219569736932761 -0.7799093767440911
    outer loop
      vertex 59.352250601182924 -106.35595789616677 18.77880592228744
      vertex 60.375 -105.33320849734969 17.871292705016153
      vertex 60.375 -106.47119407771255 18.77880592228744
    endloop
  endfacet
  facet normal 0.08922523476044719 -0.7918958610607614 -0.6041024769993734
    outer loop
      vertex 60.375 -107.37870729498385 19.916791502650312
      vertex 64.2190553604009 -106.2810781494275 19.04571208249035
      vertex 61.59969008750198 -107.24071786235848 19.916791502650312
    endloop
  endfacet
  facet normal 0.17924662050672946 -0.8830087694323479 -0.43378123765613363
    outer loop
      vertex 61.59969008750198 -107.24071786235848 19.916791502650312
      vertex 64.36318829766972 -106.91256580818288 20.390732179558146
      vertex 61.74021970133909 -107.85641832964497 21.228186097291413
    endloop
  endfacet
  facet normal 0.07873627679472504 -0.7794042712576168 -0.62155416550924
    outer loop
      vertex 60.375 -107.37870729498385 19.916791502650312
      vertex 60.375 -106.47119407771255 18.77880592228744
      vertex 62.96296296296296 -105.4918229856881 17.878547384682278
    endloop
  endfacet
  facet normal 0.07873627679472799 -0.7794042712576184 -0.6215541655092377
    outer loop
      vertex 60.375 -107.37870729498385 19.916791502650312
      vertex 62.96296296296296 -105.4918229856881 17.878547384682278
      vertex 62.96296296296296 -106.42260577263302 19.04571208249035
    endloop
  endfacet
  facet normal 0.08922523476045162 -0.7918958610607686 -0.6041024769993631
    outer loop
      vertex 60.375 -107.37870729498385 19.916791502650312
      vertex 62.96296296296296 -106.42260577263302 19.04571208249035
      vertex 64.2190553604009 -106.2810781494275 19.04571208249035
    endloop
  endfacet
  facet normal 0.3302790619551656 -0.9438833303083681 0
    outer loop
      vertex 61.812291498690044 -108.17218550565524 22.6472309053285
      vertex 63.17751120002914 -107.69447447099412 24.1027690946715
      vertex 61.812291498690044 -108.17218550565524 24.1027690946715
    endloop
  endfacet
  facet normal 0.3302790619551656 -0.9438833303083681 -1.0573284128508075e-17
    outer loop
      vertex 61.812291498690044 -108.17218550565524 22.6472309053285
      vertex 63.17751120002914 -107.69447447099412 22.6472309053285
      vertex 63.17751120002914 -107.69447447099412 24.1027690946715
    endloop
  endfacet
  facet normal 0.26652716355521683 -0.937857805174258 -0.2222296297997505
    outer loop
      vertex 61.74021970133909 -107.85641832964497 21.228186097291413
      vertex 64.36318829766972 -106.91256580818288 20.390732179558146
      vertex 61.812291498690044 -108.17218550565524 22.6472309053285
    endloop
  endfacet
  facet normal -0.15061875477456316 -0.4304436709427628 -0.8899619300034572
    outer loop
      vertex 59.60547621535409 -105.24650399021057 17.871292705016153
      vertex 58.874539566521804 -104.99073819482767 17.871292705016153
      vertex 62.173707799223564 -104.23573058825016 16.94776459773737
    endloop
  endfacet
  facet normal -0.16607647578788765 -0.4014512178391943 -0.9006972431873558
    outer loop
      vertex 58.874539566521804 -104.99073819482767 17.871292705016153
      vertex 59.443532356703244 -103.80921249152053 17.23975835299561
      vertex 61.42402918503661 -103.97340669554976 16.94776459773737
    endloop
  endfacet
  facet normal -0.150618754774563 -0.43044367094276326 -0.889961930003457
    outer loop
      vertex 58.874539566521804 -104.99073819482767 17.871292705016153
      vertex 61.42402918503661 -103.97340669554976 16.94776459773737
      vertex 62.173707799223564 -104.23573058825016 16.94776459773737
    endloop
  endfacet
  facet normal -0.03599825743903576 -0.6230856886166106 -0.7813247404904807
    outer loop
      vertex 60.375 -106.47119407771255 18.77880592228744
      vertex 60.375 -105.33320849734969 17.871292705016153
      vertex 62.96296296296296 -104.32465828788003 16.94776459773737
    endloop
  endfacet
  facet normal -0.035998257439039415 -0.6230856886166078 -0.7813247404904827
    outer loop
      vertex 60.375 -106.47119407771255 18.77880592228744
      vertex 62.96296296296296 -104.32465828788003 16.94776459773737
      vertex 62.96296296296296 -105.4918229856881 17.878547384682278
    endloop
  endfacet
  facet normal -0.06511039668427784 -0.5778707535456054 -0.8135269070167565
    outer loop
      vertex 59.60547621535409 -105.24650399021057 17.871292705016153
      vertex 62.96296296296296 -104.32465828788003 16.94776459773737
      vertex 60.375 -105.33320849734969 17.871292705016153
    endloop
  endfacet
  facet normal -0.06511039668427734 -0.5778707535456065 -0.8135269070167557
    outer loop
      vertex 59.60547621535409 -105.24650399021057 17.871292705016153
      vertex 62.173707799223564 -104.23573058825016 16.94776459773737
      vertex 62.96296296296296 -104.32465828788003 16.94776459773737
    endloop
  endfacet
  facet normal -0.14403745592529643 -0.411635399419806 -0.8998941655745218
    outer loop
      vertex 61.42402918503661 -103.97340669554976 16.94776459773737
      vertex 62.4730029274131 -102.92443295317327 16.30003705720348
      vertex 62.173707799223564 -104.23573058825016 16.94776459773737
    endloop
  endfacet
  facet normal -0.24441289300064709 -0.24441289300064709 -0.9383627632584897
    outer loop
      vertex 58.69655330386237 -103.21351657482735 17.23975835299561
      vertex 61.24147917205257 -102.15061529042123 16.30003705720348
      vertex 59.03648342517265 -103.55344669613763 17.23975835299561
    endloop
  endfacet
  facet normal -0.27646333480082547 -0.17371342667245626 -0.9451939853302707
    outer loop
      vertex 58.69655330386237 -103.21351657482735 17.23975835299561
      vertex 58.440787508479474 -102.80646764329676 17.23975835299561
      vertex 60.97915527935216 -101.7331292068001 16.30003705720348
    endloop
  endfacet
  facet normal -0.20494572535357997 -0.3261692534064134 -0.922827647934108
    outer loop
      vertex 59.03648342517265 -103.55344669613763 17.23975835299561
      vertex 62.00761153394065 -102.76158546138858 16.30003705720348
      vertex 59.443532356703244 -103.80921249152053 17.23975835299561
    endloop
  endfacet
  facet normal -0.16607647578788767 -0.40145121783919435 -0.9006972431873559
    outer loop
      vertex 59.443532356703244 -103.80921249152053 17.23975835299561
      vertex 62.00761153394065 -102.76158546138858 16.30003705720348
      vertex 61.42402918503661 -103.97340669554976 16.94776459773737
    endloop
  endfacet
  facet normal -0.24441289300064306 -0.24441289300065291 -0.9383627632584892
    outer loop
      vertex 59.03648342517265 -103.55344669613763 17.23975835299561
      vertex 61.24147917205257 -102.15061529042123 16.30003705720348
      vertex 61.590125450319526 -102.49926156868817 16.30003705720348
    endloop
  endfacet
  facet normal -0.20494572535358016 -0.3261692534064127 -0.9228276479341082
    outer loop
      vertex 59.03648342517265 -103.55344669613763 17.23975835299561
      vertex 61.590125450319526 -102.49926156868817 16.30003705720348
      vertex 62.00761153394065 -102.76158546138858 16.30003705720348
    endloop
  endfacet
  facet normal -0.3051706454030302 -0.10678382726288746 -0.9462917580848879
    outer loop
      vertex 58.440787508479474 -102.80646764329676 17.23975835299561
      vertex 58.282011203989406 -102.35271103466111 17.23975835299561
      vertex 60.97915527935216 -101.7331292068001 16.30003705720348
    endloop
  endfacet
  facet normal -0.33325312147128655 -0.03754860892705942 -0.9420894113603477
    outer loop
      vertex 58.282011203989406 -102.35271103466111 17.23975835299561
      vertex 58.22818609729141 -101.875 17.23975835299561
      vertex 60.81630778756748 -101.26773781332764 16.30003705720348
    endloop
  endfacet
  facet normal -0.27646333480082663 -0.17371342667245457 -0.9451939853302707
    outer loop
      vertex 58.69655330386237 -103.21351657482735 17.23975835299561
      vertex 60.97915527935216 -101.7331292068001 16.30003705720348
      vertex 61.24147917205257 -102.15061529042123 16.30003705720348
    endloop
  endfacet
  facet normal -0.3051706454030308 -0.1067838272628843 -0.946291758084888
    outer loop
      vertex 58.282011203989406 -102.35271103466111 17.23975835299561
      vertex 60.81630778756748 -101.26773781332764 16.30003705720348
      vertex 60.97915527935216 -101.7331292068001 16.30003705720348
    endloop
  endfacet
  facet normal -0.14403745592530215 -0.41163539941980126 -0.8998941655745232
    outer loop
      vertex 61.42402918503661 -103.97340669554976 16.94776459773737
      vertex 62.00761153394065 -102.76158546138858 16.30003705720348
      vertex 62.4730029274131 -102.92443295317327 16.30003705720348
    endloop
  endfacet
  facet normal 0.1792466205067296 -0.8830087694323474 -0.4337812376561349
    outer loop
      vertex 61.59969008750198 -107.24071786235848 19.916791502650312
      vertex 64.2190553604009 -106.2810781494275 19.04571208249035
      vertex 64.36318829766972 -106.91256580818288 20.390732179558146
    endloop
  endfacet
  facet normal 0.08775143105683443 -0.7788154914092523 -0.621084629248255
    outer loop
      vertex 62.96296296296296 -105.4918229856881 17.878547384682278
      vertex 64.01193670533945 -105.37363203025652 17.878547384682278
      vertex 64.2190553604009 -106.2810781494275 19.04571208249035
    endloop
  endfacet
  facet normal 0.08775143105683496 -0.778815491409252 -0.6210846292482555
    outer loop
      vertex 62.96296296296296 -106.42260577263302 19.04571208249035
      vertex 62.96296296296296 -105.4918229856881 17.878547384682278
      vertex 64.2190553604009 -106.2810781494275 19.04571208249035
    endloop
  endfacet
  facet normal 0.266527163555218 -0.9378578051742581 -0.22222962979974928
    outer loop
      vertex 61.812291498690044 -108.17218550565524 22.6472309053285
      vertex 64.36318829766972 -106.91256580818288 20.390732179558146
      vertex 64.43710808982455 -107.23642957844982 21.846162751903876
    endloop
  endfacet
  facet normal 0.3302105213235971 -0.943687452437085 -0.02037164009113203
    outer loop
      vertex 61.812291498690044 -108.17218550565524 22.6472309053285
      vertex 64.43710808982455 -107.23642957844982 21.846162751903876
      vertex 65.83733342453131 -106.74646954289996 21.846162751903876
    endloop
  endfacet
  facet normal 0.32209825974267886 -0.9205039407969525 -0.2211904293770835
    outer loop
      vertex 64.36318829766972 -106.91256580818288 20.390732179558146
      vertex 65.83733342453131 -106.74646954289996 21.846162751903876
      vertex 64.43710808982455 -107.23642957844982 21.846162751903876
    endloop
  endfacet
  facet normal 0.3302105213235983 -0.9436874524370849 -0.020371640091125194
    outer loop
      vertex 61.812291498690044 -108.17218550565524 22.6472309053285
      vertex 65.83733342453131 -106.74646954289996 21.846162751903876
      vertex 63.17751120002914 -107.69447447099412 22.6472309053285
    endloop
  endfacet
  facet normal 0.33572965269358335 -0.9419583856531276 0
    outer loop
      vertex 63.17751120002914 -107.69447447099412 22.6472309053285
      vertex 65.83733342453131 -106.74646954289996 21.846162751903876
      vertex 63.17751120002914 -107.69447447099412 24.1027690946715
    endloop
  endfacet
  facet normal 0.33572965269358324 -0.9419583856531274 5.008388931726751e-18
    outer loop
      vertex 63.17751120002914 -107.69447447099412 24.1027690946715
      vertex 65.83733342453131 -106.74646954289996 21.846162751903876
      vertex 65.83733342453131 -106.74646954289996 23.339022433281315
    endloop
  endfacet
  facet normal 0.3220982597426812 -0.9205039407969509 -0.221190429377086
    outer loop
      vertex 64.36318829766972 -106.91256580818288 20.390732179558146
      vertex 65.69320048726249 -106.44717441471042 20.390732179558146
      vertex 65.83733342453131 -106.74646954289996 21.846162751903876
    endloop
  endfacet
  facet normal 0.38334466345558493 -0.8964515147986104 0.22230958282404545
    outer loop
      vertex 63.17751120002914 -107.69447447099412 24.1027690946715
      vertex 65.69320048726249 -106.44717441471042 24.794453005627044
      vertex 63.03698158619203 -107.40266172100932 25.521813902708587
    endloop
  endfacet
  facet normal 0.3833446634555851 -0.8964515147986105 0.22230958282404498
    outer loop
      vertex 63.17751120002914 -107.69447447099412 24.1027690946715
      vertex 65.83733342453131 -106.74646954289996 23.339022433281315
      vertex 65.69320048726249 -106.44717441471042 24.794453005627044
    endloop
  endfacet
  facet normal 0.4078005728918381 -0.8034365283111529 0.4338069129513851
    outer loop
      vertex 63.03698158619203 -107.40266172100932 25.521813902708587
      vertex 65.69320048726249 -106.44717441471042 24.794453005627044
      vertex 62.76296910015618 -106.83366893082788 26.833208497349688
    endloop
  endfacet
  facet normal 0.4078005728918379 -0.8034365283111532 0.4338069129513848
    outer loop
      vertex 65.41216204004621 -105.86359206580639 26.13947310269484
      vertex 62.76296910015618 -106.83366893082788 26.833208497349688
      vertex 65.69320048726249 -106.44717441471042 24.794453005627044
    endloop
  endfacet
  facet normal 0.2980385380673611 -0.18727002539207804 0.9360037219030279
    outer loop
      vertex 62.053446696137634 -103.21351657482735 29.51024164700439
      vertex 64.68444675387335 -102.15061529042123 28.88514812798171
      vertex 62.309212491520526 -102.80646764329676 29.51024164700439
    endloop
  endfacet
  facet normal 0.40770111421244287 -0.6688442395227416 0.6216326766887164
    outer loop
      vertex 62.76296910015618 -106.83366893082788 26.833208497349688
      vertex 65.0083105241403 -105.02498575198956 27.306637800502912
      vertex 62.3692138721479 -106.01602777485648 27.97119407771256
    endloop
  endfacet
  facet normal 0.4077011142124427 -0.6688442395227415 0.6216326766887165
    outer loop
      vertex 65.41216204004621 -105.86359206580639 26.13947310269484
      vertex 65.0083105241403 -105.02498575198956 27.306637800502912
      vertex 62.76296910015618 -106.83366893082788 26.833208497349688
    endloop
  endfacet
  facet normal 0.4053544928975572 -0.6451179798223636 0.6476963232855939
    outer loop
      vertex 62.3692138721479 -106.01602777485648 27.97119407771256
      vertex 65.90212207559608 -104.46336673109963 27.306637800502912
      vertex 63.24068013481729 -105.46844922948878 27.97119407771256
    endloop
  endfacet
  facet normal 0.4053544928975629 -0.6451179798223888 0.6476963232855654
    outer loop
      vertex 62.3692138721479 -106.01602777485648 27.97119407771256
      vertex 65.0083105241403 -105.02498575198956 27.306637800502912
      vertex 65.90212207559608 -104.46336673109963 27.306637800502912
    endloop
  endfacet
  facet normal 0.4169766849914069 -0.6636145925800107 0.6210846292482559
    outer loop
      vertex 65.41216204004621 -105.86359206580639 26.13947310269484
      vertex 65.90212207559608 -104.46336673109963 27.306637800502912
      vertex 65.0083105241403 -105.02498575198956 27.306637800502912
    endloop
  endfacet
  facet normal 0.38147641961212353 -0.4932218414076219 0.7817978999961498
    outer loop
      vertex 63.24068013481729 -105.46844922948878 27.97119407771256
      vertex 65.90212207559608 -104.46336673109963 27.306637800502912
      vertex 65.17440678942322 -103.55084062512799 28.237420587447822
    endloop
  endfacet
  facet normal 0.3814764196121239 -0.49322184140762215 0.7817978999961493
    outer loop
      vertex 63.24068013481729 -105.46844922948878 27.97119407771256
      vertex 65.17440678942322 -103.55084062512799 28.237420587447822
      vertex 62.531157730798746 -104.57873627616644 28.878707294983847
    endloop
  endfacet
  facet normal 0.34616823119109297 -0.34616823119109297 0.8719719671113632
    outer loop
      vertex 62.531157730798746 -104.57873627616644 28.878707294983847
      vertex 65.73602581031317 -102.98922160423804 28.237420587447822
      vertex 63.078736276166445 -104.03115773079874 28.878707294983847
    endloop
  endfacet
  facet normal 0.34616823119109286 -0.3461682311910929 0.8719719671113633
    outer loop
      vertex 62.531157730798746 -104.57873627616644 28.878707294983847
      vertex 65.17440678942322 -103.55084062512799 28.237420587447822
      vertex 65.73602581031317 -102.98922160423804 28.237420587447822
    endloop
  endfacet
  facet normal 0.32863920848511263 -0.2836955818480524 0.90084021196113
    outer loop
      vertex 63.078736276166445 -104.03115773079874 28.878707294983847
      vertex 65.73602581031317 -102.98922160423804 28.237420587447822
      vertex 62.053446696137634 -103.21351657482735 29.51024164700439
    endloop
  endfacet
  facet normal 0.3286392084851128 -0.28369558184804783 0.9008402119611313
    outer loop
      vertex 62.053446696137634 -103.21351657482735 29.51024164700439
      vertex 65.73602581031317 -102.98922160423804 28.237420587447822
      vertex 64.68444675387335 -102.15061529042123 28.88514812798171
    endloop
  endfacet
  facet normal 0.26521459866924446 -0.09280260181804303 0.9597129225703452
    outer loop
      vertex 62.309212491520526 -102.80646764329676 29.51024164700439
      vertex 65.10961813835844 -101.26773781332764 28.88514812798171
      vertex 62.467988796010594 -102.35271103466111 29.51024164700439
    endloop
  endfacet
  facet normal 0.2980385380673616 -0.18727002539208087 0.9360037219030272
    outer loop
      vertex 62.309212491520526 -102.80646764329676 29.51024164700439
      vertex 64.68444675387335 -102.15061529042123 28.88514812798171
      vertex 64.94677064657375 -101.7331292068001 28.88514812798171
    endloop
  endfacet
  facet normal 0.2652145986692451 -0.0928026018180444 0.9597129225703449
    outer loop
      vertex 62.309212491520526 -102.80646764329676 29.51024164700439
      vertex 64.94677064657375 -101.7331292068001 28.88514812798171
      vertex 65.10961813835844 -101.26773781332764 28.88514812798171
    endloop
  endfacet
  facet normal 0.24072365201831478 -0.027123041576395366 0.9702146484024091
    outer loop
      vertex 62.467988796010594 -102.35271103466111 29.51024164700439
      vertex 65.16482337599741 -100.77777777777779 28.88514812798171
      vertex 62.52181390270859 -101.875 29.51024164700439
    endloop
  endfacet
  facet normal 0.22247903216936424 0.01940552456945886 0.9747443284580666
    outer loop
      vertex 62.52181390270859 -101.875 29.51024164700439
      vertex 65.16482337599741 -100.77777777777779 28.88514812798171
      vertex 62.277423653639524 -101.46399979571406 29.557839801892435
    endloop
  endfacet
  facet normal 0.24072365201831653 -0.027123041576398485 0.9702146484024087
    outer loop
      vertex 62.467988796010594 -102.35271103466111 29.51024164700439
      vertex 65.10961813835844 -101.26773781332764 28.88514812798171
      vertex 65.16482337599741 -100.77777777777779 28.88514812798171
    endloop
  endfacet
  facet normal -0.4041662054918031 0.16026049683850827 -0.9005366463900468
    outer loop
      vertex 57.25926180517233 -100.3745395665218 17.871292705016153
      vertex 59.76733404519099 -99.23884399985143 16.94776459773737
      vertex 58.440787508479474 -100.94353235670324 17.23975835299561
    endloop
  endfacet
  facet normal -0.4397874894441396 0.2763367947292469 -0.8545320005752778
    outer loop
      vertex 57.25926180517233 -100.3745395665218 17.871292705016153
      vertex 57.671263723833555 -99.71884226920126 17.871292705016153
      vertex 59.76733404519099 -99.23884399985143 16.94776459773737
    endloop
  endfacet
  facet normal -0.47278478819694353 0.4068744285038435 -0.7816186688400182
    outer loop
      vertex 57.671263723833555 -99.71884226920126 17.871292705016153
      vertex 56.78155077051121 -99.0093198651827 18.77880592228744
      vertex 59.27737400964113 -97.83861866514466 17.878547384682278
    endloop
  endfacet
  facet normal -0.4899023024304122 0.4899023024304218 -0.7211043392926939
    outer loop
      vertex 56.78155077051121 -99.0093198651827 18.77880592228744
      vertex 57.50931986518271 -98.28155077051122 18.77880592228744
      vertex 60.02380385032985 -97.09218882445595 17.878547384682278
    endloop
  endfacet
  facet normal -0.4899023024304074 0.4899023024304072 -0.7211043392927069
    outer loop
      vertex 56.78155077051121 -99.0093198651827 18.77880592228744
      vertex 60.02380385032985 -97.09218882445595 17.878547384682278
      vertex 59.27737400964113 -97.83861866514466 17.878547384682278
    endloop
  endfacet
  facet normal -0.5054034807848099 0.5966870541022133 -0.6233232556847376
    outer loop
      vertex 57.50931986518271 -98.28155077051122 18.77880592228744
      vertex 56.94349462916205 -97.57202836649267 19.916791502650312
      vertex 59.44347027492404 -96.3644735382831 19.04571208249035
    endloop
  endfacet
  facet normal -0.5099076089948107 0.7433232421564135 -0.43297204062072325
    outer loop
      vertex 56.94349462916205 -97.57202836649267 19.916791502650312
      vertex 57.05194857658399 -97.30171729564476 20.253134256673636
      vertex 59.44347027492404 -96.3644735382831 19.04571208249035
    endloop
  endfacet
  facet normal -0.36307415214845207 0.04090863212430713 -0.9308617748406047
    outer loop
      vertex 58.22818609729141 -101.875 17.23975835299561
      vertex 58.282011203989406 -101.39728896533889 17.23975835299561
      vertex 60.81630778756748 -100.28781774222793 16.30003705720348
    endloop
  endfacet
  facet normal -0.3972167468856532 0.1389921511924768 -0.9071383785842525
    outer loop
      vertex 58.282011203989406 -101.39728896533889 17.23975835299561
      vertex 58.440787508479474 -100.94353235670324 17.23975835299561
      vertex 60.81630778756748 -100.28781774222793 16.30003705720348
    endloop
  endfacet
  facet normal -0.3332531214712867 -0.03754860892705885 -0.9420894113603479
    outer loop
      vertex 58.22818609729141 -101.875 17.23975835299561
      vertex 60.761102549928516 -100.77777777777779 16.30003705720348
      vertex 60.81630778756748 -101.26773781332764 16.30003705720348
    endloop
  endfacet
  facet normal -0.3630741521484518 0.04090863212430645 -0.9308617748406048
    outer loop
      vertex 58.22818609729141 -101.875 17.23975835299561
      vertex 60.81630778756748 -100.28781774222793 16.30003705720348
      vertex 60.761102549928516 -100.77777777777779 16.30003705720348
    endloop
  endfacet
  facet normal -0.3972167468856534 0.13899215119247776 -0.9071383785842523
    outer loop
      vertex 58.440787508479474 -100.94353235670324 17.23975835299561
      vertex 60.94989203315604 -99.83535087509834 16.31087051323379
      vertex 60.81630778756748 -100.28781774222793 16.30003705720348
    endloop
  endfacet
  facet normal -0.4041662054918035 0.16026049683850868 -0.9005366463900465
    outer loop
      vertex 58.440787508479474 -100.94353235670324 17.23975835299561
      vertex 59.76733404519099 -99.23884399985143 16.94776459773737
      vertex 60.336036352290044 -99.54797197580322 16.637514862041034
    endloop
  endfacet
  facet normal -0.4041662054918021 0.16026049683850632 -0.9005366463900475
    outer loop
      vertex 58.440787508479474 -100.94353235670324 17.23975835299561
      vertex 60.336036352290044 -99.54797197580322 16.637514862041034
      vertex 60.94989203315604 -99.83535087509834 16.31087051323379
    endloop
  endfacet
  facet normal -0.4397874894441397 0.2763367947292477 -0.8545320005752776
    outer loop
      vertex 57.671263723833555 -99.71884226920126 17.871292705016153
      vertex 60.189900115612765 -98.56633395131753 16.94776459773737
      vertex 59.76733404519099 -99.23884399985143 16.94776459773737
    endloop
  endfacet
  facet normal -0.47278478819694547 0.4068744285038452 -0.7816186688400162
    outer loop
      vertex 57.671263723833555 -99.71884226920126 17.871292705016153
      vertex 59.27737400964113 -97.83861866514466 17.878547384682278
      vertex 60.189900115612765 -98.56633395131753 16.94776459773737
    endloop
  endfacet
  facet normal -0.5054034807848105 0.5966870541022139 -0.6233232556847366
    outer loop
      vertex 57.50931986518271 -98.28155077051122 18.77880592228744
      vertex 59.44347027492404 -96.3644735382831 19.04571208249035
      vertex 60.02380385032985 -97.09218882445595 17.878547384682278
    endloop
  endfacet
  facet normal -0.5099076089948119 0.7433232421564093 -0.432972040620729
    outer loop
      vertex 57.05194857658399 -97.30171729564476 20.253134256673636
      vertex 59.039618759018126 -95.8580597550321 20.390732179558146
      vertex 59.44347027492404 -96.3644735382831 19.04571208249035
    endloop
  endfacet
  facet normal -0.5099076089948087 0.7433232421564059 -0.4329720406207386
    outer loop
      vertex 57.05194857658399 -97.30171729564476 20.253134256673636
      vertex 56.80034913117254 -96.95545861784711 21.14389522610386
      vertex 59.039618759018126 -95.8580597550321 20.390732179558146
    endloop
  endfacet
  facet normal -0.5024613137495109 0.7996625998836296 -0.328743599987087
    outer loop
      vertex 59.039618759018126 -95.8580597550321 20.390732179558146
      vertex 56.80034913117254 -96.95545861784711 21.14389522610386
      vertex 59.68184553707585 -95.37925254756037 20.57382351804878
    endloop
  endfacet
  facet normal -0.5024613137495118 0.7996625998836485 -0.3287435999870392
    outer loop
      vertex 59.68184553707585 -95.37925254756037 20.57382351804878
      vertex 56.80034913117254 -96.95545861784711 21.14389522610386
      vertex 57.71301841380797 -96.34733827899068 21.228186097291413
    endloop
  endfacet
  facet normal -0.48865002638073496 0.8437878007919939 -0.22190831204062078
    outer loop
      vertex 57.71301841380797 -96.34733827899068 21.228186097291413
      vertex 57.57248879997086 -96.05552552900588 22.6472309053285
      vertex 60.088592501394615 -94.80908601265561 21.846162751903876
    endloop
  endfacet
  facet normal -0.443902079061252 0.8960753005217239 0
    outer loop
      vertex 57.57248879997086 -96.05552552900588 22.6472309053285
      vertex 57.57248879997086 -96.05552552900588 24.1027690946715
      vertex 60.088592501394615 -94.80908601265561 23.339022433281315
    endloop
  endfacet
  facet normal -0.37779919536904155 0.8988181154404554 0.22224707722391548
    outer loop
      vertex 57.57248879997086 -96.05552552900588 24.1027690946715
      vertex 57.675002404367255 -96.11037529699381 24.498857643732176
      vertex 60.232725438663444 -95.10838114084515 24.794453005627044
    endloop
  endfacet
  facet normal -0.37779919536904144 0.8988181154404561 0.2222470772239128
    outer loop
      vertex 57.675002404367255 -96.11037529699381 24.498857643732176
      vertex 57.77232998987768 -96.31817437230575 25.50469249900894
      vertex 60.232725438663444 -95.10838114084515 24.794453005627044
    endloop
  endfacet
  facet normal -0.4886500263807372 0.8437878007919966 -0.22190831204060535
    outer loop
      vertex 59.68184553707585 -95.37925254756037 20.57382351804878
      vertex 57.71301841380797 -96.34733827899068 21.228186097291413
      vertex 59.55944186481478 -95.17785795321905 21.60914687938413
    endloop
  endfacet
  facet normal -0.48865002638071936 0.8437878007919899 -0.22190831204067
    outer loop
      vertex 57.71301841380797 -96.34733827899068 21.228186097291413
      vertex 60.088592501394615 -94.80908601265561 21.846162751903876
      vertex 59.55944186481478 -95.17785795321905 21.60914687938413
    endloop
  endfacet
  facet normal -0.44390207906125206 0.8960753005217239 -2.6804511659066676e-17
    outer loop
      vertex 57.57248879997086 -96.05552552900588 22.6472309053285
      vertex 60.088592501394615 -94.80908601265561 23.339022433281315
      vertex 60.088592501394615 -94.80908601265561 21.846162751903876
    endloop
  endfacet
  facet normal -0.2945777282818045 0.8525011407490197 0.4318168211428907
    outer loop
      vertex 59.00978029866091 -95.89358167035503 25.521813902708587
      vertex 59.15030991249802 -96.50928213764152 26.833208497349688
      vertex 60.57765826333002 -95.65568668467303 26.121735373338893
    endloop
  endfacet
  facet normal -0.3777991953690419 0.8988181154404544 0.22224707722391837
    outer loop
      vertex 57.57248879997086 -96.05552552900588 24.1027690946715
      vertex 60.232725438663444 -95.10838114084515 24.794453005627044
      vertex 60.088592501394615 -94.80908601265561 23.339022433281315
    endloop
  endfacet
  facet normal -0.2996413583369918 0.8563258037944811 0.4206199877914725
    outer loop
      vertex 57.77232998987768 -96.31817437230575 25.50469249900894
      vertex 59.00978029866091 -95.89358167035503 25.521813902708587
      vertex 60.37663322107178 -95.22401496633854 25.13238500145041
    endloop
  endfacet
  facet normal -0.2996413583370032 0.8563258037944956 0.42061998779143467
    outer loop
      vertex 57.77232998987768 -96.31817437230575 25.50469249900894
      vertex 60.37663322107178 -95.22401496633854 25.13238500145041
      vertex 60.232725438663444 -95.10838114084515 24.794453005627044
    endloop
  endfacet
  facet normal -0.2945777282818053 0.8525011407490181 0.43181682114289344
    outer loop
      vertex 59.00978029866091 -95.89358167035503 25.521813902708587
      vertex 60.57765826333002 -95.65568668467303 26.121735373338893
      vertex 60.37663322107178 -95.22401496633854 25.13238500145041
    endloop
  endfacet
  facet normal -0.29457772828179785 0.8525011407490171 0.4318168211429007
    outer loop
      vertex 60.57765826333002 -95.65568668467303 26.121735373338893
      vertex 59.15030991249802 -96.50928213764152 26.833208497349688
      vertex 61.70687056552503 -95.27447740612807 26.13947310269484
    endloop
  endfacet
  facet normal 0.22028830854186535 0.024820531349031946 0.9751189683024917
    outer loop
      vertex 62.01834429639209 -101.48960127367734 29.617482657016367
      vertex 63.70939280365168 -100.77777777777779 29.217340658547545
      vertex 63.69067824913583 -100.61168151249487 29.217340658547545
    endloop
  endfacet
  facet normal 0.16960211609893683 0.1442127848045505 0.9749039926647542
    outer loop
      vertex 62.053446696137634 -100.53648342517265 29.51024164700439
      vertex 63.546545311867 -100.31238638430533 29.217340658547545
      vertex 63.760215394825366 -100.02563948311783 29.137751829334718
    endloop
  endfacet
  facet normal 0.0447198392129184 0.39689955061573867 0.9167719905744259
    outer loop
      vertex 60.85271103466111 -99.78201120398941 29.51024164700439
      vertex 63.452922998512825 -98.6311226023823 28.88514812798171
      vertex 60.607128201165764 -99.62483296899173 29.454173675318664
    endloop
  endfacet
  facet normal 0.10105124713668628 0.2887878726388626 0.9520452773208008
    outer loop
      vertex 60.85271103466111 -99.78201120398941 29.51024164700439
      vertex 61.306467643296756 -99.94078750847947 29.51024164700439
      vertex 63.452922998512825 -98.6311226023823 28.88514812798171
    endloop
  endfacet
  facet normal 0.16173188159810717 0.16173188159811056 0.9734914467777672
    outer loop
      vertex 62.053446696137634 -100.53648342517265 29.51024164700439
      vertex 64.19503121362929 -99.61542859460106 29.001427290126173
      vertex 61.71351657482735 -100.19655330386237 29.51024164700439
    endloop
  endfacet
  facet normal 0.13618832665234112 0.2167424802358139 0.9666826971374128
    outer loop
      vertex 61.306467643296756 -99.94078750847947 29.51024164700439
      vertex 61.71351657482735 -100.19655330386237 29.51024164700439
      vertex 64.3358004756064 -99.0562939868674 28.88514812798171
    endloop
  endfacet
  facet normal 0.1361883266523429 0.21674248023580822 0.9666826971374138
    outer loop
      vertex 61.306467643296756 -99.94078750847947 29.51024164700439
      vertex 64.3358004756064 -99.0562939868674 28.88514812798171
      vertex 63.91831439198528 -98.79397009416698 28.88514812798171
    endloop
  endfacet
  facet normal 0.20142794573890507 0.0704826866138959 0.9769641618621904
    outer loop
      vertex 61.54000949100496 -101.52056499684701 29.726331017787995
      vertex 63.69067824913583 -100.61168151249487 29.217340658547545
      vertex 61.48594317393463 -101.36605233984771 29.726331017787977
    endloop
  endfacet
  facet normal 0.22247903216935452 0.019405524569484224 0.9747443284580684
    outer loop
      vertex 62.01834429639209 -101.48960127367734 29.617482657016367
      vertex 62.277423653639524 -101.46399979571406 29.557839801892435
      vertex 63.70939280365168 -100.77777777777779 29.217340658547545
    endloop
  endfacet
  facet normal 0.2202883085418621 0.024820531349038475 0.9751189683024922
    outer loop
      vertex 61.54000949100496 -101.52056499684701 29.726331017787995
      vertex 62.01834429639209 -101.48960127367734 29.617482657016367
      vertex 63.69067824913583 -100.61168151249487 29.217340658547545
    endloop
  endfacet
  facet normal 0.18254927370794416 0.11470331100221472 0.9764829302726349
    outer loop
      vertex 61.48594317393463 -101.36605233984771 29.726331017787977
      vertex 63.63547301149686 -100.45391400751085 29.217340658547545
      vertex 61.72567822638551 -101.15072939872113 29.65622051010088
    endloop
  endfacet
  facet normal 0.18254927370791366 0.11470331100229582 0.976482930272631
    outer loop
      vertex 61.72567822638551 -101.15072939872113 29.65622051010088
      vertex 63.63547301149686 -100.45391400751085 29.217340658547545
      vertex 61.694682828470256 -101.10140050552441 29.656220510100855
    endloop
  endfacet
  facet normal 0.16960211609893783 0.14421278480454489 0.9749039926647549
    outer loop
      vertex 61.694682828470256 -101.10140050552441 29.656220510100855
      vertex 63.546545311867 -100.31238638430533 29.217340658547545
      vertex 62.053446696137634 -100.53648342517265 29.51024164700439
    endloop
  endfacet
  facet normal 0.20142794573890546 0.07048268661389427 0.9769641618621904
    outer loop
      vertex 61.48594317393463 -101.36605233984771 29.726331017787977
      vertex 63.69067824913583 -100.61168151249487 29.217340658547545
      vertex 63.63547301149686 -100.45391400751085 29.217340658547545
    endloop
  endfacet
  facet normal 0.1825492737079365 0.11470331100223002 0.9764829302726344
    outer loop
      vertex 61.694682828470256 -101.10140050552441 29.656220510100855
      vertex 63.63547301149686 -100.45391400751085 29.217340658547545
      vertex 63.546545311867 -100.31238638430533 29.217340658547545
    endloop
  endfacet
  facet normal -0.08994154260031618 0.618199499569234 0.7808584363679655
    outer loop
      vertex 60.068810445607554 -98.28995011510172 28.763012867396323
      vertex 62.173707799223564 -97.31982496730541 28.237420587447822
      vertex 59.99537672987132 -97.43014438244087 28.073853103902014
    endloop
  endfacet
  facet normal -0.08994154260031648 0.6181994995691998 0.7808584363679926
    outer loop
      vertex 59.35225060118292 -97.39404210383323 27.97119407771256
      vertex 59.99537672987132 -97.43014438244087 28.073853103902014
      vertex 62.173707799223564 -97.31982496730541 28.237420587447822
    endloop
  endfacet
  facet normal 0.024428580685815986 0.43375425853198685 0.9006999986960379
    outer loop
      vertex 60.607128201165764 -99.62483296899173 29.454173675318664
      vertex 62.96296296296296 -98.57591736474333 28.88514812798171
      vertex 60.7054376791373 -98.67185635927235 28.992578000439277
    endloop
  endfacet
  facet normal 0.024428580685815913 0.43375425853198785 0.9006999986960376
    outer loop
      vertex 60.7054376791373 -98.67185635927235 28.992578000439277
      vertex 62.96296296296296 -98.57591736474333 28.88514812798171
      vertex 60.375 -98.41679150265031 28.878707294983847
    endloop
  endfacet
  facet normal 0.04471983921291449 0.39689955061574783 0.9167719905744222
    outer loop
      vertex 60.607128201165764 -99.62483296899173 29.454173675318664
      vertex 63.452922998512825 -98.6311226023823 28.88514812798171
      vertex 62.96296296296296 -98.57591736474333 28.88514812798171
    endloop
  endfacet
  facet normal 0.10105124713668526 0.288787872638864 0.9520452773208005
    outer loop
      vertex 61.306467643296756 -99.94078750847947 29.51024164700439
      vertex 63.91831439198528 -98.79397009416698 28.88514812798171
      vertex 63.452922998512825 -98.6311226023823 28.88514812798171
    endloop
  endfacet
  facet normal -0.06551814544209714 0.5814896238633719 0.8109113329810248
    outer loop
      vertex 60.375 -98.41679150265031 28.878707294983847
      vertex 62.96296296296296 -97.23089726767554 28.237420587447822
      vertex 60.068810445607554 -98.28995011510172 28.763012867396323
    endloop
  endfacet
  facet normal -0.06551814544209723 0.5814896238633722 0.8109113329810246
    outer loop
      vertex 60.068810445607554 -98.28995011510172 28.763012867396323
      vertex 62.96296296296296 -97.23089726767554 28.237420587447822
      vertex 62.173707799223564 -97.31982496730541 28.237420587447822
    endloop
  endfacet
  facet normal 0.024428580685815944 0.4337542585319884 0.9006999986960373
    outer loop
      vertex 60.375 -98.41679150265031 28.878707294983847
      vertex 62.96296296296296 -98.57591736474333 28.88514812798171
      vertex 62.96296296296296 -97.23089726767554 28.237420587447822
    endloop
  endfacet
  facet normal -0.19643165304786026 0.7568898205509358 0.6233236761324387
    outer loop
      vertex 61.70687056552503 -95.27447740612807 26.13947310269484
      vertex 59.15030991249802 -96.50928213764152 26.833208497349688
      vertex 59.35225060118292 -97.39404210383323 27.97119407771256
    endloop
  endfacet
  facet normal -0.08994154260031481 0.6181994995692349 0.7808584363679651
    outer loop
      vertex 59.35225060118292 -97.39404210383323 27.97119407771256
      vertex 62.173707799223564 -97.31982496730541 28.237420587447822
      vertex 61.91398922058647 -96.18192352529906 27.306637800502912
    endloop
  endfacet
  facet normal -0.19643165304785784 0.7568898205509348 0.6233236761324407
    outer loop
      vertex 61.70687056552503 -95.27447740612807 26.13947310269484
      vertex 59.35225060118292 -97.39404210383323 27.97119407771256
      vertex 61.91398922058647 -96.18192352529906 27.306637800502912
    endloop
  endfacet
  facet normal 0.2224790321693623 0.01940552456946737 0.9747443284580669
    outer loop
      vertex 62.277423653639524 -101.46399979571406 29.557839801892435
      vertex 65.16482337599741 -100.77777777777779 28.88514812798171
      vertex 63.70939280365168 -100.77777777777779 29.217340658547545
    endloop
  endfacet
  facet normal 0.16960211609893425 0.14421278480455904 0.9749039926647535
    outer loop
      vertex 62.053446696137634 -100.53648342517265 29.51024164700439
      vertex 63.760215394825366 -100.02563948311783 29.137751829334718
      vertex 64.19503121362929 -99.61542859460106 29.001427290126173
    endloop
  endfacet
  facet normal 0.16173188159810797 0.16173188159810717 0.9734914467777677
    outer loop
      vertex 61.71351657482735 -100.19655330386237 29.51024164700439
      vertex 64.19503121362929 -99.61542859460106 29.001427290126173
      vertex 64.3358004756064 -99.0562939868674 28.88514812798171
    endloop
  endfacet
  facet normal -0.07349226081156686 -0.6522618552131273 -0.7544225340183933
    outer loop
      vertex 56.81828975955715 -107.14383931763257 19.706842237670386
      vertex 59.352250601182924 -106.35595789616677 18.77880592228744
      vertex 57.81481481481482 -107.25612072529258 19.706842237670386
    endloop
  endfacet
  facet normal 0.013692720169405006 -0.7817581860110139 -0.6234313498847577
    outer loop
      vertex 57.81481481481482 -107.25612072529258 19.706842237670386
      vertex 60.375 -106.47119407771255 18.77880592228744
      vertex 57.81481481481482 -108.14036437289023 20.815648700588056
    endloop
  endfacet
  facet normal -0.09407614485381935 -0.6173846349933036 -0.7810159354607488
    outer loop
      vertex 56.81828975955715 -107.14383931763257 19.706842237670386
      vertex 59.60547621535409 -105.24650399021057 17.871292705016153
      vertex 59.352250601182924 -106.35595789616677 18.77880592228744
    endloop
  endfacet
  facet normal -0.094076144853816 -0.6173846349933066 -0.7810159354607469
    outer loop
      vertex 56.81828975955715 -107.14383931763257 19.706842237670386
      vertex 57.06502240926239 -106.06283294772653 18.822598590072722
      vertex 59.60547621535409 -105.24650399021057 17.871292705016153
    endloop
  endfacet
  facet normal 0.013692720169393524 -0.781758186011007 -0.6234313498847666
    outer loop
      vertex 60.375 -107.37870729498385 19.916791502650312
      vertex 57.81481481481482 -108.14036437289023 20.815648700588056
      vertex 60.375 -106.47119407771255 18.77880592228744
    endloop
  endfacet
  facet normal 0.09920940570955038 -0.8805078290981553 -0.4635336629799517
    outer loop
      vertex 61.59969008750198 -107.24071786235848 19.916791502650312
      vertex 59.00810259238085 -108.005913130845 20.815648700588056
      vertex 57.81481481481482 -108.14036437289023 20.815648700588056
    endloop
  endfacet
  facet normal 0.09920940570955608 -0.8805078290981633 -0.4635336629799356
    outer loop
      vertex 60.375 -107.37870729498385 19.916791502650312
      vertex 61.59969008750198 -107.24071786235848 19.916791502650312
      vertex 57.81481481481482 -108.14036437289023 20.815648700588056
    endloop
  endfacet
  facet normal -0.07349226081155882 -0.652261855213135 -0.7544225340183875
    outer loop
      vertex 57.81481481481482 -107.25612072529258 19.706842237670386
      vertex 59.352250601182924 -106.35595789616677 18.77880592228744
      vertex 60.375 -106.47119407771255 18.77880592228744
    endloop
  endfacet
  facet normal 0.10099575135803388 -0.8963620852315503 -0.43166522950890224
    outer loop
      vertex 57.81481481481482 -108.75570553639743 22.093417792802462
      vertex 59.00810259238085 -108.005913130845 20.815648700588056
      vertex 59.145028882786235 -108.6058264066626 22.093417792802462
    endloop
  endfacet
  facet normal 0.11420749754998229 -0.8945108060026123 -0.43221182937065444
    outer loop
      vertex 61.59969008750198 -107.24071786235848 19.916791502650312
      vertex 59.145028882786235 -108.6058264066626 22.093417792802462
      vertex 59.00810259238085 -108.005913130845 20.815648700588056
    endloop
  endfacet
  facet normal 0.11420749754997951 -0.8945108060026115 -0.43221182937065705
    outer loop
      vertex 61.59969008750198 -107.24071786235848 19.916791502650312
      vertex 61.74021970133909 -107.85641832964497 21.228186097291413
      vertex 59.145028882786235 -108.6058264066626 22.093417792802462
    endloop
  endfacet
  facet normal 0.20128575113374214 -0.9539293496630529 -0.22249234198495568
    outer loop
      vertex 59.145028882786235 -108.6058264066626 22.093417792802462
      vertex 61.74021970133909 -107.85641832964497 21.228186097291413
      vertex 59.21525268533332 -108.9134969884162 23.476076836530904
    endloop
  endfacet
  facet normal 0.2744816297145208 -0.9615923434331519 -1.053650743925742e-17
    outer loop
      vertex 59.21525268533332 -108.9134969884162 23.476076836530904
      vertex 61.812291498690044 -108.17218550565524 22.6472309053285
      vertex 61.812291498690044 -108.17218550565524 24.1027690946715
    endloop
  endfacet
  facet normal 0.20128575113374433 -0.9539293496630529 -0.22249234198495324
    outer loop
      vertex 59.21525268533332 -108.9134969884162 23.476076836530904
      vertex 61.74021970133909 -107.85641832964497 21.228186097291413
      vertex 61.812291498690044 -108.17218550565524 22.6472309053285
    endloop
  endfacet
  facet normal 0.2744816297145208 -0.9615923434331519 0
    outer loop
      vertex 59.21525268533332 -108.9134969884162 23.476076836530904
      vertex 61.812291498690044 -108.17218550565524 24.1027690946715
      vertex 59.21525268533332 -108.9134969884162 24.89429353383947
    endloop
  endfacet
  facet normal 0.3238864081397462 -0.9256141753183766 0.19579579431646452
    outer loop
      vertex 59.21525268533332 -108.9134969884162 24.89429353383947
      vertex 61.812291498690044 -108.17218550565524 24.1027690946715
      vertex 60.545466753304744 -108.44803495464383 24.89429353383947
    endloop
  endfacet
  facet normal 0.32388640813974495 -0.9256141753183774 0.1957957943164624
    outer loop
      vertex 60.545466753304744 -108.44803495464383 24.89429353383947
      vertex 61.812291498690044 -108.17218550565524 24.1027690946715
      vertex 63.17751120002914 -107.69447447099412 24.1027690946715
    endloop
  endfacet
  facet normal 0.3293649061805683 -0.9178852839038943 0.22137155230366126
    outer loop
      vertex 60.545466753304744 -108.44803495464383 24.89429353383947
      vertex 63.17751120002914 -107.69447447099412 24.1027690946715
      vertex 60.40854046289936 -108.16370458286377 26.27695257756791
    endloop
  endfacet
  facet normal 0.36334012052229847 -0.8245622501890177 0.43368312439160633
    outer loop
      vertex 60.40854046289936 -108.16370458286377 26.27695257756791
      vertex 63.03698158619203 -107.40266172100932 25.521813902708587
      vertex 60.141553938043906 -107.60930135140494 27.554721669782317
    endloop
  endfacet
  facet normal 0.3293649061805705 -0.9178852839038929 0.22137155230366445
    outer loop
      vertex 60.40854046289936 -108.16370458286377 26.27695257756791
      vertex 63.17751120002914 -107.69447447099412 24.1027690946715
      vertex 63.03698158619203 -107.40266172100932 25.521813902708587
    endloop
  endfacet
  facet normal -0.22511419102544128 -0.35826718264691 -0.9060729699296888
    outer loop
      vertex 56.90723095724361 -104.66239507720803 18.207257426565526
      vertex 56.510619177803555 -104.41318737914264 18.207257426565526
      vertex 59.03648342517265 -103.55344669613763 17.23975835299561
    endloop
  endfacet
  facet normal -0.29595870207806446 -0.18596317782447752 -0.9369237659263903
    outer loop
      vertex 56.17940521344995 -104.08197341478903 18.207257426565526
      vertex 55.930197515384556 -103.68536163534897 18.207257426565526
      vertex 58.69655330386237 -103.21351657482735 17.23975835299561
    endloop
  endfacet
  facet normal -0.2649496410348652 -0.2649496410348652 -0.9271479792519597
    outer loop
      vertex 56.17940521344995 -104.08197341478903 18.207257426565526
      vertex 59.03648342517265 -103.55344669613763 17.23975835299561
      vertex 56.510619177803555 -104.41318737914264 18.207257426565526
    endloop
  endfacet
  facet normal -0.2167016199041896 -0.37697492726804366 -0.9005166917620979
    outer loop
      vertex 56.90723095724361 -104.66239507720803 18.207257426565526
      vertex 59.443532356703244 -103.80921249152053 17.23975835299561
      vertex 58.874539566521804 -104.99073819482767 17.871292705016153
    endloop
  endfacet
  facet normal -0.2649496410348652 -0.26494964103486507 -0.9271479792519596
    outer loop
      vertex 56.17940521344995 -104.08197341478903 18.207257426565526
      vertex 58.69655330386237 -103.21351657482735 17.23975835299561
      vertex 59.03648342517265 -103.55344669613763 17.23975835299561
    endloop
  endfacet
  facet normal -0.22511419102543767 -0.3582671826469158 -0.9060729699296876
    outer loop
      vertex 56.90723095724361 -104.66239507720803 18.207257426565526
      vertex 59.03648342517265 -103.55344669613763 17.23975835299561
      vertex 59.443532356703244 -103.80921249152053 17.23975835299561
    endloop
  endfacet
  facet normal -0.23202362970960788 -0.369263491319294 -0.8998941655745216
    outer loop
      vertex 56.35282772578478 -105.81362524966114 18.822598590072722
      vertex 55.71394317967758 -105.41218748276046 18.822598590072722
      vertex 56.90723095724361 -104.66239507720803 18.207257426565526
    endloop
  endfacet
  facet normal -0.23202362970961063 -0.3692634913192902 -0.8998941655745224
    outer loop
      vertex 55.71394317967758 -105.41218748276046 18.822598590072722
      vertex 56.510619177803555 -104.41318737914264 18.207257426565526
      vertex 56.90723095724361 -104.66239507720803 18.207257426565526
    endloop
  endfacet
  facet normal -0.16804772784465893 -0.48025281430132566 -0.8608816385089788
    outer loop
      vertex 56.35282772578478 -105.81362524966114 18.822598590072722
      vertex 58.874539566521804 -104.99073819482767 17.871292705016153
      vertex 57.06502240926239 -106.06283294772653 18.822598590072722
    endloop
  endfacet
  facet normal -0.21670161990418987 -0.37697492726804677 -0.9005166917620966
    outer loop
      vertex 56.35282772578478 -105.81362524966114 18.822598590072722
      vertex 56.90723095724361 -104.66239507720803 18.207257426565526
      vertex 58.874539566521804 -104.99073819482767 17.871292705016153
    endloop
  endfacet
  facet normal -0.16804772784465863 -0.4802528143013258 -0.8608816385089787
    outer loop
      vertex 57.06502240926239 -106.06283294772653 18.822598590072722
      vertex 58.874539566521804 -104.99073819482767 17.871292705016153
      vertex 59.60547621535409 -105.24650399021057 17.871292705016153
    endloop
  endfacet
  facet normal -0.3226339230949079 -0.11289449241559268 -0.939767090959571
    outer loop
      vertex 55.930197515384556 -103.68536163534897 18.207257426565526
      vertex 55.77549239818911 -103.24323981155014 18.207257426565526
      vertex 58.282011203989406 -102.35271103466111 17.23975835299561
    endloop
  endfacet
  facet normal -0.3476785526296311 -0.03917396466499231 -0.9367950813992303
    outer loop
      vertex 58.282011203989406 -102.35271103466111 17.23975835299561
      vertex 55.77549239818911 -103.24323981155014 18.207257426565526
      vertex 55.723047422432096 -102.77777777777777 18.207257426565526
    endloop
  endfacet
  facet normal -0.3226339230949071 -0.11289449241559404 -0.9397670909595711
    outer loop
      vertex 55.930197515384556 -103.68536163534897 18.207257426565526
      vertex 58.282011203989406 -102.35271103466111 17.23975835299561
      vertex 58.440787508479474 -102.80646764329676 17.23975835299561
    endloop
  endfacet
  facet normal -0.295958702078065 -0.18596317782447494 -0.9369237659263905
    outer loop
      vertex 55.930197515384556 -103.68536163534897 18.207257426565526
      vertex 58.440787508479474 -102.80646764329676 17.23975835299561
      vertex 58.69655330386237 -103.21351657482735 17.23975835299561
    endloop
  endfacet
  facet normal -0.37309969431276907 0.04203823943404835 -0.9268383918078728
    outer loop
      vertex 58.22818609729141 -101.875 17.23975835299561
      vertex 55.723047422432096 -102.77777777777777 18.207257426565526
      vertex 55.77549239818911 -102.3123157440054 18.207257426565526
    endloop
  endfacet
  facet normal -0.3476785526296304 -0.03917396466499671 -0.9367950813992305
    outer loop
      vertex 58.282011203989406 -102.35271103466111 17.23975835299561
      vertex 55.723047422432096 -102.77777777777777 18.207257426565526
      vertex 58.22818609729141 -101.875 17.23975835299561
    endloop
  endfacet
  facet normal -0.4006719055219829 0.1402011634895143 -0.9054311999713561
    outer loop
      vertex 55.77549239818911 -102.3123157440054 18.207257426565526
      vertex 55.930197515384556 -101.87019392020657 18.207257426565526
      vertex 58.440787508479474 -100.94353235670324 17.23975835299561
    endloop
  endfacet
  facet normal -0.3730996943127698 0.04203823943405334 -0.9268383918078723
    outer loop
      vertex 58.22818609729141 -101.875 17.23975835299561
      vertex 55.77549239818911 -102.3123157440054 18.207257426565526
      vertex 58.282011203989406 -101.39728896533889 17.23975835299561
    endloop
  endfacet
  facet normal -0.40067190552198373 0.14020116348951642 -0.9054311999713555
    outer loop
      vertex 58.282011203989406 -101.39728896533889 17.23975835299561
      vertex 55.77549239818911 -102.3123157440054 18.207257426565526
      vertex 58.440787508479474 -100.94353235670324 17.23975835299561
    endloop
  endfacet
  facet normal -0.4116353994198059 0.1440374559252984 -0.8998941655745215
    outer loop
      vertex 54.529759644866054 -102.02798537222534 18.822598590072722
      vertex 54.778967342931445 -101.31579068874774 18.822598590072722
      vertex 55.930197515384556 -101.87019392020657 18.207257426565526
    endloop
  endfacet
  facet normal -0.07007772071739901 -0.6219569736932716 -0.7799093767440941
    outer loop
      vertex 59.352250601182924 -106.35595789616677 18.77880592228744
      vertex 59.60547621535409 -105.24650399021057 17.871292705016153
      vertex 60.375 -105.33320849734969 17.871292705016153
    endloop
  endfacet
  facet normal 0.37464635718740674 -0.6866662438495418 0.6230004627636866
    outer loop
      vertex 60.141553938043906 -107.60930135140494 27.554721669782317
      vertex 62.76296910015618 -106.83366893082788 26.833208497349688
      vertex 59.757894997933285 -106.81262535327896 28.663528132699987
    endloop
  endfacet
  facet normal 0.36334012052229836 -0.8245622501890179 0.4336831243916061
    outer loop
      vertex 63.03698158619203 -107.40266172100932 25.521813902708587
      vertex 62.76296910015618 -106.83366893082788 26.833208497349688
      vertex 60.141553938043906 -107.60930135140494 27.554721669782317
    endloop
  endfacet
  facet normal 0.37464635718740796 -0.6866662438495393 0.6230004627636886
    outer loop
      vertex 59.757894997933285 -106.81262535327896 28.663528132699987
      vertex 62.76296910015618 -106.83366893082788 26.833208497349688
      vertex 62.3692138721479 -106.01602777485648 27.97119407771256
    endloop
  endfacet
  facet normal 0.3701480875618298 -0.5890873067079754 0.7183081082306281
    outer loop
      vertex 59.757894997933285 -106.81262535327896 28.663528132699987
      vertex 63.24068013481729 -105.46844922948878 27.97119407771256
      vertex 60.607015971816274 -106.27908728343351 28.663528132699987
    endloop
  endfacet
  facet normal 0.37014808756182965 -0.589087306707975 0.7183081082306284
    outer loop
      vertex 59.757894997933285 -106.81262535327896 28.663528132699987
      vertex 62.3692138721479 -106.01602777485648 27.97119407771256
      vertex 63.24068013481729 -105.46844922948878 27.97119407771256
    endloop
  endfacet
  facet normal 0.3618952641446591 -0.5084092015812677 0.7813782064641714
    outer loop
      vertex 60.607015971816274 -106.27908728343351 28.663528132699987
      vertex 63.24068013481729 -105.46844922948878 27.97119407771256
      vertex 59.915686449952055 -105.41218748276046 29.54777178029765
    endloop
  endfacet
  facet normal 0.36189526414465933 -0.5084092015812669 0.7813782064641719
    outer loop
      vertex 63.24068013481729 -105.46844922948878 27.97119407771256
      vertex 62.531157730798746 -104.57873627616644 28.878707294983847
      vertex 59.915686449952055 -105.41218748276046 29.54777178029765
    endloop
  endfacet
  facet normal 0.3316066931440231 -0.3316066931440231 0.8832179810919677
    outer loop
      vertex 63.078736276166445 -104.03115773079874 28.878707294983847
      vertex 60.449224519797504 -104.87864941291501 29.54777178029765
      vertex 59.915686449952055 -105.41218748276046 29.54777178029765
    endloop
  endfacet
  facet normal 0.3316066931440229 -0.3316066931440229 0.8832179810919678
    outer loop
      vertex 62.531157730798746 -104.57873627616644 28.878707294983847
      vertex 63.078736276166445 -104.03115773079874 28.878707294983847
      vertex 59.915686449952055 -105.41218748276046 29.54777178029765
    endloop
  endfacet
  facet normal 0.2971290053264826 -0.18669852809316712 0.9364069701799212
    outer loop
      vertex 59.45022441617969 -104.08197341478903 30.163112943804848
      vertex 62.053446696137634 -103.21351657482735 29.51024164700439
      vertex 59.69943211424508 -103.68536163534897 30.163112943804848
    endloop
  endfacet
  facet normal 0.3228854190200944 -0.2907743490458239 0.9006638019378793
    outer loop
      vertex 63.078736276166445 -104.03115773079874 28.878707294983847
      vertex 59.45022441617969 -104.08197341478903 30.163112943804848
      vertex 60.449224519797504 -104.87864941291501 29.54777178029765
    endloop
  endfacet
  facet normal 0.3228854190200942 -0.29077434904582505 0.900663801937879
    outer loop
      vertex 63.078736276166445 -104.03115773079874 28.878707294983847
      vertex 62.053446696137634 -103.21351657482735 29.51024164700439
      vertex 59.45022441617969 -104.08197341478903 30.163112943804848
    endloop
  endfacet
  facet normal 0.2715880596650227 -0.0950327722760854 0.9577101325771331
    outer loop
      vertex 59.69943211424508 -103.68536163534897 30.163112943804848
      vertex 62.309212491520526 -102.80646764329676 29.51024164700439
      vertex 59.854137231440525 -103.24323981155014 30.163112943804848
    endloop
  endfacet
  facet normal 0.2513014468384268 -0.02831487281643811 0.9674946257185629
    outer loop
      vertex 59.854137231440525 -103.24323981155014 30.163112943804848
      vertex 62.467988796010594 -102.35271103466111 29.51024164700439
      vertex 59.906582207197545 -102.77777777777777 30.163112943804848
    endloop
  endfacet
  facet normal 0.23356381903050627 0.02631632214446566 0.971985284677023
    outer loop
      vertex 59.906582207197545 -102.77777777777777 30.163112943804848
      vertex 62.277423653639524 -101.46399979571406 29.557839801892435
      vertex 59.854137231440525 -102.3123157440054 30.163112943804848
    endloop
  endfacet
  facet normal 0.21657970370602814 0.07578451603249096 0.973319032523422
    outer loop
      vertex 59.69943211424508 -101.87019392020657 30.163112943804848
      vertex 59.854137231440525 -102.3123157440054 30.163112943804848
      vertex 61.48594317393463 -101.36605233984771 29.726331017787977
    endloop
  endfacet
  facet normal 0.21657970370603086 0.07578451603248637 0.9733190325234219
    outer loop
      vertex 59.854137231440525 -102.3123157440054 30.163112943804848
      vertex 61.54000949100496 -101.52056499684701 29.726331017787995
      vertex 61.48594317393463 -101.36605233984771 29.726331017787977
    endloop
  endfacet
  facet normal 0.21657970370602914 0.07578451603248687 0.9733190325234221
    outer loop
      vertex 59.69943211424508 -101.87019392020657 30.163112943804848
      vertex 61.48594317393463 -101.36605233984771 29.726331017787977
      vertex 61.72567822638551 -101.15072939872113 29.65622051010088
    endloop
  endfacet
  facet normal 0.2971290053264814 -0.18669852809315837 0.9364069701799235
    outer loop
      vertex 59.69943211424508 -103.68536163534897 30.163112943804848
      vertex 62.053446696137634 -103.21351657482735 29.51024164700439
      vertex 62.309212491520526 -102.80646764329676 29.51024164700439
    endloop
  endfacet
  facet normal 0.27158805966502286 -0.09503277227608664 0.9577101325771329
    outer loop
      vertex 59.854137231440525 -103.24323981155014 30.163112943804848
      vertex 62.309212491520526 -102.80646764329676 29.51024164700439
      vertex 62.467988796010594 -102.35271103466111 29.51024164700439
    endloop
  endfacet
  facet normal 0.2513014468384268 -0.028314872816437582 0.967494625718563
    outer loop
      vertex 59.906582207197545 -102.77777777777777 30.163112943804848
      vertex 62.467988796010594 -102.35271103466111 29.51024164700439
      vertex 62.52181390270859 -101.875 29.51024164700439
    endloop
  endfacet
  facet normal 0.23356381903050782 0.026316322144462737 0.9719852846770228
    outer loop
      vertex 59.906582207197545 -102.77777777777777 30.163112943804848
      vertex 62.52181390270859 -101.875 29.51024164700439
      vertex 62.277423653639524 -101.46399979571406 29.557839801892435
    endloop
  endfacet
  facet normal 0.21657970370602403 0.07578451603250073 0.9733190325234222
    outer loop
      vertex 59.854137231440525 -102.3123157440054 30.163112943804848
      vertex 62.01834429639209 -101.48960127367734 29.617482657016367
      vertex 61.54000949100496 -101.52056499684701 29.726331017787995
    endloop
  endfacet
  facet normal 0.21657970370602445 0.07578451603249951 0.9733190325234221
    outer loop
      vertex 59.854137231440525 -102.3123157440054 30.163112943804848
      vertex 62.277423653639524 -101.46399979571406 29.557839801892435
      vertex 62.01834429639209 -101.48960127367734 29.617482657016367
    endloop
  endfacet
  facet normal 0.19881296952273556 0.12492246839029408 0.9720430957734476
    outer loop
      vertex 59.69943211424508 -101.87019392020657 30.163112943804848
      vertex 61.72567822638551 -101.15072939872113 29.65622051010088
      vertex 61.694682828470256 -101.10140050552441 29.656220510100855
    endloop
  endfacet
  facet normal -0.40527713258450737 0.15786843361518674 -0.9004598844323756
    outer loop
      vertex 55.930197515384556 -101.87019392020657 18.207257426565526
      vertex 57.25926180517233 -100.3745395665218 17.871292705016153
      vertex 58.440787508479474 -100.94353235670324 17.23975835299561
    endloop
  endfacet
  facet normal -0.4052771325845094 0.15786843361518885 -0.9004598844323741
    outer loop
      vertex 55.930197515384556 -101.87019392020657 18.207257426565526
      vertex 54.778967342931445 -101.31579068874774 18.822598590072722
      vertex 57.25926180517233 -100.3745395665218 17.871292705016153
    endloop
  endfacet
  facet normal -0.4328546250568079 0.271980587313001 -0.859455312213384
    outer loop
      vertex 57.25926180517233 -100.3745395665218 17.871292705016153
      vertex 54.778967342931445 -101.31579068874774 18.822598590072722
      vertex 55.18040510983213 -100.67690614264053 18.822598590072722
    endloop
  endfacet
  facet normal -0.4605031040279919 0.421642379440352 -0.7811239306540688
    outer loop
      vertex 55.18040510983213 -100.67690614264053 18.822598590072722
      vertex 54.313505309159076 -99.98557662077631 19.706842237670386
      vertex 56.78155077051121 -99.0093198651827 18.77880592228744
    endloop
  endfacet
  facet normal -0.46706777030043667 0.46706777030043195 -0.750796507645821
    outer loop
      vertex 54.313505309159076 -99.98557662077631 19.706842237670386
      vertex 55.02261365781335 -99.27646827212203 19.706842237670386
      vertex 56.78155077051121 -99.0093198651827 18.77880592228744
    endloop
  endfacet
  facet normal -0.432854625056808 0.2719805873130031 -0.8594553122133833
    outer loop
      vertex 57.25926180517233 -100.3745395665218 17.871292705016153
      vertex 55.18040510983213 -100.67690614264053 18.822598590072722
      vertex 57.671263723833555 -99.71884226920126 17.871292705016153
    endloop
  endfacet
  facet normal -0.46050310402798916 0.4216423794403493 -0.781123930654072
    outer loop
      vertex 57.671263723833555 -99.71884226920126 17.871292705016153
      vertex 55.18040510983213 -100.67690614264053 18.822598590072722
      vertex 56.78155077051121 -99.0093198651827 18.77880592228744
    endloop
  endfacet
  facet normal -0.4670677703004351 0.4670677703004444 -0.7507965076458144
    outer loop
      vertex 55.02261365781335 -99.27646827212203 19.706842237670386
      vertex 57.50931986518271 -98.28155077051122 18.77880592228744
      vertex 56.78155077051121 -99.0093198651827 18.77880592228744
    endloop
  endfacet
  facet normal -0.47969537324805545 0.6174066414269012 -0.6234592111809423
    outer loop
      vertex 55.02261365781335 -99.27646827212203 19.706842237670386
      vertex 54.47129676117785 -98.58513875025781 20.815648700588056
      vertex 56.94349462916205 -97.57202836649267 19.916791502650312
    endloop
  endfacet
  facet normal -0.4741564803348367 0.7546157155598515 -0.4535755218114982
    outer loop
      vertex 56.94349462916205 -97.57202836649267 19.916791502650312
      vertex 54.47129676117785 -98.58513875025781 20.815648700588056
      vertex 55.48807569158573 -97.9462542041506 20.815648700588056
    endloop
  endfacet
  facet normal -0.479695373248054 0.6174066414268999 -0.6234592111809445
    outer loop
      vertex 55.02261365781335 -99.27646827212203 19.706842237670386
      vertex 56.94349462916205 -97.57202836649267 19.916791502650312
      vertex 57.50931986518271 -98.28155077051122 18.77880592228744
    endloop
  endfacet
  facet normal -0.4741564803348338 0.7546157155598576 -0.4535755218114908
    outer loop
      vertex 56.94349462916205 -97.57202836649267 19.916791502650312
      vertex 55.48807569158573 -97.9462542041506 20.815648700588056
      vertex 57.05194857658399 -97.30171729564476 20.253134256673636
    endloop
  endfacet
  facet normal -0.4720989530452828 0.7684132655082446 -0.4320458678479678
    outer loop
      vertex 57.05194857658399 -97.30171729564476 20.253134256673636
      vertex 55.48807569158573 -97.9462542041506 20.815648700588056
      vertex 56.80034913117254 -96.95545861784711 21.14389522610386
    endloop
  endfacet
  facet normal -0.4720989530452882 0.768413265508248 -0.4320458678479562
    outer loop
      vertex 55.22108916673027 -97.39185097269177 22.093417792802462
      vertex 56.80034913117254 -96.95545861784711 21.14389522610386
      vertex 55.48807569158573 -97.9462542041506 20.815648700588056
    endloop
  endfacet
  facet normal -0.4415792243418443 0.8692027799599802 -0.2224731802701109
    outer loop
      vertex 55.22108916673027 -97.39185097269177 22.093417792802462
      vertex 55.08416287632489 -97.10752060091171 23.476076836530904
      vertex 57.57248879997086 -96.05552552900588 22.6472309053285
    endloop
  endfacet
  facet normal -0.4720989530452835 0.7684132655082578 -0.4320458678479438
    outer loop
      vertex 55.22108916673027 -97.39185097269177 22.093417792802462
      vertex 57.71301841380797 -96.34733827899068 21.228186097291413
      vertex 56.80034913117254 -96.95545861784711 21.14389522610386
    endloop
  endfacet
  facet normal -0.4415792243418434 0.86920277995998 -0.22247318027011428
    outer loop
      vertex 55.22108916673027 -97.39185097269177 22.093417792802462
      vertex 57.57248879997086 -96.05552552900588 22.6472309053285
      vertex 57.71301841380797 -96.34733827899068 21.228186097291413
    endloop
  endfacet
  facet normal -0.3894019331042104 0.9210679315309508 0
    outer loop
      vertex 55.08416287632489 -97.10752060091171 23.476076836530904
      vertex 55.08416287632489 -97.10752060091171 24.89429353383947
      vertex 57.57248879997086 -96.05552552900588 22.6472309053285
    endloop
  endfacet
  facet normal -0.3228212666957524 0.922570175957791 0.2113071229328546
    outer loop
      vertex 55.08416287632489 -97.10752060091171 24.89429353383947
      vertex 56.414376944296315 -96.64205856713934 24.89429353383947
      vertex 57.57248879997086 -96.05552552900588 24.1027690946715
    endloop
  endfacet
  facet normal -0.38940193310421034 0.9210679315309507 -1.1994297942937816e-17
    outer loop
      vertex 55.08416287632489 -97.10752060091171 24.89429353383947
      vertex 57.57248879997086 -96.05552552900588 24.1027690946715
      vertex 57.57248879997086 -96.05552552900588 22.6472309053285
    endloop
  endfacet
  facet normal -0.322821266695751 0.922570175957791 0.2113071229328567
    outer loop
      vertex 56.414376944296315 -96.64205856713934 24.89429353383947
      vertex 57.675002404367255 -96.11037529699381 24.498857643732176
      vertex 57.57248879997086 -96.05552552900588 24.1027690946715
    endloop
  endfacet
  facet normal -0.3192393570910272 0.9214819485374839 0.2212628559059774
    outer loop
      vertex 56.414376944296315 -96.64205856713934 24.89429353383947
      vertex 56.48460074684339 -96.94972914889294 26.27695257756791
      vertex 57.675002404367255 -96.11037529699381 24.498857643732176
    endloop
  endfacet
  facet normal -0.23425054847050006 0.8701143749913101 0.43362155732245594
    outer loop
      vertex 56.48460074684339 -96.94972914889294 26.27695257756791
      vertex 56.621527037248775 -97.54964242471054 27.554721669782317
      vertex 59.00978029866091 -95.89358167035503 25.521813902708587
    endloop
  endfacet
  facet normal -0.3192393570910369 0.9214819485374822 0.22126285590597014
    outer loop
      vertex 57.675002404367255 -96.11037529699381 24.498857643732176
      vertex 56.48460074684339 -96.94972914889294 26.27695257756791
      vertex 57.77232998987768 -96.31817437230575 25.50469249900894
    endloop
  endfacet
  facet normal -0.31923935709102164 0.9214819485374818 0.22126285590599518
    outer loop
      vertex 56.48460074684339 -96.94972914889294 26.27695257756791
      vertex 59.00978029866091 -95.89358167035503 25.521813902708587
      vertex 57.77232998987768 -96.31817437230575 25.50469249900894
    endloop
  endfacet
  facet normal -0.03710578816127911 0.6230604313160223 0.7812930688373108
    outer loop
      vertex 57.81481481481482 -99.40824129318064 29.54777178029765
      vertex 60.375 -98.41679150265031 28.878707294983847
      vertex 57.81481481481482 -98.29943483026297 28.663528132699987
    endloop
  endfacet
  facet normal -0.13888920210251404 0.7697210462914904 0.6230885173354267
    outer loop
      vertex 56.93054141270822 -97.71845906173264 27.832146905068395
      vertex 59.35225060118292 -97.39404210383323 27.97119407771256
      vertex 56.621527037248775 -97.54964242471054 27.554721669782317
    endloop
  endfacet
  facet normal -0.13888920210251324 0.7697210462914966 0.6230885173354191
    outer loop
      vertex 56.621527037248775 -97.54964242471054 27.554721669782317
      vertex 59.35225060118292 -97.39404210383323 27.97119407771256
      vertex 59.15030991249802 -96.50928213764152 26.833208497349688
    endloop
  endfacet
  facet normal -0.07718286395598793 0.6850168640705362 0.724427153998606
    outer loop
      vertex 57.0363995616386 -98.32412028919185 28.603935718631476
      vertex 57.81481481481482 -98.29943483026297 28.663528132699987
      vertex 59.35225060118292 -97.39404210383323 27.97119407771256
    endloop
  endfacet
  facet normal -0.13888920210251438 0.7697210462914956 0.6230885173354201
    outer loop
      vertex 57.0363995616386 -98.32412028919185 28.603935718631476
      vertex 59.35225060118292 -97.39404210383323 27.97119407771256
      vertex 56.93054141270822 -97.71845906173264 27.832146905068395
    endloop
  endfacet
  facet normal 0.11530635667960193 0.32952663515570313 0.9370787804833896
    outer loop
      vertex 58.280276848587185 -100.73845536115206 30.163112943804848
      vertex 58.72239867238602 -100.89316047834751 30.163112943804848
      vertex 61.306467643296756 -99.94078750847947 29.51024164700439
    endloop
  endfacet
  facet normal 0.198812969522746 0.12492246839026487 0.9720430957734493
    outer loop
      vertex 59.69943211424508 -101.87019392020657 30.163112943804848
      vertex 62.053446696137634 -100.53648342517265 29.51024164700439
      vertex 59.45022441617969 -101.47358214076651 30.163112943804848
    endloop
  endfacet
  facet normal 0.17844172490718574 0.17844172490718574 0.9676347976505891
    outer loop
      vertex 59.45022441617969 -101.47358214076651 30.163112943804848
      vertex 62.053446696137634 -100.53648342517265 29.51024164700439
      vertex 59.11901045182608 -101.1423681764129 30.163112943804848
    endloop
  endfacet
  facet normal 0.1525588047498085 0.24279594687798642 0.9580062313330387
    outer loop
      vertex 59.11901045182608 -101.1423681764129 30.163112943804848
      vertex 61.71351657482735 -100.19655330386237 29.51024164700439
      vertex 58.72239867238602 -100.89316047834751 30.163112943804848
    endloop
  endfacet
  facet normal 0.17844172490718505 0.17844172490718876 0.9676347976505887
    outer loop
      vertex 59.11901045182608 -101.1423681764129 30.163112943804848
      vertex 62.053446696137634 -100.53648342517265 29.51024164700439
      vertex 61.71351657482735 -100.19655330386237 29.51024164700439
    endloop
  endfacet
  facet normal 0.15255880474980704 0.24279594687799191 0.9580062313330376
    outer loop
      vertex 58.72239867238602 -100.89316047834751 30.163112943804848
      vertex 61.71351657482735 -100.19655330386237 29.51024164700439
      vertex 61.306467643296756 -99.94078750847947 29.51024164700439
    endloop
  endfacet
  facet normal 0.06902518851372307 0.4291104333842067 0.9006107701507147
    outer loop
      vertex 58.280276848587185 -100.73845536115206 30.163112943804848
      vertex 60.7054376791373 -98.67185635927235 28.992578000439277
      vertex 58.56460722036725 -99.49272260782901 29.54777178029765
    endloop
  endfacet
  facet normal 0.06902518851372792 0.42911043338419763 0.9006107701507186
    outer loop
      vertex 58.280276848587185 -100.73845536115206 30.163112943804848
      vertex 60.85271103466111 -99.78201120398941 29.51024164700439
      vertex 60.607128201165764 -99.62483296899173 29.454173675318664
    endloop
  endfacet
  facet normal 0.11530635667960104 0.32952663515570596 0.9370787804833887
    outer loop
      vertex 58.280276848587185 -100.73845536115206 30.163112943804848
      vertex 61.306467643296756 -99.94078750847947 29.51024164700439
      vertex 60.85271103466111 -99.78201120398941 29.51024164700439
    endloop
  endfacet
  facet normal 0.06902518851372169 0.42911043338420807 0.9006107701507141
    outer loop
      vertex 58.280276848587185 -100.73845536115206 30.163112943804848
      vertex 60.607128201165764 -99.62483296899173 29.454173675318664
      vertex 60.7054376791373 -98.67185635927235 28.992578000439277
    endloop
  endfacet
  facet normal 0.19881296952274993 0.12492246839025783 0.9720430957734493
    outer loop
      vertex 59.69943211424508 -101.87019392020657 30.163112943804848
      vertex 61.694682828470256 -101.10140050552441 29.656220510100855
      vertex 62.053446696137634 -100.53648342517265 29.51024164700439
    endloop
  endfacet
  facet normal 0.05212640631598761 0.46263465178239 0.8850152635603338
    outer loop
      vertex 57.81481481481482 -99.40824129318064 29.54777178029765
      vertex 58.56460722036725 -99.49272260782901 29.54777178029765
      vertex 60.375 -98.41679150265031 28.878707294983847
    endloop
  endfacet
  facet normal -0.03710578816127916 0.6230604313160218 0.781293068837311
    outer loop
      vertex 57.81481481481482 -98.29943483026297 28.663528132699987
      vertex 60.375 -98.41679150265031 28.878707294983847
      vertex 60.068810445607554 -98.28995011510172 28.763012867396323
    endloop
  endfacet
  facet normal 0.052126406315991226 0.46263465178238533 0.8850152635603361
    outer loop
      vertex 58.56460722036725 -99.49272260782901 29.54777178029765
      vertex 60.7054376791373 -98.67185635927235 28.992578000439277
      vertex 60.375 -98.41679150265031 28.878707294983847
    endloop
  endfacet
  facet normal -0.07718286395597178 0.685016864070521 0.7244271539986221
    outer loop
      vertex 57.81481481481482 -98.29943483026297 28.663528132699987
      vertex 59.99537672987132 -97.43014438244087 28.073853103902014
      vertex 59.35225060118292 -97.39404210383323 27.97119407771256
    endloop
  endfacet
  facet normal -0.03710578816127903 0.6230604313160258 0.7812930688373078
    outer loop
      vertex 57.81481481481482 -98.29943483026297 28.663528132699987
      vertex 60.068810445607554 -98.28995011510172 28.763012867396323
      vertex 59.99537672987132 -97.43014438244087 28.073853103902014
    endloop
  endfacet
  facet normal -0.23425054847049698 0.8701143749913094 0.43362155732245905
    outer loop
      vertex 59.00978029866091 -95.89358167035503 25.521813902708587
      vertex 56.621527037248775 -97.54964242471054 27.554721669782317
      vertex 59.15030991249802 -96.50928213764152 26.833208497349688
    endloop
  endfacet
  facet normal -0.3781833485543793 -0.04261102970288689 -0.924749509339614
    outer loop
      vertex 53.35230692572213 -103.93932414399474 19.230312055690995
      vertex 53.30124208090609 -103.48611111111111 19.230312055690995
      vertex 55.77549239818911 -103.24323981155014 18.207257426565526
    endloop
  endfacet
  facet normal -0.41681102720191876 0.12296930758277175 -0.9006370617487907
    outer loop
      vertex 53.35230692572213 -103.03289807822749 19.230312055690995
      vertex 52.139356613276 -102.75605008465217 19.829460030684842
      vertex 54.529759644866054 -102.02798537222534 18.822598590072722
    endloop
  endfacet
  facet normal -0.3998971451810804 0.045057587005210224 -0.9154518486131806
    outer loop
      vertex 53.30124208090609 -103.48611111111111 19.230312055690995
      vertex 53.35230692572213 -103.03289807822749 19.230312055690995
      vertex 55.77549239818911 -102.3123157440054 18.207257426565526
    endloop
  endfacet
  facet normal -0.43336618975367064 0.04882864265285364 -0.8998941655745222
    outer loop
      vertex 53.35230692572213 -103.03289807822749 19.230312055690995
      vertex 52.05709849111838 -103.48611111111111 19.829460030684842
      vertex 52.139356613276 -102.75605008465217 19.829460030684842
    endloop
  endfacet
  facet normal -0.421769879009374 0.14758366370836515 -0.8946112179974238
    outer loop
      vertex 52.139356613276 -102.75605008465217 19.829460030684842
      vertex 54.778967342931445 -101.31579068874774 18.822598590072722
      vertex 54.529759644866054 -102.02798537222534 18.822598590072722
    endloop
  endfacet
  facet normal -0.42176987900937346 0.14758366370836368 -0.8946112179974244
    outer loop
      vertex 52.139356613276 -102.75605008465217 19.829460030684842
      vertex 52.38200621402388 -102.06259736652923 19.829460030684842
      vertex 54.778967342931445 -101.31579068874774 18.822598590072722
    endloop
  endfacet
  facet normal -0.44453624478846987 0.27932063547574676 -0.851097826143852
    outer loop
      vertex 52.38200621402388 -102.06259736652923 19.829460030684842
      vertex 52.77287982916402 -101.44052557163538 19.829460030684842
      vertex 55.18040510983213 -100.67690614264053 18.822598590072722
    endloop
  endfacet
  facet normal -0.4445362447884703 0.2793206354757478 -0.8510978261438514
    outer loop
      vertex 52.38200621402388 -102.06259736652923 19.829460030684842
      vertex 55.18040510983213 -100.67690614264053 18.822598590072722
      vertex 54.778967342931445 -101.31579068874774 18.822598590072722
    endloop
  endfacet
  facet normal -0.46043720751077677 0.4217206514105321 -0.781120522143385
    outer loop
      vertex 52.77287982916402 -101.44052557163538 19.829460030684842
      vertex 51.92879318114026 -100.76738893192548 20.690434108608883
      vertex 55.18040510983213 -100.67690614264053 18.822598590072722
    endloop
  endfacet
  facet normal -0.460437207510777 0.4217206514105308 -0.7811205221433856
    outer loop
      vertex 51.92879318114026 -100.76738893192548 20.690434108608883
      vertex 54.313505309159076 -99.98557662077631 19.706842237670386
      vertex 55.18040510983213 -100.67690614264053 18.822598590072722
    endloop
  endfacet
  facet normal -0.4634537477739349 0.4634537477739303 -0.7552623698745967
    outer loop
      vertex 51.92879318114026 -100.76738893192548 20.690434108608883
      vertex 55.02261365781335 -99.27646827212203 19.706842237670386
      vertex 54.313505309159076 -99.98557662077631 19.706842237670386
    endloop
  endfacet
  facet normal -0.4634537477739364 0.4634537477739364 -0.755262369874592
    outer loop
      vertex 51.92879318114026 -100.76738893192548 20.690434108608883
      vertex 52.61924078377732 -100.07694132928842 20.690434108608883
      vertex 55.02261365781335 -99.27646827212203 19.706842237670386
    endloop
  endfacet
  facet normal -0.4645837709414533 0.6290861425807824 -0.6232275226517606
    outer loop
      vertex 52.61924078377732 -100.07694132928842 20.690434108608883
      vertex 54.47129676117785 -98.58513875025781 20.815648700588056
      vertex 55.02261365781335 -99.27646827212203 19.706842237670386
    endloop
  endfacet
  facet normal -0.4645837709414526 0.6290861425807815 -0.623227522651762
    outer loop
      vertex 52.61924078377732 -100.07694132928842 20.690434108608883
      vertex 52.082432226526954 -99.40380468957852 21.77006145408135
      vertex 54.47129676117785 -98.58513875025781 20.815648700588056
    endloop
  endfacet
  facet normal -0.4551329027745443 0.7243398653109461 -0.5178665854574301
    outer loop
      vertex 52.082432226526954 -99.40380468957852 21.77006145408135
      vertex 53.072453816660946 -98.78173289468467 21.77006145408135
      vertex 55.48807569158573 -97.9462542041506 20.815648700588056
    endloop
  endfacet
  facet normal -0.45513290277454416 0.7243398653109399 -0.5178665854574387
    outer loop
      vertex 52.082432226526954 -99.40380468957852 21.77006145408135
      vertex 55.48807569158573 -97.9462542041506 20.815648700588056
      vertex 54.47129676117785 -98.58513875025781 20.815648700588056
    endloop
  endfacet
  facet normal -0.442682694424178 0.7851206456700099 -0.43314847777645066
    outer loop
      vertex 53.072453816660946 -98.78173289468467 21.77006145408135
      vertex 52.8124932529859 -98.24191922194842 23.01420504386906
      vertex 55.48807569158573 -97.9462542041506 20.815648700588056
    endloop
  endfacet
  facet normal -0.3989928520726525 0.8895638687370585 -0.22244286329861837
    outer loop
      vertex 52.8124932529859 -98.24191922194842 23.01420504386906
      vertex 52.67917028601224 -97.9650712283731 24.360478323288863
      vertex 55.22108916673027 -97.39185097269177 22.093417792802462
    endloop
  endfacet
  facet normal -0.3358586514964127 0.9419123983763094 -2.6803017236447857e-15
    outer loop
      vertex 52.67917028601224 -97.9650712283731 24.360478323288863
      vertex 53.83771481892666 -97.5519678387225 24.41795252249995
      vertex 55.08416287632489 -97.10752060091171 23.476076836530904
    endloop
  endfacet
  facet normal -0.061093174461546176 -0.7803710739785091 -0.622325164951442
    outer loop
      vertex 55.337962962962955 -107.84660292842815 20.690434108608883
      vertex 57.81481481481482 -107.25612072529258 19.706842237670386
      vertex 55.337962962962955 -108.7075770063522 21.77006145408135
    endloop
  endfacet
  facet normal -0.08411564894301438 -0.7465470326556 -0.6599940042424737
    outer loop
      vertex 54.367662251264704 -107.73727629465395 20.690434108608883
      vertex 56.81828975955715 -107.14383931763257 19.706842237670386
      vertex 57.81481481481482 -107.25612072529258 19.706842237670386
    endloop
  endfacet
  facet normal -0.08411564894300542 -0.7465470326556198 -0.659994004242452
    outer loop
      vertex 54.367662251264704 -107.73727629465395 20.690434108608883
      vertex 57.81481481481482 -107.25612072529258 19.706842237670386
      vertex 55.337962962962955 -107.84660292842815 20.690434108608883
    endloop
  endfacet
  facet normal -0.16815449250341155 -0.6008514305388605 -0.7814740079300942
    outer loop
      vertex 54.367662251264704 -107.73727629465395 20.690434108608883
      vertex 54.607901936504014 -106.68471746079807 19.829460030684842
      vertex 57.06502240926239 -106.06283294772653 18.822598590072722
    endloop
  endfacet
  facet normal -0.16815449250340808 -0.6008514305388639 -0.7814740079300923
    outer loop
      vertex 54.367662251264704 -107.73727629465395 20.690434108608883
      vertex 57.06502240926239 -106.06283294772653 18.822598590072722
      vertex 56.81828975955715 -107.14383931763257 19.706842237670386
    endloop
  endfacet
  facet normal -0.25653006082262964 -0.4082652530101009 -0.876077514309628
    outer loop
      vertex 53.292377423487224 -106.05119424491005 19.829460030684842
      vertex 55.71394317967758 -105.41218748276046 18.822598590072722
      vertex 56.35282772578478 -105.81362524966114 18.822598590072722
    endloop
  endfacet
  facet normal -0.19297423741319084 -0.5514886859464468 -0.8115547874098573
    outer loop
      vertex 53.91444921838108 -106.44206786005019 19.829460030684842
      vertex 56.35282772578478 -105.81362524966114 18.822598590072722
      vertex 57.06502240926239 -106.06283294772653 18.822598590072722
    endloop
  endfacet
  facet normal -0.19297423741319197 -0.5514886859464432 -0.8115547874098595
    outer loop
      vertex 53.91444921838108 -106.44206786005019 19.829460030684842
      vertex 57.06502240926239 -106.06283294772653 18.822598590072722
      vertex 54.607901936504014 -106.68471746079807 19.829460030684842
    endloop
  endfacet
  facet normal -0.2565300608226287 -0.40826525301010524 -0.8760775143096261
    outer loop
      vertex 53.91444921838108 -106.44206786005019 19.829460030684842
      vertex 53.292377423487224 -106.05119424491005 19.829460030684842
      vertex 56.35282772578478 -105.81362524966114 18.822598590072722
    endloop
  endfacet
  facet normal 0.10919118727172912 -0.9690985907399564 -0.221190429377088
    outer loop
      vertex 55.337962962962955 -109.30672498134605 23.01420504386906
      vertex 56.633171397566706 -109.16079003923582 23.01420504386906
      vertex 56.701547205309915 -109.46036402673275 24.360478323288863
    endloop
  endfacet
  facet normal 0.03910714144682595 -0.9002796475751241 -0.433551828101172
    outer loop
      vertex 55.337962962962955 -109.30672498134605 23.01420504386906
      vertex 55.337962962962955 -108.7075770063522 21.77006145408135
      vertex 57.81481481481482 -108.14036437289023 20.815648700588056
    endloop
  endfacet
  facet normal 0.10743329676277694 -0.9534968809548867 -0.2816057257159086
    outer loop
      vertex 55.337962962962955 -109.30672498134605 23.01420504386906
      vertex 59.145028882786235 -108.6058264066626 22.093417792802462
      vertex 56.633171397566706 -109.16079003923582 23.01420504386906
    endloop
  endfacet
  facet normal 0.1321833021532916 -0.9661155096241243 -0.2216943767793177
    outer loop
      vertex 56.633171397566706 -109.16079003923582 23.01420504386906
      vertex 59.145028882786235 -108.6058264066626 22.093417792802462
      vertex 56.701547205309915 -109.46036402673275 24.360478323288863
    endloop
  endfacet
  facet normal 0.13218330215329277 -0.9661155096241244 -0.22169437677931647
    outer loop
      vertex 56.701547205309915 -109.46036402673275 24.360478323288863
      vertex 59.145028882786235 -108.6058264066626 22.093417792802462
      vertex 59.21525268533332 -108.9134969884162 23.476076836530904
    endloop
  endfacet
  facet normal 0.03910714144682981 -0.9002796475751257 -0.43355182810116855
    outer loop
      vertex 55.337962962962955 -109.30672498134605 23.01420504386906
      vertex 57.81481481481482 -108.14036437289023 20.815648700588056
      vertex 57.81481481481482 -108.75570553639743 22.093417792802462
    endloop
  endfacet
  facet normal -0.06109317446154179 -0.7803710739785119 -0.6223251649514387
    outer loop
      vertex 57.81481481481482 -107.25612072529258 19.706842237670386
      vertex 57.81481481481482 -108.14036437289023 20.815648700588056
      vertex 55.337962962962955 -108.7075770063522 21.77006145408135
    endloop
  endfacet
  facet normal 0.10099575135802918 -0.8963620852315489 -0.43166522950890585
    outer loop
      vertex 57.81481481481482 -108.75570553639743 22.093417792802462
      vertex 57.81481481481482 -108.14036437289023 20.815648700588056
      vertex 59.00810259238085 -108.005913130845 20.815648700588056
    endloop
  endfacet
  facet normal 0.10743329676277429 -0.9534968809548844 -0.2816057257159178
    outer loop
      vertex 55.337962962962955 -109.30672498134605 23.01420504386906
      vertex 57.81481481481482 -108.75570553639743 22.093417792802462
      vertex 59.145028882786235 -108.6058264066626 22.093417792802462
    endloop
  endfacet
  facet normal 0.10919118727172536 -0.9690985907399577 -0.2211904293770843
    outer loop
      vertex 55.337962962962955 -109.30672498134605 23.01420504386906
      vertex 56.701547205309915 -109.46036402673275 24.360478323288863
      vertex 55.337962962962955 -109.61400307211944 24.360478323288863
    endloop
  endfacet
  facet normal 0.21258157694122284 -0.9771433227245545 0
    outer loop
      vertex 56.701547205309915 -109.46036402673275 24.360478323288863
      vertex 59.21525268533332 -108.9134969884162 24.89429353383947
      vertex 56.701547205309915 -109.46036402673275 25.741373528562992
    endloop
  endfacet
  facet normal 0.21258157694122282 -0.9771433227245545 -2.1527787067118442e-17
    outer loop
      vertex 56.701547205309915 -109.46036402673275 24.360478323288863
      vertex 59.21525268533332 -108.9134969884162 23.476076836530904
      vertex 59.21525268533332 -108.9134969884162 24.89429353383947
    endloop
  endfacet
  facet normal 0.2781437410429009 -0.9345150621346975 0.22207579328247876
    outer loop
      vertex 56.701547205309915 -109.46036402673275 25.741373528562992
      vertex 59.145028882786235 -108.6058264066626 26.27695257756791
      vertex 56.633171397566706 -109.16079003923582 27.087646807982793
    endloop
  endfacet
  facet normal 0.278143741042901 -0.9345150621346975 0.22207579328247795
    outer loop
      vertex 56.701547205309915 -109.46036402673275 25.741373528562992
      vertex 59.21525268533332 -108.9134969884162 24.89429353383947
      vertex 59.145028882786235 -108.6058264066626 26.27695257756791
    endloop
  endfacet
  facet normal 0.322098259742681 -0.9205039407969507 0.2211904293770871
    outer loop
      vertex 59.21525268533332 -108.9134969884162 24.89429353383947
      vertex 60.545466753304744 -108.44803495464383 24.89429353383947
      vertex 59.145028882786235 -108.6058264066626 26.27695257756791
    endloop
  endfacet
  facet normal 0.32209825974267714 -0.9205039407969531 0.22119042937708291
    outer loop
      vertex 60.545466753304744 -108.44803495464383 24.89429353383947
      vertex 60.40854046289936 -108.16370458286377 26.27695257756791
      vertex 59.145028882786235 -108.6058264066626 26.27695257756791
    endloop
  endfacet
  facet normal -0.2889027736876313 -0.32441121056492517 -0.9007177992109366
    outer loop
      vertex 53.292377423487224 -106.05119424491005 19.829460030684842
      vertex 54.06808826376778 -105.07848361770323 19.230312055690995
      vertex 55.71394317967758 -105.41218748276046 18.822598590072722
    endloop
  endfacet
  facet normal -0.29843194822551117 -0.2984319482255178 -0.9065741803937766
    outer loop
      vertex 54.06808826376778 -105.07848361770323 19.230312055690995
      vertex 53.74559045637084 -104.7559858103063 19.230312055690995
      vertex 56.510619177803555 -104.41318737914264 18.207257426565526
    endloop
  endfacet
  facet normal -0.2889027736876313 -0.3244112105649253 -0.9007177992109365
    outer loop
      vertex 54.06808826376778 -105.07848361770323 19.230312055690995
      vertex 56.510619177803555 -104.41318737914264 18.207257426565526
      vertex 55.71394317967758 -105.41218748276046 18.822598590072722
    endloop
  endfacet
  facet normal -0.3297745248334917 -0.20721106753406893 -0.9210387267983016
    outer loop
      vertex 53.74559045637084 -104.7559858103063 19.230312055690995
      vertex 55.930197515384556 -103.68536163534897 18.207257426565526
      vertex 56.17940521344995 -104.08197341478903 18.207257426565526
    endloop
  endfacet
  facet normal -0.3297745248334958 -0.20721106753406102 -0.9210387267983019
    outer loop
      vertex 53.74559045637084 -104.7559858103063 19.230312055690995
      vertex 53.50294085562297 -104.36981118295675 19.230312055690995
      vertex 55.930197515384556 -103.68536163534897 18.207257426565526
    endloop
  endfacet
  facet normal -0.35539918111766233 -0.12435955206543213 -0.9264049459447959
    outer loop
      vertex 53.50294085562297 -104.36981118295675 19.230312055690995
      vertex 55.77549239818911 -103.24323981155014 18.207257426565526
      vertex 55.930197515384556 -103.68536163534897 18.207257426565526
    endloop
  endfacet
  facet normal -0.35539918111766067 -0.12435955206543556 -0.926404945944796
    outer loop
      vertex 53.50294085562297 -104.36981118295675 19.230312055690995
      vertex 53.35230692572213 -103.93932414399474 19.230312055690995
      vertex 55.77549239818911 -103.24323981155014 18.207257426565526
    endloop
  endfacet
  facet normal -0.29843194822551233 -0.29843194822551244 -0.9065741803937778
    outer loop
      vertex 53.74559045637084 -104.7559858103063 19.230312055690995
      vertex 56.17940521344995 -104.08197341478903 18.207257426565526
      vertex 56.510619177803555 -104.41318737914264 18.207257426565526
    endloop
  endfacet
  facet normal -0.3781833485543793 -0.04261102970288636 -0.924749509339614
    outer loop
      vertex 53.30124208090609 -103.48611111111111 19.230312055690995
      vertex 55.723047422432096 -102.77777777777777 18.207257426565526
      vertex 55.77549239818911 -103.24323981155014 18.207257426565526
    endloop
  endfacet
  facet normal -0.3998971451810801 0.04505758700520959 -0.9154518486131807
    outer loop
      vertex 53.30124208090609 -103.48611111111111 19.230312055690995
      vertex 55.77549239818911 -102.3123157440054 18.207257426565526
      vertex 55.723047422432096 -102.77777777777777 18.207257426565526
    endloop
  endfacet
  facet normal -0.41681102720191915 0.12296930758277233 -0.9006370617487904
    outer loop
      vertex 53.35230692572213 -103.03289807822749 19.230312055690995
      vertex 54.529759644866054 -102.02798537222534 18.822598590072722
      vertex 55.77549239818911 -102.3123157440054 18.207257426565526
    endloop
  endfacet
  facet normal -0.411635399419806 0.14403745592529796 -0.8998941655745217
    outer loop
      vertex 54.529759644866054 -102.02798537222534 18.822598590072722
      vertex 55.930197515384556 -101.87019392020657 18.207257426565526
      vertex 55.77549239818911 -102.3123157440054 18.207257426565526
    endloop
  endfacet
  facet normal 0.29792290537948124 -0.8514147473959257 0.43166522950891106
    outer loop
      vertex 57.86343267294001 -108.7303030002738 27.087646807982793
      vertex 57.60347210926496 -108.19048932753756 28.331790397770504
      vertex 56.49984843059304 -108.57666395488711 28.331790397770504
    endloop
  endfacet
  facet normal 0.30902594065377564 -0.8831453991944596 0.3529265814368587
    outer loop
      vertex 59.145028882786235 -108.6058264066626 26.27695257756791
      vertex 57.86343267294001 -108.7303030002738 27.087646807982793
      vertex 56.633171397566706 -109.16079003923582 27.087646807982793
    endloop
  endfacet
  facet normal 0.3250438478789205 -0.8408727308906003 0.4327580702894507
    outer loop
      vertex 60.40854046289936 -108.16370458286377 26.27695257756791
      vertex 57.60347210926496 -108.19048932753756 28.331790397770504
      vertex 57.86343267294001 -108.7303030002738 27.087646807982793
    endloop
  endfacet
  facet normal 0.350872570604281 -0.6987232681973372 0.6234374336508645
    outer loop
      vertex 57.60347210926496 -108.19048932753756 28.331790397770504
      vertex 59.757894997933285 -106.81262535327896 28.663528132699987
      vertex 57.22990945705199 -107.41477848725701 29.41141774324297
    endloop
  endfacet
  facet normal 0.35493659462089605 -0.5648783543759353 0.7449378890595222
    outer loop
      vertex 57.22990945705199 -107.41477848725701 29.41141774324297
      vertex 59.757894997933285 -106.81262535327896 28.663528132699987
      vertex 58.05668514214859 -106.89528089293381 29.41141774324297
    endloop
  endfacet
  facet normal 0.3534331577243966 -0.5148240819497734 0.7810513220432668
    outer loop
      vertex 58.05668514214859 -106.89528089293381 29.41141774324297
      vertex 60.607015971816274 -106.27908728343351 28.663528132699987
      vertex 57.383548502438686 -106.05119424491005 30.272391821167012
    endloop
  endfacet
  facet normal 0.30902594065377686 -0.8831453991944584 0.35292658143686073
    outer loop
      vertex 59.145028882786235 -108.6058264066626 26.27695257756791
      vertex 60.40854046289936 -108.16370458286377 26.27695257756791
      vertex 57.86343267294001 -108.7303030002738 27.087646807982793
    endloop
  endfacet
  facet normal 0.325043847878917 -0.8408727308906042 0.4327580702894458
    outer loop
      vertex 60.40854046289936 -108.16370458286377 26.27695257756791
      vertex 60.141553938043906 -107.60930135140494 27.554721669782317
      vertex 57.60347210926496 -108.19048932753756 28.331790397770504
    endloop
  endfacet
  facet normal 0.3508725706042806 -0.6987232681973367 0.623437433650865
    outer loop
      vertex 57.60347210926496 -108.19048932753756 28.331790397770504
      vertex 60.141553938043906 -107.60930135140494 27.554721669782317
      vertex 59.757894997933285 -106.81262535327896 28.663528132699987
    endloop
  endfacet
  facet normal 0.3549365946208969 -0.5648783543759316 0.7449378890595245
    outer loop
      vertex 58.05668514214859 -106.89528089293381 29.41141774324297
      vertex 59.757894997933285 -106.81262535327896 28.663528132699987
      vertex 60.607015971816274 -106.27908728343351 28.663528132699987
    endloop
  endfacet
  facet normal 0.3534331577243962 -0.5148240819497748 0.7810513220432661
    outer loop
      vertex 57.383548502438686 -106.05119424491005 30.272391821167012
      vertex 60.607015971816274 -106.27908728343351 28.663528132699987
      vertex 59.915686449952055 -105.41218748276046 29.54777178029765
    endloop
  endfacet
  facet normal 0.3366107003063818 -0.3366107003063864 0.8794239437714277
    outer loop
      vertex 57.383548502438686 -106.05119424491005 30.272391821167012
      vertex 60.449224519797504 -104.87864941291501 29.54777178029765
      vertex 57.90304609676189 -105.53169665058685 30.272391821167012
    endloop
  endfacet
  facet normal 0.32901675067288927 -0.28322909180282746 0.9008491878961759
    outer loop
      vertex 57.90304609676189 -105.53169665058685 30.272391821167012
      vertex 60.449224519797504 -104.87864941291501 29.54777178029765
      vertex 56.93033546955507 -104.7559858103063 30.87153979616086
    endloop
  endfacet
  facet normal 0.3138561927258438 -0.19720891654603767 0.9287641969425694
    outer loop
      vertex 56.93033546955507 -104.7559858103063 30.87153979616086
      vertex 59.69943211424508 -103.68536163534897 30.163112943804848
      vertex 57.17298507030294 -104.36981118295675 30.87153979616086
    endloop
  endfacet
  facet normal 0.3138561927258476 -0.19720891654605 0.9287641969425656
    outer loop
      vertex 56.93033546955507 -104.7559858103063 30.87153979616086
      vertex 59.45022441617969 -104.08197341478903 30.163112943804848
      vertex 59.69943211424508 -103.68536163534897 30.163112943804848
    endloop
  endfacet
  facet normal 0.2943245319224892 -0.10298860801154193 0.9501402088789068
    outer loop
      vertex 57.17298507030294 -104.36981118295675 30.87153979616086
      vertex 59.854137231440525 -103.24323981155014 30.163112943804848
      vertex 57.32361900020378 -103.93932414399474 30.87153979616086
    endloop
  endfacet
  facet normal 0.27742057748454113 -0.03125779205396728 0.9602399562734591
    outer loop
      vertex 57.32361900020378 -103.93932414399474 30.87153979616086
      vertex 59.906582207197545 -102.77777777777777 30.163112943804848
      vertex 57.37468384501982 -103.48611111111111 30.87153979616086
    endloop
  endfacet
  facet normal 0.24580203477244342 0.0860098519218414 0.9654965898821753
    outer loop
      vertex 57.32361900020378 -103.03289807822749 30.87153979616086
      vertex 59.854137231440525 -102.3123157440054 30.163112943804848
      vertex 57.17298507030294 -102.60241103926548 30.87153979616086
    endloop
  endfacet
  facet normal 0.26167662865018054 0.02948387505316309 0.9647051586521787
    outer loop
      vertex 57.37468384501982 -103.48611111111111 30.87153979616086
      vertex 59.854137231440525 -102.3123157440054 30.163112943804848
      vertex 57.32361900020378 -103.03289807822749 30.87153979616086
    endloop
  endfacet
  facet normal 0.2075729335467182 0.2075729335467228 0.9559429661426551
    outer loop
      vertex 56.93033546955507 -102.21623641191593 30.87153979616086
      vertex 59.11901045182608 -101.1423681764129 30.163112943804848
      vertex 56.60783766215813 -101.893738604519 30.87153979616086
    endloop
  endfacet
  facet normal 0.17985554114648308 0.2862384539884638 0.9411267352366522
    outer loop
      vertex 56.2216630348086 -101.65108900377112 30.87153979616086
      vertex 56.60783766215813 -101.893738604519 30.87153979616086
      vertex 59.11901045182608 -101.1423681764129 30.163112943804848
    endloop
  endfacet
  facet normal 0.22841344302548233 0.14352167861461582 0.9629272178170517
    outer loop
      vertex 57.17298507030294 -102.60241103926548 30.87153979616086
      vertex 59.69943211424508 -101.87019392020657 30.163112943804848
      vertex 56.93033546955507 -102.21623641191593 30.87153979616086
    endloop
  endfacet
  facet normal 0.22841344302548128 0.14352167861462237 0.9629272178170509
    outer loop
      vertex 56.93033546955507 -102.21623641191593 30.87153979616086
      vertex 59.69943211424508 -101.87019392020657 30.163112943804848
      vertex 59.45022441617969 -101.47358214076651 30.163112943804848
    endloop
  endfacet
  facet normal 0.20757293354671982 0.20757293354671977 0.9559429661426554
    outer loop
      vertex 56.93033546955507 -102.21623641191593 30.87153979616086
      vertex 59.45022441617969 -101.47358214076651 30.163112943804848
      vertex 59.11901045182608 -101.1423681764129 30.163112943804848
    endloop
  endfacet
  facet normal 0.33661070030638013 -0.33661070030638013 0.8794239437714308
    outer loop
      vertex 57.383548502438686 -106.05119424491005 30.272391821167012
      vertex 59.915686449952055 -105.41218748276046 29.54777178029765
      vertex 60.449224519797504 -104.87864941291501 29.54777178029765
    endloop
  endfacet
  facet normal 0.3290167506728892 -0.2832290918028276 0.9008491878961757
    outer loop
      vertex 56.93033546955507 -104.7559858103063 30.87153979616086
      vertex 60.449224519797504 -104.87864941291501 29.54777178029765
      vertex 59.45022441617969 -104.08197341478903 30.163112943804848
    endloop
  endfacet
  facet normal 0.2943245319224877 -0.10298860801153795 0.9501402088789078
    outer loop
      vertex 57.17298507030294 -104.36981118295675 30.87153979616086
      vertex 59.69943211424508 -103.68536163534897 30.163112943804848
      vertex 59.854137231440525 -103.24323981155014 30.163112943804848
    endloop
  endfacet
  facet normal 0.2774205774845427 -0.03125779205397112 0.9602399562734585
    outer loop
      vertex 57.32361900020378 -103.93932414399474 30.87153979616086
      vertex 59.854137231440525 -103.24323981155014 30.163112943804848
      vertex 59.906582207197545 -102.77777777777777 30.163112943804848
    endloop
  endfacet
  facet normal 0.261676628650179 0.029483875053166454 0.9647051586521788
    outer loop
      vertex 57.37468384501982 -103.48611111111111 30.87153979616086
      vertex 59.906582207197545 -102.77777777777777 30.163112943804848
      vertex 59.854137231440525 -102.3123157440054 30.163112943804848
    endloop
  endfacet
  facet normal 0.24580203477244375 0.08600985192183859 0.9654965898821756
    outer loop
      vertex 57.17298507030294 -102.60241103926548 30.87153979616086
      vertex 59.854137231440525 -102.3123157440054 30.163112943804848
      vertex 59.69943211424508 -101.87019392020657 30.163112943804848
    endloop
  endfacet
  facet normal -0.4426826944241753 0.7851206456700137 -0.43314847777644666
    outer loop
      vertex 52.8124932529859 -98.24191922194842 23.01420504386906
      vertex 55.22108916673027 -97.39185097269177 22.093417792802462
      vertex 55.48807569158573 -97.9462542041506 20.815648700588056
    endloop
  endfacet
  facet normal -0.39899285207265395 0.8895638687370574 -0.22244286329862037
    outer loop
      vertex 52.67917028601224 -97.9650712283731 24.360478323288863
      vertex 55.08416287632489 -97.10752060091171 23.476076836530904
      vertex 55.22108916673027 -97.39185097269177 22.093417792802462
    endloop
  endfacet
  facet normal -0.33585865149641086 0.9419123983763099 1.63059352058556e-17
    outer loop
      vertex 53.83771481892666 -97.5519678387225 24.41795252249995
      vertex 55.08416287632489 -97.10752060091171 24.89429353383947
      vertex 55.08416287632489 -97.10752060091171 23.476076836530904
    endloop
  endfacet
  facet normal -0.3358586514964109 0.94191239837631 0
    outer loop
      vertex 53.83771481892666 -97.5519678387225 24.41795252249995
      vertex 53.83771481892666 -97.5519678387225 25.33331410219256
      vertex 55.08416287632489 -97.10752060091171 24.89429353383947
    endloop
  endfacet
  facet normal -0.33022653615968267 0.9437332202091181 0.017833785063910604
    outer loop
      vertex 53.83771481892666 -97.5519678387225 25.33331410219256
      vertex 53.97437872061599 -97.51185819548948 25.741373528562992
      vertex 55.08416287632489 -97.10752060091171 24.89429353383947
    endloop
  endfacet
  facet normal -0.33022653615968134 0.9437332202091187 0.017833785063912425
    outer loop
      vertex 53.97437872061599 -97.51185819548948 25.741373528562992
      vertex 56.414376944296315 -96.64205856713934 24.89429353383947
      vertex 55.08416287632489 -97.10752060091171 24.89429353383947
    endloop
  endfacet
  facet normal -0.25798393779715173 0.9402219448490106 0.22232179889299974
    outer loop
      vertex 53.97437872061599 -97.51185819548948 25.741373528562992
      vertex 54.0427545283592 -97.81143218298641 27.087646807982793
      vertex 56.414376944296315 -96.64205856713934 24.89429353383947
    endloop
  endfacet
  facet normal -0.2579839377971536 0.9402219448490106 0.22232179889299766
    outer loop
      vertex 54.0427545283592 -97.81143218298641 27.087646807982793
      vertex 56.48460074684339 -96.94972914889294 26.27695257756791
      vertex 56.414376944296315 -96.64205856713934 24.89429353383947
    endloop
  endfacet
  facet normal 0.13793096931115614 0.39418406330506955 0.9086220181908371
    outer loop
      vertex 56.265689190441755 -101.35519020139057 30.7364878602466
      vertex 56.2216630348086 -101.65108900377112 30.87153979616086
      vertex 58.280276848587185 -100.73845536115206 30.163112943804848
    endloop
  endfacet
  facet normal 0.12913945634016222 0.4153170603921093 0.9004636251195406
    outer loop
      vertex 56.265689190441755 -101.35519020139057 30.7364878602466
      vertex 58.280276848587185 -100.73845536115206 30.163112943804848
      vertex 56.60820734527615 -100.56845045373991 30.324501148911537
    endloop
  endfacet
  facet normal 0.12913945634016089 0.4153170603920861 0.9004636251195514
    outer loop
      vertex 56.0680239894219 -100.28750476142416 30.272391821167012
      vertex 56.60820734527615 -100.56845045373991 30.324501148911537
      vertex 58.280276848587185 -100.73845536115206 30.163112943804848
    endloop
  endfacet
  facet normal 0.13793096931115478 0.39418406330507194 0.9086220181908363
    outer loop
      vertex 56.2216630348086 -101.65108900377112 30.87153979616086
      vertex 58.72239867238602 -100.89316047834751 30.163112943804848
      vertex 58.280276848587185 -100.73845536115206 30.163112943804848
    endloop
  endfacet
  facet normal 0.17985554114648322 0.28623845398846326 0.9411267352366525
    outer loop
      vertex 56.2216630348086 -101.65108900377112 30.87153979616086
      vertex 59.11901045182608 -101.1423681764129 30.163112943804848
      vertex 58.72239867238602 -100.89316047834751 30.163112943804848
    endloop
  endfacet
  facet normal 0.0628097119472233 0.5574516117436774 0.8278300795752007
    outer loop
      vertex 56.0680239894219 -100.28750476142416 30.272391821167012
      vertex 57.81481481481482 -99.40824129318064 29.54777178029765
      vertex 55.72263616331447 -100.0814658822758 30.159853031270615
    endloop
  endfacet
  facet normal 0.02809154117099061 0.6232437445917696 0.781522936414452
    outer loop
      vertex 55.72263616331447 -100.0814658822758 30.159853031270615
      vertex 57.81481481481482 -98.29943483026297 28.663528132699987
      vertex 55.80310003161952 -99.36930052979469 29.58902787140412
    endloop
  endfacet
  facet normal 0.06280971194721806 0.5574516117436842 0.8278300795751966
    outer loop
      vertex 56.0680239894219 -100.28750476142416 30.272391821167012
      vertex 58.56460722036725 -99.49272260782901 29.54777178029765
      vertex 57.81481481481482 -99.40824129318064 29.54777178029765
    endloop
  endfacet
  facet normal 0.028091541170999493 0.6232437445917631 0.7815229364144568
    outer loop
      vertex 55.72263616331447 -100.0814658822758 30.159853031270615
      vertex 57.81481481481482 -99.40824129318064 29.54777178029765
      vertex 57.81481481481482 -98.29943483026297 28.663528132699987
    endloop
  endfacet
  facet normal 0.12913945634016408 0.415317060392104 0.9004636251195427
    outer loop
      vertex 56.0680239894219 -100.28750476142416 30.272391821167012
      vertex 58.280276848587185 -100.73845536115206 30.163112943804848
      vertex 58.56460722036725 -99.49272260782901 29.54777178029765
    endloop
  endfacet
  facet normal 0.02809154117099486 0.6232437445917647 0.7815229364144557
    outer loop
      vertex 55.80310003161952 -99.36930052979469 29.58902787140412
      vertex 57.81481481481482 -98.29943483026297 28.663528132699987
      vertex 55.337962962962955 -99.12561929379407 29.41141774324297
    endloop
  endfacet
  facet normal -0.07233573325320723 0.7797833494445935 0.621856470275651
    outer loop
      vertex 55.337962962962955 -98.26464521587003 28.331790397770504
      vertex 55.337962962962955 -99.12561929379407 29.41141774324297
      vertex 57.0363995616386 -98.32412028919185 28.603935718631476
    endloop
  endfacet
  facet normal -0.1684074736000683 0.885204071715918 0.4336504055725099
    outer loop
      vertex 54.30183999490174 -98.3520552266999 28.291827968003076
      vertex 56.621527037248775 -97.54964242471054 27.554721669782317
      vertex 54.22761500012243 -97.98426560812788 27.512239369908176
    endloop
  endfacet
  facet normal -0.1684074736000693 0.885204071715925 0.43365040557249473
    outer loop
      vertex 54.0427545283592 -97.81143218298641 27.087646807982793
      vertex 54.22761500012243 -97.98426560812788 27.512239369908176
      vertex 56.621527037248775 -97.54964242471054 27.554721669782317
    endloop
  endfacet
  facet normal -0.09045811873144559 0.8028380089455875 0.5892948838636329
    outer loop
      vertex 55.337962962962955 -98.26464521587003 28.331790397770504
      vertex 56.93054141270822 -97.71845906173264 27.832146905068395
      vertex 56.621527037248775 -97.54964242471054 27.554721669782317
    endloop
  endfacet
  facet normal -0.1684074736000695 0.8852040717159245 0.433650405572496
    outer loop
      vertex 54.0427545283592 -97.81143218298641 27.087646807982793
      vertex 56.621527037248775 -97.54964242471054 27.554721669782317
      vertex 56.48460074684339 -96.94972914889294 26.27695257756791
    endloop
  endfacet
  facet normal -0.09045811873145677 0.8028380089455948 0.5892948838636209
    outer loop
      vertex 54.30183999490174 -98.3520552266999 28.291827968003076
      vertex 55.337962962962955 -98.26464521587003 28.331790397770504
      vertex 56.621527037248775 -97.54964242471054 27.554721669782317
    endloop
  endfacet
  facet normal -0.07233573325320748 0.7797833494445924 0.6218564702756524
    outer loop
      vertex 55.337962962962955 -98.26464521587003 28.331790397770504
      vertex 57.0363995616386 -98.32412028919185 28.603935718631476
      vertex 56.93054141270822 -97.71845906173264 27.832146905068395
    endloop
  endfacet
  facet normal -0.07233573325322018 0.779783349444605 0.6218564702756353
    outer loop
      vertex 57.0363995616386 -98.32412028919185 28.603935718631476
      vertex 55.337962962962955 -99.12561929379407 29.41141774324297
      vertex 57.81481481481482 -98.29943483026297 28.663528132699987
    endloop
  endfacet
  facet normal -0.34798581045658344 -0.3479858104565736 -0.8705238373771027
    outer loop
      vertex 50.50424343738482 -105.99029944381422 20.919654804630294
      vertex 52.77287982916402 -105.53169665058685 19.829460030684842
      vertex 51.00970055618577 -106.49575656261518 20.919654804630294
    endloop
  endfacet
  facet normal -0.2640524981600108 -0.5648426874493154 -0.7818113689698382
    outer loop
      vertex 53.44601646887392 -107.41477848725701 20.690434108608883
      vertex 51.61495959986628 -106.87606602599477 20.919654804630294
      vertex 53.91444921838108 -106.44206786005019 19.829460030684842
    endloop
  endfacet
  facet normal -0.20671917261634826 -0.5907694539661418 -0.7799093767440927
    outer loop
      vertex 53.44601646887392 -107.41477848725701 20.690434108608883
      vertex 53.91444921838108 -106.44206786005019 19.829460030684842
      vertex 54.367662251264704 -107.73727629465395 20.690434108608883
    endloop
  endfacet
  facet normal -0.3007490520185046 -0.4786393743530231 -0.824896573534475
    outer loop
      vertex 53.91444921838108 -106.44206786005019 19.829460030684842
      vertex 51.61495959986628 -106.87606602599477 20.919654804630294
      vertex 51.00970055618577 -106.49575656261518 20.919654804630294
    endloop
  endfacet
  facet normal -0.30074905201850577 -0.47863937435301773 -0.8248965735344778
    outer loop
      vertex 53.91444921838108 -106.44206786005019 19.829460030684842
      vertex 51.00970055618577 -106.49575656261518 20.919654804630294
      vertex 53.292377423487224 -106.05119424491005 19.829460030684842
    endloop
  endfacet
  facet normal -0.3479858104565778 -0.34798581045658256 -0.8705238373771014
    outer loop
      vertex 53.292377423487224 -106.05119424491005 19.829460030684842
      vertex 51.00970055618577 -106.49575656261518 20.919654804630294
      vertex 52.77287982916402 -105.53169665058685 19.829460030684842
    endloop
  endfacet
  facet normal -0.10099575135802986 -0.8963620852315489 -0.4316652295089058
    outer loop
      vertex 51.86951684230586 -108.95297033448475 22.80780754090798
      vertex 53 -109.0803451953697 22.80780754090798
      vertex 51.73979719876392 -109.52130922736458 24.018325628268997
    endloop
  endfacet
  facet normal -0.1009957513580283 -0.8963620852315498 -0.43166522950890446
    outer loop
      vertex 53 -109.0803451953697 22.80780754090798
      vertex 53 -109.6632999818502 24.018325628268997
      vertex 51.73979719876392 -109.52130922736458 24.018325628268997
    endloop
  endfacet
  facet normal -0.04887668544853321 -0.8998920484560213 -0.43336517020313386
    outer loop
      vertex 53 -109.0803451953697 22.80780754090798
      vertex 55.337962962962955 -109.30672498134605 23.01420504386906
      vertex 53 -109.6632999818502 24.018325628268997
    endloop
  endfacet
  facet normal -0.15544293899114267 -0.766314511758633 -0.623377543536759
    outer loop
      vertex 51.86951684230586 -108.95297033448475 22.80780754090798
      vertex 52.05592363186116 -108.13626882723086 21.757359312880716
      vertex 54.17607749533287 -108.57666395488711 21.77006145408135
    endloop
  endfacet
  facet normal -0.2256731180695265 -0.6449367180092408 -0.7301563350024752
    outer loop
      vertex 52.05592363186116 -108.13626882723086 21.757359312880716
      vertex 51.1591871949404 -107.8224871767906 21.757359312880716
      vertex 54.367662251264704 -107.73727629465395 20.690434108608883
    endloop
  endfacet
  facet normal -0.09561854313938951 -0.8486380423211387 -0.5202600958494181
    outer loop
      vertex 53 -109.0803451953697 22.80780754090798
      vertex 54.17607749533287 -108.57666395488711 21.77006145408135
      vertex 55.337962962962955 -108.7075770063522 21.77006145408135
    endloop
  endfacet
  facet normal -0.15544293899114264 -0.766314511758633 -0.6233775435367591
    outer loop
      vertex 52.05592363186116 -108.13626882723086 21.757359312880716
      vertex 54.367662251264704 -107.73727629465395 20.690434108608883
      vertex 54.17607749533287 -108.57666395488711 21.77006145408135
    endloop
  endfacet
  facet normal -0.09561854313939466 -0.8486380423211355 -0.5202600958494225
    outer loop
      vertex 51.86951684230586 -108.95297033448475 22.80780754090798
      vertex 54.17607749533287 -108.57666395488711 21.77006145408135
      vertex 53 -109.0803451953697 22.80780754090798
    endloop
  endfacet
  facet normal 0.053047120207253495 -0.9735552237245582 -0.22220762677357084
    outer loop
      vertex 53 -109.6632999818502 24.018325628268997
      vertex 55.337962962962955 -109.30672498134605 23.01420504386906
      vertex 53 -109.96227325935945 25.328213143380154
    endloop
  endfacet
  facet normal -0.2640524981600112 -0.5648426874493172 -0.7818113689698368
    outer loop
      vertex 53.44601646887392 -107.41477848725701 20.690434108608883
      vertex 51.1591871949404 -107.8224871767906 21.757359312880716
      vertex 51.61495959986628 -106.87606602599477 20.919654804630294
    endloop
  endfacet
  facet normal -0.22567311806952844 -0.644936718009234 -0.7301563350024806
    outer loop
      vertex 53.44601646887392 -107.41477848725701 20.690434108608883
      vertex 54.367662251264704 -107.73727629465395 20.690434108608883
      vertex 51.1591871949404 -107.8224871767906 21.757359312880716
    endloop
  endfacet
  facet normal -0.4116353994198023 -0.1440374559252978 -0.8998941655745235
    outer loop
      vertex 51.214573084750285 -104.85981628612008 20.336700018149795
      vertex 50.123933974005226 -105.38504040013372 20.919654804630294
      vertex 49.88784247057485 -104.71032964736546 20.919654804630294
    endloop
  endfacet
  facet normal -0.4116353994198023 -0.14403745592529957 -0.8998941655745231
    outer loop
      vertex 51.214573084750285 -104.85981628612008 20.336700018149795
      vertex 49.88784247057485 -104.71032964736546 20.919654804630294
      vertex 51.06801034214407 -104.44096403199488 20.336700018149795
    endloop
  endfacet
  facet normal -0.3808292628707016 -0.23929088563616097 -0.8931455338257142
    outer loop
      vertex 50.50424343738482 -105.99029944381422 20.919654804630294
      vertex 50.123933974005226 -105.38504040013372 20.919654804630294
      vertex 52.77287982916402 -105.53169665058685 19.829460030684842
    endloop
  endfacet
  facet normal -0.3808292628707018 -0.2392908856361574 -0.8931455338257149
    outer loop
      vertex 52.77287982916402 -105.53169665058685 19.829460030684842
      vertex 50.123933974005226 -105.38504040013372 20.919654804630294
      vertex 52.38200621402388 -104.909624855693 19.829460030684842
    endloop
  endfacet
  facet normal -0.3987313626620704 -0.17186085532292095 -0.9008202633363231
    outer loop
      vertex 51.214573084750285 -104.85981628612008 20.336700018149795
      vertex 53.50294085562297 -104.36981118295675 19.230312055690995
      vertex 50.123933974005226 -105.38504040013372 20.919654804630294
    endloop
  endfacet
  facet normal -0.43336618975366925 -0.048828642652853894 -0.8998941655745228
    outer loop
      vertex 51.018325628269 -104 20.336700018149795
      vertex 49.88784247057485 -104.71032964736546 20.919654804630294
      vertex 49.80780754090798 -104 20.919654804630294
    endloop
  endfacet
  facet normal -0.4448551366309862 0.0501231360738773 -0.8941988473729688
    outer loop
      vertex 52.05709849111838 -103.48611111111111 19.829460030684842
      vertex 49.80780754090798 -104 20.919654804630294
      vertex 49.88784247057485 -103.28967035263454 20.919654804630294
    endloop
  endfacet
  facet normal -0.40603848846080937 -0.1420790120773942 -0.9027437622136046
    outer loop
      vertex 51.214573084750285 -104.85981628612008 20.336700018149795
      vertex 51.06801034214407 -104.44096403199488 20.336700018149795
      vertex 53.35230692572213 -103.93932414399474 19.230312055690995
    endloop
  endfacet
  facet normal -0.42682819589858273 -0.04809198766415766 -0.9030530725868063
    outer loop
      vertex 51.06801034214407 -104.44096403199488 20.336700018149795
      vertex 51.018325628269 -104 20.336700018149795
      vertex 53.30124208090609 -103.48611111111111 19.230312055690995
    endloop
  endfacet
  facet normal -0.4338511295480411 -0.012260062476492646 -0.9009011534335835
    outer loop
      vertex 53.30124208090609 -103.48611111111111 19.230312055690995
      vertex 49.80780754090798 -104 20.919654804630294
      vertex 52.05709849111838 -103.48611111111111 19.829460030684842
    endloop
  endfacet
  facet normal -0.4338511295480404 -0.012260062476499136 -0.9009011534335838
    outer loop
      vertex 51.018325628269 -104 20.336700018149795
      vertex 49.80780754090798 -104 20.919654804630294
      vertex 53.30124208090609 -103.48611111111111 19.230312055690995
    endloop
  endfacet
  facet normal -0.3987313626620678 -0.17186085532292913 -0.9008202633363227
    outer loop
      vertex 52.38200621402388 -104.909624855693 19.829460030684842
      vertex 50.123933974005226 -105.38504040013372 20.919654804630294
      vertex 53.50294085562297 -104.36981118295675 19.230312055690995
    endloop
  endfacet
  facet normal -0.36926349131929437 -0.2320236297096048 -0.8998941655745222
    outer loop
      vertex 53.74559045637084 -104.7559858103063 19.230312055690995
      vertex 52.77287982916402 -105.53169665058685 19.829460030684842
      vertex 52.38200621402388 -104.909624855693 19.829460030684842
    endloop
  endfacet
  facet normal -0.3083751698539718 -0.308375169853976 -0.8998941655745222
    outer loop
      vertex 53.292377423487224 -106.05119424491005 19.829460030684842
      vertex 52.77287982916402 -105.53169665058685 19.829460030684842
      vertex 53.74559045637084 -104.7559858103063 19.230312055690995
    endloop
  endfacet
  facet normal -0.30837516985397 -0.30837516985397684 -0.8998941655745225
    outer loop
      vertex 53.292377423487224 -106.05119424491005 19.829460030684842
      vertex 53.74559045637084 -104.7559858103063 19.230312055690995
      vertex 54.06808826376778 -105.07848361770323 19.230312055690995
    endloop
  endfacet
  facet normal -0.3692634913192956 -0.23202362970959822 -0.8998941655745233
    outer loop
      vertex 53.74559045637084 -104.7559858103063 19.230312055690995
      vertex 52.38200621402388 -104.909624855693 19.829460030684842
      vertex 53.50294085562297 -104.36981118295675 19.230312055690995
    endloop
  endfacet
  facet normal -0.40603848846080853 -0.14207901207739562 -0.9027437622136046
    outer loop
      vertex 51.214573084750285 -104.85981628612008 20.336700018149795
      vertex 53.35230692572213 -103.93932414399474 19.230312055690995
      vertex 53.50294085562297 -104.36981118295675 19.230312055690995
    endloop
  endfacet
  facet normal -0.4268281958985854 -0.048091987664150175 -0.9030530725868054
    outer loop
      vertex 51.06801034214407 -104.44096403199488 20.336700018149795
      vertex 53.30124208090609 -103.48611111111111 19.230312055690995
      vertex 53.35230692572213 -103.93932414399474 19.230312055690995
    endloop
  endfacet
  facet normal -0.4448551366309863 0.05012313607387698 -0.894198847372969
    outer loop
      vertex 52.05709849111838 -103.48611111111111 19.829460030684842
      vertex 49.88784247057485 -103.28967035263454 20.919654804630294
      vertex 52.139356613276 -102.75605008465217 19.829460030684842
    endloop
  endfacet
  facet normal -0.4607977128937442 0.16124009342967557 -0.8727354124032576
    outer loop
      vertex 52.38200621402388 -102.06259736652923 19.829460030684842
      vertex 49.88784247057485 -103.28967035263454 20.919654804630294
      vertex 50.123933974005226 -102.61495959986628 20.919654804630294
    endloop
  endfacet
  facet normal -0.46079771289374344 0.16124009342967321 -0.8727354124032584
    outer loop
      vertex 52.139356613276 -102.75605008465217 19.829460030684842
      vertex 49.88784247057485 -103.28967035263454 20.919654804630294
      vertex 52.38200621402388 -102.06259736652923 19.829460030684842
    endloop
  endfacet
  facet normal -0.47311799775232105 0.2972797411605366 -0.8293275081042225
    outer loop
      vertex 52.77287982916402 -101.44052557163538 19.829460030684842
      vertex 50.123933974005226 -102.61495959986628 20.919654804630294
      vertex 50.50424343738482 -102.00970055618578 20.919654804630294
    endloop
  endfacet
  facet normal -0.47311799775231966 0.29727974116053113 -0.8293275081042252
    outer loop
      vertex 52.38200621402388 -102.06259736652923 19.829460030684842
      vertex 50.123933974005226 -102.61495959986628 20.919654804630294
      vertex 52.77287982916402 -101.44052557163538 19.829460030684842
    endloop
  endfacet
  facet normal -0.4765722234728443 0.4022467889061284 -0.7817137817826023
    outer loop
      vertex 52.77287982916402 -101.44052557163538 19.829460030684842
      vertex 50.50424343738482 -102.00970055618578 20.919654804630294
      vertex 51.92879318114026 -100.76738893192548 20.690434108608883
    endloop
  endfacet
  facet normal -0.4333661897536701 0.04882864265285145 -0.8998941655745226
    outer loop
      vertex 53.30124208090609 -103.48611111111111 19.230312055690995
      vertex 52.05709849111838 -103.48611111111111 19.829460030684842
      vertex 53.35230692572213 -103.03289807822749 19.230312055690995
    endloop
  endfacet
  facet normal -0.47657222347284245 0.40224678890612586 -0.7817137817826046
    outer loop
      vertex 50.50424343738482 -102.00970055618578 20.919654804630294
      vertex 49.682969942010345 -101.35475679863019 21.757359312880716
      vertex 51.92879318114026 -100.76738893192548 20.690434108608883
    endloop
  endfacet
  facet normal -0.4758540685155577 0.4758540685155577 -0.7396795326047502
    outer loop
      vertex 49.682969942010345 -101.35475679863019 21.757359312880716
      vertex 50.35475679863019 -100.68296994201035 21.757359312880716
      vertex 52.61924078377732 -100.07694132928842 20.690434108608883
    endloop
  endfacet
  facet normal -0.4758540685155577 0.47585406851555767 -0.7396795326047503
    outer loop
      vertex 49.682969942010345 -101.35475679863019 21.757359312880716
      vertex 52.61924078377732 -100.07694132928842 20.690434108608883
      vertex 51.92879318114026 -100.76738893192548 20.690434108608883
    endloop
  endfacet
  facet normal -0.4624124078284567 0.6307349431528169 -0.6231758953716854
    outer loop
      vertex 52.61924078377732 -100.07694132928842 20.690434108608883
      vertex 50.35475679863019 -100.68296994201035 21.757359312880716
      vertex 49.83245658076497 -100.02802618445477 22.80780754090798
    endloop
  endfacet
  facet normal -0.4624124078284571 0.6307349431528162 -0.6231758953716859
    outer loop
      vertex 52.61924078377732 -100.07694132928842 20.690434108608883
      vertex 49.83245658076497 -100.02802618445477 22.80780754090798
      vertex 52.082432226526954 -99.40380468957852 21.77006145408135
    endloop
  endfacet
  facet normal -0.4472605798385515 0.7118111351304106 -0.5415559819878633
    outer loop
      vertex 49.83245658076497 -100.02802618445477 22.80780754090798
      vertex 50.79572083062507 -99.42276714077425 22.80780754090798
      vertex 52.082432226526954 -99.40380468957852 21.77006145408135
    endloop
  endfacet
  facet normal -0.44726057983854817 0.711811135130416 -0.5415559819878591
    outer loop
      vertex 50.79572083062507 -99.42276714077425 22.80780754090798
      vertex 53.072453816660946 -98.78173289468467 21.77006145408135
      vertex 52.082432226526954 -99.40380468957852 21.77006145408135
    endloop
  endfacet
  facet normal -0.42184042433166613 0.7962541754739704 -0.4336241972491242
    outer loop
      vertex 50.79572083062507 -99.42276714077425 22.80780754090798
      vertex 50.54278622813043 -98.89754302676063 24.018325628268997
      vertex 52.8124932529859 -98.24191922194842 23.01420504386906
    endloop
  endfacet
  facet normal -0.4218404243316634 0.796254175473967 -0.43362419724913304
    outer loop
      vertex 50.79572083062507 -99.42276714077425 22.80780754090798
      vertex 52.8124932529859 -98.24191922194842 23.01420504386906
      vertex 53.072453816660946 -98.78173289468467 21.77006145408135
    endloop
  endfacet
  facet normal -0.3599646844688679 0.9061703028239768 -0.22199281117894432
    outer loop
      vertex 52.8124932529859 -98.24191922194842 23.01420504386906
      vertex 50.54278622813043 -98.89754302676063 24.018325628268997
      vertex 51.15704677309009 -98.57881147883502 24.323348839136145
    endloop
  endfacet
  facet normal -0.35996468446885577 0.9061703028239859 -0.22199281117892658
    outer loop
      vertex 52.8124932529859 -98.24191922194842 23.01420504386906
      vertex 51.15704677309009 -98.57881147883502 24.323348839136145
      vertex 51.10499761579972 -98.42570488344299 25.03272545162797
    endloop
  endfacet
  facet normal -0.3276621349595761 0.9364045826301167 -0.1256343223130094
    outer loop
      vertex 51.10499761579972 -98.42570488344299 25.03272545162797
      vertex 51.673269385824575 -98.18721337939517 25.328213143380154
      vertex 52.67917028601224 -97.9650712283731 24.360478323288863
    endloop
  endfacet
  facet normal -0.35996468446886387 0.9061703028239809 -0.22199281117893394
    outer loop
      vertex 52.8124932529859 -98.24191922194842 23.01420504386906
      vertex 51.10499761579972 -98.42570488344299 25.03272545162797
      vertex 52.67917028601224 -97.9650712283731 24.360478323288863
    endloop
  endfacet
  facet normal -0.327662134959579 0.9364045826301155 -0.12563432231301278
    outer loop
      vertex 51.673269385824575 -98.18721337939517 25.328213143380154
      vertex 53.83771481892666 -97.5519678387225 24.41795252249995
      vertex 52.67917028601224 -97.9650712283731 24.360478323288863
    endloop
  endfacet
  facet normal -0.28161298138318713 0.9595280760438815 1.7624140785595022e-17
    outer loop
      vertex 51.673269385824575 -98.18721337939517 25.328213143380154
      vertex 53.83771481892666 -97.5519678387225 25.33331410219256
      vertex 53.83771481892666 -97.5519678387225 24.41795252249995
    endloop
  endfacet
  facet normal -0.28161298138318713 0.9595280760438814 0
    outer loop
      vertex 51.673269385824575 -98.18721337939517 25.328213143380154
      vertex 51.673269385824575 -98.18721337939517 26.671786856619846
      vertex 53.97437872061599 -97.51185819548948 25.741373528562992
    endloop
  endfacet
  facet normal -0.2816129813831871 0.9595280760438814 -4.2758944980315686e-17
    outer loop
      vertex 51.673269385824575 -98.18721337939517 25.328213143380154
      vertex 53.97437872061599 -97.51185819548948 25.741373528562992
      vertex 53.83771481892666 -97.5519678387225 25.33331410219256
    endloop
  endfacet
  facet normal 0.010412257849723478 0.7817891001448173 0.6234560030838004
    outer loop
      vertex 53.45497388391339 -99.63442100519121 30.08088246546891
      vertex 55.337962962962955 -99.12561929379407 29.41141774324297
      vertex 53.50581297562015 -99.14660823457432 29.468335541832825
    endloop
  endfacet
  facet normal -0.19067256345122585 0.9561193142622868 0.22244062228278497
    outer loop
      vertex 52.157462458542895 -98.18491007088602 27.076929117522425
      vertex 52.181485767386214 -98.35071597797659 27.81020712400296
      vertex 54.0427545283592 -97.81143218298641 27.087646807982793
    endloop
  endfacet
  facet normal -0.10197860233318035 0.9050851289013083 0.4128211163541339
    outer loop
      vertex 52.181485767386214 -98.35071597797659 27.81020712400296
      vertex 53 -98.3367000181498 27.981674371731003
      vertex 54.0427545283592 -97.81143218298641 27.087646807982793
    endloop
  endfacet
  facet normal 0.010412257849723381 0.7817891001448188 0.6234560030837983
    outer loop
      vertex 53 -98.9196548046303 29.19219245909202
      vertex 53.50581297562015 -99.14660823457432 29.468335541832825
      vertex 55.337962962962955 -99.12561929379407 29.41141774324297
    endloop
  endfacet
  facet normal -0.09234631481983481 0.8971189825117556 0.43202973202809597
    outer loop
      vertex 53 -98.9196548046303 29.19219245909202
      vertex 54.30183999490174 -98.3520552266999 28.291827968003076
      vertex 53 -98.3367000181498 27.981674371731003
    endloop
  endfacet
  facet normal -0.09234631481983695 0.897118982511751 0.43202973202810485
    outer loop
      vertex 53 -98.3367000181498 27.981674371731003
      vertex 54.30183999490174 -98.3520552266999 28.291827968003076
      vertex 54.22761500012243 -97.98426560812788 27.512239369908176
    endloop
  endfacet
  facet normal -0.19067256345122632 0.9561193142622894 0.22244062228277423
    outer loop
      vertex 51.673269385824575 -98.18721337939517 26.671786856619846
      vertex 52.157462458542895 -98.18491007088602 27.076929117522425
      vertex 54.0427545283592 -97.81143218298641 27.087646807982793
    endloop
  endfacet
  facet normal -0.19067256345122782 0.9561193142622864 0.2224406222827855
    outer loop
      vertex 53.97437872061599 -97.51185819548948 25.741373528562992
      vertex 51.673269385824575 -98.18721337939517 26.671786856619846
      vertex 54.0427545283592 -97.81143218298641 27.087646807982793
    endloop
  endfacet
  facet normal -0.1019786023331865 0.9050851289013103 0.4128211163541279
    outer loop
      vertex 53 -98.3367000181498 27.981674371731003
      vertex 54.22761500012243 -97.98426560812788 27.512239369908176
      vertex 54.0427545283592 -97.81143218298641 27.087646807982793
    endloop
  endfacet
  facet normal -0.20671917261634482 -0.5907694539661413 -0.7799093767440939
    outer loop
      vertex 53.91444921838108 -106.44206786005019 19.829460030684842
      vertex 54.607901936504014 -106.68471746079807 19.829460030684842
      vertex 54.367662251264704 -107.73727629465395 20.690434108608883
    endloop
  endfacet
  facet normal -0.048876685448532534 -0.8998920484560189 -0.43336517020313875
    outer loop
      vertex 53 -109.0803451953697 22.80780754090798
      vertex 55.337962962962955 -108.7075770063522 21.77006145408135
      vertex 55.337962962962955 -109.30672498134605 23.01420504386906
    endloop
  endfacet
  facet normal -0.08775143105682313 -0.7788154914092555 -0.6210846292482526
    outer loop
      vertex 54.367662251264704 -107.73727629465395 20.690434108608883
      vertex 55.337962962962955 -108.7075770063522 21.77006145408135
      vertex 54.17607749533287 -108.57666395488711 21.77006145408135
    endloop
  endfacet
  facet normal -0.08775143105682269 -0.7788154914092553 -0.6210846292482529
    outer loop
      vertex 54.367662251264704 -107.73727629465395 20.690434108608883
      vertex 55.337962962962955 -107.84660292842815 20.690434108608883
      vertex 55.337962962962955 -108.7075770063522 21.77006145408135
    endloop
  endfacet
  facet normal 0.05304712020725308 -0.9735552237245582 -0.2222076267735713
    outer loop
      vertex 53 -109.96227325935945 25.328213143380154
      vertex 55.337962962962955 -109.30672498134605 23.01420504386906
      vertex 55.337962962962955 -109.61400307211944 24.360478323288863
    endloop
  endfacet
  facet normal 0.11154195560500499 -0.989962236752606 -0.08679378977546871
    outer loop
      vertex 53 -109.96227325935945 25.328213143380154
      vertex 56.701547205309915 -109.46036402673275 24.360478323288863
      vertex 54.326730614175425 -109.81278662060483 25.328213143380154
    endloop
  endfacet
  facet normal 0.11154195560500568 -0.9899622367526062 -0.0867937897754662
    outer loop
      vertex 53 -109.96227325935945 25.328213143380154
      vertex 55.337962962962955 -109.61400307211944 24.360478323288863
      vertex 56.701547205309915 -109.46036402673275 24.360478323288863
    endloop
  endfacet
  facet normal 0.14679235323243375 -0.9891673291372317 0
    outer loop
      vertex 54.326730614175425 -109.81278662060483 25.328213143380154
      vertex 56.701547205309915 -109.46036402673275 24.360478323288863
      vertex 54.326730614175425 -109.81278662060483 26.671786856619846
    endloop
  endfacet
  facet normal 0.14679235323243375 -0.9891673291372316 0
    outer loop
      vertex 56.701547205309915 -109.46036402673275 24.360478323288863
      vertex 56.701547205309915 -109.46036402673275 25.741373528562992
      vertex 54.326730614175425 -109.81278662060483 26.671786856619846
    endloop
  endfacet
  facet normal 0.22784761766159167 -0.9479325442746954 0.2225069765891392
    outer loop
      vertex 56.701547205309915 -109.46036402673275 25.741373528562992
      vertex 54.26020280123608 -109.52130922736458 27.981674371731003
      vertex 54.326730614175425 -109.81278662060483 26.671786856619846
    endloop
  endfacet
  facet normal 0.22784761766159806 -0.9479325442746923 0.22250697658914625
    outer loop
      vertex 56.701547205309915 -109.46036402673275 25.741373528562992
      vertex 56.633171397566706 -109.16079003923582 27.087646807982793
      vertex 54.26020280123608 -109.52130922736458 27.981674371731003
    endloop
  endfacet
  facet normal 0.2923530846361949 -0.8532171273955134 0.43191458347994005
    outer loop
      vertex 54.26020280123608 -109.52130922736458 27.981674371731003
      vertex 56.633171397566706 -109.16079003923582 27.087646807982793
      vertex 56.49984843059304 -108.57666395488711 28.331790397770504
    endloop
  endfacet
  facet normal 0.2923530846361929 -0.8532171273955109 0.4319145834799461
    outer loop
      vertex 54.13048315769414 -108.95297033448475 29.19219245909202
      vertex 54.26020280123608 -109.52130922736458 27.981674371731003
      vertex 56.49984843059304 -108.57666395488711 28.331790397770504
    endloop
  endfacet
  facet normal 0.2957998992399012 -0.845347544426929 0.44484823113172584
    outer loop
      vertex 54.13048315769414 -108.95297033448475 29.19219245909202
      vertex 56.49984843059304 -108.57666395488711 28.331790397770504
      vertex 57.60347210926496 -108.19048932753756 28.331790397770504
    endloop
  endfacet
  facet normal 0.2957998992399001 -0.8453475444269346 0.4448482311317164
    outer loop
      vertex 54.13048315769414 -108.95297033448475 29.19219245909202
      vertex 57.60347210926496 -108.19048932753756 28.331790397770504
      vertex 55.20427916937493 -108.57723285922573 29.19219245909202
    endloop
  endfacet
  facet normal 0.33729414448089867 -0.7053331901614079 0.6234883727509518
    outer loop
      vertex 55.20427916937493 -108.57723285922573 29.19219245909202
      vertex 57.60347210926496 -108.19048932753756 28.331790397770504
      vertex 54.8408128050596 -107.8224871767906 30.242640687119284
    endloop
  endfacet
  facet normal 0.2979229053794704 -0.8514147473959348 0.4316652295089003
    outer loop
      vertex 56.633171397566706 -109.16079003923582 27.087646807982793
      vertex 57.86343267294001 -108.7303030002738 27.087646807982793
      vertex 56.49984843059304 -108.57666395488711 28.331790397770504
    endloop
  endfacet
  facet normal 0.33729414448089934 -0.7053331901614069 0.6234883727509526
    outer loop
      vertex 57.60347210926496 -108.19048932753756 28.331790397770504
      vertex 57.22990945705199 -107.41477848725701 29.41141774324297
      vertex 54.8408128050596 -107.8224871767906 30.242640687119284
    endloop
  endfacet
  facet normal 0.35542604888854507 -0.5656573163805358 0.7441129781133022
    outer loop
      vertex 54.8408128050596 -107.8224871767906 30.242640687119284
      vertex 58.05668514214859 -106.89528089293381 29.41141774324297
      vertex 55.6452432013698 -107.31703005798965 30.242640687119284
    endloop
  endfacet
  facet normal 0.35865121421952606 -0.5108788710803999 0.7812631346879718
    outer loop
      vertex 55.6452432013698 -107.31703005798965 30.242640687119284
      vertex 58.05668514214859 -106.89528089293381 29.41141774324297
      vertex 54.99029944381422 -106.49575656261518 31.080345195369706
    endloop
  endfacet
  facet normal 0.35766408365621544 -0.3576640836562104 0.8626429194775339
    outer loop
      vertex 54.99029944381422 -106.49575656261518 31.080345195369706
      vertex 57.90304609676189 -105.53169665058685 30.272391821167012
      vertex 55.49575656261518 -105.99029944381422 31.080345195369706
    endloop
  endfacet
  facet normal 0.355426048888545 -0.5656573163805354 0.7441129781133027
    outer loop
      vertex 54.8408128050596 -107.8224871767906 30.242640687119284
      vertex 57.22990945705199 -107.41477848725701 29.41141774324297
      vertex 58.05668514214859 -106.89528089293381 29.41141774324297
    endloop
  endfacet
  facet normal 0.35865121421952756 -0.5108788710803959 0.7812631346879736
    outer loop
      vertex 54.99029944381422 -106.49575656261518 31.080345195369706
      vertex 58.05668514214859 -106.89528089293381 29.41141774324297
      vertex 57.383548502438686 -106.05119424491005 30.272391821167012
    endloop
  endfacet
  facet normal 0.35766408365621777 -0.35766408365622265 0.8626429194775278
    outer loop
      vertex 54.99029944381422 -106.49575656261518 31.080345195369706
      vertex 57.383548502438686 -106.05119424491005 30.272391821167012
      vertex 57.90304609676189 -105.53169665058685 30.272391821167012
    endloop
  endfacet
  facet normal 0.35102774187365704 -0.255594599310755 0.9008057089285434
    outer loop
      vertex 55.49575656261518 -105.99029944381422 31.080345195369706
      vertex 57.90304609676189 -105.53169665058685 30.272391821167012
      vertex 55.30759846736678 -105.42906498747952 31.312911669138767
    endloop
  endfacet
  facet normal 0.34722972810072616 -0.2181788986752181 0.9120468650765512
    outer loop
      vertex 54.88571969836407 -105.16780108638557 31.551441233963022
      vertex 56.93033546955507 -104.7559858103063 30.87153979616086
      vertex 54.785426915249715 -104.85981628612008 31.663299981850205
    endloop
  endfacet
  facet normal 0.35102774187365565 -0.25559459931074574 0.9008057089285466
    outer loop
      vertex 54.88571969836407 -105.16780108638557 31.551441233963022
      vertex 55.30759846736678 -105.42906498747952 31.312911669138767
      vertex 56.93033546955507 -104.7559858103063 30.87153979616086
    endloop
  endfacet
  facet normal 0.34722972810072644 -0.21817889867521134 0.9120468650765527
    outer loop
      vertex 54.785426915249715 -104.85981628612008 31.663299981850205
      vertex 56.93033546955507 -104.7559858103063 30.87153979616086
      vertex 57.17298507030294 -104.36981118295675 30.87153979616086
    endloop
  endfacet
  facet normal 0.33414056672004955 -0.11692084116097229 0.9352430692468215
    outer loop
      vertex 54.785426915249715 -104.85981628612008 31.663299981850205
      vertex 57.17298507030294 -104.36981118295675 30.87153979616086
      vertex 54.93198965785594 -104.44096403199488 31.663299981850205
    endloop
  endfacet
  facet normal 0.3209013821121797 -0.0361569021405859 0.9464222003873795
    outer loop
      vertex 54.93198965785594 -104.44096403199488 31.663299981850205
      vertex 57.32361900020378 -103.93932414399474 30.87153979616086
      vertex 54.981674371731 -104 31.663299981850205
    endloop
  endfacet
  facet normal 0.3072207514898676 0.03461546526868261 0.9510085064909953
    outer loop
      vertex 54.981674371731 -104 31.663299981850205
      vertex 57.32361900020378 -103.03289807822749 30.87153979616086
      vertex 54.93198965785594 -103.55903596800512 31.663299981850205
    endloop
  endfacet
  facet normal 0.35102774187365754 -0.25559459931075196 0.9008057089285442
    outer loop
      vertex 55.30759846736678 -105.42906498747952 31.312911669138767
      vertex 57.90304609676189 -105.53169665058685 30.272391821167012
      vertex 56.93033546955507 -104.7559858103063 30.87153979616086
    endloop
  endfacet
  facet normal 0.3341405667200496 -0.11692084116096813 0.935243069246822
    outer loop
      vertex 54.93198965785594 -104.44096403199488 31.663299981850205
      vertex 57.17298507030294 -104.36981118295675 30.87153979616086
      vertex 57.32361900020378 -103.93932414399474 30.87153979616086
    endloop
  endfacet
  facet normal 0.32090138211217967 -0.036156902140585236 0.9464222003873795
    outer loop
      vertex 54.981674371731 -104 31.663299981850205
      vertex 57.32361900020378 -103.93932414399474 30.87153979616086
      vertex 57.37468384501982 -103.48611111111111 30.87153979616086
    endloop
  endfacet
  facet normal 0.29228303383574056 0.1022742569350684 0.9508473087200462
    outer loop
      vertex 54.93198965785594 -103.55903596800512 31.663299981850205
      vertex 57.17298507030294 -102.60241103926548 30.87153979616086
      vertex 54.785426915249715 -103.14018371387992 31.663299981850205
    endloop
  endfacet
  facet normal 0.274782003734578 0.17265697634387986 0.9458775919448559
    outer loop
      vertex 54.785426915249715 -103.14018371387992 31.663299981850205
      vertex 57.17298507030294 -102.60241103926548 30.87153979616086
      vertex 54.54933541181935 -102.7644462386209 31.663299981850205
    endloop
  endfacet
  facet normal 0.2747820037345783 0.17265697634387736 0.9458775919448563
    outer loop
      vertex 54.54933541181935 -102.7644462386209 31.663299981850205
      vertex 57.17298507030294 -102.60241103926548 30.87153979616086
      vertex 56.93033546955507 -102.21623641191593 30.87153979616086
    endloop
  endfacet
  facet normal 0.2524804162363647 0.2524804162363545 0.934080980875978
    outer loop
      vertex 54.54933541181935 -102.7644462386209 31.663299981850205
      vertex 56.60783766215813 -101.893738604519 30.87153979616086
      vertex 54.43839407179491 -102.40304506027866 31.59560113611451
    endloop
  endfacet
  facet normal 0.22101613052995386 0.3517451567304403 0.909630262668434
    outer loop
      vertex 54.623054330650405 -102.11427137416113 31.439067600235617
      vertex 54.43839407179491 -102.40304506027866 31.59560113611451
      vertex 56.2216630348086 -101.65108900377112 30.87153979616086
    endloop
  endfacet
  facet normal 0.22101613052994146 0.35174515673047185 0.9096302626684248
    outer loop
      vertex 54.623054330650405 -102.11427137416113 31.439067600235617
      vertex 56.2216630348086 -101.65108900377112 30.87153979616086
      vertex 54.63649701116939 -102.0292743456125 31.402933861386277
    endloop
  endfacet
  facet normal 0.21136006914069624 0.37962974090407314 0.9006709615580745
    outer loop
      vertex 54.63649701116939 -102.0292743456125 31.402933861386277
      vertex 56.2216630348086 -101.65108900377112 30.87153979616086
      vertex 54.844760266878 -101.52271441497287 31.140547527826314
    endloop
  endfacet
  facet normal 0.21136006914069613 0.3796297409040663 0.9006709615580774
    outer loop
      vertex 54.844760266878 -101.52271441497287 31.140547527826314
      vertex 56.2216630348086 -101.65108900377112 30.87153979616086
      vertex 54.38504040013372 -101.12393397400523 31.080345195369706
    endloop
  endfacet
  facet normal 0.22101613052995603 0.3517451567304362 0.909630262668435
    outer loop
      vertex 54.43839407179491 -102.40304506027866 31.59560113611451
      vertex 56.60783766215813 -101.893738604519 30.87153979616086
      vertex 56.2216630348086 -101.65108900377112 30.87153979616086
    endloop
  endfacet
  facet normal 0.2524804162363596 0.2524804162363651 0.9340809808759765
    outer loop
      vertex 54.54933541181935 -102.7644462386209 31.663299981850205
      vertex 56.93033546955507 -102.21623641191593 30.87153979616086
      vertex 56.60783766215813 -101.893738604519 30.87153979616086
    endloop
  endfacet
  facet normal 0.21136006914069697 0.3796297409040699 0.9006709615580756
    outer loop
      vertex 56.265689190441755 -101.35519020139057 30.7364878602466
      vertex 54.38504040013372 -101.12393397400523 31.080345195369706
      vertex 56.2216630348086 -101.65108900377112 30.87153979616086
    endloop
  endfacet
  facet normal 0.3072207514898679 0.03461546526868199 0.9510085064909952
    outer loop
      vertex 54.981674371731 -104 31.663299981850205
      vertex 57.37468384501982 -103.48611111111111 30.87153979616086
      vertex 57.32361900020378 -103.03289807822749 30.87153979616086
    endloop
  endfacet
  facet normal 0.29228303383574195 0.10227425693506526 0.9508473087200462
    outer loop
      vertex 54.93198965785594 -103.55903596800512 31.663299981850205
      vertex 57.32361900020378 -103.03289807822749 30.87153979616086
      vertex 57.17298507030294 -102.60241103926548 30.87153979616086
    endloop
  endfacet
  facet normal 0.11152341548065878 0.6138212570382866 0.7815279855561578
    outer loop
      vertex 54.14094914222393 -100.278154555746 30.540040091874307
      vertex 53.974681143232594 -100.82053087355884 30.98975513063931
      vertex 55.72263616331447 -100.0814658822758 30.159853031270615
    endloop
  endfacet
  facet normal 0.17004258602439407 0.48595379144177514 0.8572831688080084
    outer loop
      vertex 53.974681143232594 -100.82053087355884 30.98975513063931
      vertex 54.38504040013372 -101.12393397400523 31.080345195369706
      vertex 56.0680239894219 -100.28750476142416 30.272391821167012
    endloop
  endfacet
  facet normal 0.11152341548067159 0.6138212570382694 0.7815279855561695
    outer loop
      vertex 53.974681143232594 -100.82053087355884 30.98975513063931
      vertex 56.0680239894219 -100.28750476142416 30.272391821167012
      vertex 55.72263616331447 -100.0814658822758 30.159853031270615
    endloop
  endfacet
  facet normal 0.21136006914069733 0.37962974090407814 0.900670961558072
    outer loop
      vertex 56.265689190441755 -101.35519020139057 30.7364878602466
      vertex 56.60820734527615 -100.56845045373991 30.324501148911537
      vertex 54.38504040013372 -101.12393397400523 31.080345195369706
    endloop
  endfacet
  facet normal 0.17004258602439654 0.48595379144177164 0.8572831688080099
    outer loop
      vertex 56.0680239894219 -100.28750476142416 30.272391821167012
      vertex 54.38504040013372 -101.12393397400523 31.080345195369706
      vertex 56.60820734527615 -100.56845045373991 30.324501148911537
    endloop
  endfacet
  facet normal 0.11152341548066064 0.6138212570382859 0.7815279855561581
    outer loop
      vertex 53.944076368138845 -99.86373117276914 30.242640687119284
      vertex 55.72263616331447 -100.0814658822758 30.159853031270615
      vertex 55.80310003161952 -99.36930052979469 29.58902787140412
    endloop
  endfacet
  facet normal 0.11152341548066028 0.6138212570382817 0.7815279855561613
    outer loop
      vertex 54.14094914222393 -100.278154555746 30.540040091874307
      vertex 55.72263616331447 -100.0814658822758 30.159853031270615
      vertex 53.944076368138845 -99.86373117276914 30.242640687119284
    endloop
  endfacet
  facet normal 0.07644399243862846 0.6784591979794732 0.7306500069780969
    outer loop
      vertex 53.944076368138845 -99.86373117276914 30.242640687119284
      vertex 55.337962962962955 -99.12561929379407 29.41141774324297
      vertex 53.45497388391339 -99.63442100519121 30.08088246546891
    endloop
  endfacet
  facet normal 0.0764439924386156 0.6784591979794857 0.7306500069780865
    outer loop
      vertex 53.944076368138845 -99.86373117276914 30.242640687119284
      vertex 55.80310003161952 -99.36930052979469 29.58902787140412
      vertex 55.337962962962955 -99.12561929379407 29.41141774324297
    endloop
  endfacet
  facet normal 0.010412257849721907 0.7817891001448116 0.6234560030838073
    outer loop
      vertex 53 -98.9196548046303 29.19219245909202
      vertex 55.337962962962955 -99.12561929379407 29.41141774324297
      vertex 55.337962962962955 -98.26464521587003 28.331790397770504
    endloop
  endfacet
  facet normal -0.09234631481984054 0.897118982511758 0.4320297320280894
    outer loop
      vertex 53 -98.9196548046303 29.19219245909202
      vertex 55.337962962962955 -98.26464521587003 28.331790397770504
      vertex 54.30183999490174 -98.3520552266999 28.291827968003076
    endloop
  endfacet
  facet normal -0.4169766849914171 -0.6636145925800051 -0.621084629248255
    outer loop
      vertex 48.90137183459687 -107.93578520433194 23.015338993786653
      vertex 48.5487028892832 -108.66810981518239 24.034581776768356
      vertex 48.12083848323879 -107.44534359407561 23.015338993786653
    endloop
  endfacet
  facet normal -0.3112185513903376 -0.7174780447380132 -0.6231919997796965
    outer loop
      vertex 48.90137183459687 -107.93578520433194 23.015338993786653
      vertex 51.1591871949404 -107.8224871767906 21.757359312880716
      vertex 48.5487028892832 -108.66810981518239 24.034581776768356
    endloop
  endfacet
  facet normal -0.2979229053794749 -0.8514147473959306 -0.4316652295089053
    outer loop
      vertex 48.30328216193983 -109.17773120667324 25.20913925736749
      vertex 48.5487028892832 -108.66810981518239 24.034581776768356
      vertex 49.464733778893226 -109.58414070479242 25.20913925736749
    endloop
  endfacet
  facet normal -0.4131951940737172 -0.4675647902994174 -0.7814428312209698
    outer loop
      vertex 48.12083848323879 -107.44534359407561 23.015338993786653
      vertex 48.756325964046 -106.64846749806219 22.2025199975483
      vertex 51.00970055618577 -106.49575656261518 20.919654804630294
    endloop
  endfacet
  facet normal -0.4425727985691365 -0.44257279856914616 -0.7799093767440911
    outer loop
      vertex 48.12083848323879 -107.44534359407561 23.015338993786653
      vertex 47.469008257776245 -106.79351336861308 23.015338993786653
      vertex 48.756325964046 -106.64846749806219 22.2025199975483
    endloop
  endfacet
  facet normal -0.3703909211922743 -0.5894737742169044 -0.7178657499900775
    outer loop
      vertex 48.90137183459687 -107.93578520433194 23.015338993786653
      vertex 48.12083848323879 -107.44534359407561 23.015338993786653
      vertex 50.35475679863019 -107.31703005798965 21.757359312880716
    endloop
  endfacet
  facet normal -0.4257165659455179 -0.4257165659455179 -0.7984552654714672
    outer loop
      vertex 48.26588435378967 -106.15802588780586 22.2025199975483
      vertex 51.00970055618577 -106.49575656261518 20.919654804630294
      vertex 48.756325964046 -106.64846749806219 22.2025199975483
    endloop
  endfacet
  facet normal -0.45967364146589146 -0.2888320922106164 -0.8398072194561829
    outer loop
      vertex 48.26588435378967 -106.15802588780586 22.2025199975483
      vertex 47.89687266382066 -105.5707471475063 22.2025199975483
      vertex 50.50424343738482 -105.99029944381422 20.919654804630294
    endloop
  endfacet
  facet normal -0.442572798569139 -0.44257279856913895 -0.7799093767440938
    outer loop
      vertex 47.469008257776245 -106.79351336861308 23.015338993786653
      vertex 48.26588435378967 -106.15802588780586 22.2025199975483
      vertex 48.756325964046 -106.64846749806219 22.2025199975483
    endloop
  endfacet
  facet normal -0.25885406999923855 -0.7397624306197165 -0.6210846292482517
    outer loop
      vertex 50.79572083062507 -108.57723285922573 22.80780754090798
      vertex 51.1591871949404 -107.8224871767906 21.757359312880716
      vertex 52.05592363186116 -108.13626882723086 21.757359312880716
    endloop
  endfacet
  facet normal -0.2737671311654433 -0.7823815108463598 -0.5594021177822001
    outer loop
      vertex 48.5487028892832 -108.66810981518239 24.034581776768356
      vertex 50.79572083062507 -108.57723285922573 22.80780754090798
      vertex 51.86951684230586 -108.95297033448475 22.80780754090798
    endloop
  endfacet
  facet normal -0.3112185513903324 -0.7174780447380188 -0.6231919997796926
    outer loop
      vertex 48.5487028892832 -108.66810981518239 24.034581776768356
      vertex 51.1591871949404 -107.8224871767906 21.757359312880716
      vertex 50.79572083062507 -108.57723285922573 22.80780754090798
    endloop
  endfacet
  facet normal -0.25885406999923993 -0.7397624306197151 -0.6210846292482528
    outer loop
      vertex 51.86951684230586 -108.95297033448475 22.80780754090798
      vertex 50.79572083062507 -108.57723285922573 22.80780754090798
      vertex 52.05592363186116 -108.13626882723086 21.757359312880716
    endloop
  endfacet
  facet normal -0.10819275148629141 -0.9602372280532666 -0.25736898489601406
    outer loop
      vertex 49.464733778893226 -109.58414070479242 25.20913925736749
      vertex 51.73979719876392 -109.52130922736458 24.018325628268997
      vertex 50.6875 -109.72191336973506 25.20913925736749
    endloop
  endfacet
  facet normal -0.202859167088569 -0.8778349370817006 -0.43388245132397213
    outer loop
      vertex 49.59059986820958 -109.03268533612236 24.034581776768356
      vertex 51.86951684230586 -108.95297033448475 22.80780754090798
      vertex 49.464733778893226 -109.58414070479242 25.20913925736749
    endloop
  endfacet
  facet normal -0.10819275148629032 -0.9602372280532668 -0.2573689848960132
    outer loop
      vertex 51.73979719876392 -109.52130922736458 24.018325628268997
      vertex 53 -109.6632999818502 24.018325628268997
      vertex 50.6875 -109.72191336973506 25.20913925736749
    endloop
  endfacet
  facet normal -0.20285916708856563 -0.8778349370817027 -0.4338824513239693
    outer loop
      vertex 49.464733778893226 -109.58414070479242 25.20913925736749
      vertex 51.86951684230586 -108.95297033448475 22.80780754090798
      vertex 51.73979719876392 -109.52130922736458 24.018325628268997
    endloop
  endfacet
  facet normal -0.08951471173442725 -0.9710140641629685 -0.22162762368625621
    outer loop
      vertex 50.6875 -109.72191336973506 25.20913925736749
      vertex 53 -109.96227325935945 25.328213143380154
      vertex 50.6875 -110.01200511083682 26.480114218981903
    endloop
  endfacet
  facet normal -0.2737671311654389 -0.7823815108463719 -0.5594021177821853
    outer loop
      vertex 49.59059986820958 -109.03268533612236 24.034581776768356
      vertex 48.5487028892832 -108.66810981518239 24.034581776768356
      vertex 51.86951684230586 -108.95297033448475 22.80780754090798
    endloop
  endfacet
  facet normal -0.0895147117344274 -0.971014064162969 -0.22162762368625397
    outer loop
      vertex 50.6875 -109.72191336973506 25.20913925736749
      vertex 53 -109.6632999818502 24.018325628268997
      vertex 53 -109.96227325935945 25.328213143380154
    endloop
  endfacet
  facet normal 0.021500694111237582 -0.9997688333573592 0
    outer loop
      vertex 50.6875 -110.01200511083682 26.480114218981903
      vertex 53 -109.96227325935945 25.328213143380154
      vertex 53 -109.96227325935945 26.671786856619846
    endloop
  endfacet
  facet normal 0.11196447610330698 -0.9937122098932427 3.584653207748404e-18
    outer loop
      vertex 53 -109.96227325935945 25.328213143380154
      vertex 54.326730614175425 -109.81278662060483 25.328213143380154
      vertex 54.326730614175425 -109.81278662060483 26.671786856619846
    endloop
  endfacet
  facet normal 0.11196447610330698 -0.9937122098932427 0
    outer loop
      vertex 53 -109.96227325935945 25.328213143380154
      vertex 54.326730614175425 -109.81278662060483 26.671786856619846
      vertex 53 -109.96227325935945 26.671786856619846
    endloop
  endfacet
  facet normal -0.37039092119226874 -0.5894737742169115 -0.7178657499900745
    outer loop
      vertex 48.90137183459687 -107.93578520433194 23.015338993786653
      vertex 50.35475679863019 -107.31703005798965 21.757359312880716
      vertex 51.1591871949404 -107.8224871767906 21.757359312880716
    endloop
  endfacet
  facet normal -0.4131951940737177 -0.4675647902994165 -0.78144283122097
    outer loop
      vertex 48.12083848323879 -107.44534359407561 23.015338993786653
      vertex 51.00970055618577 -106.49575656261518 20.919654804630294
      vertex 50.35475679863019 -107.31703005798965 21.757359312880716
    endloop
  endfacet
  facet normal -0.33299486201620826 -0.5299582869787484 -0.7799093767440912
    outer loop
      vertex 51.1591871949404 -107.8224871767906 21.757359312880716
      vertex 51.00970055618577 -106.49575656261518 20.919654804630294
      vertex 51.61495959986628 -106.87606602599477 20.919654804630294
    endloop
  endfacet
  facet normal -0.3329948620162105 -0.529958286978748 -0.7799093767440904
    outer loop
      vertex 50.35475679863019 -107.31703005798965 21.757359312880716
      vertex 51.00970055618577 -106.49575656261518 20.919654804630294
      vertex 51.1591871949404 -107.8224871767906 21.757359312880716
    endloop
  endfacet
  facet normal -0.425716565945519 -0.425716565945507 -0.7984552654714724
    outer loop
      vertex 48.26588435378967 -106.15802588780586 22.2025199975483
      vertex 50.50424343738482 -105.99029944381422 20.919654804630294
      vertex 51.00970055618577 -106.49575656261518 20.919654804630294
    endloop
  endfacet
  facet normal -0.43336618975366664 -0.04882864265285889 -0.8998941655745238
    outer loop
      vertex 51.06801034214407 -104.44096403199488 20.336700018149795
      vertex 49.88784247057485 -104.71032964736546 20.919654804630294
      vertex 51.018325628269 -104 20.336700018149795
    endloop
  endfacet
  facet normal -0.45967364146589146 -0.2888320922106183 -0.8398072194561821
    outer loop
      vertex 50.50424343738482 -105.99029944381422 20.919654804630294
      vertex 47.89687266382066 -105.5707471475063 22.2025199975483
      vertex 50.123933974005226 -105.38504040013372 20.919654804630294
    endloop
  endfacet
  facet normal -0.4814266710622386 -0.16845847809039113 -0.8601453955869325
    outer loop
      vertex 47.89687266382066 -105.5707471475063 22.2025199975483
      vertex 47.66779468113263 -104.91607988546457 22.2025199975483
      vertex 50.123933974005226 -105.38504040013372 20.919654804630294
    endloop
  endfacet
  facet normal -0.48142667106223846 -0.16845847809039086 -0.8601453955869324
    outer loop
      vertex 47.66779468113263 -104.91607988546457 22.2025199975483
      vertex 49.88784247057485 -104.71032964736546 20.919654804630294
      vertex 50.123933974005226 -105.38504040013372 20.919654804630294
    endloop
  endfacet
  facet normal -0.49566147861737464 -0.055847635991053836 -0.8667183741960527
    outer loop
      vertex 47.66779468113263 -104.91607988546457 22.2025199975483
      vertex 47.59013733232391 -104.22685185185186 22.2025199975483
      vertex 49.80780754090798 -104 20.919654804630294
    endloop
  endfacet
  facet normal -0.5042690778188974 0.05681747949857122 -0.8616753861977886
    outer loop
      vertex 47.59013733232391 -104.22685185185186 22.2025199975483
      vertex 47.66779468113263 -103.53762381823915 22.2025199975483
      vertex 49.80780754090798 -104 20.919654804630294
    endloop
  endfacet
  facet normal -0.4956614786173746 -0.05584763599105408 -0.8667183741960526
    outer loop
      vertex 47.66779468113263 -104.91607988546457 22.2025199975483
      vertex 49.80780754090798 -104 20.919654804630294
      vertex 49.88784247057485 -104.71032964736546 20.919654804630294
    endloop
  endfacet
  facet normal -0.5042690778188974 0.05681747949857142 -0.8616753861977886
    outer loop
      vertex 47.66779468113263 -103.53762381823915 22.2025199975483
      vertex 49.88784247057485 -103.28967035263454 20.919654804630294
      vertex 49.80780754090798 -104 20.919654804630294
    endloop
  endfacet
  facet normal -0.5071701302693318 0.1774665040670997 -0.8433766056138806
    outer loop
      vertex 47.66779468113263 -103.53762381823915 22.2025199975483
      vertex 47.89687266382066 -102.88295655619743 22.2025199975483
      vertex 49.88784247057485 -103.28967035263454 20.919654804630294
    endloop
  endfacet
  facet normal -0.5071701302693319 0.1774665040670994 -0.8433766056138806
    outer loop
      vertex 47.89687266382066 -102.88295655619743 22.2025199975483
      vertex 50.123933974005226 -102.61495959986628 20.919654804630294
      vertex 49.88784247057485 -103.28967035263454 20.919654804630294
    endloop
  endfacet
  facet normal -0.50188497319477 0.3153552298422832 -0.8053958981099952
    outer loop
      vertex 47.89687266382066 -102.88295655619743 22.2025199975483
      vertex 50.50424343738482 -102.00970055618578 20.919654804630294
      vertex 50.123933974005226 -102.61495959986628 20.919654804630294
    endloop
  endfacet
  facet normal -0.5018849731947698 0.31535522984228104 -0.8053958981099962
    outer loop
      vertex 47.89687266382066 -102.88295655619743 22.2025199975483
      vertex 48.26588435378967 -102.29567781589786 22.2025199975483
      vertex 50.50424343738482 -102.00970055618578 20.919654804630294
    endloop
  endfacet
  facet normal -0.4962839748467927 0.37757839432138535 -0.7817523728470241
    outer loop
      vertex 48.26588435378967 -102.29567781589786 22.2025199975483
      vertex 47.469008257776245 -101.66019033509065 23.015338993786653
      vertex 50.50424343738482 -102.00970055618578 20.919654804630294
    endloop
  endfacet
  facet normal -0.496283974846793 0.37757839432138435 -0.7817523728470245
    outer loop
      vertex 47.469008257776245 -101.66019033509065 23.015338993786653
      vertex 49.682969942010345 -101.35475679863019 21.757359312880716
      vertex 50.50424343738482 -102.00970055618578 20.919654804630294
    endloop
  endfacet
  facet normal -0.11196447610330307 -0.993712209893243 0
    outer loop
      vertex 49.40018229373025 -109.86695924028595 26.480114218981903
      vertex 50.6875 -110.01200511083682 26.480114218981903
      vertex 49.40018229373025 -109.86695924028595 27.78377466990699
    endloop
  endfacet
  facet normal -0.11196447610330307 -0.993712209893243 0
    outer loop
      vertex 50.6875 -110.01200511083682 26.480114218981903
      vertex 50.6875 -110.01200511083682 27.78377466990699
      vertex 49.40018229373025 -109.86695924028595 27.78377466990699
    endloop
  endfacet
  facet normal 0.021500694111237582 -0.9997688333573592 0
    outer loop
      vertex 50.6875 -110.01200511083682 26.480114218981903
      vertex 53 -109.96227325935945 26.671786856619846
      vertex 50.6875 -110.01200511083682 27.78377466990699
    endloop
  endfacet
  facet normal 0.11002878755686742 -0.9765324988805385 0.18514303805138577
    outer loop
      vertex 50.6875 -110.01200511083682 27.78377466990699
      vertex 53 -109.96227325935945 26.671786856619846
      vertex 51.97481770626975 -109.86695924028595 27.78377466990699
    endloop
  endfacet
  facet normal 0.10919118727172088 -0.9690985907399579 0.22119042937708627
    outer loop
      vertex 50.6875 -110.01200511083682 27.78377466990699
      vertex 51.97481770626975 -109.86695924028595 27.78377466990699
      vertex 50.6875 -109.72191336973506 29.054749631521403
    endloop
  endfacet
  facet normal 0.10919118727172197 -0.9690985907399574 0.22119042937708733
    outer loop
      vertex 50.6875 -109.72191336973506 29.054749631521403
      vertex 51.97481770626975 -109.86695924028595 27.78377466990699
      vertex 51.910266221106774 -109.58414070479242 29.054749631521403
    endloop
  endfacet
  facet normal 0.11002878755687118 -0.9765324988805374 0.18514303805138918
    outer loop
      vertex 53 -109.96227325935945 26.671786856619846
      vertex 54.326730614175425 -109.81278662060483 26.671786856619846
      vertex 51.97481770626975 -109.86695924028595 27.78377466990699
    endloop
  endfacet
  facet normal 0.12703832706990156 -0.966829003288076 0.221591836167911
    outer loop
      vertex 51.97481770626975 -109.86695924028595 27.78377466990699
      vertex 54.326730614175425 -109.81278662060483 26.671786856619846
      vertex 54.26020280123608 -109.52130922736458 27.981674371731003
    endloop
  endfacet
  facet normal 0.12703832706990076 -0.9668290032880746 0.22159183616791792
    outer loop
      vertex 51.97481770626975 -109.86695924028595 27.78377466990699
      vertex 54.26020280123608 -109.52130922736458 27.981674371731003
      vertex 51.910266221106774 -109.58414070479242 29.054749631521403
    endloop
  endfacet
  facet normal 0.2214348665129928 -0.8733835473481816 0.4337831014618708
    outer loop
      vertex 51.910266221106774 -109.58414070479242 29.054749631521403
      vertex 54.26020280123608 -109.52130922736458 27.981674371731003
      vertex 54.13048315769414 -108.95297033448475 29.19219245909202
    endloop
  endfacet
  facet normal 0.22143486651299207 -0.8733835473481799 0.4337831014618747
    outer loop
      vertex 51.910266221106774 -109.58414070479242 29.054749631521403
      vertex 54.13048315769414 -108.95297033448475 29.19219245909202
      vertex 51.78440013179041 -109.03268533612236 30.229307112120537
    endloop
  endfacet
  facet normal 0.27380423266218484 -0.7824875408323554 0.5592356306767345
    outer loop
      vertex 54.13048315769414 -108.95297033448475 29.19219245909202
      vertex 52.8262971107168 -108.66810981518239 30.229307112120537
      vertex 51.78440013179041 -109.03268533612236 30.229307112120537
    endloop
  endfacet
  facet normal 0.25885406999923233 -0.7397624306197219 0.6210846292482481
    outer loop
      vertex 51.78440013179041 -109.03268533612236 30.229307112120537
      vertex 52.8262971107168 -108.66810981518239 30.229307112120537
      vertex 51.60353088961003 -108.24024540913798 31.24854989510224
    endloop
  endfacet
  facet normal 0.27380423266219256 -0.7824875408323474 0.5592356306767421
    outer loop
      vertex 54.13048315769414 -108.95297033448475 29.19219245909202
      vertex 55.20427916937493 -108.57723285922573 29.19219245909202
      vertex 52.8262971107168 -108.66810981518239 30.229307112120537
    endloop
  endfacet
  facet normal 0.2992836192155485 -0.7228009626827647 0.6228868947201499
    outer loop
      vertex 52.8262971107168 -108.66810981518239 30.229307112120537
      vertex 54.8408128050596 -107.8224871767906 30.242640687119284
      vertex 52.47362816540313 -107.93578520433194 31.24854989510224
    endloop
  endfacet
  facet normal 0.2588540699992427 -0.7397624306197115 0.6210846292482561
    outer loop
      vertex 51.60353088961003 -108.24024540913798 31.24854989510224
      vertex 52.8262971107168 -108.66810981518239 30.229307112120537
      vertex 52.47362816540313 -107.93578520433194 31.24854989510224
    endloop
  endfacet
  facet normal 0.347960754053887 -0.5537763677124088 0.7564754114982861
    outer loop
      vertex 52.47362816540313 -107.93578520433194 31.24854989510224
      vertex 55.6452432013698 -107.31703005798965 30.242640687119284
      vertex 53.25416151676121 -107.44534359407562 31.24854989510224
    endloop
  endfacet
  facet normal 0.35614750576512727 -0.5127760285535408 0.7811656025953376
    outer loop
      vertex 53.25416151676121 -107.44534359407562 31.24854989510224
      vertex 55.6452432013698 -107.31703005798965 30.242640687119284
      vertex 52.618674035954 -106.64846749806219 32.06136889134059
    endloop
  endfacet
  facet normal 0.3748737682825933 -0.3748737682825933 0.8479028928522516
    outer loop
      vertex 52.618674035954 -106.64846749806219 32.06136889134059
      vertex 55.49575656261518 -105.99029944381422 31.080345195369706
      vertex 53.10911564621033 -106.15802588780586 32.06136889134059
    endloop
  endfacet
  facet normal 0.3834205214030246 -0.24091908128593567 0.8915978353716285
    outer loop
      vertex 53.10911564621033 -106.15802588780586 32.06136889134059
      vertex 55.49575656261518 -105.99029944381422 31.080345195369706
      vertex 53.47812733617935 -105.5707471475063 32.06136889134059
    endloop
  endfacet
  facet normal 0.38420268889843245 -0.2020768374628923 0.900862500942408
    outer loop
      vertex 53.47812733617935 -105.5707471475063 32.06136889134059
      vertex 54.785426915249715 -104.85981628612008 31.663299981850205
      vertex 52.555648456213184 -105.04957238912353 32.57169784009088
    endloop
  endfacet
  facet normal 0.38364776959554164 -0.1342441606864915 0.9136700138485151
    outer loop
      vertex 52.56209644656932 -104.65471625789627 32.62700596232765
      vertex 54.785426915249715 -104.85981628612008 31.663299981850205
      vertex 54.93198965785594 -104.44096403199488 31.663299981850205
    endloop
  endfacet
  facet normal 0.372707563901273 0.041994056947762454 0.926998150479194
    outer loop
      vertex 52.56209644656932 -103.79898744580746 32.62700596232765
      vertex 54.981674371731 -104 31.663299981850205
      vertex 54.93198965785594 -103.55903596800512 31.663299981850205
    endloop
  endfacet
  facet normal 0.3480504966251909 0.21869462172035556 0.9116103960736452
    outer loop
      vertex 52.6433481418917 -103.36873554142838 32.53596953429624
      vertex 54.785426915249715 -103.14018371387992 31.663299981850205
      vertex 52.99847743349364 -102.93774865499879 32.29698866994818
    endloop
  endfacet
  facet normal 0.3625966261708198 0.1268780470152925 0.9232690008199799
    outer loop
      vertex 52.56209644656932 -103.79898744580746 32.62700596232765
      vertex 54.93198965785594 -103.55903596800512 31.663299981850205
      vertex 54.785426915249715 -103.14018371387992 31.663299981850205
    endloop
  endfacet
  facet normal 0.3376957845940466 0.27243627911785506 0.9009661652292108
    outer loop
      vertex 52.99847743349364 -102.93774865499879 32.29698866994818
      vertex 54.54933541181935 -102.7644462386209 31.663299981850205
      vertex 53.08328775721057 -102.8774118858005 32.24695569929587
    endloop
  endfacet
  facet normal 0.33769578459403204 0.2724362791179394 0.9009661652291907
    outer loop
      vertex 53.10911564621033 -102.29567781589786 32.06136889134059
      vertex 53.08328775721057 -102.8774118858005 32.24695569929587
      vertex 54.54933541181935 -102.7644462386209 31.663299981850205
    endloop
  endfacet
  facet normal 0.3480504966251906 0.21869462172034218 0.9116103960736487
    outer loop
      vertex 52.99847743349364 -102.93774865499879 32.29698866994818
      vertex 54.785426915249715 -103.14018371387992 31.663299981850205
      vertex 54.54933541181935 -102.7644462386209 31.663299981850205
    endloop
  endfacet
  facet normal 0.3376957845940301 0.27243627911793067 0.9009661652291939
    outer loop
      vertex 53.10911564621033 -102.29567781589786 32.06136889134059
      vertex 54.54933541181935 -102.7644462386209 31.663299981850205
      vertex 54.43839407179491 -102.40304506027866 31.59560113611451
    endloop
  endfacet
  facet normal 0.33769578459402994 0.2724362791179384 0.9009661652291918
    outer loop
      vertex 53.10911564621033 -102.29567781589786 32.06136889134059
      vertex 54.43839407179491 -102.40304506027866 31.59560113611451
      vertex 54.623054330650405 -102.11427137416113 31.439067600235617
    endloop
  endfacet
  facet normal 0.32578482907860873 0.3257848290786172 0.8875406978186622
    outer loop
      vertex 53.10911564621033 -102.29567781589786 32.06136889134059
      vertex 54.623054330650405 -102.11427137416113 31.439067600235617
      vertex 54.63649701116939 -102.0292743456125 31.402933861386277
    endloop
  endfacet
  facet normal 0.3257848290786101 0.3257848290786101 0.8875406978186642
    outer loop
      vertex 52.618674035954 -101.80523620564153 32.06136889134059
      vertex 53.10911564621033 -102.29567781589786 32.06136889134059
      vertex 54.844760266878 -101.52271441497287 31.140547527826314
    endloop
  endfacet
  facet normal 0.2889584368672471 0.45987471783503153 0.8396536581587598
    outer loop
      vertex 52.32791682604346 -101.39688091660358 31.937775641396673
      vertex 52.618674035954 -101.80523620564153 32.06136889134059
      vertex 54.844760266878 -101.52271441497287 31.140547527826314
    endloop
  endfacet
  facet normal 0.38364776959554336 -0.13424416068649234 0.9136700138485142
    outer loop
      vertex 52.555648456213184 -105.04957238912353 32.57169784009088
      vertex 54.785426915249715 -104.85981628612008 31.663299981850205
      vertex 52.6181150587303 -104.87105309556655 32.57169784009088
    endloop
  endfacet
  facet normal 0.38364776959554453 -0.13424416068646966 0.9136700138485172
    outer loop
      vertex 52.6181150587303 -104.87105309556655 32.57169784009088
      vertex 54.785426915249715 -104.85981628612008 31.663299981850205
      vertex 52.56209644656932 -104.65471625789627 32.62700596232765
    endloop
  endfacet
  facet normal 0.37965491665483664 -0.042776835607027344 0.924138672816617
    outer loop
      vertex 52.56209644656932 -104.65471625789627 32.62700596232765
      vertex 54.93198965785594 -104.44096403199488 31.663299981850205
      vertex 52.61030518707695 -104.22685185185186 32.62700596232765
    endloop
  endfacet
  facet normal 0.3727075639012729 0.041994056947760275 0.9269981504791941
    outer loop
      vertex 52.61030518707695 -104.22685185185186 32.62700596232765
      vertex 54.981674371731 -104 31.663299981850205
      vertex 52.56209644656932 -103.79898744580746 32.62700596232765
    endloop
  endfacet
  facet normal 0.36259662617081756 0.1268780470153001 0.9232690008199798
    outer loop
      vertex 52.56209644656932 -103.79898744580746 32.62700596232765
      vertex 54.785426915249715 -103.14018371387992 31.663299981850205
      vertex 52.69436264364081 -103.5145266113192 32.53596953429624
    endloop
  endfacet
  facet normal 0.36259662617082566 0.12687804701525965 0.9232690008199821
    outer loop
      vertex 52.69436264364081 -103.5145266113192 32.53596953429624
      vertex 54.785426915249715 -103.14018371387992 31.663299981850205
      vertex 52.6433481418917 -103.36873554142838 32.53596953429624
    endloop
  endfacet
  facet normal -0.4821471762912869 0.48214717629128706 -0.7314835615300437
    outer loop
      vertex 47.469008257776245 -101.66019033509065 23.015338993786653
      vertex 50.35475679863019 -100.68296994201035 21.757359312880716
      vertex 49.682969942010345 -101.35475679863019 21.757359312880716
    endloop
  endfacet
  facet normal -0.48214717629128734 0.48214717629129783 -0.7314835615300364
    outer loop
      vertex 47.469008257776245 -101.66019033509065 23.015338993786653
      vertex 48.12083848323879 -101.00836010962811 23.015338993786653
      vertex 50.35475679863019 -100.68296994201035 21.757359312880716
    endloop
  endfacet
  facet normal -0.44441153353529084 0.644126370494194 -0.6225749815843773
    outer loop
      vertex 48.12083848323879 -101.00836010962811 23.015338993786653
      vertex 48.11296404264471 -100.53292891291704 23.512848968551648
      vertex 50.35475679863019 -100.68296994201035 21.757359312880716
    endloop
  endfacet
  facet normal -0.44441153353528196 0.6441263704942095 -0.6225749815843673
    outer loop
      vertex 48.11296404264471 -100.53292891291704 23.512848968551648
      vertex 49.83245658076497 -100.02802618445477 22.80780754090798
      vertex 50.35475679863019 -100.68296994201035 21.757359312880716
    endloop
  endfacet
  facet normal -0.4444115335352803 0.6441263704942258 -0.6225749815843518
    outer loop
      vertex 48.11296404264471 -100.53292891291704 23.512848968551648
      vertex 47.96354577546402 -100.31854481660704 23.841313261452395
      vertex 49.83245658076497 -100.02802618445477 22.80780754090798
    endloop
  endfacet
  facet normal -0.43092892537487215 0.6858194559474444 -0.5864741555424324
    outer loop
      vertex 47.96354577546402 -100.31854481660704 23.841313261452395
      vertex 48.5487028892832 -99.78559388852133 24.034581776768356
      vertex 49.83245658076497 -100.02802618445477 22.80780754090798
    endloop
  endfacet
  facet normal -0.3695077685210592 0.8217749780060019 -0.43376248630537695
    outer loop
      vertex 48.47358281127881 -99.45952100133546 24.716328127424102
      vertex 50.79572083062507 -99.42276714077425 22.80780754090798
      vertex 48.5487028892832 -99.78559388852133 24.034581776768356
    endloop
  endfacet
  facet normal -0.36950776852104783 0.821774978006016 -0.4337624863053602
    outer loop
      vertex 48.47358281127881 -99.45952100133546 24.716328127424102
      vertex 48.38215473718728 -99.26264467712592 25.16720026784535
      vertex 50.54278622813043 -98.89754302676063 24.018325628268997
    endloop
  endfacet
  facet normal -0.43092892537487076 0.6858194559474464 -0.5864741555424313
    outer loop
      vertex 48.5487028892832 -99.78559388852133 24.034581776768356
      vertex 50.79572083062507 -99.42276714077425 22.80780754090798
      vertex 49.83245658076497 -100.02802618445477 22.80780754090798
    endloop
  endfacet
  facet normal -0.36950776852104833 0.821774978006014 -0.4337624863053635
    outer loop
      vertex 48.47358281127881 -99.45952100133546 24.716328127424102
      vertex 50.54278622813043 -98.89754302676063 24.018325628268997
      vertex 50.79572083062507 -99.42276714077425 22.80780754090798
    endloop
  endfacet
  facet normal -0.314457670891784 0.8986683923749229 -0.3057964907640147
    outer loop
      vertex 48.38215473718728 -99.26264467712592 25.16720026784535
      vertex 51.15704677309009 -98.57881147883502 24.323348839136145
      vertex 50.54278622813043 -98.89754302676063 24.018325628268997
    endloop
  endfacet
  facet normal -0.3144576708917804 0.8986683923749301 -0.30579649076399673
    outer loop
      vertex 48.38215473718728 -99.26264467712592 25.16720026784535
      vertex 49.464733778893226 -98.8695629989113 25.20913925736749
      vertex 51.15704677309009 -98.57881147883502 24.323348839136145
    endloop
  endfacet
  facet normal -0.2768692354783497 0.9348890602952044 -0.22209428490167032
    outer loop
      vertex 49.464733778893226 -98.8695629989113 25.20913925736749
      vertex 49.400182293730246 -98.58674446341777 26.480114218981903
      vertex 51.15704677309009 -98.57881147883502 24.323348839136145
    endloop
  endfacet
  facet normal -0.27686923547833325 0.9348890602952121 -0.22209428490165686
    outer loop
      vertex 49.400182293730246 -98.58674446341777 26.480114218981903
      vertex 51.10499761579972 -98.42570488344299 25.03272545162797
      vertex 51.15704677309009 -98.57881147883502 24.323348839136145
    endloop
  endfacet
  facet normal -0.2768692354783423 0.9348890602952068 -0.22209428490166816
    outer loop
      vertex 49.400182293730246 -98.58674446341777 26.480114218981903
      vertex 51.673269385824575 -98.18721337939517 25.328213143380154
      vertex 51.10499761579972 -98.42570488344299 25.03272545162797
    endloop
  endfacet
  facet normal -0.17311215747297004 0.9849021174386081 -8.190043683765054e-15
    outer loop
      vertex 49.400182293730246 -98.58674446341777 26.480114218981903
      vertex 50.05344978890641 -98.47192234709314 26.839405006558945
      vertex 51.673269385824575 -98.18721337939517 25.328213143380154
    endloop
  endfacet
  facet normal -0.17311215747296257 0.9849021174386092 0
    outer loop
      vertex 51.673269385824575 -98.18721337939517 25.328213143380154
      vertex 50.05344978890641 -98.47192234709314 26.839405006558945
      vertex 51.673269385824575 -98.18721337939517 26.671786856619846
    endloop
  endfacet
  facet normal 0.2499671232510852 0.571464754058609 0.7816293700740207
    outer loop
      vertex 52.548511895329774 -101.01632054644143 31.58899351568636
      vertex 53.974681143232594 -100.82053087355884 30.98975513063931
      vertex 52.47362816540312 -100.51791849937179 31.24854989510224
    endloop
  endfacet
  facet normal 0.2225400638139502 0.635982963365254 0.7389192041805606
    outer loop
      vertex 51.8428685002013 -100.17769618079457 31.14568844313775
      vertex 52.47362816540312 -100.51791849937179 31.24854989510224
      vertex 54.14094914222393 -100.278154555746 30.540040091874307
    endloop
  endfacet
  facet normal 0.2889584368672462 0.459874717835039 0.8396536581587558
    outer loop
      vertex 52.32791682604346 -101.39688091660358 31.937775641396673
      vertex 54.844760266878 -101.52271441497287 31.140547527826314
      vertex 54.38504040013372 -101.12393397400523 31.080345195369706
    endloop
  endfacet
  facet normal 0.249967123251088 0.5714647540586019 0.7816293700740251
    outer loop
      vertex 52.548511895329774 -101.01632054644143 31.58899351568636
      vertex 54.38504040013372 -101.12393397400523 31.080345195369706
      vertex 53.974681143232594 -100.82053087355884 30.98975513063931
    endloop
  endfacet
  facet normal 0.24996712325108872 0.571464754058596 0.7816293700740289
    outer loop
      vertex 52.32791682604346 -101.39688091660358 31.937775641396673
      vertex 54.38504040013372 -101.12393397400523 31.080345195369706
      vertex 52.548511895329774 -101.01632054644143 31.58899351568636
    endloop
  endfacet
  facet normal 0.24996712325108497 0.5714647540586053 0.7816293700740234
    outer loop
      vertex 54.14094914222393 -100.278154555746 30.540040091874307
      vertex 52.47362816540312 -100.51791849937179 31.24854989510224
      vertex 53.974681143232594 -100.82053087355884 30.98975513063931
    endloop
  endfacet
  facet normal 0.15333032133670088 0.7667619695837621 0.6233505390699633
    outer loop
      vertex 51.8428685002013 -100.17769618079457 31.14568844313775
      vertex 53.944076368138845 -99.86373117276914 30.242640687119284
      vertex 51.94773279457353 -99.8101841253988 30.667830280316075
    endloop
  endfacet
  facet normal 0.15333032133669103 0.7667619695837737 0.6233505390699513
    outer loop
      vertex 51.78440013179042 -99.42101836758137 30.229307112120537
      vertex 53.45497388391339 -99.63442100519121 30.08088246546891
      vertex 53.50581297562015 -99.14660823457432 29.468335541832825
    endloop
  endfacet
  facet normal 0.1533303213366911 0.7667619695837772 0.6233505390699473
    outer loop
      vertex 51.78440013179042 -99.42101836758137 30.229307112120537
      vertex 51.94773279457353 -99.8101841253988 30.667830280316075
      vertex 53.45497388391339 -99.63442100519121 30.08088246546891
    endloop
  endfacet
  facet normal 0.22254006381395042 0.6359829633652527 0.7389192041805618
    outer loop
      vertex 51.8428685002013 -100.17769618079457 31.14568844313775
      vertex 54.14094914222393 -100.278154555746 30.540040091874307
      vertex 53.944076368138845 -99.86373117276914 30.242640687119284
    endloop
  endfacet
  facet normal 0.15333032133670207 0.766761969583757 0.6233505390699695
    outer loop
      vertex 51.94773279457353 -99.8101841253988 30.667830280316075
      vertex 53.944076368138845 -99.86373117276914 30.242640687119284
      vertex 53.45497388391339 -99.63442100519121 30.08088246546891
    endloop
  endfacet
  facet normal -0.17311215747296257 0.9849021174386093 0
    outer loop
      vertex 50.05344978890641 -98.47192234709314 26.839405006558945
      vertex 50.05344978890641 -98.47192234709314 27.464198048325276
      vertex 51.673269385824575 -98.18721337939517 26.671786856619846
    endloop
  endfacet
  facet normal -0.11105612342222794 0.9856503568708106 0.1271216403720102
    outer loop
      vertex 50.05344978890641 -98.47192234709314 27.464198048325276
      vertex 52.157462458542895 -98.18491007088602 27.076929117522425
      vertex 51.673269385824575 -98.18721337939517 26.671786856619846
    endloop
  endfacet
  facet normal -0.11105612342222095 0.9856503568708068 0.12712164037204549
    outer loop
      vertex 50.05344978890641 -98.47192234709314 27.464198048325276
      vertex 50.6875 -98.4416985928669 27.78377466990699
      vertex 52.157462458542895 -98.18491007088602 27.076929117522425
    endloop
  endfacet
  facet normal -0.06318285405816991 0.972979974439811 0.22207632987819464
    outer loop
      vertex 50.6875 -98.4416985928669 27.78377466990699
      vertex 52.181485767386214 -98.35071597797659 27.81020712400296
      vertex 52.157462458542895 -98.18491007088602 27.076929117522425
    endloop
  endfacet
  facet normal 0.04735258694782811 0.8999581944331183 0.4333970244268294
    outer loop
      vertex 50.6875 -98.73179033396866 29.054749631521403
      vertex 51.44436035081696 -98.88864999090663 29.297778153018903
      vertex 53 -98.3367000181498 27.981674371731003
    endloop
  endfacet
  facet normal -0.06318285405817303 0.9729799744398135 0.22207632987818263
    outer loop
      vertex 50.6875 -98.4416985928669 27.78377466990699
      vertex 50.6875 -98.73179033396866 29.054749631521403
      vertex 53 -98.3367000181498 27.981674371731003
    endloop
  endfacet
  facet normal -0.0631828540581697 0.972979974439824 0.22207632987813802
    outer loop
      vertex 50.6875 -98.4416985928669 27.78377466990699
      vertex 53 -98.3367000181498 27.981674371731003
      vertex 52.181485767386214 -98.35071597797659 27.81020712400296
    endloop
  endfacet
  facet normal 0.04735258694783689 0.899958194433114 0.433397024426838
    outer loop
      vertex 51.44436035081696 -98.88864999090663 29.297778153018903
      vertex 53 -98.9196548046303 29.19219245909202
      vertex 53 -98.3367000181498 27.981674371731003
    endloop
  endfacet
  facet normal 0.04735258694783763 0.8999581944331075 0.43339702442685085
    outer loop
      vertex 51.44436035081696 -98.88864999090663 29.297778153018903
      vertex 51.402974689989996 -99.18054665507267 29.908429583532573
      vertex 53 -98.9196548046303 29.19219245909202
    endloop
  endfacet
  facet normal 0.09551582324645791 0.8477263780561545 0.5217630836474971
    outer loop
      vertex 51.78440013179042 -99.42101836758137 30.229307112120537
      vertex 53 -98.9196548046303 29.19219245909202
      vertex 51.402974689989996 -99.18054665507267 29.908429583532573
    endloop
  endfacet
  facet normal 0.095515823246453 0.8477263780561577 0.5217630836474929
    outer loop
      vertex 51.78440013179042 -99.42101836758137 30.229307112120537
      vertex 53.50581297562015 -99.14660823457432 29.468335541832825
      vertex 53 -98.9196548046303 29.19219245909202
    endloop
  endfacet
  facet normal 0.29928361921554975 -0.7228009626827675 0.6228868947201461
    outer loop
      vertex 52.8262971107168 -108.66810981518239 30.229307112120537
      vertex 55.20427916937493 -108.57723285922573 29.19219245909202
      vertex 54.8408128050596 -107.8224871767906 30.242640687119284
    endloop
  endfacet
  facet normal 0.34796075405388727 -0.553776367712403 0.7564754114982902
    outer loop
      vertex 52.47362816540313 -107.93578520433194 31.24854989510224
      vertex 54.8408128050596 -107.8224871767906 30.242640687119284
      vertex 55.6452432013698 -107.31703005798965 30.242640687119284
    endloop
  endfacet
  facet normal 0.3561475057651235 -0.5127760285535485 0.7811656025953343
    outer loop
      vertex 52.618674035954 -106.64846749806219 32.06136889134059
      vertex 55.6452432013698 -107.31703005798965 30.242640687119284
      vertex 54.99029944381422 -106.49575656261518 31.080345195369706
    endloop
  endfacet
  facet normal 0.37487376828259295 -0.37487376828258756 0.8479028928522544
    outer loop
      vertex 52.618674035954 -106.64846749806219 32.06136889134059
      vertex 54.99029944381422 -106.49575656261518 31.080345195369706
      vertex 55.49575656261518 -105.99029944381422 31.080345195369706
    endloop
  endfacet
  facet normal 0.38342052140302474 -0.2409190812859347 0.8915978353716287
    outer loop
      vertex 53.47812733617935 -105.5707471475063 32.06136889134059
      vertex 55.49575656261518 -105.99029944381422 31.080345195369706
      vertex 55.30759846736678 -105.42906498747952 31.312911669138767
    endloop
  endfacet
  facet normal 0.38420268889843384 -0.20207683746289573 0.9008625009424067
    outer loop
      vertex 53.47812733617935 -105.5707471475063 32.06136889134059
      vertex 54.88571969836407 -105.16780108638557 31.551441233963022
      vertex 54.785426915249715 -104.85981628612008 31.663299981850205
    endloop
  endfacet
  facet normal 0.3842026888984314 -0.20207683746288216 0.9008625009424106
    outer loop
      vertex 53.47812733617935 -105.5707471475063 32.06136889134059
      vertex 55.30759846736678 -105.42906498747952 31.312911669138767
      vertex 54.88571969836407 -105.16780108638557 31.551441233963022
    endloop
  endfacet
  facet normal 0.3796549166548364 -0.04277683560702937 0.924138672816617
    outer loop
      vertex 52.61030518707695 -104.22685185185186 32.62700596232765
      vertex 54.93198965785594 -104.44096403199488 31.663299981850205
      vertex 54.981674371731 -104 31.663299981850205
    endloop
  endfacet
  facet normal 0.32578482907861156 0.3257848290786078 0.8875406978186646
    outer loop
      vertex 53.10911564621033 -102.29567781589786 32.06136889134059
      vertex 54.63649701116939 -102.0292743456125 31.402933861386277
      vertex 54.844760266878 -101.52271441497287 31.140547527826314
    endloop
  endfacet
  facet normal -0.3087264982144756 -0.882289641868576 -0.35532089321013405
    outer loop
      vertex 48.30328216193983 -109.17773120667324 25.20913925736749
      vertex 47.15092082846984 -109.32863581826801 26.585095651215354
      vertex 46.02779942392485 -108.93563864155793 26.585095651215354
    endloop
  endfacet
  facet normal -0.43095249615884135 -0.685856968635249 -0.5864129642401595
    outer loop
      vertex 45.36131728565602 -107.87493839483257 25.449300902580326
      vertex 47.614054128327126 -108.08083107488282 24.034581776768356
      vertex 46.26512077935191 -108.44283576915008 25.449300902580326
    endloop
  endfacet
  facet normal -0.3504358298122016 -0.8302484050302119 -0.4334539365706844
    outer loop
      vertex 46.26512077935191 -108.44283576915008 25.449300902580326
      vertex 48.30328216193983 -109.17773120667324 25.20913925736749
      vertex 46.02779942392485 -108.93563864155793 26.585095651215354
    endloop
  endfacet
  facet normal -0.2979229053794704 -0.8514147473959306 -0.43166522950890884
    outer loop
      vertex 49.59059986820958 -109.03268533612236 24.034581776768356
      vertex 49.464733778893226 -109.58414070479242 25.20913925736749
      vertex 48.5487028892832 -108.66810981518239 24.034581776768356
    endloop
  endfacet
  facet normal -0.30872649821447035 -0.8822896418685793 -0.35532089321013005
    outer loop
      vertex 48.30328216193983 -109.17773120667324 25.20913925736749
      vertex 49.464733778893226 -109.58414070479242 25.20913925736749
      vertex 47.15092082846984 -109.32863581826801 26.585095651215354
    endloop
  endfacet
  facet normal -0.35043582981220145 -0.8302484050302104 -0.43345393657068754
    outer loop
      vertex 46.26512077935191 -108.44283576915008 25.449300902580326
      vertex 48.5487028892832 -108.66810981518239 24.034581776768356
      vertex 48.30328216193983 -109.17773120667324 25.20913925736749
    endloop
  endfacet
  facet normal -0.430952496158842 -0.6858569686352484 -0.5864129642401601
    outer loop
      vertex 46.26512077935191 -108.44283576915008 25.449300902580326
      vertex 47.614054128327126 -108.08083107488282 24.034581776768356
      vertex 48.5487028892832 -108.66810981518239 24.034581776768356
    endloop
  endfacet
  facet normal -0.41697668499141427 -0.6636145925800053 -0.6210846292482565
    outer loop
      vertex 47.614054128327126 -108.08083107488282 24.034581776768356
      vertex 48.12083848323879 -107.44534359407561 23.015338993786653
      vertex 48.5487028892832 -108.66810981518239 24.034581776768356
    endloop
  endfacet
  facet normal -0.4955945275575744 -0.49559452755758515 -0.7132826427931348
    outer loop
      vertex 48.12083848323879 -107.44534359407561 23.015338993786653
      vertex 45.85137674933203 -107.26042326428659 24.46369515776462
      vertex 47.469008257776245 -106.79351336861308 23.015338993786653
    endloop
  endfacet
  facet normal -0.5271452169516617 -0.3368456221589598 -0.7801621287125702
    outer loop
      vertex 47.469008257776245 -106.79351336861308 23.015338993786653
      vertex 45.99163581779316 -106.01558960160348 23.67770080434447
      vertex 48.26588435378967 -106.15802588780586 22.2025199975483
    endloop
  endfacet
  facet normal -0.5279130221410282 -0.3317097369428714 -0.7818417304488277
    outer loop
      vertex 48.26588435378967 -106.15802588780586 22.2025199975483
      vertex 45.99163581779316 -106.01558960160348 23.67770080434447
      vertex 47.89687266382066 -105.5707471475063 22.2025199975483
    endloop
  endfacet
  facet normal -0.4955945275575782 -0.4955945275575781 -0.7132826427931368
    outer loop
      vertex 47.469008257776245 -106.79351336861308 23.015338993786653
      vertex 45.85137674933203 -107.26042326428659 24.46369515776462
      vertex 45.221058217194894 -106.63010473214945 24.46369515776462
    endloop
  endfacet
  facet normal -0.449627259018399 -0.6402966176275555 -0.6227805146296035
    outer loop
      vertex 45.36131728565602 -107.87493839483257 25.449300902580326
      vertex 45.85137674933203 -107.26042326428659 24.46369515776462
      vertex 48.12083848323879 -107.44534359407561 23.015338993786653
    endloop
  endfacet
  facet normal -0.4496272590183997 -0.6402966176275543 -0.622780514629604
    outer loop
      vertex 45.36131728565602 -107.87493839483257 25.449300902580326
      vertex 48.12083848323879 -107.44534359407561 23.015338993786653
      vertex 47.614054128327126 -108.08083107488282 24.034581776768356
    endloop
  endfacet
  facet normal -0.5271452169516632 -0.33684562215896563 -0.7801621287125666
    outer loop
      vertex 47.469008257776245 -106.79351336861308 23.015338993786653
      vertex 45.221058217194894 -106.63010473214945 24.46369515776462
      vertex 45.99163581779316 -106.01558960160348 23.67770080434447
    endloop
  endfacet
  facet normal -0.10919118727172197 -0.9690985907399574 -0.22119042937708733
    outer loop
      vertex 49.464733778893226 -109.58414070479242 25.20913925736749
      vertex 50.6875 -109.72191336973506 25.20913925736749
      vertex 49.40018229373025 -109.86695924028595 26.480114218981903
    endloop
  endfacet
  facet normal -0.10919118727172088 -0.9690985907399579 -0.22119042937708625
    outer loop
      vertex 49.40018229373025 -109.86695924028595 26.480114218981903
      vertex 50.6875 -109.72191336973506 25.20913925736749
      vertex 50.6875 -110.01200511083682 26.480114218981903
    endloop
  endfacet
  facet normal -0.5435144362587414 -0.19018392676559398 -0.8175708725109779
    outer loop
      vertex 47.89687266382066 -105.5707471475063 22.2025199975483
      vertex 45.63480224721477 -105.44769222728596 23.67770080434447
      vertex 47.66779468113263 -104.91607988546457 22.2025199975483
    endloop
  endfacet
  facet normal -0.5279130221410296 -0.33170973694286743 -0.7818417304488284
    outer loop
      vertex 45.99163581779316 -106.01558960160348 23.67770080434447
      vertex 45.63480224721477 -105.44769222728596 23.67770080434447
      vertex 47.89687266382066 -105.5707471475063 22.2025199975483
    endloop
  endfacet
  facet normal -0.5484287626027967 -0.06179308100823519 -0.8339109709612141
    outer loop
      vertex 47.66779468113263 -104.91607988546457 22.2025199975483
      vertex 45.41328429337887 -104.81463028641699 23.67770080434447
      vertex 47.59013733232391 -104.22685185185186 22.2025199975483
    endloop
  endfacet
  facet normal -0.5435144362587415 -0.19018392676559395 -0.8175708725109778
    outer loop
      vertex 47.66779468113263 -104.91607988546457 22.2025199975483
      vertex 45.63480224721477 -105.44769222728596 23.67770080434447
      vertex 45.41328429337887 -104.81463028641699 23.67770080434447
    endloop
  endfacet
  facet normal -0.5484287626027965 -0.06179308100823608 -0.8339109709612142
    outer loop
      vertex 47.59013733232391 -104.22685185185186 22.2025199975483
      vertex 45.41328429337887 -104.81463028641699 23.67770080434447
      vertex 45.33818979146921 -104.14814814814815 23.67770080434447
    endloop
  endfacet
  facet normal -0.5454261782173655 0.06145477099823152 -0.835902862321187
    outer loop
      vertex 47.66779468113263 -103.53762381823915 22.2025199975483
      vertex 45.33818979146921 -104.14814814814815 23.67770080434447
      vertex 45.41328429337887 -103.48166600987932 23.67770080434447
    endloop
  endfacet
  facet normal -0.5454261782173654 0.06145477099823049 -0.8359028623211873
    outer loop
      vertex 47.59013733232391 -104.22685185185186 22.2025199975483
      vertex 45.33818979146921 -104.14814814814815 23.67770080434447
      vertex 47.66779468113263 -103.53762381823915 22.2025199975483
    endloop
  endfacet
  facet normal -0.5346087054215364 0.18706767676679764 -0.8241354357122268
    outer loop
      vertex 47.66779468113263 -103.53762381823915 22.2025199975483
      vertex 45.63480224721477 -102.84860406901035 23.67770080434447
      vertex 47.89687266382066 -102.88295655619743 22.2025199975483
    endloop
  endfacet
  facet normal -0.5346087054215365 0.18706767676679742 -0.8241354357122269
    outer loop
      vertex 47.66779468113263 -103.53762381823915 22.2025199975483
      vertex 45.41328429337887 -103.48166600987932 23.67770080434447
      vertex 45.63480224721477 -102.84860406901035 23.67770080434447
    endloop
  endfacet
  facet normal -0.5135790532619214 0.3227031073527261 -0.7950467033800488
    outer loop
      vertex 47.89687266382066 -102.88295655619743 22.2025199975483
      vertex 45.63480224721477 -102.84860406901035 23.67770080434447
      vertex 45.99163581779316 -102.28070669469282 23.67770080434447
    endloop
  endfacet
  facet normal -0.5045216756235819 0.366967286289526 -0.7815323983170975
    outer loop
      vertex 48.26588435378967 -102.29567781589786 22.2025199975483
      vertex 45.99163581779316 -102.28070669469282 23.67770080434447
      vertex 45.221058217194894 -101.66619156414686 24.46369515776462
    endloop
  endfacet
  facet normal -0.5045216756235876 0.3669672862895107 -0.781532398317101
    outer loop
      vertex 48.26588435378967 -102.29567781589786 22.2025199975483
      vertex 45.221058217194894 -101.66619156414686 24.46369515776462
      vertex 47.469008257776245 -101.66019033509065 23.015338993786653
    endloop
  endfacet
  facet normal -0.5135790532619198 0.32270310735273006 -0.7950467033800483
    outer loop
      vertex 47.89687266382066 -102.88295655619743 22.2025199975483
      vertex 45.99163581779316 -102.28070669469282 23.67770080434447
      vertex 48.26588435378967 -102.29567781589786 22.2025199975483
    endloop
  endfacet
  facet normal -0.47694400018240585 0.4769440001824059 -0.7382742318271784
    outer loop
      vertex 47.469008257776245 -101.66019033509065 23.015338993786653
      vertex 45.221058217194894 -101.66619156414686 24.46369515776462
      vertex 45.85137674933203 -101.03587303200972 24.46369515776462
    endloop
  endfacet
  facet normal -0.3220982597426815 -0.9205039407969512 -0.2211904293770848
    outer loop
      vertex 45.90608716578672 -109.18837674980688 27.8141259123073
      vertex 47.15092082846984 -109.32863581826801 26.585095651215354
      vertex 47.088499670650215 -109.60212077982676 27.8141259123073
    endloop
  endfacet
  facet normal -0.23673560128160678 -0.9457595847826027 -0.22247485897888575
    outer loop
      vertex 49.464733778893226 -109.58414070479242 25.20913925736749
      vertex 47.088499670650215 -109.60212077982676 27.8141259123073
      vertex 47.15092082846984 -109.32863581826801 26.585095651215354
    endloop
  endfacet
  facet normal -0.23673560128160928 -0.9457595847826015 -0.22247485897888802
    outer loop
      vertex 49.464733778893226 -109.58414070479242 25.20913925736749
      vertex 49.40018229373025 -109.86695924028595 26.480114218981903
      vertex 47.088499670650215 -109.60212077982676 27.8141259123073
    endloop
  endfacet
  facet normal -0.11382070958087828 -0.9935013065268234 0
    outer loop
      vertex 49.40018229373025 -109.86695924028595 26.480114218981903
      vertex 49.40018229373025 -109.86695924028595 27.78377466990699
      vertex 47.088499670650215 -109.60212077982676 27.8141259123073
    endloop
  endfacet
  facet normal -0.11382070958087831 -0.9935013065268236 0
    outer loop
      vertex 47.088499670650215 -109.60212077982676 27.8141259123073
      vertex 49.40018229373025 -109.86695924028595 27.78377466990699
      vertex 47.088499670650215 -109.60212077982676 29.074762976581585
    endloop
  endfacet
  facet normal -0.11196384142032785 -0.9937065769260388 0.0033670741509642752
    outer loop
      vertex 47.088499670650215 -109.60212077982676 29.074762976581585
      vertex 49.40018229373025 -109.86695924028595 27.78377466990699
      vertex 50.6875 -110.01200511083682 27.78377466990699
    endloop
  endfacet
  facet normal -0.11196384142032487 -0.9937065769260391 0.003367074150972551
    outer loop
      vertex 47.088499670650215 -109.60212077982676 29.074762976581585
      vertex 50.6875 -110.01200511083682 27.78377466990699
      vertex 48.33333333333333 -109.74237984828788 29.074762976581585
    endloop
  endfacet
  facet normal 0.010366903168576032 -0.9748755217157492 0.22250897617430862
    outer loop
      vertex 48.33333333333333 -109.74237984828788 29.074762976581585
      vertex 50.6875 -110.01200511083682 27.78377466990699
      vertex 48.33333333333333 -109.46186171136563 30.30379323767353
    endloop
  endfacet
  facet normal 0.010366903168580669 -0.9748755217157482 0.22250897617431273
    outer loop
      vertex 48.33333333333333 -109.46186171136563 30.30379323767353
      vertex 50.6875 -110.01200511083682 27.78377466990699
      vertex 50.6875 -109.72191336973506 29.054749631521403
    endloop
  endfacet
  facet normal 0.10330581950210392 -0.91686450707412 0.3856000302447208
    outer loop
      vertex 48.33333333333333 -109.46186171136563 30.30379323767353
      vertex 50.6875 -109.72191336973506 29.054749631521403
      vertex 51.910266221106774 -109.58414070479242 29.054749631521403
    endloop
  endfacet
  facet normal 0.10330581950210238 -0.916864507074122 0.3856000302447166
    outer loop
      vertex 48.33333333333333 -109.46186171136563 30.30379323767353
      vertex 51.910266221106774 -109.58414070479242 29.054749631521403
      vertex 49.515745838196814 -109.32863581826801 30.30379323767353
    endloop
  endfacet
  facet normal 0.13057160459200104 -0.891992158473829 0.4327829078134551
    outer loop
      vertex 49.515745838196814 -109.32863581826801 30.30379323767353
      vertex 51.910266221106774 -109.58414070479242 29.054749631521403
      vertex 49.3940335800587 -108.79537957309681 31.43958798630856
    endloop
  endfacet
  facet normal 0.13057160459200798 -0.8919921584738252 0.43278290781346107
    outer loop
      vertex 49.3940335800587 -108.79537957309681 31.43958798630856
      vertex 51.910266221106774 -109.58414070479242 29.054749631521403
      vertex 51.78440013179041 -109.03268533612236 30.229307112120537
    endloop
  endfacet
  facet normal 0.2409648969634179 -0.7450199587874329 0.6219977326645019
    outer loop
      vertex 49.3940335800587 -108.79537957309681 31.43958798630856
      vertex 51.60353088961003 -108.24024540913798 31.24854989510224
      vertex 49.219133382451254 -108.0290917391302 32.42519373112427
    endloop
  endfacet
  facet normal 0.2530614261549452 -0.7232080056111436 0.6425963703697503
    outer loop
      vertex 52.47362816540313 -107.93578520433194 31.24854989510224
      vertex 50.06051571832752 -107.73467932637143 32.42519373112427
      vertex 49.219133382451254 -108.0290917391302 32.42519373112427
    endloop
  endfacet
  facet normal 0.24096489696341894 -0.7450199587874401 0.621997732664493
    outer loop
      vertex 49.3940335800587 -108.79537957309681 31.43958798630856
      vertex 51.78440013179041 -109.03268533612236 30.229307112120537
      vertex 51.60353088961003 -108.24024540913798 31.24854989510224
    endloop
  endfacet
  facet normal 0.2530614261549497 -0.7232080056111301 0.6425963703697636
    outer loop
      vertex 51.60353088961003 -108.24024540913798 31.24854989510224
      vertex 52.47362816540313 -107.93578520433194 31.24854989510224
      vertex 49.219133382451254 -108.0290917391302 32.42519373112427
    endloop
  endfacet
  facet normal 0.3346655534032793 -0.5326171770895299 0.777378871615673
    outer loop
      vertex 53.25416151676121 -107.44534359407562 31.24854989510224
      vertex 50.815289917334624 -107.26042326428659 32.42519373112427
      vertex 50.06051571832752 -107.73467932637143 32.42519373112427
    endloop
  endfacet
  facet normal 0.33466555340327747 -0.5326171770895434 0.7773788716156648
    outer loop
      vertex 52.47362816540313 -107.93578520433194 31.24854989510224
      vertex 53.25416151676121 -107.44534359407562 31.24854989510224
      vertex 50.06051571832752 -107.73467932637143 32.42519373112427
    endloop
  endfacet
  facet normal 0.3363833710659403 -0.5274838341936064 0.7801327017467771
    outer loop
      vertex 53.25416151676121 -107.44534359407562 31.24854989510224
      vertex 52.618674035954 -106.64846749806219 32.06136889134059
      vertex 50.20077478678865 -106.48984566368833 33.21118808454441
    endloop
  endfacet
  facet normal 0.33299486201620787 -0.5299582869787508 0.7799093767440899
    outer loop
      vertex 49.63287741247114 -106.8466792342667 33.21118808454441
      vertex 50.815289917334624 -107.26042326428659 32.42519373112427
      vertex 50.20077478678865 -106.48984566368833 33.21118808454441
    endloop
  endfacet
  facet normal 0.33638337106593447 -0.5274838341936162 0.7801327017467728
    outer loop
      vertex 53.25416151676121 -107.44534359407562 31.24854989510224
      vertex 50.20077478678865 -106.48984566368833 33.21118808454441
      vertex 50.815289917334624 -107.26042326428659 32.42519373112427
    endloop
  endfacet
  facet normal 0.37739318321934845 -0.3773931832193486 0.8456646915409999
    outer loop
      vertex 52.618674035954 -106.64846749806219 32.06136889134059
      vertex 50.6750308488735 -106.01558960160348 33.21118808454441
      vertex 50.20077478678865 -106.48984566368833 33.21118808454441
    endloop
  endfacet
  facet normal 0.37739318321934845 -0.37739318321934845 0.845664691541
    outer loop
      vertex 52.618674035954 -106.64846749806219 32.06136889134059
      vertex 53.10911564621033 -106.15802588780586 32.06136889134059
      vertex 50.6750308488735 -106.01558960160348 33.21118808454441
    endloop
  endfacet
  facet normal 0.40122775322773796 -0.2521081066301117 0.8806008134286508
    outer loop
      vertex 53.10911564621033 -106.15802588780586 32.06136889134059
      vertex 53.47812733617935 -105.5707471475063 32.06136889134059
      vertex 50.6750308488735 -106.01558960160348 33.21118808454441
    endloop
  endfacet
  facet normal 0.4012277532277376 -0.25210810663010286 0.8806008134286536
    outer loop
      vertex 50.6750308488735 -106.01558960160348 33.21118808454441
      vertex 53.47812733617935 -105.5707471475063 32.06136889134059
      vertex 51.031864419451885 -105.44769222728596 33.21118808454441
    endloop
  endfacet
  facet normal 0.4148868024482193 -0.14517517105149882 0.8982166280271481
    outer loop
      vertex 51.031864419451885 -105.44769222728596 33.21118808454441
      vertex 52.555648456213184 -105.04957238912353 32.57169784009088
      vertex 51.253382373287785 -104.81463028641697 33.21118808454441
    endloop
  endfacet
  facet normal 0.4169752089743332 -0.1222866614225811 0.9006540110047421
    outer loop
      vertex 51.253382373287785 -104.81463028641697 33.21118808454441
      vertex 52.56209644656932 -104.65471625789627 32.62700596232765
      vertex 50.78298344519039 -104.58636264259871 33.45996150550336
    endloop
  endfacet
  facet normal 0.4220362193028792 -0.04755206157318407 0.9053310063378323
    outer loop
      vertex 50.78298344519039 -104.58636264259871 33.45996150550336
      vertex 52.61030518707695 -104.22685185185186 32.62700596232765
      vertex 50.83002061978883 -104.16889617158866 33.45996150550335
    endloop
  endfacet
  facet normal 0.42457807200887115 0.04783845959035766 0.9041266186509783
    outer loop
      vertex 50.83002061978883 -104.16889617158866 33.45996150550335
      vertex 52.61030518707695 -104.22685185185186 32.62700596232765
      vertex 51.02238671100923 -104.11291590488604 33.366664358713656
    endloop
  endfacet
  facet normal 0.424578072008872 0.04783845959035038 0.9041266186509782
    outer loop
      vertex 51.02238671100923 -104.11291590488604 33.366664358713656
      vertex 52.56209644656932 -103.79898744580746 32.62700596232765
      vertex 50.98225718579405 -103.75675651780666 33.36666435871363
    endloop
  endfacet
  facet normal 0.42424864041551846 0.09107031993562446 0.9009546536493427
    outer loop
      vertex 50.98225718579405 -103.75675651780666 33.36666435871363
      vertex 52.69436264364081 -103.5145266113192 32.53596953429624
      vertex 51.253382373287785 -103.48166600987932 33.21118808454441
    endloop
  endfacet
  facet normal 0.41488680244821957 -0.14517517105150082 0.8982166280271476
    outer loop
      vertex 53.47812733617935 -105.5707471475063 32.06136889134059
      vertex 52.555648456213184 -105.04957238912353 32.57169784009088
      vertex 51.031864419451885 -105.44769222728596 33.21118808454441
    endloop
  endfacet
  facet normal 0.41488680244821685 -0.14517517105151015 0.8982166280271475
    outer loop
      vertex 51.253382373287785 -104.81463028641697 33.21118808454441
      vertex 52.555648456213184 -105.04957238912353 32.57169784009088
      vertex 52.6181150587303 -104.87105309556655 32.57169784009088
    endloop
  endfacet
  facet normal 0.41697520897433277 -0.12228666142257175 0.9006540110047437
    outer loop
      vertex 51.253382373287785 -104.81463028641697 33.21118808454441
      vertex 52.6181150587303 -104.87105309556655 32.57169784009088
      vertex 52.56209644656932 -104.65471625789627 32.62700596232765
    endloop
  endfacet
  facet normal 0.4220362193028783 -0.04755206157317805 0.905331006337833
    outer loop
      vertex 50.78298344519039 -104.58636264259871 33.45996150550336
      vertex 52.56209644656932 -104.65471625789627 32.62700596232765
      vertex 52.61030518707695 -104.22685185185186 32.62700596232765
    endloop
  endfacet
  facet normal 0.4245780720088711 0.047838459590355195 0.9041266186509784
    outer loop
      vertex 51.02238671100923 -104.11291590488604 33.366664358713656
      vertex 52.61030518707695 -104.22685185185186 32.62700596232765
      vertex 52.56209644656932 -103.79898744580746 32.62700596232765
    endloop
  endfacet
  facet normal 0.42424864041551785 0.09107031993562792 0.9009546536493425
    outer loop
      vertex 50.98225718579405 -103.75675651780666 33.36666435871363
      vertex 52.56209644656932 -103.79898744580746 32.62700596232765
      vertex 52.69436264364081 -103.5145266113192 32.53596953429624
    endloop
  endfacet
  facet normal 0.42241096304086306 0.14780798871311562 0.8942716459641746
    outer loop
      vertex 51.253382373287785 -103.48166600987932 33.21118808454441
      vertex 52.99847743349364 -102.93774865499879 32.29698866994818
      vertex 51.031864419451885 -102.84860406901035 33.21118808454441
    endloop
  endfacet
  facet normal 0.41374530398086545 0.2599734050662906 0.8724841844366119
    outer loop
      vertex 53.10911564621033 -102.29567781589786 32.06136889134059
      vertex 50.6750308488735 -102.28070669469282 33.21118808454441
      vertex 51.031864419451885 -102.84860406901035 33.21118808454441
    endloop
  endfacet
  facet normal 0.39447107410733573 0.3944710741073359 0.8299308063840078
    outer loop
      vertex 53.10911564621033 -102.29567781589786 32.06136889134059
      vertex 50.20077478678865 -101.80645063260798 33.21118808454441
      vertex 50.6750308488735 -102.28070669469282 33.21118808454441
    endloop
  endfacet
  facet normal 0.3714542702515137 0.5010556836039572 0.7816424547323965
    outer loop
      vertex 52.32791682604346 -101.39688091660358 31.937775641396673
      vertex 50.20077478678865 -101.80645063260798 33.21118808454441
      vertex 52.618674035954 -101.80523620564153 32.06136889134059
    endloop
  endfacet
  facet normal 0.37145427025151956 0.5010556836039443 0.781642454732402
    outer loop
      vertex 52.32791682604346 -101.39688091660358 31.937775641396673
      vertex 52.548511895329774 -101.01632054644143 31.58899351568636
      vertex 50.20077478678865 -101.80645063260798 33.21118808454441
    endloop
  endfacet
  facet normal 0.42241096304086506 0.1478079887130846 0.8942716459641789
    outer loop
      vertex 51.253382373287785 -103.48166600987932 33.21118808454441
      vertex 52.69436264364081 -103.5145266113192 32.53596953429624
      vertex 52.6433481418917 -103.36873554142838 32.53596953429624
    endloop
  endfacet
  facet normal 0.42241096304085946 0.14780798871312723 0.8942716459641745
    outer loop
      vertex 51.253382373287785 -103.48166600987932 33.21118808454441
      vertex 52.6433481418917 -103.36873554142838 32.53596953429624
      vertex 52.99847743349364 -102.93774865499879 32.29698866994818
    endloop
  endfacet
  facet normal 0.4224109630408643 0.14780798871306972 0.8942716459641817
    outer loop
      vertex 51.031864419451885 -102.84860406901035 33.21118808454441
      vertex 52.99847743349364 -102.93774865499879 32.29698866994818
      vertex 53.08328775721057 -102.8774118858005 32.24695569929587
    endloop
  endfacet
  facet normal 0.41374530398086345 0.25997340506629646 0.8724841844366111
    outer loop
      vertex 53.10911564621033 -102.29567781589786 32.06136889134059
      vertex 51.031864419451885 -102.84860406901035 33.21118808454441
      vertex 53.08328775721057 -102.8774118858005 32.24695569929587
    endloop
  endfacet
  facet normal 0.39447107410733573 0.39447107410733573 0.829930806384008
    outer loop
      vertex 52.618674035954 -101.80523620564153 32.06136889134059
      vertex 50.20077478678865 -101.80645063260798 33.21118808454441
      vertex 53.10911564621033 -102.29567781589786 32.06136889134059
    endloop
  endfacet
  facet normal -0.47694400018240196 0.47694400018241234 -0.7382742318271768
    outer loop
      vertex 47.469008257776245 -101.66019033509065 23.015338993786653
      vertex 45.85137674933203 -101.03587303200972 24.46369515776462
      vertex 48.12083848323879 -101.00836010962811 23.015338993786653
    endloop
  endfacet
  facet normal -0.4118938624204656 0.6555253267985182 -0.6329533885098068
    outer loop
      vertex 48.12083848323879 -101.00836010962811 23.015338993786653
      vertex 45.85137674933203 -101.03587303200972 24.46369515776462
      vertex 46.606150948339135 -100.56161696992487 24.46369515776462
    endloop
  endfacet
  facet normal -0.40511914478184585 0.6702818681087425 -0.6217722218110746
    outer loop
      vertex 46.606150948339135 -100.56161696992487 24.46369515776462
      vertex 46.26512077935192 -99.85346052714623 25.449300902580326
      vertex 48.5487028892832 -99.78559388852133 24.034581776768356
    endloop
  endfacet
  facet normal -0.29683991139252086 0.8483197283988001 -0.4384514858155534
    outer loop
      vertex 46.26512077935192 -99.85346052714623 25.449300902580326
      vertex 47.27263308660796 -99.50091672319951 25.449300902580326
      vertex 48.5487028892832 -99.78559388852133 24.034581776768356
    endloop
  endfacet
  facet normal -0.4118938624204649 0.6555253267985193 -0.6329533885098064
    outer loop
      vertex 48.12083848323879 -101.00836010962811 23.015338993786653
      vertex 46.606150948339135 -100.56161696992487 24.46369515776462
      vertex 48.11296404264471 -100.53292891291704 23.512848968551648
    endloop
  endfacet
  facet normal -0.40511914478183947 0.6702818681087521 -0.6217722218110683
    outer loop
      vertex 48.11296404264471 -100.53292891291704 23.512848968551648
      vertex 46.606150948339135 -100.56161696992487 24.46369515776462
      vertex 47.96354577546402 -100.31854481660704 23.841313261452395
    endloop
  endfacet
  facet normal -0.40511914478184446 0.6702818681087319 -0.6217722218110869
    outer loop
      vertex 46.606150948339135 -100.56161696992487 24.46369515776462
      vertex 48.5487028892832 -99.78559388852133 24.034581776768356
      vertex 47.96354577546402 -100.31854481660704 23.841313261452395
    endloop
  endfacet
  facet normal -0.2968399113925372 0.848319728398788 -0.43845148581556576
    outer loop
      vertex 47.27263308660796 -99.50091672319951 25.449300902580326
      vertex 48.47358281127881 -99.45952100133546 24.716328127424102
      vertex 48.5487028892832 -99.78559388852133 24.034581776768356
    endloop
  endfacet
  facet normal -0.29299490498572106 0.8530110936886374 -0.43188662829094737
    outer loop
      vertex 47.27263308660796 -99.50091672319951 25.449300902580326
      vertex 48.38215473718728 -99.26264467712592 25.16720026784535
      vertex 48.47358281127881 -99.45952100133546 24.716328127424102
    endloop
  endfacet
  facet normal -0.2929949049857206 0.8530110936886389 -0.43188662829094454
    outer loop
      vertex 47.27263308660796 -99.50091672319951 25.449300902580326
      vertex 49.464733778893226 -98.8695629989113 25.20913925736749
      vertex 48.38215473718728 -99.26264467712592 25.16720026784535
    endloop
  endfacet
  facet normal -0.29299490498572 0.8530110936886289 -0.4318866282909647
    outer loop
      vertex 47.27263308660796 -99.50091672319951 25.449300902580326
      vertex 47.15092082846984 -98.9676604780283 26.585095651215354
      vertex 49.464733778893226 -98.8695629989113 25.20913925736749
    endloop
  endfacet
  facet normal -0.1728734447140198 0.9595308075237505 -0.22229575237851024
    outer loop
      vertex 49.464733778893226 -98.8695629989113 25.20913925736749
      vertex 47.15092082846984 -98.9676604780283 26.585095651215354
      vertex 47.26282727401683 -98.79115854968545 27.259932590292205
    endloop
  endfacet
  facet normal -0.1728734447140229 0.9595308075237501 -0.22229575237851038
    outer loop
      vertex 49.464733778893226 -98.8695629989113 25.20913925736749
      vertex 47.242021078354036 -98.68704090104659 27.725532715729216
      vertex 49.400182293730246 -98.58674446341777 26.480114218981903
    endloop
  endfacet
  facet normal -0.17287344471400734 0.9595308075237559 -0.222295752378497
    outer loop
      vertex 49.464733778893226 -98.8695629989113 25.20913925736749
      vertex 47.26282727401683 -98.79115854968545 27.259932590292205
      vertex 47.242021078354036 -98.68704090104659 27.725532715729216
    endloop
  endfacet
  facet normal -0.11124400783614583 0.9873178771653043 -0.1132615563655585
    outer loop
      vertex 49.400182293730246 -98.58674446341777 26.480114218981903
      vertex 47.242021078354036 -98.68704090104659 27.725532715729216
      vertex 48.33333333333333 -98.55391644800842 27.8141259123073
    endloop
  endfacet
  facet normal -0.11124400783614936 0.9873178771653036 -0.1132615563655613
    outer loop
      vertex 49.400182293730246 -98.58674446341777 26.480114218981903
      vertex 48.33333333333333 -98.55391644800842 27.8141259123073
      vertex 50.05344978890641 -98.47192234709314 26.839405006558945
    endloop
  endfacet
  facet normal -0.04761369787886835 0.9988658247103561 0
    outer loop
      vertex 48.33333333333333 -98.55391644800842 27.8141259123073
      vertex 48.33333333333333 -98.55391644800842 29.074762976581585
      vertex 50.05344978890641 -98.47192234709314 26.839405006558945
    endloop
  endfacet
  facet normal -0.04761369787886836 0.9988658247103561 -9.206767299973496e-18
    outer loop
      vertex 48.33333333333333 -98.55391644800842 29.074762976581585
      vertex 50.05344978890641 -98.47192234709314 27.464198048325276
      vertex 50.05344978890641 -98.47192234709314 26.839405006558945
    endloop
  endfacet
  facet normal 0.0753396498285997 0.9721570987135719 0.22188851386341435
    outer loop
      vertex 48.33333333333333 -98.55391644800842 29.074762976581585
      vertex 49.10719725296242 -98.67646040526373 29.348906690337746
      vertex 50.6875 -98.4416985928669 27.78377466990699
    endloop
  endfacet
  facet normal 0.0753396498286436 0.9721570987135587 0.22188851386345676
    outer loop
      vertex 49.10719725296242 -98.67646040526373 29.348906690337746
      vertex 49.089517908046446 -98.80146410736872 29.90258650856219
      vertex 50.6875 -98.4416985928669 27.78377466990699
    endloop
  endfacet
  facet normal 0.3538913664304219 0.563214883240149 0.7466926382808352
    outer loop
      vertex 52.47362816540312 -100.51791849937179 31.24854989510224
      vertex 50.06051571832752 -100.56161696992487 32.42519373112427
      vertex 50.815289917334624 -101.03587303200972 32.42519373112427
    endloop
  endfacet
  facet normal 0.2904198923025746 0.7266599600175754 0.6225926346032505
    outer loop
      vertex 51.8428685002013 -100.17769618079457 31.14568844313775
      vertex 50.06051571832752 -100.56161696992487 32.42519373112427
      vertex 52.47362816540312 -100.51791849937179 31.24854989510224
    endloop
  endfacet
  facet normal 0.19023369871112725 0.8806683869806626 0.4338598069049054
    outer loop
      vertex 49.3940335800587 -99.50091672319951 31.43958798630856
      vertex 51.402974689989996 -99.18054665507267 29.908429583532573
      vertex 51.44436035081696 -98.88864999090663 29.297778153018903
    endloop
  endfacet
  facet normal 0.19023369871111748 0.8806683869806704 0.4338598069048941
    outer loop
      vertex 49.3940335800587 -99.50091672319951 31.43958798630856
      vertex 51.78440013179042 -99.42101836758137 30.229307112120537
      vertex 51.402974689989996 -99.18054665507267 29.908429583532573
    endloop
  endfacet
  facet normal 0.26871539218260865 0.7679444702821745 0.5814235363030786
    outer loop
      vertex 51.78440013179042 -99.42101836758137 30.229307112120537
      vertex 50.40154588731474 -99.85346052714623 31.43958798630856
      vertex 51.94773279457353 -99.8101841253988 30.667830280316075
    endloop
  endfacet
  facet normal 0.268715392182617 0.7679444702821665 0.5814235363030853
    outer loop
      vertex 49.3940335800587 -99.50091672319951 31.43958798630856
      vertex 50.40154588731474 -99.85346052714623 31.43958798630856
      vertex 51.78440013179042 -99.42101836758137 30.229307112120537
    endloop
  endfacet
  facet normal 0.290419892302568 0.7266599600175759 0.6225926346032531
    outer loop
      vertex 50.40154588731474 -99.85346052714623 31.43958798630856
      vertex 50.06051571832752 -100.56161696992487 32.42519373112427
      vertex 51.94773279457353 -99.8101841253988 30.667830280316075
    endloop
  endfacet
  facet normal 0.2904198923025941 0.7266599600175506 0.6225926346032704
    outer loop
      vertex 51.8428685002013 -100.17769618079457 31.14568844313775
      vertex 51.94773279457353 -99.8101841253988 30.667830280316075
      vertex 50.06051571832752 -100.56161696992487 32.42519373112427
    endloop
  endfacet
  facet normal 0.3538913664304171 0.5632148832401568 0.7466926382808317
    outer loop
      vertex 52.548511895329774 -101.01632054644143 31.58899351568636
      vertex 52.47362816540312 -100.51791849937179 31.24854989510224
      vertex 50.815289917334624 -101.03587303200972 32.42519373112427
    endloop
  endfacet
  facet normal 0.07533964982860998 0.9721570987135668 0.22188851386343272
    outer loop
      vertex 49.089517908046446 -98.80146410736872 29.90258650856219
      vertex 50.6875 -98.73179033396866 29.054749631521403
      vertex 50.6875 -98.4416985928669 27.78377466990699
    endloop
  endfacet
  facet normal -0.0476136978788636 0.9988658247103565 5.076824250594676e-15
    outer loop
      vertex 48.33333333333333 -98.55391644800842 29.074762976581585
      vertex 50.6875 -98.4416985928669 27.78377466990699
      vertex 50.05344978890641 -98.47192234709314 27.464198048325276
    endloop
  endfacet
  facet normal 0.10745630707378595 0.9537011031136655 0.2809045175675209
    outer loop
      vertex 49.089517908046446 -98.80146410736872 29.90258650856219
      vertex 49.515745838196814 -98.9676604780283 30.30379323767353
      vertex 50.6875 -98.73179033396866 29.054749631521403
    endloop
  endfacet
  facet normal 0.10745630707379336 0.9537011031136626 0.2809045175675273
    outer loop
      vertex 49.515745838196814 -98.9676604780283 30.30379323767353
      vertex 51.44436035081696 -98.88864999090663 29.297778153018903
      vertex 50.6875 -98.73179033396866 29.054749631521403
    endloop
  endfacet
  facet normal 0.19023369871112594 0.8806683869806634 0.43385980690490433
    outer loop
      vertex 49.3940335800587 -99.50091672319951 31.43958798630856
      vertex 51.44436035081696 -98.88864999090663 29.297778153018903
      vertex 49.515745838196814 -98.9676604780283 30.30379323767353
    endloop
  endfacet
  facet normal 0.3714542702515127 0.5010556836039561 0.7816424547323977
    outer loop
      vertex 50.20077478678865 -101.80645063260798 33.21118808454441
      vertex 52.548511895329774 -101.01632054644143 31.58899351568636
      vertex 50.815289917334624 -101.03587303200972 32.42519373112427
    endloop
  endfacet
  facet normal -0.5389050828321271 -0.5389050828321271 -0.6474276974268218
    outer loop
      vertex 43.66524834875862 -106.88105849005312 25.96760687729815
      vertex 45.221058217194894 -106.63010473214945 24.46369515776462
      vertex 45.85137674933203 -107.26042326428659 24.46369515776462
    endloop
  endfacet
  facet normal -0.5541903478551187 -0.5541903478551251 -0.6210846292482514
    outer loop
      vertex 43.66524834875862 -106.88105849005312 25.96760687729815
      vertex 43.19191377631826 -107.47460127033786 26.919575583947857
      vertex 43.05644150994688 -106.27225165124139 25.96760687729815
    endloop
  endfacet
  facet normal -0.5284625184010474 -0.5771423469337329 -0.6226026646433865
    outer loop
      vertex 43.66524834875862 -106.88105849005312 25.96760687729815
      vertex 45.85137674933203 -107.26042326428659 24.46369515776462
      vertex 45.36131728565602 -107.87493839483257 25.449300902580326
    endloop
  endfacet
  facet normal -0.46529479692618847 -0.740512427207106 -0.4849145255663701
    outer loop
      vertex 45.36131728565602 -107.87493839483257 25.449300902580326
      vertex 44.06487200275397 -108.02311727867333 26.919575583947857
      vertex 43.19191377631826 -107.47460127033786 26.919575583947857
    endloop
  endfacet
  facet normal -0.5284625184010484 -0.5771423469337369 -0.6226026646433822
    outer loop
      vertex 43.66524834875862 -106.88105849005312 25.96760687729815
      vertex 45.36131728565602 -107.87493839483257 25.449300902580326
      vertex 43.19191377631826 -107.47460127033786 26.919575583947857
    endloop
  endfacet
  facet normal -0.571808932597815 -0.3592913655441849 -0.7375257685306612
    outer loop
      vertex 44.746802155110046 -105.87533053314235 24.46369515776462
      vertex 45.221058217194894 -106.63010473214945 24.46369515776462
      vertex 43.05644150994688 -106.27225165124139 25.96760687729815
    endloop
  endfacet
  facet normal -0.5718089325978176 -0.3592913655441781 -0.7375257685306623
    outer loop
      vertex 44.746802155110046 -105.87533053314235 24.46369515776462
      vertex 43.05644150994688 -106.27225165124139 25.96760687729815
      vertex 42.598370996033516 -105.54323660458526 25.96760687729815
    endloop
  endfacet
  facet normal -0.538905082832125 -0.5389050828321312 -0.6474276974268202
    outer loop
      vertex 43.66524834875862 -106.88105849005312 25.96760687729815
      vertex 43.05644150994688 -106.27225165124139 25.96760687729815
      vertex 45.221058217194894 -106.63010473214945 24.46369515776462
    endloop
  endfacet
  facet normal -0.5907694539661462 -0.20671917261634537 -0.77990937674409
    outer loop
      vertex 42.598370996033516 -105.54323660458526 25.96760687729815
      vertex 42.31400637532203 -104.73056920862582 25.96760687729815
      vertex 43.456065163942235 -105.13019286262119 25.208437166696203
    endloop
  endfacet
  facet normal -0.5817919962763037 -0.2272597799075224 -0.7809424213763893
    outer loop
      vertex 44.746802155110046 -105.87533053314235 24.46369515776462
      vertex 43.456065163942235 -105.13019286262119 25.208437166696203
      vertex 45.63480224721477 -105.44769222728596 23.67770080434447
    endloop
  endfacet
  facet normal -0.5825226294978259 -0.2038334839278777 -0.7868413416647363
    outer loop
      vertex 43.456065163942235 -105.13019286262119 25.208437166696203
      vertex 45.41328429337887 -104.81463028641699 23.67770080434447
      vertex 45.63480224721477 -105.44769222728596 23.67770080434447
    endloop
  endfacet
  facet normal -0.5825226294978266 -0.203833483927875 -0.7868413416647365
    outer loop
      vertex 43.456065163942235 -105.13019286262119 25.208437166696203
      vertex 43.24210723895846 -104.51873624292494 25.208437166696203
      vertex 45.41328429337887 -104.81463028641699 23.67770080434447
    endloop
  endfacet
  facet normal -0.5817919962763051 -0.2272597799075264 -0.7809424213763871
    outer loop
      vertex 44.746802155110046 -105.87533053314235 24.46369515776462
      vertex 42.598370996033516 -105.54323660458526 25.96760687729815
      vertex 43.456065163942235 -105.13019286262119 25.208437166696203
    endloop
  endfacet
  facet normal -0.5907694539661461 -0.20671917261634418 -0.7799093767440906
    outer loop
      vertex 42.31400637532203 -104.73056920862582 25.96760687729815
      vertex 43.24210723895846 -104.51873624292494 25.208437166696203
      vertex 43.456065163942235 -105.13019286262119 25.208437166696203
    endloop
  endfacet
  facet normal -0.5809235251904565 -0.06545436144034002 -0.8113221212617898
    outer loop
      vertex 43.24210723895846 -104.51873624292494 25.208437166696203
      vertex 43.16957558394786 -103.875 25.208437166696203
      vertex 45.33818979146921 -104.14814814814815 23.67770080434447
    endloop
  endfacet
  facet normal -0.5700673276596582 0.06423116174840873 -0.8190833900131449
    outer loop
      vertex 43.16957558394786 -103.875 25.208437166696203
      vertex 43.24210723895846 -103.23126375707506 25.208437166696203
      vertex 45.33818979146921 -104.14814814814815 23.67770080434447
    endloop
  endfacet
  facet normal -0.580923525190456 -0.0654543614403439 -0.8113221212617899
    outer loop
      vertex 43.24210723895846 -104.51873624292494 25.208437166696203
      vertex 45.33818979146921 -104.14814814814815 23.67770080434447
      vertex 45.41328429337887 -104.81463028641699 23.67770080434447
    endloop
  endfacet
  facet normal -0.570067327659657 0.06423116174841251 -0.8190833900131455
    outer loop
      vertex 43.24210723895846 -103.23126375707506 25.208437166696203
      vertex 45.41328429337887 -103.48166600987932 23.67770080434447
      vertex 45.33818979146921 -104.14814814814815 23.67770080434447
    endloop
  endfacet
  facet normal -0.550488808184676 0.19262436505225322 -0.8123163952867326
    outer loop
      vertex 43.456065163942235 -102.61980713737881 25.208437166696203
      vertex 45.63480224721477 -102.84860406901035 23.67770080434447
      vertex 45.41328429337887 -103.48166600987932 23.67770080434447
    endloop
  endfacet
  facet normal -0.550488808184677 0.1926243650522509 -0.8123163952867326
    outer loop
      vertex 43.24210723895846 -103.23126375707506 25.208437166696203
      vertex 43.456065163942235 -102.61980713737881 25.208437166696203
      vertex 45.41328429337887 -103.48166600987932 23.67770080434447
    endloop
  endfacet
  facet normal -0.5200973233898268 0.32679880792984217 -0.7891142587346728
    outer loop
      vertex 43.456065163942235 -102.61980713737881 25.208437166696203
      vertex 45.99163581779316 -102.28070669469282 23.67770080434447
      vertex 45.63480224721477 -102.84860406901035 23.67770080434447
    endloop
  endfacet
  facet normal -0.520097323389826 0.3267988079298532 -0.7891142587346688
    outer loop
      vertex 43.456065163942235 -102.61980713737881 25.208437166696203
      vertex 43.80072061513 -102.07129112904336 25.208437166696203
      vertex 45.99163581779316 -102.28070669469282 23.67770080434447
    endloop
  endfacet
  facet normal -0.5116362628958969 0.35765289547623286 -0.7812251537472328
    outer loop
      vertex 43.80072061513 -102.07129112904336 25.208437166696203
      vertex 43.05644150994688 -101.47774834875861 25.96760687729815
      vertex 45.99163581779316 -102.28070669469282 23.67770080434447
    endloop
  endfacet
  facet normal -0.5116362628958903 0.3576528954762489 -0.7812251537472297
    outer loop
      vertex 43.05644150994688 -101.47774834875861 25.96760687729815
      vertex 45.221058217194894 -101.66619156414686 24.46369515776462
      vertex 45.99163581779316 -102.28070669469282 23.67770080434447
    endloop
  endfacet
  facet normal -0.4741490598876486 0.4741490598876485 -0.7418661186597741
    outer loop
      vertex 43.05644150994688 -101.47774834875861 25.96760687729815
      vertex 45.85137674933203 -101.03587303200972 24.46369515776462
      vertex 45.221058217194894 -101.66619156414686 24.46369515776462
    endloop
  endfacet
  facet normal -0.4395920307186813 -0.786807804803996 -0.4332347225559637
    outer loop
      vertex 46.26512077935191 -108.44283576915008 25.449300902580326
      vertex 46.02779942392485 -108.93563864155793 26.585095651215354
      vertex 44.06487200275397 -108.02311727867333 26.919575583947857
    endloop
  endfacet
  facet normal -0.46529479692618436 -0.7405124272071105 -0.48491452556636694
    outer loop
      vertex 45.36131728565602 -107.87493839483257 25.449300902580326
      vertex 46.26512077935191 -108.44283576915008 25.449300902580326
      vertex 44.06487200275397 -108.02311727867333 26.919575583947857
    endloop
  endfacet
  facet normal -0.5299582869787446 -0.33299486201621775 -0.7799093767440898
    outer loop
      vertex 44.746802155110046 -105.87533053314235 24.46369515776462
      vertex 45.99163581779316 -106.01558960160348 23.67770080434447
      vertex 45.221058217194894 -106.63010473214945 24.46369515776462
    endloop
  endfacet
  facet normal -0.5299582869787456 -0.33299486201620937 -0.7799093767440928
    outer loop
      vertex 44.746802155110046 -105.87533053314235 24.46369515776462
      vertex 45.63480224721477 -105.44769222728596 23.67770080434447
      vertex 45.99163581779316 -106.01558960160348 23.67770080434447
    endloop
  endfacet
  facet normal -0.4799109609074744 -0.7637739189275135 -0.4316652295089015
    outer loop
      vertex 44.06487200275397 -108.02311727867333 26.919575583947857
      vertex 43.835650019243204 -108.49910163199817 28.01660760061878
      vertex 42.86252238365749 -107.88764501230195 28.01660760061878
    endloop
  endfacet
  facet normal -0.4395920307186814 -0.7868078048039964 -0.4332347225559628
    outer loop
      vertex 44.06487200275397 -108.02311727867333 26.919575583947857
      vertex 46.02779942392485 -108.93563864155793 26.585095651215354
      vertex 43.835650019243204 -108.49910163199817 28.01660760061878
    endloop
  endfacet
  facet normal -0.3274521178633136 -0.9185805931244689 -0.22132511028333335
    outer loop
      vertex 43.835650019243204 -108.49910163199817 28.01660760061878
      vertex 46.02779942392485 -108.93563864155793 26.585095651215354
      vertex 43.718091592283315 -108.74321422092777 29.203693161188262
    endloop
  endfacet
  facet normal -0.47991096090748037 -0.7637739189275055 -0.43166522950890895
    outer loop
      vertex 44.06487200275397 -108.02311727867333 26.919575583947857
      vertex 42.86252238365749 -107.88764501230195 28.01660760061878
      vertex 43.19191377631826 -107.47460127033786 26.919575583947857
    endloop
  endfacet
  facet normal -0.5541903478551194 -0.5541903478551249 -0.6210846292482509
    outer loop
      vertex 43.05644150994688 -106.27225165124139 25.96760687729815
      vertex 43.19191377631826 -107.47460127033786 26.919575583947857
      vertex 42.462898729662136 -106.74558622368174 26.919575583947857
    endloop
  endfacet
  facet normal -0.3274521178633149 -0.9185805931244682 -0.22132511028333457
    outer loop
      vertex 43.718091592283315 -108.74321422092777 29.203693161188262
      vertex 46.02779942392485 -108.93563864155793 26.585095651215354
      vertex 45.90608716578672 -109.18837674980688 27.8141259123073
    endloop
  endfacet
  facet normal -0.3220982597426868 -0.9205039407969479 -0.2211904293770905
    outer loop
      vertex 46.02779942392485 -108.93563864155793 26.585095651215354
      vertex 47.15092082846984 -109.32863581826801 26.585095651215354
      vertex 45.90608716578672 -109.18837674980688 27.8141259123073
    endloop
  endfacet
  facet normal -0.3227221856049797 -0.9222870184685579 -0.2126900244081111
    outer loop
      vertex 43.718091592283315 -108.74321422092777 29.203693161188262
      vertex 45.90608716578672 -109.18837674980688 27.8141259123073
      vertex 47.088499670650215 -109.60212077982676 27.8141259123073
    endloop
  endfacet
  facet normal -0.2018658961808914 -0.9794131712199328 0
    outer loop
      vertex 44.86015038090353 -109.14283787492313 29.203693161188262
      vertex 47.088499670650215 -109.60212077982676 27.8141259123073
      vertex 44.86015038090353 -109.14283787492313 30.421306838811738
    endloop
  endfacet
  facet normal -0.32272218560498206 -0.9222870184685554 -0.21269002440811846
    outer loop
      vertex 44.86015038090353 -109.14283787492313 29.203693161188262
      vertex 43.718091592283315 -108.74321422092777 29.203693161188262
      vertex 47.088499670650215 -109.60212077982676 27.8141259123073
    endloop
  endfacet
  facet normal -0.20186589618089143 -0.979413171219933 1.1863823414007008e-17
    outer loop
      vertex 44.86015038090353 -109.14283787492313 30.421306838811738
      vertex 47.088499670650215 -109.60212077982676 27.8141259123073
      vertex 47.088499670650215 -109.60212077982676 29.074762976581585
    endloop
  endfacet
  facet normal -0.11066574755384978 -0.9821856752115194 0.15186965374175096
    outer loop
      vertex 44.86015038090353 -109.14283787492313 30.421306838811738
      vertex 47.088499670650215 -109.60212077982676 29.074762976581585
      vertex 48.33333333333333 -109.74237984828788 29.074762976581585
    endloop
  endfacet
  facet normal -0.1106657475538592 -0.9821856752115218 0.1518696537417279
    outer loop
      vertex 44.86015038090353 -109.14283787492313 30.421306838811738
      vertex 48.33333333333333 -109.74237984828788 29.074762976581585
      vertex 46.0625 -109.27831014129451 30.421306838811738
    endloop
  endfacet
  facet normal -0.06713639590836296 -0.9727282866203587 0.22201888377581055
    outer loop
      vertex 46.0625 -109.27831014129451 30.421306838811738
      vertex 48.33333333333333 -109.46186171136563 30.30379323767353
      vertex 46.0625 -109.00736560855175 31.60839239938122
    endloop
  endfacet
  facet normal -0.10919118727172684 -0.9690985907399567 0.221190429377088
    outer loop
      vertex 44.86015038090353 -109.14283787492313 30.421306838811738
      vertex 46.0625 -109.27831014129451 30.421306838811738
      vertex 46.0625 -109.00736560855175 31.60839239938122
    endloop
  endfacet
  facet normal -0.10919118727172937 -0.9690985907399557 0.22119042937709044
    outer loop
      vertex 44.86015038090353 -109.14283787492313 30.421306838811738
      vertex 46.0625 -109.00736560855175 31.60839239938122
      vertex 44.920441211379796 -108.87868648729915 31.60839239938122
    endloop
  endfacet
  facet normal 0.06877949817385448 -0.8988352712139792 0.43285625310563
    outer loop
      vertex 46.0625 -109.00736560855175 31.60839239938122
      vertex 48.33333333333333 -108.91489178824813 31.43958798630856
      vertex 46.0625 -108.4790628333038 32.705424416052146
    endloop
  endfacet
  facet normal -0.06713639590836339 -0.97272828662036 0.22201888377580456
    outer loop
      vertex 48.33333333333333 -109.74237984828788 29.074762976581585
      vertex 48.33333333333333 -109.46186171136563 30.30379323767353
      vertex 46.0625 -109.27831014129451 30.421306838811738
    endloop
  endfacet
  facet normal 0.1009957513580278 -0.8963620852315513 0.4316652295089017
    outer loop
      vertex 48.33333333333333 -109.46186171136563 30.30379323767353
      vertex 49.515745838196814 -109.32863581826801 30.30379323767353
      vertex 48.33333333333333 -108.91489178824813 31.43958798630856
    endloop
  endfacet
  facet normal 0.06877949817385445 -0.8988352712139794 0.43285625310562964
    outer loop
      vertex 46.0625 -109.00736560855175 31.60839239938122
      vertex 48.33333333333333 -109.46186171136563 30.30379323767353
      vertex 48.33333333333333 -108.91489178824813 31.43958798630856
    endloop
  endfacet
  facet normal 0.10099575135803023 -0.8963620852315499 0.43166522950890374
    outer loop
      vertex 49.515745838196814 -109.32863581826801 30.30379323767353
      vertex 49.3940335800587 -108.79537957309681 31.43958798630856
      vertex 48.33333333333333 -108.91489178824813 31.43958798630856
    endloop
  endfacet
  facet normal 0.09839472927152922 -0.8732773757280348 0.47718455789467795
    outer loop
      vertex 48.33333333333333 -108.91489178824813 31.43958798630856
      vertex 49.3940335800587 -108.79537957309681 31.43958798630856
      vertex 46.0625 -108.4790628333038 32.705424416052146
    endloop
  endfacet
  facet normal 0.0983947292715303 -0.8732773757280333 0.47718455789468034
    outer loop
      vertex 49.3940335800587 -108.79537957309681 31.43958798630856
      vertex 47.087000361660316 -108.3636293656268 32.705424416052146
      vertex 46.0625 -108.4790628333038 32.705424416052146
    endloop
  endfacet
  facet normal 0.20051461541509558 -0.755872914002446 0.6232575927194045
    outer loop
      vertex 49.3940335800587 -108.79537957309681 31.43958798630856
      vertex 46.91806920862582 -107.62349362467796 33.657393122701855
      vertex 47.087000361660316 -108.3636293656268 32.705424416052146
    endloop
  endfacet
  facet normal 0.20051461541509116 -0.7558729140024498 0.6232575927194015
    outer loop
      vertex 49.3940335800587 -108.79537957309681 31.43958798630856
      vertex 49.219133382451254 -108.0290917391302 32.42519373112427
      vertex 46.91806920862582 -107.62349362467796 33.657393122701855
    endloop
  endfacet
  facet normal 0.24215904057256216 -0.6920507776873474 0.6800181763536278
    outer loop
      vertex 46.91806920862582 -107.62349362467796 33.657393122701855
      vertex 50.06051571832752 -107.73467932637143 32.42519373112427
      vertex 47.73073660458527 -107.33912900396649 33.657393122701855
    endloop
  endfacet
  facet normal 0.24215904057256826 -0.6920507776873318 0.6800181763536418
    outer loop
      vertex 49.219133382451254 -108.0290917391302 32.42519373112427
      vertex 50.06051571832752 -107.73467932637143 32.42519373112427
      vertex 46.91806920862582 -107.62349362467796 33.657393122701855
    endloop
  endfacet
  facet normal 0.32183724337550756 -0.535889812485595 0.7805401319923327
    outer loop
      vertex 47.73073660458527 -107.33912900396649 33.657393122701855
      vertex 50.06051571832752 -107.73467932637143 32.42519373112427
      vertex 49.63287741247114 -106.8466792342667 33.21118808454441
    endloop
  endfacet
  facet normal 0.3218372433755077 -0.5358898124855963 0.7805401319923319
    outer loop
      vertex 47.317692862621186 -106.48143483605777 34.41656283330379
      vertex 47.73073660458527 -107.33912900396649 33.657393122701855
      vertex 49.63287741247114 -106.8466792342667 33.21118808454441
    endloop
  endfacet
  facet normal 0.32778849676302885 -0.5216724041448405 0.7876627477185751
    outer loop
      vertex 49.63287741247114 -106.8466792342667 33.21118808454441
      vertex 50.20077478678865 -106.48984566368833 33.21118808454441
      vertex 47.86620887095664 -106.13677938487001 34.41656283330379
    endloop
  endfacet
  facet normal 0.37873375591589675 -0.37873375591589664 0.8444652060681221
    outer loop
      vertex 47.86620887095664 -106.13677938487001 34.41656283330379
      vertex 50.20077478678865 -106.48984566368833 33.21118808454441
      vertex 50.6750308488735 -106.01558960160348 33.21118808454441
    endloop
  endfacet
  facet normal 0.3277884967630374 -0.5216724041448279 0.7876627477185801
    outer loop
      vertex 47.317692862621186 -106.48143483605777 34.41656283330379
      vertex 49.63287741247114 -106.8466792342667 33.21118808454441
      vertex 47.86620887095664 -106.13677938487001 34.41656283330379
    endloop
  endfacet
  facet normal 0.3787337559158967 -0.3787337559158967 0.844465206068122
    outer loop
      vertex 47.86620887095664 -106.13677938487001 34.41656283330379
      vertex 50.6750308488735 -106.01558960160348 33.21118808454441
      vertex 48.32427938487001 -105.67870887095664 34.41656283330379
    endloop
  endfacet
  facet normal 0.33299486201621475 -0.5299582869787398 0.7799093767440944
    outer loop
      vertex 49.63287741247114 -106.8466792342667 33.21118808454441
      vertex 50.06051571832752 -107.73467932637143 32.42519373112427
      vertex 50.815289917334624 -107.26042326428659 32.42519373112427
    endloop
  endfacet
  facet normal 0.4112063522451011 -0.2583780759551364 0.8741567969986845
    outer loop
      vertex 50.6750308488735 -106.01558960160348 33.21118808454441
      vertex 48.668934836057765 -105.13019286262119 34.41656283330379
      vertex 48.32427938487001 -105.67870887095664 34.41656283330379
    endloop
  endfacet
  facet normal 0.43293766036576753 -0.15149143941757673 0.8886030193625307
    outer loop
      vertex 48.668934836057765 -105.13019286262119 34.41656283330379
      vertex 51.253382373287785 -104.81463028641697 33.21118808454441
      vertex 48.88289276104154 -104.51873624292494 34.41656283330379
    endloop
  endfacet
  facet normal 0.4569739100136196 0.051488593898884466 0.8879886093104911
    outer loop
      vertex 48.955424416052146 -103.875 34.41656283330379
      vertex 51.02238671100923 -104.11291590488604 33.366664358713656
      vertex 48.88289276104154 -103.23126375707506 34.41656283330379
    endloop
  endfacet
  facet normal 0.4608083624894642 0.16124381988438624 0.8727291009293032
    outer loop
      vertex 48.88289276104154 -103.23126375707506 34.41656283330379
      vertex 51.031864419451885 -102.84860406901035 33.21118808454441
      vertex 48.668934836057765 -102.61980713737881 34.41656283330379
    endloop
  endfacet
  facet normal 0.439630550493919 0.44513130861018985 0.7801173611498423
    outer loop
      vertex 48.7232199713375 -101.6841546884763 33.97407391799834
      vertex 50.20077478678865 -101.80645063260798 33.21118808454441
      vertex 48.98668180344949 -101.46721937552857 33.70181927965948
    endloop
  endfacet
  facet normal 0.43963055049392014 0.44513130861021977 0.7801173611498246
    outer loop
      vertex 48.98668180344949 -101.46721937552857 33.70181927965948
      vertex 50.20077478678865 -101.80645063260798 33.21118808454441
      vertex 48.45975165124138 -100.86894150994688 33.657393122701855
    endloop
  endfacet
  facet normal 0.45718308183658357 0.2872671698752519 0.8417013738816559
    outer loop
      vertex 48.668934836057765 -102.61980713737881 34.41656283330379
      vertex 50.6750308488735 -102.28070669469282 33.21118808454441
      vertex 48.32427938487001 -102.07129112904336 34.41656283330379
    endloop
  endfacet
  facet normal 0.4403997755319084 0.4403997755319131 0.7823656916192614
    outer loop
      vertex 48.32427938487001 -102.07129112904336 34.41656283330379
      vertex 50.6750308488735 -102.28070669469282 33.21118808454441
      vertex 48.7232199713375 -101.6841546884763 33.97407391799834
    endloop
  endfacet
  facet normal 0.4112063522451025 -0.25837807595513346 0.8741567969986849
    outer loop
      vertex 50.6750308488735 -106.01558960160348 33.21118808454441
      vertex 51.031864419451885 -105.44769222728596 33.21118808454441
      vertex 48.668934836057765 -105.13019286262119 34.41656283330379
    endloop
  endfacet
  facet normal 0.4329376603657674 -0.15149143941757534 0.8886030193625309
    outer loop
      vertex 48.668934836057765 -105.13019286262119 34.41656283330379
      vertex 51.031864419451885 -105.44769222728596 33.21118808454441
      vertex 51.253382373287785 -104.81463028641697 33.21118808454441
    endloop
  endfacet
  facet normal 0.44767214630111757 -0.050440536835140666 0.8927739924919036
    outer loop
      vertex 48.88289276104154 -104.51873624292494 34.41656283330379
      vertex 51.253382373287785 -104.81463028641697 33.21118808454441
      vertex 48.955424416052146 -103.875 34.41656283330379
    endloop
  endfacet
  facet normal 0.4476721463011186 -0.050440536835141506 0.8927739924919031
    outer loop
      vertex 48.955424416052146 -103.875 34.41656283330379
      vertex 50.78298344519039 -104.58636264259871 33.45996150550336
      vertex 50.83002061978883 -104.16889617158866 33.45996150550335
    endloop
  endfacet
  facet normal 0.4476721463011476 -0.05044053683505575 0.8927739924918935
    outer loop
      vertex 48.955424416052146 -103.875 34.41656283330379
      vertex 51.253382373287785 -104.81463028641697 33.21118808454441
      vertex 50.78298344519039 -104.58636264259871 33.45996150550336
    endloop
  endfacet
  facet normal 0.4476721463011191 -0.05044053683513895 0.8927739924919029
    outer loop
      vertex 48.955424416052146 -103.875 34.41656283330379
      vertex 50.83002061978883 -104.16889617158866 33.45996150550335
      vertex 51.02238671100923 -104.11291590488604 33.366664358713656
    endloop
  endfacet
  facet normal 0.45697391001361354 0.05148859389886502 0.8879886093104953
    outer loop
      vertex 48.88289276104154 -103.23126375707506 34.41656283330379
      vertex 51.02238671100923 -104.11291590488604 33.366664358713656
      vertex 50.98225718579405 -103.75675651780666 33.36666435871363
    endloop
  endfacet
  facet normal 0.45697391001361853 0.05148859389889263 0.8879886093104912
    outer loop
      vertex 48.88289276104154 -103.23126375707506 34.41656283330379
      vertex 50.98225718579405 -103.75675651780666 33.36666435871363
      vertex 51.253382373287785 -103.48166600987932 33.21118808454441
    endloop
  endfacet
  facet normal 0.4608083624894637 0.16124381988438835 0.8727291009293032
    outer loop
      vertex 48.88289276104154 -103.23126375707506 34.41656283330379
      vertex 51.253382373287785 -103.48166600987932 33.21118808454441
      vertex 51.031864419451885 -102.84860406901035 33.21118808454441
    endloop
  endfacet
  facet normal 0.45718308183658457 0.28726716987524836 0.8417013738816566
    outer loop
      vertex 48.668934836057765 -102.61980713737881 34.41656283330379
      vertex 51.031864419451885 -102.84860406901035 33.21118808454441
      vertex 50.6750308488735 -102.28070669469282 33.21118808454441
    endloop
  endfacet
  facet normal 0.44039977553190807 0.4403997755319079 0.7823656916192645
    outer loop
      vertex 48.7232199713375 -101.6841546884763 33.97407391799834
      vertex 50.6750308488735 -102.28070669469282 33.21118808454441
      vertex 50.20077478678865 -101.80645063260798 33.21118808454441
    endloop
  endfacet
  facet normal -0.4741490598876479 0.47414905988765343 -0.7418661186597715
    outer loop
      vertex 43.05644150994688 -101.47774834875861 25.96760687729815
      vertex 43.66524834875862 -100.86894150994688 25.96760687729815
      vertex 45.85137674933203 -101.03587303200972 24.46369515776462
    endloop
  endfacet
  facet normal -0.40191255142444665 0.6396401613481424 -0.6552303144681372
    outer loop
      vertex 43.66524834875862 -100.86894150994688 25.96760687729815
      vertex 44.39426339541474 -100.41087099603351 25.96760687729815
      vertex 45.85137674933203 -101.03587303200972 24.46369515776462
    endloop
  endfacet
  facet normal -0.37682874911568526 0.6855279970890045 -0.6229377649870377
    outer loop
      vertex 44.39426339541474 -100.41087099603351 25.96760687729815
      vertex 44.06487200275397 -99.72688272132667 26.919575583947857
      vertex 46.606150948339135 -100.56161696992487 24.46369515776462
    endloop
  endfacet
  facet normal -0.40191255142444626 0.6396401613481428 -0.6552303144681371
    outer loop
      vertex 44.39426339541474 -100.41087099603351 25.96760687729815
      vertex 46.606150948339135 -100.56161696992487 24.46369515776462
      vertex 45.85137674933203 -101.03587303200972 24.46369515776462
    endloop
  endfacet
  facet normal -0.37682874911568603 0.6855279970890037 -0.6229377649870382
    outer loop
      vertex 46.606150948339135 -100.56161696992487 24.46369515776462
      vertex 44.06487200275397 -99.72688272132667 26.919575583947857
      vertex 46.26512077935192 -99.85346052714623 25.449300902580326
    endloop
  endfacet
  facet normal -0.28625679824744255 0.818074928679186 -0.49880903813350047
    outer loop
      vertex 46.26512077935192 -99.85346052714623 25.449300902580326
      vertex 44.06487200275397 -99.72688272132667 26.919575583947857
      vertex 45.037999638339684 -99.3863706343732 26.919575583947857
    endloop
  endfacet
  facet normal -0.2862567982474348 0.8180749286791914 -0.49880903813349575
    outer loop
      vertex 46.26512077935192 -99.85346052714623 25.449300902580326
      vertex 45.037999638339684 -99.3863706343732 26.919575583947857
      vertex 47.27263308660796 -99.50091672319951 25.449300902580326
    endloop
  endfacet
  facet normal -0.2407142102055286 0.868403633847098 -0.43351101223185085
    outer loop
      vertex 47.27263308660796 -99.50091672319951 25.449300902580326
      vertex 45.037999638339684 -99.3863706343732 26.919575583947857
      vertex 47.15092082846984 -98.9676604780283 26.585095651215354
    endloop
  endfacet
  facet normal 0.2798211447968037 0.8571540350069012 0.4324200356088903
    outer loop
      vertex 47.881294900479496 -99.21174490441159 31.84528490913241
      vertex 47.79939062181044 -99.4217413942597 32.31454597689444
      vertex 49.3940335800587 -99.50091672319951 31.43958798630856
    endloop
  endfacet
  facet normal 0.27982114479680376 0.8571540350069013 0.4324200356088904
    outer loop
      vertex 47.881294900479496 -99.21174490441159 31.84528490913241
      vertex 49.3940335800587 -99.50091672319951 31.43958798630856
      vertex 49.515745838196814 -98.9676604780283 30.30379323767353
    endloop
  endfacet
  facet normal 0.29344443749443094 0.8386160215033668 0.45892649801623103
    outer loop
      vertex 50.40154588731474 -99.85346052714623 31.43958798630856
      vertex 47.79939062181044 -99.4217413942597 32.31454597689444
      vertex 48.06012799724603 -99.72688272132667 32.705424416052146
    endloop
  endfacet
  facet normal 0.29344443749442695 0.8386160215033776 0.4589264980162138
    outer loop
      vertex 49.3940335800587 -99.50091672319951 31.43958798630856
      vertex 47.79939062181044 -99.4217413942597 32.31454597689444
      vertex 50.40154588731474 -99.85346052714623 31.43958798630856
    endloop
  endfacet
  facet normal -0.24071421020552786 0.8684036338471047 -0.43351101223183774
    outer loop
      vertex 45.037999638339684 -99.3863706343732 26.919575583947857
      vertex 44.920441211379796 -98.87131351270085 28.01660760061878
      vertex 47.15092082846984 -98.9676604780283 26.585095651215354
    endloop
  endfacet
  facet normal -0.10883974563301634 0.9659794599262522 -0.23460092235779148
    outer loop
      vertex 44.920441211379796 -98.87131351270085 28.01660760061878
      vertex 46.0625 -98.74263439144825 28.01660760061878
      vertex 47.15092082846984 -98.9676604780283 26.585095651215354
    endloop
  endfacet
  facet normal -0.1088397456330102 0.9659794599262539 -0.23460092235778707
    outer loop
      vertex 47.15092082846984 -98.9676604780283 26.585095651215354
      vertex 46.0625 -98.74263439144825 28.01660760061878
      vertex 47.26282727401683 -98.79115854968545 27.259932590292205
    endloop
  endfacet
  facet normal -0.10035371300421128 0.9700063045944208 -0.22139760914098422
    outer loop
      vertex 47.26282727401683 -98.79115854968545 27.259932590292205
      vertex 46.0625 -98.74263439144825 28.01660760061878
      vertex 47.242021078354036 -98.68704090104659 27.725532715729216
    endloop
  endfacet
  facet normal -0.10035371300421102 0.9700063045944212 -0.22139760914098305
    outer loop
      vertex 47.242021078354036 -98.68704090104659 27.725532715729216
      vertex 46.0625 -98.74263439144825 28.01660760061878
      vertex 46.0625 -98.47168985870549 29.203693161188262
    endloop
  endfacet
  facet normal -0.10035371300420055 0.970006304594424 -0.22139760914097514
    outer loop
      vertex 47.242021078354036 -98.68704090104659 27.725532715729216
      vertex 46.0625 -98.47168985870549 29.203693161188262
      vertex 48.33333333333333 -98.55391644800842 27.8141259123073
    endloop
  endfacet
  facet normal 0.03618615912789962 0.999345066474824 0
    outer loop
      vertex 46.0625 -98.47168985870549 29.203693161188262
      vertex 46.0625 -98.47168985870549 30.421306838811738
      vertex 48.33333333333333 -98.55391644800842 27.8141259123073
    endloop
  endfacet
  facet normal 0.03618615912789962 0.999345066474824 0
    outer loop
      vertex 48.33333333333333 -98.55391644800842 27.8141259123073
      vertex 46.0625 -98.47168985870549 30.421306838811738
      vertex 48.33333333333333 -98.55391644800842 29.074762976581585
    endloop
  endfacet
  facet normal 0.16548889665462554 0.9608507577330508 0.2222144154816624
    outer loop
      vertex 49.10719725296242 -98.67646040526373 29.348906690337746
      vertex 47.26484961909648 -98.60716212507687 30.421306838811738
      vertex 49.089517908046446 -98.80146410736872 29.90258650856219
    endloop
  endfacet
  facet normal 0.16548889665462177 0.960850757733055 0.22221441548164766
    outer loop
      vertex 47.26484961909648 -98.60716212507687 30.421306838811738
      vertex 47.204558788620204 -98.87131351270085 31.60839239938122
      vertex 49.089517908046446 -98.80146410736872 29.90258650856219
    endloop
  endfacet
  facet normal 0.11105645453873011 0.9856532956111601 0.12709856315531706
    outer loop
      vertex 48.33333333333333 -98.55391644800842 29.074762976581585
      vertex 46.0625 -98.47168985870549 30.421306838811738
      vertex 49.10719725296242 -98.67646040526373 29.348906690337746
    endloop
  endfacet
  facet normal 0.1110564545387427 0.9856532956111538 0.12709856315535395
    outer loop
      vertex 49.10719725296242 -98.67646040526373 29.348906690337746
      vertex 46.0625 -98.47168985870549 30.421306838811738
      vertex 47.26484961909648 -98.60716212507687 30.421306838811738
    endloop
  endfacet
  facet normal 0.16548889665461144 0.9608507577330592 0.2222144154816364
    outer loop
      vertex 47.204558788620204 -98.87131351270085 31.60839239938122
      vertex 49.515745838196814 -98.9676604780283 30.30379323767353
      vertex 49.089517908046446 -98.80146410736872 29.90258650856219
    endloop
  endfacet
  facet normal 0.2798211447967864 0.857154035006915 0.4324200356088742
    outer loop
      vertex 47.881294900479496 -99.21174490441159 31.84528490913241
      vertex 49.515745838196814 -98.9676604780283 30.30379323767353
      vertex 47.204558788620204 -98.87131351270085 31.60839239938122
    endloop
  endfacet
  facet normal 0.3949941487621604 0.6286295865863148 0.6699287016630764
    outer loop
      vertex 47.79474423686878 -100.41501254439238 33.623540056936584
      vertex 50.815289917334624 -101.03587303200972 32.42519373112427
      vertex 50.06051571832752 -100.56161696992487 32.42519373112427
    endloop
  endfacet
  facet normal 0.3949941487621609 0.6286295865863112 0.6699287016630795
    outer loop
      vertex 48.45975165124138 -100.86894150994688 33.657393122701855
      vertex 50.815289917334624 -101.03587303200972 32.42519373112427
      vertex 47.79474423686878 -100.41501254439238 33.623540056936584
    endloop
  endfacet
  facet normal 0.37396240875283765 0.687021863909033 0.6230193218117186
    outer loop
      vertex 47.79474423686878 -100.41501254439238 33.623540056936584
      vertex 50.06051571832752 -100.56161696992487 32.42519373112427
      vertex 47.92069245134555 -100.16344337598609 33.27052786462635
    endloop
  endfacet
  facet normal 0.37396240875283837 0.6870218639090292 0.6230193218117223
    outer loop
      vertex 50.40154588731474 -99.85346052714623 31.43958798630856
      vertex 48.06012799724603 -99.72688272132667 32.705424416052146
      vertex 47.92069245134555 -100.16344337598609 33.27052786462635
    endloop
  endfacet
  facet normal 0.3739624087528385 0.6870218639090292 0.6230193218117224
    outer loop
      vertex 50.40154588731474 -99.85346052714623 31.43958798630856
      vertex 47.92069245134555 -100.16344337598609 33.27052786462635
      vertex 50.06051571832752 -100.56161696992487 32.42519373112427
    endloop
  endfacet
  facet normal 0.43963055049391775 0.4451313086102127 0.7801173611498301
    outer loop
      vertex 50.20077478678865 -101.80645063260798 33.21118808454441
      vertex 50.815289917334624 -101.03587303200972 32.42519373112427
      vertex 48.45975165124138 -100.86894150994688 33.657393122701855
    endloop
  endfacet
  facet normal -0.5972930543384978 -0.3753041005294553 -0.7087932275105095
    outer loop
      vertex 43.05644150994688 -106.27225165124139 25.96760687729815
      vertex 41.09247982571277 -105.83718848515133 27.39225322487075
      vertex 42.598370996033516 -105.54323660458526 25.96760687729815
    endloop
  endfacet
  facet normal -0.6054702761670512 -0.21186321278590567 -0.7671503918699571
    outer loop
      vertex 42.598370996033516 -105.54323660458526 25.96760687729815
      vertex 40.37438164526677 -104.34604224861555 27.39225322487075
      vertex 42.31400637532203 -104.73056920862582 25.96760687729815
    endloop
  endfacet
  facet normal -0.6045276249757608 -0.15302760285421602 -0.7817473398776986
    outer loop
      vertex 43.24210723895846 -104.51873624292494 25.208437166696203
      vertex 40.37438164526677 -104.34604224861555 27.39225322487075
      vertex 41.272059449516235 -104.14115314769073 26.657969026280874
    endloop
  endfacet
  facet normal -0.6045276249757601 -0.1530276028542318 -0.7817473398776962
    outer loop
      vertex 42.31400637532203 -104.73056920862582 25.96760687729815
      vertex 40.37438164526677 -104.34604224861555 27.39225322487075
      vertex 43.24210723895846 -104.51873624292494 25.208437166696203
    endloop
  endfacet
  facet normal -0.5996619185869124 -0.06756567131332336 -0.7973960518190714
    outer loop
      vertex 43.24210723895846 -104.51873624292494 25.208437166696203
      vertex 41.201905375363786 -103.51851851851853 26.657969026280874
      vertex 43.16957558394786 -103.875 25.208437166696203
    endloop
  endfacet
  facet normal -0.5840698897576233 0.06580887158612021 -0.8090312455641495
    outer loop
      vertex 43.16957558394786 -103.875 25.208437166696203
      vertex 41.201905375363786 -103.51851851851853 26.657969026280874
      vertex 43.24210723895846 -103.23126375707506 25.208437166696203
    endloop
  endfacet
  facet normal -0.5996619185869142 -0.0675656713133299 -0.7973960518190696
    outer loop
      vertex 43.24210723895846 -104.51873624292494 25.208437166696203
      vertex 41.272059449516235 -104.14115314769073 26.657969026280874
      vertex 41.201905375363786 -103.51851851851853 26.657969026280874
    endloop
  endfacet
  facet normal -0.5840698897576236 0.0658088715861266 -0.8090312455641487
    outer loop
      vertex 43.24210723895846 -103.23126375707506 25.208437166696203
      vertex 41.201905375363786 -103.51851851851853 26.657969026280874
      vertex 41.272059449516235 -102.89588388934634 26.657969026280874
    endloop
  endfacet
  facet normal -0.5593498712123913 0.1957249851085061 -0.8054932971657531
    outer loop
      vertex 43.24210723895846 -103.23126375707506 25.208437166696203
      vertex 41.47900385375767 -102.30447076037663 26.657969026280874
      vertex 43.456065163942235 -102.61980713737881 25.208437166696203
    endloop
  endfacet
  facet normal -0.5593498712123913 0.19572498510850647 -0.8054932971657531
    outer loop
      vertex 43.24210723895846 -103.23126375707506 25.208437166696203
      vertex 41.272059449516235 -102.89588388934634 26.657969026280874
      vertex 41.47900385375767 -102.30447076037663 26.657969026280874
    endloop
  endfacet
  facet normal -0.5236620311274024 0.3290386622549332 -0.785819085984177
    outer loop
      vertex 43.80072061513 -102.07129112904336 25.208437166696203
      vertex 41.47900385375767 -102.30447076037663 26.657969026280874
      vertex 41.81236153153485 -101.77393505542211 26.657969026280874
    endloop
  endfacet
  facet normal -0.5168526896409325 0.3507327113219205 -0.7809288459390574
    outer loop
      vertex 43.80072061513 -102.07129112904336 25.208437166696203
      vertex 41.81236153153485 -101.77393505542211 26.657969026280874
      vertex 41.09247982571277 -101.19984855188574 27.39225322487075
    endloop
  endfacet
  facet normal -0.5168526896409289 0.3507327113219286 -0.7809288459390562
    outer loop
      vertex 43.80072061513 -102.07129112904336 25.208437166696203
      vertex 41.09247982571277 -101.19984855188574 27.39225322487075
      vertex 43.05644150994688 -101.47774834875861 25.96760687729815
    endloop
  endfacet
  facet normal -0.5236620311274021 0.32903866225493517 -0.7858190859841764
    outer loop
      vertex 43.456065163942235 -102.61980713737881 25.208437166696203
      vertex 41.47900385375767 -102.30447076037663 26.657969026280874
      vertex 43.80072061513 -102.07129112904336 25.208437166696203
    endloop
  endfacet
  facet normal -0.48282442446467044 -0.7684106696166919 -0.4200304964637531
    outer loop
      vertex 43.835650019243204 -108.49910163199817 28.01660760061878
      vertex 40.9049173502213 -107.39962940312901 29.374087896383937
      vertex 42.86252238365749 -107.88764501230195 28.01660760061878
    endloop
  endfacet
  facet normal -0.48282442446467216 -0.7684106696166861 -0.4200304964637615
    outer loop
      vertex 43.835650019243204 -108.49910163199817 28.01660760061878
      vertex 41.8461459530526 -107.99104253209872 29.374087896383937
      vertex 40.9049173502213 -107.39962940312901 29.374087896383937
    endloop
  endfacet
  facet normal -0.38086601043706797 -0.8975140761993197 -0.22228262441727867
    outer loop
      vertex 43.835650019243204 -108.49910163199817 28.01660760061878
      vertex 43.718091592283315 -108.74321422092777 29.203693161188262
      vertex 41.8461459530526 -107.99104253209872 29.374087896383937
    endloop
  endfacet
  facet normal -0.38086601043706797 -0.8975140761993196 -0.2222826244172792
    outer loop
      vertex 43.718091592283315 -108.74321422092777 29.203693161188262
      vertex 41.7324410803183 -108.22715313322603 30.522260903456676
      vertex 41.8461459530526 -107.99104253209872 29.374087896383937
    endloop
  endfacet
  facet normal -0.25304816700414184 -0.9674536811526657 0
    outer loop
      vertex 44.86015038090353 -109.14283787492313 29.203693161188262
      vertex 44.86015038090353 -109.14283787492313 30.421306838811738
      vertex 42.8370632888092 -108.61367716127091 31.699961318765546
    endloop
  endfacet
  facet normal -0.3276080717819338 -0.9362500789450771 -0.12692021501187367
    outer loop
      vertex 44.86015038090353 -109.14283787492313 29.203693161188262
      vertex 41.7324410803183 -108.22715313322603 30.522260903456676
      vertex 43.718091592283315 -108.74321422092777 29.203693161188262
    endloop
  endfacet
  facet normal -0.32760807178192874 -0.9362500789450809 -0.126920215011859
    outer loop
      vertex 44.86015038090353 -109.14283787492313 29.203693161188262
      vertex 42.8370632888092 -108.61367716127091 30.522260903456676
      vertex 41.7324410803183 -108.22715313322603 30.522260903456676
    endloop
  endfacet
  facet normal -0.25304816700414184 -0.9674536811526658 -1.4534086946239763e-17
    outer loop
      vertex 44.86015038090353 -109.14283787492313 29.203693161188262
      vertex 42.8370632888092 -108.61367716127091 31.699961318765546
      vertex 42.8370632888092 -108.61367716127091 30.522260903456676
    endloop
  endfacet
  facet normal -0.11347905798542031 -0.9685823480929493 0.22129333103708865
    outer loop
      vertex 42.8370632888092 -108.61367716127091 31.699961318765546
      vertex 44.920441211379796 -108.87868648729915 31.60839239938122
      vertex 42.89537779150911 -108.35818463139366 32.84813432583829
    endloop
  endfacet
  facet normal -0.1134790579854201 -0.9685823480929486 0.22129333103709134
    outer loop
      vertex 44.86015038090353 -109.14283787492313 30.421306838811738
      vertex 44.920441211379796 -108.87868648729915 31.60839239938122
      vertex 42.8370632888092 -108.61367716127091 31.699961318765546
    endloop
  endfacet
  facet normal -0.10901181977527828 -0.967506660178722 0.22813874212657814
    outer loop
      vertex 44.920441211379796 -108.87868648729915 31.60839239938122
      vertex 46.0625 -109.00736560855175 31.60839239938122
      vertex 44 -108.48264566310328 32.84813432583829
    endloop
  endfacet
  facet normal -0.5634874491977232 -0.5634874491977289 -0.6041223296595485
    outer loop
      vertex 40.51839332217641 -106.29500719463813 28.313016486474897
      vertex 43.19191377631826 -107.47460127033786 26.919575583947857
      vertex 41.22351132388041 -107.00012519634213 28.313016486474897
    endloop
  endfacet
  facet normal -0.5634874491977232 -0.5634874491977288 -0.6041223296595488
    outer loop
      vertex 40.51839332217641 -106.29500719463813 28.313016486474897
      vertex 42.462898729662136 -106.74558622368174 26.919575583947857
      vertex 43.19191377631826 -107.47460127033786 26.919575583947857
    endloop
  endfacet
  facet normal -0.4885977869730377 -0.7579990033427447 -0.43209919404745006
    outer loop
      vertex 42.86252238365749 -107.88764501230195 28.01660760061878
      vertex 40.9049173502213 -107.39962940312901 29.374087896383937
      vertex 43.19191377631826 -107.47460127033786 26.919575583947857
    endloop
  endfacet
  facet normal -0.48859778697303313 -0.7579990033427502 -0.4320991940474456
    outer loop
      vertex 41.22351132388041 -107.00012519634213 28.313016486474897
      vertex 43.19191377631826 -107.47460127033786 26.919575583947857
      vertex 40.9049173502213 -107.39962940312901 29.374087896383937
    endloop
  endfacet
  facet normal -0.5701804355120711 -0.536415211134847 -0.6222161941177861
    outer loop
      vertex 40.51839332217641 -106.29500719463813 28.313016486474897
      vertex 41.09247982571277 -105.83718848515133 27.39225322487075
      vertex 42.462898729662136 -106.74558622368174 26.919575583947857
    endloop
  endfacet
  facet normal -0.570180435512071 -0.5364152111348466 -0.6222161941177866
    outer loop
      vertex 43.05644150994688 -106.27225165124139 25.96760687729815
      vertex 42.462898729662136 -106.74558622368174 26.919575583947857
      vertex 41.09247982571277 -105.83718848515133 27.39225322487075
    endloop
  endfacet
  facet normal -0.10901181977528054 -0.967506660178722 0.22813874212657648
    outer loop
      vertex 44.920441211379796 -108.87868648729915 31.60839239938122
      vertex 44 -108.48264566310328 32.84813432583829
      vertex 42.89537779150911 -108.35818463139366 32.84813432583829
    endloop
  endfacet
  facet normal 0.03157093441575134 -0.9005197473603781 0.43366745406373
    outer loop
      vertex 44 -108.48264566310328 32.84813432583829
      vertex 46.0625 -108.4790628333038 32.705424416052146
      vertex 44 -107.97166060334877 33.90920573574733
    endloop
  endfacet
  facet normal -0.5972930543384973 -0.37530410052945645 -0.7087932275105092
    outer loop
      vertex 42.598370996033516 -105.54323660458526 25.96760687729815
      vertex 41.09247982571277 -105.83718848515133 27.39225322487075
      vertex 40.64942482034404 -105.13207048344732 27.39225322487075
    endloop
  endfacet
  facet normal -0.6054702761670512 -0.21186321278590556 -0.7671503918699573
    outer loop
      vertex 42.598370996033516 -105.54323660458526 25.96760687729815
      vertex 40.64942482034404 -105.13207048344732 27.39225322487075
      vertex 40.37438164526677 -104.34604224861555 27.39225322487075
    endloop
  endfacet
  facet normal 0.03157093441575091 -0.900519747360381 0.43366745406372376
    outer loop
      vertex 44 -108.48264566310328 32.84813432583829
      vertex 46.0625 -109.00736560855175 31.60839239938122
      vertex 46.0625 -108.4790628333038 32.705424416052146
    endloop
  endfacet
  facet normal 0.0955551070043048 -0.8480750310502189 0.5211889899398935
    outer loop
      vertex 44 -107.97166060334877 33.90920573574733
      vertex 47.087000361660316 -108.3636293656268 32.705424416052146
      vertex 44.99091733575659 -107.86001103393109 33.90920573574733
    endloop
  endfacet
  facet normal 0.09555510700430499 -0.8480750310502185 0.521188989939894
    outer loop
      vertex 44 -107.97166060334877 33.90920573574733
      vertex 46.0625 -108.4790628333038 32.705424416052146
      vertex 47.087000361660316 -108.3636293656268 32.705424416052146
    endloop
  endfacet
  facet normal 0.17498785767489594 -0.7619974653723034 0.6234894645722058
    outer loop
      vertex 44.99091733575659 -107.86001103393109 33.90920573574733
      vertex 47.087000361660316 -108.3636293656268 32.705424416052146
      vertex 44.827523730097006 -107.14413687325175 34.82996899735147
    endloop
  endfacet
  facet normal 0.2365142548123104 -0.6759189068060124 0.6979932941602968
    outer loop
      vertex 44.827523730097006 -107.14413687325175 34.82996899735147
      vertex 47.73073660458527 -107.33912900396649 33.657393122701855
      vertex 45.61355196492879 -106.8690936981745 34.82996899735147
    endloop
  endfacet
  facet normal 0.17498785767490077 -0.7619974653722997 0.6234894645722087
    outer loop
      vertex 44.827523730097006 -107.14413687325175 34.82996899735147
      vertex 47.087000361660316 -108.3636293656268 32.705424416052146
      vertex 46.91806920862582 -107.62349362467796 33.657393122701855
    endloop
  endfacet
  facet normal 0.23651425481230742 -0.6759189068060197 0.6979932941602907
    outer loop
      vertex 44.827523730097006 -107.14413687325175 34.82996899735147
      vertex 46.91806920862582 -107.62349362467796 33.657393122701855
      vertex 47.73073660458527 -107.33912900396649 33.657393122701855
    endloop
  endfacet
  facet normal 0.31247247392605465 -0.5407814209079546 0.7809714513599745
    outer loop
      vertex 45.61355196492879 -106.8690936981745 34.82996899735147
      vertex 47.73073660458527 -107.33912900396649 33.657393122701855
      vertex 45.2140477581419 -106.03951466476087 35.56425319594135
    endloop
  endfacet
  facet normal 0.31247247392606103 -0.5407814209079465 0.7809714513599774
    outer loop
      vertex 47.317692862621186 -106.48143483605777 34.41656283330379
      vertex 45.2140477581419 -106.03951466476087 35.56425319594135
      vertex 47.73073660458527 -107.33912900396649 33.657393122701855
    endloop
  endfacet
  facet normal 0.3241953906804662 -0.5159540085728278 0.7928989908551847
    outer loop
      vertex 47.317692862621186 -106.48143483605777 34.41656283330379
      vertex 47.86620887095664 -106.13677938487001 34.41656283330379
      vertex 45.2140477581419 -106.03951466476087 35.56425319594135
    endloop
  endfacet
  facet normal 0.37944883659598505 -0.37944883659598505 0.8438229439947144
    outer loop
      vertex 47.86620887095664 -106.13677938487001 34.41656283330379
      vertex 48.32427938487001 -105.67870887095664 34.41656283330379
      vertex 45.74458346309642 -105.70615698698369 35.56425319594135
    endloop
  endfacet
  facet normal 0.32419539068046765 -0.5159540085728225 0.7928989908551876
    outer loop
      vertex 47.86620887095664 -106.13677938487001 34.41656283330379
      vertex 45.74458346309642 -105.70615698698369 35.56425319594135
      vertex 45.2140477581419 -106.03951466476087 35.56425319594135
    endloop
  endfacet
  facet normal 0.41667836288669813 -0.2618163681251444 0.8705350833158995
    outer loop
      vertex 48.32427938487001 -105.67870887095664 34.41656283330379
      vertex 48.668934836057765 -105.13019286262119 34.41656283330379
      vertex 46.52099614624233 -104.73256627666044 35.56425319594135
    endloop
  endfacet
  facet normal 0.4430880344944504 -0.15504320894042667 0.8829691937147638
    outer loop
      vertex 48.668934836057765 -105.13019286262119 34.41656283330379
      vertex 48.88289276104154 -104.51873624292494 34.41656283330379
      vertex 46.52099614624233 -104.73256627666044 35.56425319594135
    endloop
  endfacet
  facet normal 0.4623087349428408 -0.052089684307512235 0.8851877192913908
    outer loop
      vertex 48.88289276104154 -104.51873624292494 34.41656283330379
      vertex 48.955424416052146 -103.875 34.41656283330379
      vertex 46.798094624636214 -103.51851851851853 35.56425319594135
    endloop
  endfacet
  facet normal 0.4758843161810704 0.053619284956476394 0.877871909730361
    outer loop
      vertex 48.955424416052146 -103.875 34.41656283330379
      vertex 48.88289276104154 -103.23126375707506 34.41656283330379
      vertex 46.798094624636214 -103.51851851851853 35.56425319594135
    endloop
  endfacet
  facet normal 0.3794488365959842 -0.3794488365959903 0.8438229439947124
    outer loop
      vertex 45.74458346309642 -105.70615698698369 35.56425319594135
      vertex 48.32427938487001 -105.67870887095664 34.41656283330379
      vertex 46.18763846846516 -105.26310198161495 35.56425319594135
    endloop
  endfacet
  facet normal 0.416678362886699 -0.26181636812514303 0.8705350833158995
    outer loop
      vertex 48.32427938487001 -105.67870887095664 34.41656283330379
      vertex 46.52099614624233 -104.73256627666044 35.56425319594135
      vertex 46.18763846846516 -105.26310198161495 35.56425319594135
    endloop
  endfacet
  facet normal 0.4430880344944504 -0.15504320894042686 0.8829691937147637
    outer loop
      vertex 48.88289276104154 -104.51873624292494 34.41656283330379
      vertex 46.727940550483765 -104.14115314769073 35.56425319594135
      vertex 46.52099614624233 -104.73256627666044 35.56425319594135
    endloop
  endfacet
  facet normal 0.46230873494284075 -0.052089684307512166 0.8851877192913907
    outer loop
      vertex 48.88289276104154 -104.51873624292494 34.41656283330379
      vertex 46.798094624636214 -103.51851851851853 35.56425319594135
      vertex 46.727940550483765 -104.14115314769073 35.56425319594135
    endloop
  endfacet
  facet normal 0.47597128625340246 0.4029833921069861 0.7817005311167626
    outer loop
      vertex 48.98668180344949 -101.46721937552857 33.70181927965948
      vertex 46.90752017428723 -101.19984855188574 34.82996899735147
      vertex 46.18763846846516 -101.77393505542211 35.56425319594135
    endloop
  endfacet
  facet normal 0.4836819820434939 0.16924764553448662 0.858724038750232
    outer loop
      vertex 48.88289276104154 -103.23126375707506 34.41656283330379
      vertex 48.668934836057765 -102.61980713737881 34.41656283330379
      vertex 46.727940550483765 -102.89588388934634 35.56425319594135
    endloop
  endfacet
  facet normal 0.48330949724222555 0.3036834847187803 0.8210896851042068
    outer loop
      vertex 48.668934836057765 -102.61980713737881 34.41656283330379
      vertex 48.32427938487001 -102.07129112904336 34.41656283330379
      vertex 46.18763846846516 -101.77393505542211 35.56425319594135
    endloop
  endfacet
  facet normal 0.47597128625340507 0.40298339210697753 0.7817005311167653
    outer loop
      vertex 48.32427938487001 -102.07129112904336 34.41656283330379
      vertex 48.7232199713375 -101.6841546884763 33.97407391799834
      vertex 46.18763846846516 -101.77393505542211 35.56425319594135
    endloop
  endfacet
  facet normal 0.47597128625340446 0.4029833921069798 0.7817005311167645
    outer loop
      vertex 48.7232199713375 -101.6841546884763 33.97407391799834
      vertex 48.98668180344949 -101.46721937552857 33.70181927965948
      vertex 46.18763846846516 -101.77393505542211 35.56425319594135
    endloop
  endfacet
  facet normal 0.4836819820434939 0.16924764553448687 0.8587240387502322
    outer loop
      vertex 48.668934836057765 -102.61980713737881 34.41656283330379
      vertex 46.52099614624233 -102.30447076037663 35.56425319594135
      vertex 46.727940550483765 -102.89588388934634 35.56425319594135
    endloop
  endfacet
  facet normal 0.4833094972422252 0.30368348471877804 0.8210896851042079
    outer loop
      vertex 48.668934836057765 -102.61980713737881 34.41656283330379
      vertex 46.18763846846516 -101.77393505542211 35.56425319594135
      vertex 46.52099614624233 -102.30447076037663 35.56425319594135
    endloop
  endfacet
  facet normal 0.47588431618107035 0.05361928495647624 0.8778719097303611
    outer loop
      vertex 46.798094624636214 -103.51851851851853 35.56425319594135
      vertex 48.88289276104154 -103.23126375707506 34.41656283330379
      vertex 46.727940550483765 -102.89588388934634 35.56425319594135
    endloop
  endfacet
  facet normal -0.47265076449691273 0.47265076449691823 -0.7437758463683548
    outer loop
      vertex 43.05644150994688 -101.47774834875861 25.96760687729815
      vertex 41.09247982571277 -101.19984855188574 27.39225322487075
      vertex 43.66524834875862 -100.86894150994688 25.96760687729815
    endloop
  endfacet
  facet normal -0.39659860036466804 0.6311830566838909 -0.6665714508917754
    outer loop
      vertex 43.66524834875862 -100.86894150994688 25.96760687729815
      vertex 41.68133003336721 -100.6109983442313 27.39225322487075
      vertex 44.39426339541474 -100.41087099603351 25.96760687729815
    endloop
  endfacet
  facet normal -0.4726507644969128 0.4726507644969184 -0.7437758463683548
    outer loop
      vertex 43.66524834875862 -100.86894150994688 25.96760687729815
      vertex 41.09247982571277 -101.19984855188574 27.39225322487075
      vertex 41.68133003336721 -100.6109983442313 27.39225322487075
    endloop
  endfacet
  facet normal -0.3965986003646666 0.6311830566838955 -0.6665714508917718
    outer loop
      vertex 44.39426339541474 -100.41087099603351 25.96760687729815
      vertex 41.68133003336721 -100.6109983442313 27.39225322487075
      vertex 42.38644803507121 -100.16794333886257 27.39225322487075
    endloop
  endfacet
  facet normal -0.3582009627501281 0.6950729322001047 -0.6233503743542872
    outer loop
      vertex 44.39426339541474 -100.41087099603351 25.96760687729815
      vertex 42.0678540614121 -99.50637613574042 28.313016486474897
      vertex 44.06487200275397 -99.72688272132667 26.919575583947857
    endloop
  endfacet
  facet normal -0.35820096275012364 0.6950729322001094 -0.6233503743542845
    outer loop
      vertex 44.39426339541474 -100.41087099603351 25.96760687729815
      vertex 42.38644803507121 -100.16794333886257 27.39225322487075
      vertex 42.0678540614121 -99.50637613574042 28.313016486474897
    endloop
  endfacet
  facet normal -0.2803646089774193 0.801236019188303 -0.5285986450873859
    outer loop
      vertex 42.0678540614121 -99.50637613574042 28.313016486474897
      vertex 43.00908266424341 -99.17702600310598 28.313016486474897
      vertex 45.037999638339684 -99.3863706343732 26.919575583947857
    endloop
  endfacet
  facet normal -0.2803646089774193 0.8012360191883031 -0.5285986450873857
    outer loop
      vertex 42.0678540614121 -99.50637613574042 28.313016486474897
      vertex 45.037999638339684 -99.3863706343732 26.919575583947857
      vertex 44.06487200275397 -99.72688272132667 26.919575583947857
    endloop
  endfacet
  facet normal -0.2075159043898511 0.8767507384747666 -0.4338724374850443
    outer loop
      vertex 45.037999638339684 -99.3863706343732 26.919575583947857
      vertex 43.00908266424341 -99.17702600310598 28.313016486474897
      vertex 42.89537779150911 -98.67885240564341 29.374087896383937
    endloop
  endfacet
  facet normal -0.2075159043898471 0.8767507384747689 -0.43387243748504145
    outer loop
      vertex 45.037999638339684 -99.3863706343732 26.919575583947857
      vertex 42.89537779150911 -98.67885240564341 29.374087896383937
      vertex 44.920441211379796 -98.87131351270085 28.01660760061878
    endloop
  endfacet
  facet normal -0.1070066495708607 0.9497102823954211 -0.294278705413811
    outer loop
      vertex 44.920441211379796 -98.87131351270085 28.01660760061878
      vertex 42.89537779150911 -98.67885240564341 29.374087896383937
      vertex 46.0625 -98.74263439144825 28.01660760061878
    endloop
  endfacet
  facet normal -0.10700664957086273 0.9497102823954194 -0.2942787054138157
    outer loop
      vertex 42.89537779150911 -98.67885240564341 29.374087896383937
      vertex 44 -98.55439137393378 29.374087896383937
      vertex 46.0625 -98.74263439144825 28.01660760061878
    endloop
  endfacet
  facet normal -0.057381376624984666 0.9733215540760063 -0.2221542932011209
    outer loop
      vertex 44 -98.55439137393378 29.374087896383937
      vertex 44 -98.29232837759852 30.522260903456676
      vertex 46.0625 -98.47168985870549 29.203693161188262
    endloop
  endfacet
  facet normal 0.11186952552717573 0.9928695002221117 0.04117480767433821
    outer loop
      vertex 44 -98.29232837759852 31.699961318765546
      vertex 45.1629367111908 -98.42335987576615 31.699961318765546
      vertex 46.0625 -98.47168985870549 30.421306838811738
    endloop
  endfacet
  facet normal 0.08663616258648946 0.9962400189373479 0
    outer loop
      vertex 44 -98.29232837759852 30.522260903456676
      vertex 44 -98.29232837759852 31.699961318765546
      vertex 46.0625 -98.47168985870549 30.421306838811738
    endloop
  endfacet
  facet normal -0.05738137662498532 0.9733215540760043 -0.22215429320112973
    outer loop
      vertex 44 -98.55439137393378 29.374087896383937
      vertex 46.0625 -98.47168985870549 29.203693161188262
      vertex 46.0625 -98.74263439144825 28.01660760061878
    endloop
  endfacet
  facet normal 0.08663616258648946 0.9962400189373479 0
    outer loop
      vertex 44 -98.29232837759852 30.522260903456676
      vertex 46.0625 -98.47168985870549 30.421306838811738
      vertex 46.0625 -98.47168985870549 29.203693161188262
    endloop
  endfacet
  facet normal 0.11186952552717998 0.9928695002221111 0.041174807674341216
    outer loop
      vertex 46.0625 -98.47168985870549 30.421306838811738
      vertex 45.1629367111908 -98.42335987576615 31.699961318765546
      vertex 47.26484961909648 -98.60716212507687 30.421306838811738
    endloop
  endfacet
  facet normal 0.21845086828507454 0.9501388165747702 0.22252066731742523
    outer loop
      vertex 47.26484961909648 -98.60716212507687 30.421306838811738
      vertex 45.1629367111908 -98.42335987576615 31.699961318765546
      vertex 45.10462220849089 -98.67885240564341 32.84813432583829
    endloop
  endfacet
  facet normal 0.21845086828507831 0.9501388165747685 0.2225206673174286
    outer loop
      vertex 47.26484961909648 -98.60716212507687 30.421306838811738
      vertex 45.10462220849089 -98.67885240564341 32.84813432583829
      vertex 47.204558788620204 -98.87131351270085 31.60839239938122
    endloop
  endfacet
  facet normal 0.3052783630302927 0.8724354376640288 0.3816562958651666
    outer loop
      vertex 47.881294900479496 -99.21174490441159 31.84528490913241
      vertex 47.204558788620204 -98.87131351270085 31.60839239938122
      vertex 46.153854046947394 -99.04599450493835 32.84813432583829
    endloop
  endfacet
  facet normal 0.46731085431893854 0.46731085431894415 0.7504939246065904
    outer loop
      vertex 46.90752017428723 -101.19984855188574 34.82996899735147
      vertex 48.45975165124138 -100.86894150994688 33.657393122701855
      vertex 46.31866996663279 -100.6109983442313 34.82996899735147
    endloop
  endfacet
  facet normal 0.41994676694519273 0.6615570263960977 0.6212785315446149
    outer loop
      vertex 46.31866996663279 -100.6109983442313 34.82996899735147
      vertex 47.79474423686878 -100.41501254439238 33.623540056936584
      vertex 46.77648867611959 -100.03691184069494 33.90920573574733
    endloop
  endfacet
  facet normal 0.4184110277665616 0.6658973360297286 0.617667345512
    outer loop
      vertex 45.9321459385879 -99.50637613574042 33.90920573574733
      vertex 46.77648867611959 -100.03691184069494 33.90920573574733
      vertex 48.06012799724603 -99.72688272132667 32.705424416052146
    endloop
  endfacet
  facet normal 0.3317783445262877 0.8381269345803 0.4329738694591461
    outer loop
      vertex 47.881294900479496 -99.21174490441159 31.84528490913241
      vertex 46.153854046947394 -99.04599450493835 32.84813432583829
      vertex 47.79939062181044 -99.4217413942597 32.31454597689444
    endloop
  endfacet
  facet normal 0.33177834452628735 0.8381269345803006 0.4329738694591447
    outer loop
      vertex 47.79939062181044 -99.4217413942597 32.31454597689444
      vertex 46.153854046947394 -99.04599450493835 32.84813432583829
      vertex 48.06012799724603 -99.72688272132667 32.705424416052146
    endloop
  endfacet
  facet normal 0.33177834452628713 0.8381269345802995 0.4329738694591472
    outer loop
      vertex 45.9321459385879 -99.50637613574042 33.90920573574733
      vertex 48.06012799724603 -99.72688272132667 32.705424416052146
      vertex 46.153854046947394 -99.04599450493835 32.84813432583829
    endloop
  endfacet
  facet normal 0.46731085431893715 0.4673108543189469 0.7504939246065894
    outer loop
      vertex 48.98668180344949 -101.46721937552857 33.70181927965948
      vertex 48.45975165124138 -100.86894150994688 33.657393122701855
      vertex 46.90752017428723 -101.19984855188574 34.82996899735147
    endloop
  endfacet
  facet normal 0.41994676694519373 0.661557026396096 0.6212785315446159
    outer loop
      vertex 46.31866996663279 -100.6109983442313 34.82996899735147
      vertex 48.45975165124138 -100.86894150994688 33.657393122701855
      vertex 47.79474423686878 -100.41501254439238 33.623540056936584
    endloop
  endfacet
  facet normal 0.41994676694519273 0.6615570263960985 0.621278531544614
    outer loop
      vertex 46.77648867611959 -100.03691184069494 33.90920573574733
      vertex 47.79474423686878 -100.41501254439238 33.623540056936584
      vertex 47.92069245134555 -100.16344337598609 33.27052786462635
    endloop
  endfacet
  facet normal 0.41841102776656464 0.6658973360297246 0.6176673455120022
    outer loop
      vertex 46.77648867611959 -100.03691184069494 33.90920573574733
      vertex 47.92069245134555 -100.16344337598609 33.27052786462635
      vertex 48.06012799724603 -99.72688272132667 32.705424416052146
    endloop
  endfacet
  facet normal 0.3052783630302947 0.8724354376640273 0.3816562958651681
    outer loop
      vertex 47.204558788620204 -98.87131351270085 31.60839239938122
      vertex 45.10462220849089 -98.67885240564341 32.84813432583829
      vertex 46.153854046947394 -99.04599450493835 32.84813432583829
    endloop
  endfacet
  facet normal -0.5713050769913521 -0.5713050769913577 -0.5892546291780862
    outer loop
      vertex 40.51839332217641 -106.29500719463813 28.313016486474897
      vertex 39.57377765190906 -106.5718156677887 29.4972342757654
      vertex 38.97718776906532 -105.9089997932209 29.43302562397506
    endloop
  endfacet
  facet normal -0.571305076991352 -0.5713050769913578 -0.5892546291780861
    outer loop
      vertex 40.51839332217641 -106.29500719463813 28.313016486474897
      vertex 41.22351132388041 -107.00012519634213 28.313016486474897
      vertex 39.57377765190906 -106.5718156677887 29.4972342757654
    endloop
  endfacet
  facet normal -0.5832423380190741 -0.5213837859141385 -0.6228862841064041
    outer loop
      vertex 39.08174857313236 -105.82267594258141 29.262862712068316
      vertex 39.44649485417316 -105.44214959314165 28.60281327296595
      vertex 41.09247982571277 -105.83718848515133 27.39225322487075
    endloop
  endfacet
  facet normal -0.5832423380190728 -0.5213837859141417 -0.6228862841064026
    outer loop
      vertex 39.08174857313236 -105.82267594258141 29.262862712068316
      vertex 41.09247982571277 -105.83718848515133 27.39225322487075
      vertex 40.51839332217641 -106.29500719463813 28.313016486474897
    endloop
  endfacet
  facet normal -0.5832423380190743 -0.5213837859141309 -0.6228862841064103
    outer loop
      vertex 39.08174857313236 -105.82267594258141 29.262862712068316
      vertex 40.51839332217641 -106.29500719463813 28.313016486474897
      vertex 38.97718776906532 -105.9089997932209 29.43302562397506
    endloop
  endfacet
  facet normal -0.4880891062065873 -0.7767893626107572 -0.39795390504080813
    outer loop
      vertex 40.17859923051075 -107.53438369596422 30.527949329317007
      vertex 39.63561899003021 -107.05941634292094 30.266796351921876
      vertex 40.9049173502213 -107.39962940312901 29.374087896383937
    endloop
  endfacet
  facet normal -0.5046096467898329 -0.7470406695530811 -0.432780940430981
    outer loop
      vertex 39.71864855020334 -106.93749407358438 29.959531409481777
      vertex 40.9049173502213 -107.39962940312901 29.374087896383937
      vertex 39.63561899003021 -107.05941634292094 30.266796351921876
    endloop
  endfacet
  facet normal -0.5046096467898282 -0.7470406695530968 -0.43278094043095944
    outer loop
      vertex 39.71864855020334 -106.93749407358438 29.959531409481777
      vertex 39.57377765190906 -106.5718156677887 29.4972342757654
      vertex 40.9049173502213 -107.39962940312901 29.374087896383937
    endloop
  endfacet
  facet normal -0.3976825601497953 -0.8901525839074771 -0.2224341671496225
    outer loop
      vertex 40.06814735809675 -107.76373937232336 31.643274076944444
      vertex 41.8461459530526 -107.99104253209872 29.374087896383937
      vertex 41.7324410803183 -108.22715313322603 30.522260903456676
    endloop
  endfacet
  facet normal -0.3286349673105621 -0.9391847777591907 -0.09965446044309922
    outer loop
      vertex 40.06814735809675 -107.76373937232336 31.643274076944444
      vertex 41.7324410803183 -108.22715313322603 30.522260903456676
      vertex 42.8370632888092 -108.61367716127091 30.522260903456676
    endloop
  endfacet
  facet normal -0.3286349673105648 -0.9391847777591887 -0.09965446044310765
    outer loop
      vertex 40.06814735809675 -107.76373937232336 31.643274076944444
      vertex 42.8370632888092 -108.61367716127091 30.522260903456676
      vertex 41.14116725868628 -108.13920527456591 31.643274076944444
    endloop
  endfacet
  facet normal -0.26943034877201744 -0.9630198789020863 0
    outer loop
      vertex 42.8370632888092 -108.61367716127091 30.522260903456676
      vertex 42.8370632888092 -108.61367716127091 31.699961318765546
      vertex 41.14116725868628 -108.13920527456591 32.78728147861111
    endloop
  endfacet
  facet normal -0.2694303487720175 -0.9630198789020864 0
    outer loop
      vertex 41.14116725868628 -108.13920527456591 31.643274076944444
      vertex 42.8370632888092 -108.61367716127091 30.522260903456676
      vertex 41.14116725868628 -108.13920527456591 32.78728147861111
    endloop
  endfacet
  facet normal -0.5046096467898271 -0.7470406695530938 -0.4327809404309661
    outer loop
      vertex 39.57377765190906 -106.5718156677887 29.4972342757654
      vertex 41.22351132388041 -107.00012519634213 28.313016486474897
      vertex 40.9049173502213 -107.39962940312901 29.374087896383937
    endloop
  endfacet
  facet normal -0.4880891062065912 -0.7767893626107536 -0.39795390504081013
    outer loop
      vertex 40.17859923051075 -107.53438369596422 30.527949329317007
      vertex 40.9049173502213 -107.39962940312901 29.374087896383937
      vertex 41.8461459530526 -107.99104253209872 29.374087896383937
    endloop
  endfacet
  facet normal -0.3976825601497904 -0.8901525839074804 -0.2224341671496183
    outer loop
      vertex 40.17859923051075 -107.53438369596422 30.527949329317007
      vertex 41.8461459530526 -107.99104253209872 29.374087896383937
      vertex 40.06814735809675 -107.76373937232336 31.643274076944444
    endloop
  endfacet
  facet normal -0.12835533390400958 -0.9666488935460585 0.2216186473755559
    outer loop
      vertex 41.14116725868628 -108.13920527456591 32.78728147861111
      vertex 42.89537779150911 -108.35818463139366 32.84813432583829
      vertex 41.668534860182795 -108.12528860400215 33.15341934536309
    endloop
  endfacet
  facet normal -0.1283553339040098 -0.9666488935460502 0.22161864737559206
    outer loop
      vertex 42.8370632888092 -108.61367716127091 31.699961318765546
      vertex 42.89537779150911 -108.35818463139366 32.84813432583829
      vertex 41.14116725868628 -108.13920527456591 32.78728147861111
    endloop
  endfacet
  facet normal -0.12835533390399995 -0.9666488935460521 0.22161864737558962
    outer loop
      vertex 41.668534860182795 -108.12528860400215 33.15341934536309
      vertex 42.89537779150911 -108.35818463139366 32.84813432583829
      vertex 41.68089978617236 -108.02396547128933 33.60252865773461
    endloop
  endfacet
  facet normal -0.1083618539638099 -0.9617380540517164 0.2516299346149887
    outer loop
      vertex 41.68089978617236 -108.02396547128933 33.60252865773461
      vertex 44 -108.48264566310328 32.84813432583829
      vertex 42.27083333333333 -108.01192247683001 33.902606226238554
    endloop
  endfacet
  facet normal -0.10836185396382612 -0.9617380540517262 0.2516299346149448
    outer loop
      vertex 41.68089978617236 -108.02396547128933 33.60252865773461
      vertex 42.89537779150911 -108.35818463139366 32.84813432583829
      vertex 44 -108.48264566310328 32.84813432583829
    endloop
  endfacet
  facet normal 0.01931857703618145 -0.9008007280804392 0.4338027672468764
    outer loop
      vertex 42.27083333333333 -108.01192247683001 33.902606226238554
      vertex 44 -108.48264566310328 32.84813432583829
      vertex 42.27083333333333 -107.51555626781672 34.93332127979016
    endloop
  endfacet
  facet normal 0.019318577036192584 -0.9008007280804354 0.4338027672468839
    outer loop
      vertex 44 -108.48264566310328 32.84813432583829
      vertex 44 -107.97166060334877 33.90920573574733
      vertex 42.27083333333333 -107.51555626781672 34.93332127979016
    endloop
  endfacet
  facet normal 0.094663392040774 -0.840160841855179 0.5340117995143286
    outer loop
      vertex 44 -107.97166060334877 33.90920573574733
      vertex 44.99091733575659 -107.86001103393109 33.90920573574733
      vertex 42.27083333333333 -107.51555626781672 34.93332127979016
    endloop
  endfacet
  facet normal 0.09466339204078181 -0.8401608418551675 0.5340117995143455
    outer loop
      vertex 44.99091733575659 -107.86001103393109 33.90920573574733
      vertex 43.233401361508854 -107.40710089822832 34.93332127979016
      vertex 42.27083333333333 -107.51555626781672 34.93332127979016
    endloop
  endfacet
  facet normal 0.16643771983475478 -0.7639254862030357 0.623471199772422
    outer loop
      vertex 44.99091733575659 -107.86001103393109 33.90920573574733
      vertex 43.07468230882809 -106.71170729232195 35.82774228258961
      vertex 43.233401361508854 -107.40710089822832 34.93332127979016
    endloop
  endfacet
  facet normal 0.16643771983476277 -0.76392548620303 0.6234711997724266
    outer loop
      vertex 44.99091733575659 -107.86001103393109 33.90920573574733
      vertex 44.827523730097006 -107.14413687325175 34.82996899735147
      vertex 43.07468230882809 -106.71170729232195 35.82774228258961
    endloop
  endfacet
  facet normal 0.2347961903930237 -0.6710089607859382 0.7032906394385597
    outer loop
      vertex 44.827523730097006 -107.14413687325175 34.82996899735147
      vertex 45.61355196492879 -106.8690936981745 34.82996899735147
      vertex 43.07468230882809 -106.71170729232195 35.82774228258961
    endloop
  endfacet
  facet normal 0.23479619039302474 -0.6710089607859355 0.703290639438562
    outer loop
      vertex 43.07468230882809 -106.71170729232195 35.82774228258961
      vertex 45.61355196492879 -106.8690936981745 34.82996899735147
      vertex 43.83822294011054 -106.4445328700528 35.82774228258961
    endloop
  endfacet
  facet normal 0.30927385925258527 -0.5424342122139167 0.7810984607607928
    outer loop
      vertex 43.83822294011054 -106.4445328700528 35.82774228258961
      vertex 45.61355196492879 -106.8690936981745 34.82996899735147
      vertex 45.2140477581419 -106.03951466476087 35.56425319594135
    endloop
  endfacet
  facet normal 0.30927385925258466 -0.5424342122139132 0.7810984607607953
    outer loop
      vertex 43.83822294011054 -106.4445328700528 35.82774228258961
      vertex 45.2140477581419 -106.03951466476087 35.56425319594135
      vertex 43.45014821107064 -105.63868739173243 36.54101923077968
    endloop
  endfacet
  facet normal 0.32309804330353264 -0.5142075902269659 0.7944798352169834
    outer loop
      vertex 43.96550573784644 -105.31486679540575 36.54101923077968
      vertex 45.2140477581419 -106.03951466476087 35.56425319594135
      vertex 45.74458346309642 -105.70615698698369 35.56425319594135
    endloop
  endfacet
  facet normal -0.605447641273219 -0.3804279671013094 -0.69907633025576
    outer loop
      vertex 41.09247982571277 -105.83718848515133 27.39225322487075
      vertex 39.01611527809534 -104.75720442159202 28.60281327296595
      vertex 40.64942482034404 -105.13207048344732 27.39225322487075
    endloop
  endfacet
  facet normal -0.6054476412732192 -0.38042796710131 -0.6990763302557597
    outer loop
      vertex 41.09247982571277 -105.83718848515133 27.39225322487075
      vertex 39.44649485417316 -105.44214959314165 28.60281327296595
      vertex 39.01611527809534 -104.75720442159202 28.60281327296595
    endloop
  endfacet
  facet normal -0.6128882840294944 -0.21445888600071206 -0.7605099194058651
    outer loop
      vertex 39.01611527809534 -104.75720442159202 28.60281327296595
      vertex 38.748940855826184 -103.99366379030957 28.60281327296595
      vertex 40.64942482034404 -105.13207048344732 27.39225322487075
    endloop
  endfacet
  facet normal -0.6128882840294944 -0.21445888600071208 -0.7605099194058651
    outer loop
      vertex 40.37438164526677 -104.34604224861555 27.39225322487075
      vertex 40.64942482034404 -105.13207048344732 27.39225322487075
      vertex 38.748940855826184 -103.99366379030957 28.60281327296595
    endloop
  endfacet
  facet normal -0.6101301729411479 -0.1286324361213823 -0.7817895295054056
    outer loop
      vertex 40.37438164526677 -104.34604224861555 27.39225322487075
      vertex 38.748940855826184 -103.99366379030957 28.60281327296595
      vertex 41.272059449516235 -104.14115314769073 26.657969026280874
    endloop
  endfacet
  facet normal -0.6101301729411476 -0.1286324361213904 -0.7817895295054045
    outer loop
      vertex 39.62093685669703 -103.7946363934165 27.88953632477587
      vertex 41.272059449516235 -104.14115314769073 26.657969026280874
      vertex 38.748940855826184 -103.99366379030957 28.60281327296595
    endloop
  endfacet
  facet normal -0.6056617704881866 -0.06824169226601 -0.7927905720969356
    outer loop
      vertex 39.62093685669703 -103.7946363934165 27.88953632477587
      vertex 39.55278983132095 -103.18981481481481 27.88953632477587
      vertex 41.272059449516235 -104.14115314769073 26.657969026280874
    endloop
  endfacet
  facet normal -0.5885247005235729 0.0663108082118231 -0.8057552690413718
    outer loop
      vertex 39.55278983132095 -103.18981481481481 27.88953632477587
      vertex 39.62093685669703 -102.58499323621312 27.88953632477587
      vertex 41.201905375363786 -103.51851851851853 26.657969026280874
    endloop
  endfacet
  facet normal -0.5621458234753443 0.19670333111910343 -0.8033055910896398
    outer loop
      vertex 39.62093685669703 -102.58499323621312 27.88953632477587
      vertex 39.821960756415706 -102.0104999370775 27.88953632477587
      vertex 41.272059449516235 -102.89588388934634 26.657969026280874
    endloop
  endfacet
  facet normal -0.6056617704881873 -0.06824169226601169 -0.7927905720969352
    outer loop
      vertex 39.55278983132095 -103.18981481481481 27.88953632477587
      vertex 41.201905375363786 -103.51851851851853 26.657969026280874
      vertex 41.272059449516235 -104.14115314769073 26.657969026280874
    endloop
  endfacet
  facet normal -0.5885247005235722 0.06631080821182458 -0.8057552690413723
    outer loop
      vertex 39.62093685669703 -102.58499323621312 27.88953632477587
      vertex 41.272059449516235 -102.89588388934634 26.657969026280874
      vertex 41.201905375363786 -103.51851851851853 26.657969026280874
    endloop
  endfacet
  facet normal -0.5621458234753427 0.1967033311191062 -0.8033055910896402
    outer loop
      vertex 39.821960756415706 -102.0104999370775 27.88953632477587
      vertex 41.47900385375767 -102.30447076037663 26.657969026280874
      vertex 41.272059449516235 -102.89588388934634 26.657969026280874
    endloop
  endfacet
  facet normal -0.5247765739105371 0.32973897590112033 -0.7847813423154241
    outer loop
      vertex 39.821960756415706 -102.0104999370775 27.88953632477587
      vertex 41.81236153153485 -101.77393505542211 26.657969026280874
      vertex 41.47900385375767 -102.30447076037663 26.657969026280874
    endloop
  endfacet
  facet normal -0.524776573910537 0.32973897590112183 -0.7847813423154236
    outer loop
      vertex 39.821960756415706 -102.0104999370775 27.88953632477587
      vertex 40.1457813527424 -101.4951424103017 27.88953632477587
      vertex 41.81236153153485 -101.77393505542211 26.657969026280874
    endloop
  endfacet
  facet normal -0.5187514149576686 0.3481943666976631 -0.7808057712897811
    outer loop
      vertex 40.1457813527424 -101.4951424103017 27.88953632477587
      vertex 41.09247982571277 -101.19984855188574 27.39225322487075
      vertex 41.81236153153485 -101.77393505542211 26.657969026280874
    endloop
  endfacet
  facet normal 0.3230980433035257 -0.5142075902269745 0.7944798352169807
    outer loop
      vertex 43.45014821107064 -105.63868739173243 36.54101923077968
      vertex 45.2140477581419 -106.03951466476087 35.56425319594135
      vertex 43.96550573784644 -105.31486679540575 36.54101923077968
    endloop
  endfacet
  facet normal 0.37966988233923316 -0.37966988233922694 0.8436240637209387
    outer loop
      vertex 43.96550573784644 -105.31486679540575 36.54101923077968
      vertex 46.18763846846516 -105.26310198161495 35.56425319594135
      vertex 44.39588531392426 -104.88448721932792 36.54101923077968
    endloop
  endfacet
  facet normal 0.49183362584897217 0.3090395497128711 0.8139989196537789
    outer loop
      vertex 44.71970591025095 -102.0104999370775 36.54101923077968
      vertex 46.18763846846516 -101.77393505542211 35.56425319594135
      vertex 44.39588531392426 -101.4951424103017 36.54101923077968
    endloop
  endfacet
  facet normal 0.3796698823392316 -0.37966988233923765 0.8436240637209346
    outer loop
      vertex 43.96550573784644 -105.31486679540575 36.54101923077968
      vertex 45.74458346309642 -105.70615698698369 35.56425319594135
      vertex 46.18763846846516 -105.26310198161495 35.56425319594135
    endloop
  endfacet
  facet normal 0.41839132345749996 -0.2628926925886563 0.8693883669793193
    outer loop
      vertex 44.39588531392426 -104.88448721932792 36.54101923077968
      vertex 46.52099614624233 -104.73256627666044 35.56425319594135
      vertex 44.71970591025095 -104.36912969255212 36.54101923077968
    endloop
  endfacet
  facet normal 0.4183913234575004 -0.2628926925886495 0.8693883669793213
    outer loop
      vertex 44.39588531392426 -104.88448721932792 36.54101923077968
      vertex 46.18763846846516 -105.26310198161495 35.56425319594135
      vertex 46.52099614624233 -104.73256627666044 35.56425319594135
    endloop
  endfacet
  facet normal 0.4463025261225759 -0.1561680082090511 0.8811501622247057
    outer loop
      vertex 44.71970591025095 -104.36912969255212 36.54101923077968
      vertex 46.52099614624233 -104.73256627666044 35.56425319594135
      vertex 44.92072980996963 -103.7946363934165 36.54101923077968
    endloop
  endfacet
  facet normal 0.4463025261225747 -0.15616800820905338 0.8811501622247059
    outer loop
      vertex 44.92072980996963 -103.7946363934165 36.54101923077968
      vertex 46.52099614624233 -104.73256627666044 35.56425319594135
      vertex 46.727940550483765 -104.14115314769073 35.56425319594135
    endloop
  endfacet
  facet normal 0.4669921772224005 -0.05261738151800252 0.8826945777420813
    outer loop
      vertex 44.92072980996963 -103.7946363934165 36.54101923077968
      vertex 46.727940550483765 -104.14115314769073 35.56425319594135
      vertex 46.798094624636214 -103.51851851851853 35.56425319594135
    endloop
  endfacet
  facet normal 0.46699217722240033 -0.0526173815180013 0.8826945777420814
    outer loop
      vertex 44.92072980996963 -103.7946363934165 36.54101923077968
      vertex 46.798094624636214 -103.51851851851853 35.56425319594135
      vertex 44.98887683534571 -103.18981481481481 36.54101923077968
    endloop
  endfacet
  facet normal 0.481990107161895 0.054307242376700045 0.8744920011203667
    outer loop
      vertex 44.98887683534571 -103.18981481481481 36.54101923077968
      vertex 46.798094624636214 -103.51851851851853 35.56425319594135
      vertex 44.92072980996963 -102.58499323621312 36.54101923077968
    endloop
  endfacet
  facet normal 0.4819901071618954 0.054307242376701474 0.8744920011203664
    outer loop
      vertex 44.92072980996963 -102.58499323621312 36.54101923077968
      vertex 46.798094624636214 -103.51851851851853 35.56425319594135
      vertex 46.727940550483765 -102.89588388934634 35.56425319594135
    endloop
  endfacet
  facet normal 0.49112017744125264 0.17185038267341743 0.8539721408131956
    outer loop
      vertex 44.92072980996963 -102.58499323621312 36.54101923077968
      vertex 46.727940550483765 -102.89588388934634 35.56425319594135
      vertex 46.52099614624233 -102.30447076037663 35.56425319594135
    endloop
  endfacet
  facet normal 0.4911201774412533 0.1718503826734146 0.853972140813196
    outer loop
      vertex 44.92072980996963 -102.58499323621312 36.54101923077968
      vertex 46.52099614624233 -102.30447076037663 35.56425319594135
      vertex 44.71970591025095 -102.0104999370775 36.54101923077968
    endloop
  endfacet
  facet normal 0.49183362584897417 0.30903954971286407 0.8139989196537804
    outer loop
      vertex 44.71970591025095 -102.0104999370775 36.54101923077968
      vertex 46.52099614624233 -102.30447076037663 35.56425319594135
      vertex 46.18763846846516 -101.77393505542211 35.56425319594135
    endloop
  endfacet
  facet normal 0.48682348529671027 0.3895421308120846 0.7818310702996809
    outer loop
      vertex 44.39588531392426 -101.4951424103017 36.54101923077968
      vertex 46.18763846846516 -101.77393505542211 35.56425319594135
      vertex 45.0951718124935 -100.93748003648797 35.82774228258961
    endloop
  endfacet
  facet normal -0.5187514149576689 0.3481943666976672 -0.7808057712897792
    outer loop
      vertex 40.1457813527424 -101.4951424103017 27.88953632477587
      vertex 39.44649485417316 -100.93748003648797 28.60281327296595
      vertex 41.09247982571277 -101.19984855188574 27.39225322487075
    endloop
  endfacet
  facet normal -0.47218656853321955 0.47218656853321955 -0.7443652927116138
    outer loop
      vertex 39.44649485417316 -100.93748003648797 28.60281327296595
      vertex 40.018498555006495 -100.36547633565463 28.60281327296595
      vertex 41.68133003336721 -100.6109983442313 27.39225322487075
    endloop
  endfacet
  facet normal -0.4721865685332187 0.4721865685332245 -0.744365292711611
    outer loop
      vertex 39.44649485417316 -100.93748003648797 28.60281327296595
      vertex 41.68133003336721 -100.6109983442313 27.39225322487075
      vertex 41.09247982571277 -101.19984855188574 27.39225322487075
    endloop
  endfacet
  facet normal -0.3949586984625636 0.6285731677577229 -0.6700025367741373
    outer loop
      vertex 40.018498555006495 -100.36547633565463 28.60281327296595
      vertex 40.70344372655612 -99.93509675957682 28.60281327296595
      vertex 41.68133003336721 -100.6109983442313 27.39225322487075
    endloop
  endfacet
  facet normal -0.3949586984625673 0.6285731677577195 -0.6700025367741385
    outer loop
      vertex 41.68133003336721 -100.6109983442313 27.39225322487075
      vertex 40.70344372655612 -99.93509675957682 28.60281327296595
      vertex 42.38644803507121 -100.16794333886257 27.39225322487075
    endloop
  endfacet
  facet normal -0.3518180426025965 0.698255606493315 -0.6234285627880155
    outer loop
      vertex 40.39396445724904 -99.29245643506512 29.4972342757654
      vertex 42.38644803507121 -100.16794333886257 27.39225322487075
      vertex 40.70344372655612 -99.93509675957682 28.60281327296595
    endloop
  endfacet
  facet normal -0.35181804260258875 0.6982556064933225 -0.6234285627880113
    outer loop
      vertex 40.39396445724904 -99.29245643506512 29.4972342757654
      vertex 42.0678540614121 -99.50637613574042 28.313016486474897
      vertex 42.38644803507121 -100.16794333886257 27.39225322487075
    endloop
  endfacet
  facet normal -0.2785187204894411 0.7959607729674354 -0.5374697854149642
    outer loop
      vertex 40.39396445724904 -99.29245643506512 29.4972342757654
      vertex 43.00908266424341 -99.17702600310598 28.313016486474897
      vertex 42.0678540614121 -99.50637613574042 28.313016486474897
    endloop
  endfacet
  facet normal -0.2785187204894377 0.7959607729674419 -0.537469785414956
    outer loop
      vertex 40.39396445724904 -99.29245643506512 29.4972342757654
      vertex 41.308265305157796 -98.9725287314013 29.4972342757654
      vertex 43.00908266424341 -99.17702600310598 28.313016486474897
    endloop
  endfacet
  facet normal -0.19637130319650611 0.8793102752117389 -0.43387988105921904
    outer loop
      vertex 43.00908266424341 -99.17702600310598 28.313016486474897
      vertex 41.308265305157796 -98.9725287314013 29.4972342757654
      vertex 41.19781343274381 -98.48860745957035 30.527949329317007
    endloop
  endfacet
  facet normal -0.19637130319649054 0.8793102752117473 -0.43387988105920894
    outer loop
      vertex 43.00908266424341 -99.17702600310598 28.313016486474897
      vertex 41.19781343274381 -98.48860745957035 30.527949329317007
      vertex 42.89537779150911 -98.67885240564341 29.374087896383937
    endloop
  endfacet
  facet normal -0.10637008781109623 0.9440606405175137 -0.31214565741768957
    outer loop
      vertex 41.19781343274381 -98.48860745957035 30.527949329317007
      vertex 44 -98.55439137393378 29.374087896383937
      vertex 42.89537779150911 -98.67885240564341 29.374087896383937
    endloop
  endfacet
  facet normal -0.10637008781108226 0.9440606405175261 -0.3121456574176563
    outer loop
      vertex 41.19781343274381 -98.48860745957035 30.527949329317007
      vertex 42.27083333333333 -98.36770715279961 30.527949329317007
      vertex 44 -98.55439137393378 29.374087896383937
    endloop
  endfacet
  facet normal -0.04319127112960322 0.9740181305498384 -0.22231328223569347
    outer loop
      vertex 42.27083333333333 -98.36770715279961 30.527949329317007
      vertex 42.27083333333333 -98.11314155732781 31.643274076944444
      vertex 44 -98.55439137393378 29.374087896383937
    endloop
  endfacet
  facet normal -0.043191271129594554 0.9740181305498402 -0.2223132822356872
    outer loop
      vertex 42.27083333333333 -98.11314155732781 31.643274076944444
      vertex 44 -98.29232837759852 30.522260903456676
      vertex 44 -98.55439137393378 29.374087896383937
    endloop
  endfacet
  facet normal 0.10307416638861952 0.9946736732332323 0
    outer loop
      vertex 42.27083333333333 -98.11314155732781 31.643274076944444
      vertex 42.27083333333333 -98.11314155732781 32.78728147861111
      vertex 44 -98.29232837759852 30.522260903456676
    endloop
  endfacet
  facet normal 0.10307416638861952 0.9946736732332323 0
    outer loop
      vertex 44 -98.29232837759852 30.522260903456676
      vertex 42.27083333333333 -98.11314155732781 32.78728147861111
      vertex 44 -98.29232837759852 31.699961318765546
    endloop
  endfacet
  facet normal 0.11195303530480262 0.9936106699981103 0.014295256274303555
    outer loop
      vertex 44 -98.29232837759852 31.699961318765546
      vertex 43.400499407980384 -98.24042435506371 32.78728147861111
      vertex 45.1629367111908 -98.42335987576615 31.699961318765546
    endloop
  endfacet
  facet normal 0.34837645471290385 0.8311377916273475 0.4334095258880265
    outer loop
      vertex 44.147702209417616 -99.29245643506512 34.93332127979016
      vertex 45.9321459385879 -99.50637613574042 33.90920573574733
      vertex 44.36306743615591 -98.8452459336654 33.902606226238554
    endloop
  endfacet
  facet normal 0.41697668499141305 0.6636145925800137 0.6210846292482484
    outer loop
      vertex 44.967889014757596 -99.80781396184092 34.93332127979016
      vertex 43.83822294011054 -99.93509675957682 35.82774228258961
      vertex 44.52316811166016 -100.36547633565463 35.82774228258961
    endloop
  endfacet
  facet normal 0.4169766849914161 0.6636145925800087 0.6210846292482516
    outer loop
      vertex 44.967889014757596 -99.80781396184092 34.93332127979016
      vertex 44.147702209417616 -99.29245643506512 34.93332127979016
      vertex 43.83822294011054 -99.93509675957682 35.82774228258961
    endloop
  endfacet
  facet normal 0.11195303530480565 0.9936106699981099 0.014295256274305236
    outer loop
      vertex 44 -98.29232837759852 31.699961318765546
      vertex 42.27083333333333 -98.11314155732781 32.78728147861111
      vertex 43.400499407980384 -98.24042435506371 32.78728147861111
    endloop
  endfacet
  facet normal 0.30861519178581104 0.8819715463709515 0.35620619701380757
    outer loop
      vertex 43.34385323392285 -98.48860745957035 33.902606226238554
      vertex 46.153854046947394 -99.04599450493835 32.84813432583829
      vertex 45.10462220849089 -98.67885240564341 32.84813432583829
    endloop
  endfacet
  facet normal 0.30861519178581687 0.881971546370941 0.356206197013829
    outer loop
      vertex 43.34385323392285 -98.48860745957035 33.902606226238554
      vertex 44.36306743615591 -98.8452459336654 33.902606226238554
      vertex 46.153854046947394 -99.04599450493835 32.84813432583829
    endloop
  endfacet
  facet normal 0.2354573476862403 0.9460772730826001 0.22248063011676358
    outer loop
      vertex 43.400499407980384 -98.24042435506371 32.78728147861111
      vertex 43.34385323392285 -98.48860745957035 33.902606226238554
      vertex 45.1629367111908 -98.42335987576615 31.699961318765546
    endloop
  endfacet
  facet normal 0.23545734768625332 0.9460772730825945 0.22248063011677416
    outer loop
      vertex 43.34385323392285 -98.48860745957035 33.902606226238554
      vertex 45.10462220849089 -98.67885240564341 32.84813432583829
      vertex 45.1629367111908 -98.42335987576615 31.699961318765546
    endloop
  endfacet
  facet normal 0.4347556719229954 0.6511099226911106 0.6221281012009994
    outer loop
      vertex 44.52316811166016 -100.36547633565463 35.82774228258961
      vertex 46.31866996663279 -100.6109983442313 34.82996899735147
      vertex 46.77648867611959 -100.03691184069494 33.90920573574733
    endloop
  endfacet
  facet normal 0.43475567192299186 0.651109922691116 0.622128101200996
    outer loop
      vertex 44.967889014757596 -99.80781396184092 34.93332127979016
      vertex 44.52316811166016 -100.36547633565463 35.82774228258961
      vertex 46.77648867611959 -100.03691184069494 33.90920573574733
    endloop
  endfacet
  facet normal 0.425593013560871 0.6773274009430802 0.6000818100391545
    outer loop
      vertex 44.147702209417616 -99.29245643506512 34.93332127979016
      vertex 46.77648867611959 -100.03691184069494 33.90920573574733
      vertex 45.9321459385879 -99.50637613574042 33.90920573574733
    endloop
  endfacet
  facet normal 0.4255930135608715 0.6773274009430766 0.6000818100391584
    outer loop
      vertex 44.967889014757596 -99.80781396184092 34.93332127979016
      vertex 46.77648867611959 -100.03691184069494 33.90920573574733
      vertex 44.147702209417616 -99.29245643506512 34.93332127979016
    endloop
  endfacet
  facet normal 0.47601928830958135 0.47601928830958135 0.7394668852047935
    outer loop
      vertex 45.0951718124935 -100.93748003648797 35.82774228258961
      vertex 46.90752017428723 -101.19984855188574 34.82996899735147
      vertex 44.52316811166016 -100.36547633565463 35.82774228258961
    endloop
  endfacet
  facet normal 0.4868234852967122 0.38954213081208805 0.781831070299678
    outer loop
      vertex 46.18763846846516 -101.77393505542211 35.56425319594135
      vertex 46.90752017428723 -101.19984855188574 34.82996899735147
      vertex 45.0951718124935 -100.93748003648797 35.82774228258961
    endloop
  endfacet
  facet normal 0.47601928830958173 0.47601928830958745 0.7394668852047893
    outer loop
      vertex 44.52316811166016 -100.36547633565463 35.82774228258961
      vertex 46.90752017428723 -101.19984855188574 34.82996899735147
      vertex 46.31866996663279 -100.6109983442313 34.82996899735147
    endloop
  endfacet
  facet normal 0.3483764547129036 0.8311377916273469 0.43340952588802767
    outer loop
      vertex 44.36306743615591 -98.8452459336654 33.902606226238554
      vertex 45.9321459385879 -99.50637613574042 33.90920573574733
      vertex 46.153854046947394 -99.04599450493835 32.84813432583829
    endloop
  endfacet
  facet normal -0.5541903478551239 -0.554190347855118 -0.621084629248253
    outer loop
      vertex 38.36038048397081 -106.30997817962103 30.33983961742332
      vertex 37.69002182037897 -105.63961951602919 30.33983961742332
      vertex 38.23580828500862 -105.20436933447483 29.464466094067262
    endloop
  endfacet
  facet normal -0.6378342769219261 -0.6378342769219193 -0.43166522950890535
    outer loop
      vertex 37.31021148294074 -105.94250815295862 31.348604690224164
      vertex 37.69002182037897 -105.63961951602919 30.33983961742332
      vertex 38.36038048397081 -106.30997817962103 30.33983961742332
    endloop
  endfacet
  facet normal -0.8257513795726643 -0.5188539805049399 -0.221190429377089
    outer loop
      vertex 37.31021148294074 -105.94250815295862 31.348604690224164
      vertex 37.11542254896292 -106.09784714425471 32.440177619483464
      vertex 36.74795252230052 -105.04767814322464 31.348604690224164
    endloop
  endfacet
  facet normal -0.637834276921924 -0.637834276921924 -0.4316652295089015
    outer loop
      vertex 38.05749184704137 -106.68978851705926 31.348604690224164
      vertex 37.31021148294074 -105.94250815295862 31.348604690224164
      vertex 38.36038048397081 -106.30997817962103 30.33983961742332
    endloop
  endfacet
  facet normal -0.6895921961391276 -0.6895921961391338 -0.2211904293770902
    outer loop
      vertex 37.31021148294074 -105.94250815295862 31.348604690224164
      vertex 37.902152855745285 -106.88457745103707 32.440177619483464
      vertex 37.11542254896292 -106.09784714425471 32.440177619483464
    endloop
  endfacet
  facet normal -0.6895921961391314 -0.6895921961391314 -0.22119042937708602
    outer loop
      vertex 38.05749184704137 -106.68978851705926 31.348604690224164
      vertex 37.902152855745285 -106.88457745103707 32.440177619483464
      vertex 37.31021148294074 -105.94250815295862 31.348604690224164
    endloop
  endfacet
  facet normal -0.4799109609074805 -0.7637739189275101 -0.43166522950890085
    outer loop
      vertex 39.163100692187555 -106.81436071602145 30.33983961742332
      vertex 38.95232185677536 -107.25204747769948 31.348604690224164
      vertex 38.36038048397081 -106.30997817962103 30.33983961742332
    endloop
  endfacet
  facet normal -0.46690830803574507 -0.7714481722122958 -0.4322780927568569
    outer loop
      vertex 39.163100692187555 -106.81436071602145 30.33983961742332
      vertex 40.17859923051075 -107.53438369596422 30.527949329317007
      vertex 38.95232185677536 -107.25204747769948 31.348604690224164
    endloop
  endfacet
  facet normal -0.47528508441357076 -0.7564118786616797 -0.4493830864123541
    outer loop
      vertex 39.163100692187555 -106.81436071602145 30.33983961742332
      vertex 39.57377765190906 -106.5718156677887 29.4972342757654
      vertex 39.71864855020334 -106.93749407358438 29.959531409481777
    endloop
  endfacet
  facet normal -0.4669083080357434 -0.7714481722122946 -0.4322780927568609
    outer loop
      vertex 39.163100692187555 -106.81436071602145 30.33983961742332
      vertex 39.63561899003021 -107.05941634292094 30.266796351921876
      vertex 40.17859923051075 -107.53438369596422 30.527949329317007
    endloop
  endfacet
  facet normal -0.46690830803574235 -0.7714481722122893 -0.43227809275687135
    outer loop
      vertex 39.163100692187555 -106.81436071602145 30.33983961742332
      vertex 39.71864855020334 -106.93749407358438 29.959531409481777
      vertex 39.63561899003021 -107.05941634292094 30.266796351921876
    endloop
  endfacet
  facet normal -0.3574051060217333 -0.9071934239058667 -0.22194972811775213
    outer loop
      vertex 40.17859923051075 -107.53438369596422 30.527949329317007
      vertex 38.84422215382374 -107.47651882384163 32.440177619483464
      vertex 38.95232185677536 -107.25204747769948 31.348604690224164
    endloop
  endfacet
  facet normal -0.5188539805049375 -0.8257513795726675 -0.22119042937708364
    outer loop
      vertex 38.95232185677536 -107.25204747769948 31.348604690224164
      vertex 38.84422215382374 -107.47651882384163 32.440177619483464
      vertex 37.902152855745285 -106.88457745103707 32.440177619483464
    endloop
  endfacet
  facet normal -0.5188539805049391 -0.8257513795726658 -0.22119042937708575
    outer loop
      vertex 38.05749184704137 -106.68978851705926 31.348604690224164
      vertex 38.95232185677536 -107.25204747769948 31.348604690224164
      vertex 37.902152855745285 -106.88457745103707 32.440177619483464
    endloop
  endfacet
  facet normal -0.3574051060217356 -0.9071934239058652 -0.2219497281177538
    outer loop
      vertex 40.17859923051075 -107.53438369596422 30.527949329317007
      vertex 40.06814735809675 -107.76373937232336 31.643274076944444
      vertex 38.84422215382374 -107.47651882384163 32.440177619483464
    endloop
  endfacet
  facet normal -0.3257642266816138 -0.9309806723906583 -0.16478063068688617
    outer loop
      vertex 41.14116725868628 -108.13920527456591 31.643274076944444
      vertex 39.894391154853814 -107.84398885050402 32.440177619483464
      vertex 38.84422215382374 -107.47651882384163 32.440177619483464
    endloop
  endfacet
  facet normal -0.3257642266816187 -0.9309806723906533 -0.16478063068690452
    outer loop
      vertex 40.06814735809675 -107.76373937232336 31.643274076944444
      vertex 41.14116725868628 -108.13920527456591 31.643274076944444
      vertex 38.84422215382374 -107.47651882384163 32.440177619483464
    endloop
  endfacet
  facet normal -0.47528508441358297 -0.7564118786616703 -0.44938308641235725
    outer loop
      vertex 39.163100692187555 -106.81436071602145 30.33983961742332
      vertex 38.36038048397081 -106.30997817962103 30.33983961742332
      vertex 39.57377765190906 -106.5718156677887 29.4972342757654
    endloop
  endfacet
  facet normal -0.551537820599886 -0.5566150258172383 -0.6212775108455182
    outer loop
      vertex 38.36038048397081 -106.30997817962103 30.33983961742332
      vertex 38.97718776906532 -105.9089997932209 29.43302562397506
      vertex 39.57377765190906 -106.5718156677887 29.4972342757654
    endloop
  endfacet
  facet normal -0.5515378205999022 -0.5566150258172193 -0.621277510845521
    outer loop
      vertex 38.36038048397081 -106.30997817962103 30.33983961742332
      vertex 38.79563066552516 -105.76419171499137 29.464466094067262
      vertex 38.97718776906532 -105.9089997932209 29.43302562397506
    endloop
  endfacet
  facet normal -0.5541903478551197 -0.5541903478551197 -0.6210846292482556
    outer loop
      vertex 38.36038048397081 -106.30997817962103 30.33983961742332
      vertex 38.23580828500862 -105.20436933447483 29.464466094067262
      vertex 38.79563066552516 -105.76419171499137 29.464466094067262
    endloop
  endfacet
  facet normal -0.5515378205998983 -0.5566150258172124 -0.6212775108455307
    outer loop
      vertex 39.08174857313236 -105.82267594258141 29.262862712068316
      vertex 38.97718776906532 -105.9089997932209 29.43302562397506
      vertex 38.79563066552516 -105.76419171499137 29.464466094067262
    endloop
  endfacet
  facet normal -0.47991096090748003 -0.7637739189275102 -0.4316652295089012
    outer loop
      vertex 38.05749184704137 -106.68978851705926 31.348604690224164
      vertex 38.36038048397081 -106.30997817962103 30.33983961742332
      vertex 38.95232185677536 -107.25204747769948 31.348604690224164
    endloop
  endfacet
  facet normal -0.23041269051882154 -0.9730930027740811 -1.6891204068043254e-18
    outer loop
      vertex 41.14116725868628 -108.13920527456591 31.643274076944444
      vertex 39.894391154853814 -107.84398885050402 33.559822380516536
      vertex 39.894391154853814 -107.84398885050402 32.440177619483464
    endloop
  endfacet
  facet normal -0.5320320765153373 -0.8467241992282837 0
    outer loop
      vertex 37.902152855745285 -106.88457745103707 32.440177619483464
      vertex 38.84422215382374 -107.47651882384163 32.440177619483464
      vertex 37.902152855745285 -106.88457745103707 33.559822380516536
    endloop
  endfacet
  facet normal -0.8467241992282849 -0.5320320765153356 0
    outer loop
      vertex 37.11542254896292 -106.09784714425471 32.440177619483464
      vertex 37.11542254896292 -106.09784714425471 33.559822380516536
      vertex 36.52348117615837 -105.15577784617626 32.440177619483464
    endloop
  endfacet
  facet normal -0.7071067811865442 -0.7071067811865507 6.755388791713168e-18
    outer loop
      vertex 37.902152855745285 -106.88457745103707 32.440177619483464
      vertex 37.11542254896292 -106.09784714425471 33.559822380516536
      vertex 37.11542254896292 -106.09784714425471 32.440177619483464
    endloop
  endfacet
  facet normal -0.7071067811865442 -0.7071067811865507 0
    outer loop
      vertex 37.902152855745285 -106.88457745103707 32.440177619483464
      vertex 37.902152855745285 -106.88457745103707 33.559822380516536
      vertex 37.11542254896292 -106.09784714425471 33.559822380516536
    endloop
  endfacet
  facet normal -0.8257513795726644 -0.5188539805049399 0.221190429377089
    outer loop
      vertex 37.11542254896292 -106.09784714425471 33.559822380516536
      vertex 37.31021148294074 -105.94250815295862 34.651395309775836
      vertex 36.74795252230052 -105.04767814322464 34.651395309775836
    endloop
  endfacet
  facet normal -0.6895921961391281 -0.6895921961391345 0.2211904293770861
    outer loop
      vertex 37.902152855745285 -106.88457745103707 33.559822380516536
      vertex 38.05749184704137 -106.68978851705926 34.651395309775836
      vertex 37.11542254896292 -106.09784714425471 33.559822380516536
    endloop
  endfacet
  facet normal -0.6895921961391306 -0.6895921961391307 0.22119042937709024
    outer loop
      vertex 37.11542254896292 -106.09784714425471 33.559822380516536
      vertex 38.05749184704137 -106.68978851705926 34.651395309775836
      vertex 37.31021148294074 -105.94250815295862 34.651395309775836
    endloop
  endfacet
  facet normal -0.6378342769219233 -0.6378342769219233 0.43166522950890396
    outer loop
      vertex 38.05749184704137 -106.68978851705926 34.651395309775836
      vertex 37.69002182037897 -105.63961951602919 35.660160382576684
      vertex 37.31021148294074 -105.94250815295862 34.651395309775836
    endloop
  endfacet
  facet normal -0.33027906195516155 -0.9438833303083696 0
    outer loop
      vertex 38.84422215382374 -107.47651882384163 32.440177619483464
      vertex 39.894391154853814 -107.84398885050402 33.559822380516536
      vertex 38.84422215382374 -107.47651882384163 33.559822380516536
    endloop
  endfacet
  facet normal -0.5320320765153373 -0.8467241992282837 -7.097672162250663e-18
    outer loop
      vertex 37.902152855745285 -106.88457745103707 33.559822380516536
      vertex 38.84422215382374 -107.47651882384163 32.440177619483464
      vertex 38.84422215382374 -107.47651882384163 33.559822380516536
    endloop
  endfacet
  facet normal -0.33027906195516155 -0.9438833303083696 -2.218795478739553e-17
    outer loop
      vertex 38.84422215382374 -107.47651882384163 32.440177619483464
      vertex 39.894391154853814 -107.84398885050402 32.440177619483464
      vertex 39.894391154853814 -107.84398885050402 33.559822380516536
    endloop
  endfacet
  facet normal -0.3220982597426776 -0.9205039407969529 0.2211904293770836
    outer loop
      vertex 38.84422215382374 -107.47651882384163 33.559822380516536
      vertex 39.94983099896993 -107.60109102280381 34.651395309775836
      vertex 38.95232185677536 -107.25204747769948 34.651395309775836
    endloop
  endfacet
  facet normal -0.5188539805049374 -0.8257513795726673 0.22119042937708364
    outer loop
      vertex 37.902152855745285 -106.88457745103707 33.559822380516536
      vertex 38.84422215382374 -107.47651882384163 33.559822380516536
      vertex 38.95232185677536 -107.25204747769948 34.651395309775836
    endloop
  endfacet
  facet normal -0.518853980504939 -0.8257513795726658 0.22119042937708572
    outer loop
      vertex 37.902152855745285 -106.88457745103707 33.559822380516536
      vertex 38.95232185677536 -107.25204747769948 34.651395309775836
      vertex 38.05749184704137 -106.68978851705926 34.651395309775836
    endloop
  endfacet
  facet normal -0.4799109609074775 -0.7637739189275062 0.4316652295089112
    outer loop
      vertex 38.05749184704137 -106.68978851705926 34.651395309775836
      vertex 38.95232185677536 -107.25204747769948 34.651395309775836
      vertex 39.16310069218756 -106.81436071602144 35.660160382576684
    endloop
  endfacet
  facet normal -0.32209825974267614 -0.9205039407969537 0.221190429377082
    outer loop
      vertex 38.84422215382374 -107.47651882384163 33.559822380516536
      vertex 39.894391154853814 -107.84398885050402 33.559822380516536
      vertex 39.94983099896993 -107.60109102280381 34.651395309775836
    endloop
  endfacet
  facet normal -0.1091911872717252 -0.9690985907399583 0.22119042937708175
    outer loop
      vertex 39.894391154853814 -107.84398885050402 33.559822380516536
      vertex 41 -107.71941665154183 34.651395309775836
      vertex 39.94983099896993 -107.60109102280381 34.651395309775836
    endloop
  endfacet
  facet normal -0.2979229053794724 -0.8514147473959349 0.43166522950889874
    outer loop
      vertex 38.95232185677536 -107.25204747769948 34.651395309775836
      vertex 39.94983099896993 -107.60109102280381 34.651395309775836
      vertex 40.05793070192155 -107.1274752787373 35.660160382576684
    endloop
  endfacet
  facet normal -0.10099575135803249 -0.8963620852315523 0.4316652295088984
    outer loop
      vertex 39.94983099896993 -107.60109102280381 34.651395309775836
      vertex 41 -107.71941665154183 34.651395309775836
      vertex 40.05793070192155 -107.1274752787373 35.660160382576684
    endloop
  endfacet
  facet normal -0.6378342769219233 -0.6378342769219232 0.43166522950890396
    outer loop
      vertex 38.05749184704137 -106.68978851705926 34.651395309775836
      vertex 38.360380483970815 -106.30997817962103 35.660160382576684
      vertex 37.69002182037897 -105.63961951602919 35.660160382576684
    endloop
  endfacet
  facet normal -0.5541903478551202 -0.5541903478551202 0.6210846292482544
    outer loop
      vertex 38.360380483970815 -106.30997817962103 35.660160382576684
      vertex 38.79563066552516 -105.76419171499137 36.53553390593274
      vertex 37.69002182037897 -105.63961951602919 35.660160382576684
    endloop
  endfacet
  facet normal -0.297922905379486 -0.8514147473959234 0.4316652295089122
    outer loop
      vertex 38.95232185677536 -107.25204747769948 34.651395309775836
      vertex 40.05793070192155 -107.1274752787373 35.660160382576684
      vertex 39.16310069218756 -106.81436071602144 35.660160382576684
    endloop
  endfacet
  facet normal -0.08775143105682935 -0.7788154914092514 0.621084629248257
    outer loop
      vertex 40.05793070192155 -107.1274752787373 35.660160382576684
      vertex 41 -107.23362099614143 35.660160382576684
      vertex 40.21326969321763 -106.44689068935905 36.53553390593274
    endloop
  endfacet
  facet normal -0.4799109609074703 -0.7637739189275156 0.4316652295089022
    outer loop
      vertex 38.05749184704137 -106.68978851705926 34.651395309775836
      vertex 39.16310069218756 -106.81436071602144 35.660160382576684
      vertex 38.360380483970815 -106.30997817962103 35.660160382576684
    endloop
  endfacet
  facet normal -0.4169766849914117 -0.6636145925800155 0.6210846292482473
    outer loop
      vertex 39.16310069218756 -106.81436071602144 35.660160382576684
      vertex 39.465989329117 -106.18540598065884 36.53553390593274
      vertex 38.360380483970815 -106.30997817962103 35.660160382576684
    endloop
  endfacet
  facet normal -0.4169766849914203 -0.6636145925800021 0.6210846292482562
    outer loop
      vertex 38.360380483970815 -106.30997817962103 35.660160382576684
      vertex 39.465989329117 -106.18540598065884 36.53553390593274
      vertex 38.79563066552516 -105.76419171499137 36.53553390593274
    endloop
  endfacet
  facet normal -0.25885406999924826 -0.7397624306197172 0.6210846292482469
    outer loop
      vertex 39.16310069218756 -106.81436071602144 35.660160382576684
      vertex 40.05793070192155 -107.1274752787373 35.660160382576684
      vertex 39.465989329117 -106.18540598065884 36.53553390593274
    endloop
  endfacet
  facet normal -0.25885406999922944 -0.7397624306197151 0.6210846292482574
    outer loop
      vertex 40.05793070192155 -107.1274752787373 35.660160382576684
      vertex 40.21326969321763 -106.44689068935905 36.53553390593274
      vertex 39.465989329117 -106.18540598065884 36.53553390593274
    endloop
  endfacet
  facet normal -0.20671917261634196 -0.5907694539661413 0.7799093767440948
    outer loop
      vertex 39.465989329117 -106.18540598065884 36.53553390593274
      vertex 40.40805862719545 -105.59346460785429 37.23362099614142
      vertex 39.84579966655524 -105.39672168832898 37.23362099614142
    endloop
  endfacet
  facet normal -0.2067191726163385 -0.5907694539661448 0.7799093767440929
    outer loop
      vertex 40.21326969321763 -106.44689068935905 36.53553390593274
      vertex 40.40805862719545 -105.59346460785429 37.23362099614142
      vertex 39.465989329117 -106.18540598065884 36.53553390593274
    endloop
  endfacet
  facet normal -0.07007772071739776 -0.6219569736932734 0.7799093767440928
    outer loop
      vertex 40.21326969321763 -106.44689068935905 36.53553390593274
      vertex 41 -106.53553390593274 36.53553390593274
      vertex 40.40805862719545 -105.59346460785429 37.23362099614142
    endloop
  endfacet
  facet normal -0.2304126905188216 -0.9730930027740812 0
    outer loop
      vertex 41.14116725868628 -108.13920527456591 31.643274076944444
      vertex 41.14116725868628 -108.13920527456591 32.78728147861111
      vertex 39.894391154853814 -107.84398885050402 33.559822380516536
    endloop
  endfacet
  facet normal -0.10981045499869597 -0.9745947438314606 0.19520950097028858
    outer loop
      vertex 39.894391154853814 -107.84398885050402 33.559822380516536
      vertex 41.14116725868628 -108.13920527456591 32.78728147861111
      vertex 41 -107.96856104946622 33.559822380516536
    endloop
  endfacet
  facet normal -0.10981045499870004 -0.9745947438314603 0.19520950097028775
    outer loop
      vertex 41.14116725868628 -108.13920527456591 32.78728147861111
      vertex 41.668534860182795 -108.12528860400215 33.15341934536309
      vertex 41 -107.96856104946622 33.559822380516536
    endloop
  endfacet
  facet normal -0.0928826435754374 -0.9707133605992917 0.22155899006013632
    outer loop
      vertex 41 -107.96856104946622 33.559822380516536
      vertex 41.668534860182795 -108.12528860400215 33.15341934536309
      vertex 41.68089978617236 -108.02396547128933 33.60252865773461
    endloop
  endfacet
  facet normal -0.09288264357543702 -0.9707133605992939 0.22155899006012722
    outer loop
      vertex 41 -107.96856104946622 33.559822380516536
      vertex 41.68089978617236 -108.02396547128933 33.60252865773461
      vertex 41 -107.71941665154183 34.651395309775836
    endloop
  endfacet
  facet normal -0.09288264357543798 -0.970713360599294 0.2215589900601266
    outer loop
      vertex 41.68089978617236 -108.02396547128933 33.60252865773461
      vertex 42.27083333333333 -108.01192247683001 33.902606226238554
      vertex 41 -107.71941665154183 34.651395309775836
    endloop
  endfacet
  facet normal -0.10919118727173491 -0.9690985907399551 0.2211904293770912
    outer loop
      vertex 39.894391154853814 -107.84398885050402 33.559822380516536
      vertex 41 -107.96856104946622 33.559822380516536
      vertex 41 -107.71941665154183 34.651395309775836
    endloop
  endfacet
  facet normal 0.048218286352654856 -0.8999208806816393 0.4333790550711884
    outer loop
      vertex 42.27083333333333 -108.01192247683001 33.902606226238554
      vertex 41 -107.23362099614143 35.660160382576684
      vertex 41 -107.71941665154183 34.651395309775836
    endloop
  endfacet
  facet normal 0.04821828635265774 -0.8999208806816382 0.43337905507119007
    outer loop
      vertex 42.27083333333333 -108.01192247683001 33.902606226238554
      vertex 42.27083333333333 -107.51555626781672 34.93332127979016
      vertex 41 -107.23362099614143 35.660160382576684
    endloop
  endfacet
  facet normal -0.10099575135803208 -0.896362085231552 0.43166522950889874
    outer loop
      vertex 40.05793070192155 -107.1274752787373 35.660160382576684
      vertex 41 -107.71941665154183 34.651395309775836
      vertex 41 -107.23362099614143 35.660160382576684
    endloop
  endfacet
  facet normal 0.08775143105682935 -0.7788154914092514 0.6210846292482569
    outer loop
      vertex 41 -107.23362099614143 35.660160382576684
      vertex 41.94206929807845 -107.1274752787373 35.660160382576684
      vertex 41.78673030678237 -106.44689068935905 36.53553390593274
    endloop
  endfacet
  facet normal 0.09680162593149896 -0.8591381925181802 0.5025047376628528
    outer loop
      vertex 42.27083333333333 -107.51555626781672 34.93332127979016
      vertex 43.233401361508854 -107.40710089822832 34.93332127979016
      vertex 41 -107.23362099614143 35.660160382576684
    endloop
  endfacet
  facet normal 0.09680162593149158 -0.8591381925181925 0.5025047376628331
    outer loop
      vertex 43.233401361508854 -107.40710089822832 34.93332127979016
      vertex 41.94206929807845 -107.1274752787373 35.660160382576684
      vertex 41 -107.23362099614143 35.660160382576684
    endloop
  endfacet
  facet normal 0.1864878100036735 -0.7593068933304286 0.6234383196924351
    outer loop
      vertex 43.233401361508854 -107.40710089822832 34.93332127979016
      vertex 41.78673030678237 -106.44689068935905 36.53553390593274
      vertex 41.94206929807845 -107.1274752787373 35.660160382576684
    endloop
  endfacet
  facet normal 0.1864878100036642 -0.7593068933304347 0.6234383196924305
    outer loop
      vertex 43.233401361508854 -107.40710089822832 34.93332127979016
      vertex 43.07468230882809 -106.71170729232195 35.82774228258961
      vertex 41.78673030678237 -106.44689068935905 36.53553390593274
    endloop
  endfacet
  facet normal -0.08775143105683086 -0.778815491409252 0.621084629248256
    outer loop
      vertex 40.21326969321763 -106.44689068935905 36.53553390593274
      vertex 41 -107.23362099614143 35.660160382576684
      vertex 41 -106.53553390593274 36.53553390593274
    endloop
  endfacet
  facet normal 0.08775143105683081 -0.778815491409252 0.621084629248256
    outer loop
      vertex 41 -107.23362099614143 35.660160382576684
      vertex 41.78673030678237 -106.44689068935905 36.53553390593274
      vertex 41 -106.53553390593274 36.53553390593274
    endloop
  endfacet
  facet normal 0.23895635243041394 -0.6828980208287644 0.690326122047622
    outer loop
      vertex 41.78673030678237 -106.44689068935905 36.53553390593274
      vertex 43.83822294011054 -106.4445328700528 35.82774228258961
      vertex 42.534010670883 -106.18540598065884 36.53553390593274
    endloop
  endfacet
  facet normal -0.07007772071739092 -0.621956973693271 0.7799093767440953
    outer loop
      vertex 41 -106.53553390593274 36.53553390593274
      vertex 41 -105.66016038257668 37.23362099614142
      vertex 40.40805862719545 -105.59346460785429 37.23362099614142
    endloop
  endfacet
  facet normal 0.07007772071739776 -0.6219569736932734 0.7799093767440928
    outer loop
      vertex 41 -106.53553390593274 36.53553390593274
      vertex 41.78673030678237 -106.44689068935905 36.53553390593274
      vertex 41.59194137280455 -105.59346460785429 37.23362099614142
    endloop
  endfacet
  facet normal 0.0700777207173909 -0.621956973693271 0.7799093767440953
    outer loop
      vertex 41 -106.53553390593274 36.53553390593274
      vertex 41.59194137280455 -105.59346460785429 37.23362099614142
      vertex 41 -105.66016038257668 37.23362099614142
    endloop
  endfacet
  facet normal 0.2067191726163385 -0.5907694539661448 0.7799093767440929
    outer loop
      vertex 41.78673030678237 -106.44689068935905 36.53553390593274
      vertex 42.534010670883 -106.18540598065884 36.53553390593274
      vertex 41.59194137280455 -105.59346460785429 37.23362099614142
    endloop
  endfacet
  facet normal 0.20671917261634207 -0.5907694539661412 0.7799093767440948
    outer loop
      vertex 42.534010670883 -106.18540598065884 36.53553390593274
      vertex 42.15420033344476 -105.39672168832898 37.23362099614142
      vertex 41.59194137280455 -105.59346460785429 37.23362099614142
    endloop
  endfacet
  facet normal 0.3167247067963533 -0.5385700578617266 0.7807866244240999
    outer loop
      vertex 42.534010670883 -106.18540598065884 36.53553390593274
      vertex 43.45014821107064 -105.63868739173243 36.54101923077968
      vertex 42.15420033344476 -105.39672168832898 37.23362099614142
    endloop
  endfacet
  facet normal 0.23895635243041435 -0.6828980208287632 0.6903261220476232
    outer loop
      vertex 41.78673030678237 -106.44689068935905 36.53553390593274
      vertex 43.07468230882809 -106.71170729232195 35.82774228258961
      vertex 43.83822294011054 -106.4445328700528 35.82774228258961
    endloop
  endfacet
  facet normal 0.3167247067963544 -0.5385700578617284 0.7807866244240983
    outer loop
      vertex 42.534010670883 -106.18540598065884 36.53553390593274
      vertex 43.83822294011054 -106.4445328700528 35.82774228258961
      vertex 43.45014821107064 -105.63868739173243 36.54101923077968
    endloop
  endfacet
  facet normal -0.5952451241117795 -0.20828527733485636 -0.7760802055629908
    outer loop
      vertex 39.01611527809534 -104.75720442159202 28.60281327296595
      vertex 37.814594019341165 -104.534010670883 29.464466094067262
      vertex 37.55310931064095 -103.78673030678237 29.464466094067262
    endloop
  endfacet
  facet normal -0.5953789622914095 -0.18957224753308893 -0.7807600490714529
    outer loop
      vertex 38.748940855826184 -103.99366379030957 28.60281327296595
      vertex 37.55310931064095 -103.78673030678237 29.464466094067262
      vertex 38.40653539214571 -103.59194137280456 28.766379003858578
    endloop
  endfacet
  facet normal -0.552587080763208 -0.552587080763208 -0.6239351219054686
    outer loop
      vertex 38.79563066552516 -105.76419171499137 29.464466094067262
      vertex 38.23580828500862 -105.20436933447483 29.464466094067262
      vertex 39.44649485417316 -105.44214959314165 28.60281327296595
    endloop
  endfacet
  facet normal -0.552587080763211 -0.5525870807632042 -0.6239351219054693
    outer loop
      vertex 39.08174857313236 -105.82267594258141 29.262862712068316
      vertex 38.79563066552516 -105.76419171499137 29.464466094067262
      vertex 39.44649485417316 -105.44214959314165 28.60281327296595
    endloop
  endfacet
  facet normal -0.5860245983266905 -0.36822366033825027 -0.7217939499075495
    outer loop
      vertex 39.01611527809534 -104.75720442159202 28.60281327296595
      vertex 39.44649485417316 -105.44214959314165 28.60281327296595
      vertex 37.814594019341165 -104.534010670883 29.464466094067262
    endloop
  endfacet
  facet normal -0.5860245983266918 -0.3682236603382572 -0.7217939499075448
    outer loop
      vertex 39.44649485417316 -105.44214959314165 28.60281327296595
      vertex 38.23580828500862 -105.20436933447483 29.464466094067262
      vertex 37.814594019341165 -104.534010670883 29.464466094067262
    endloop
  endfacet
  facet normal -0.5952451241117798 -0.20828527733485708 -0.7760802055629904
    outer loop
      vertex 39.01611527809534 -104.75720442159202 28.60281327296595
      vertex 37.55310931064095 -103.78673030678237 29.464466094067262
      vertex 38.748940855826184 -103.99366379030957 28.60281327296595
    endloop
  endfacet
  facet normal -0.5953789622914094 -0.18957224753308857 -0.7807600490714534
    outer loop
      vertex 39.62093685669703 -103.7946363934165 27.88953632477587
      vertex 38.748940855826184 -103.99366379030957 28.60281327296595
      vertex 38.40653539214571 -103.59194137280456 28.766379003858578
    endloop
  endfacet
  facet normal -0.5913773606637487 -0.06663222581635256 -0.8036373334888922
    outer loop
      vertex 39.62093685669703 -103.7946363934165 27.88953632477587
      vertex 38.40653539214571 -103.59194137280456 28.766379003858578
      vertex 39.55278983132095 -103.18981481481481 27.88953632477587
    endloop
  endfacet
  facet normal -0.8514147473959303 -0.2979229053794726 -0.43166522950890795
    outer loop
      vertex 37.18563928397855 -104.83689930781244 30.33983961742332
      vertex 36.74795252230052 -105.04767814322464 31.348604690224164
      vertex 36.872524721262714 -103.94206929807845 30.33983961742332
    endloop
  endfacet
  facet normal -0.6636145925800073 -0.4169766849914162 -0.6210846292482529
    outer loop
      vertex 38.23580828500862 -105.20436933447483 29.464466094067262
      vertex 37.69002182037897 -105.63961951602919 30.33983961742332
      vertex 37.18563928397855 -104.83689930781244 30.33983961742332
    endloop
  endfacet
  facet normal -0.7637739189275083 -0.47991096090747687 -0.43166522950890807
    outer loop
      vertex 37.69002182037897 -105.63961951602919 30.33983961742332
      vertex 36.74795252230052 -105.04767814322464 31.348604690224164
      vertex 37.18563928397855 -104.83689930781244 30.33983961742332
    endloop
  endfacet
  facet normal -0.6636145925800072 -0.41697668499141843 -0.6210846292482519
    outer loop
      vertex 38.23580828500862 -105.20436933447483 29.464466094067262
      vertex 37.18563928397855 -104.83689930781244 30.33983961742332
      vertex 37.814594019341165 -104.534010670883 29.464466094067262
    endloop
  endfacet
  facet normal -0.8257513795726685 -0.5188539805049357 -0.2211904293770837
    outer loop
      vertex 37.11542254896292 -106.09784714425471 32.440177619483464
      vertex 36.52348117615837 -105.15577784617626 32.440177619483464
      vertex 36.74795252230052 -105.04767814322464 31.348604690224164
    endloop
  endfacet
  facet normal -0.9205039407969514 -0.3220982597426816 -0.2211904293770837
    outer loop
      vertex 36.74795252230052 -105.04767814322464 31.348604690224164
      vertex 36.52348117615837 -105.15577784617626 32.440177619483464
      vertex 36.156011149495974 -104.1056088451462 32.440177619483464
    endloop
  endfacet
  facet normal -0.7637739189275077 -0.47991096090748003 -0.4316652295089057
    outer loop
      vertex 37.31021148294074 -105.94250815295862 31.348604690224164
      vertex 36.74795252230052 -105.04767814322464 31.348604690224164
      vertex 37.69002182037897 -105.63961951602919 30.33983961742332
    endloop
  endfacet
  facet normal -0.7397624306197177 -0.25885406999923466 -0.621084629248252
    outer loop
      vertex 37.18563928397855 -104.83689930781244 30.33983961742332
      vertex 36.872524721262714 -103.94206929807845 30.33983961742332
      vertex 37.814594019341165 -104.534010670883 29.464466094067262
    endloop
  endfacet
  facet normal -0.739762430619718 -0.2588540699992376 -0.6210846292482505
    outer loop
      vertex 36.872524721262714 -103.94206929807845 30.33983961742332
      vertex 37.55310931064095 -103.78673030678237 29.464466094067262
      vertex 37.814594019341165 -104.534010670883 29.464466094067262
    endloop
  endfacet
  facet normal -0.778815491409256 -0.08775143105683052 -0.6210846292482511
    outer loop
      vertex 36.872524721262714 -103.94206929807845 30.33983961742332
      vertex 37.46446609406726 -103 29.464466094067262
      vertex 37.55310931064095 -103.78673030678237 29.464466094067262
    endloop
  endfacet
  facet normal -0.8514147473959328 -0.29792290537946964 -0.431665229508905
    outer loop
      vertex 36.74795252230052 -105.04767814322464 31.348604690224164
      vertex 36.398908977196186 -104.05016900103007 31.348604690224164
      vertex 36.872524721262714 -103.94206929807845 30.33983961742332
    endloop
  endfacet
  facet normal -0.9205039407969523 -0.32209825974267514 -0.2211904293770898
    outer loop
      vertex 36.74795252230052 -105.04767814322464 31.348604690224164
      vertex 36.156011149495974 -104.1056088451462 32.440177619483464
      vertex 36.398908977196186 -104.05016900103007 31.348604690224164
    endloop
  endfacet
  facet normal -0.8963620852315493 -0.10099575135803214 -0.4316652295089048
    outer loop
      vertex 36.872524721262714 -103.94206929807845 30.33983961742332
      vertex 36.398908977196186 -104.05016900103007 31.348604690224164
      vertex 36.280583348458165 -103 31.348604690224164
    endloop
  endfacet
  facet normal -0.9690985907399572 -0.109191187271722 -0.22119042937708835
    outer loop
      vertex 36.398908977196186 -104.05016900103007 31.348604690224164
      vertex 36.156011149495974 -104.1056088451462 32.440177619483464
      vertex 36.03143895053379 -103 32.440177619483464
    endloop
  endfacet
  facet normal -0.6219569736932753 -0.070077720717398 -0.7799093767440912
    outer loop
      vertex 38.40653539214571 -103.59194137280456 28.766379003858578
      vertex 37.55310931064095 -103.78673030678237 29.464466094067262
      vertex 38.339839617423316 -103 28.766379003858578
    endloop
  endfacet
  facet normal -0.6219569736932756 -0.07007772071739739 -0.779909376744091
    outer loop
      vertex 37.55310931064095 -103.78673030678237 29.464466094067262
      vertex 37.46446609406726 -103 29.464466094067262
      vertex 38.339839617423316 -103 28.766379003858578
    endloop
  endfacet
  facet normal -0.6219569736932757 0.07007772071739733 -0.779909376744091
    outer loop
      vertex 38.339839617423316 -103 28.766379003858578
      vertex 37.46446609406726 -103 29.464466094067262
      vertex 37.55310931064095 -102.21326969321763 29.464466094067262
    endloop
  endfacet
  facet normal -0.6219569736932753 0.070077720717398 -0.7799093767440912
    outer loop
      vertex 38.339839617423316 -103 28.766379003858578
      vertex 37.55310931064095 -102.21326969321763 29.464466094067262
      vertex 38.40653539214571 -102.40805862719544 28.766379003858578
    endloop
  endfacet
  facet normal -0.5907694539661448 0.20671917261634593 -0.7799093767440911
    outer loop
      vertex 38.40653539214571 -102.40805862719544 28.766379003858578
      vertex 37.55310931064095 -102.21326969321763 29.464466094067262
      vertex 38.60327831167102 -101.84579966655524 28.766379003858578
    endloop
  endfacet
  facet normal -0.5907694539661446 0.2067191726163441 -0.7799093767440916
    outer loop
      vertex 38.60327831167102 -101.84579966655524 28.766379003858578
      vertex 37.55310931064095 -102.21326969321763 29.464466094067262
      vertex 37.814594019341165 -101.465989329117 29.464466094067262
    endloop
  endfacet
  facet normal -0.5299582869787425 0.3329948620162159 -0.7799093767440921
    outer loop
      vertex 38.60327831167102 -101.84579966655524 28.766379003858578
      vertex 37.814594019341165 -101.465989329117 29.464466094067262
      vertex 38.23580828500862 -100.79563066552517 29.464466094067262
    endloop
  endfacet
  facet normal -0.5913773606637485 -0.06663222581635343 -0.8036373334888924
    outer loop
      vertex 38.40653539214571 -103.59194137280456 28.766379003858578
      vertex 38.339839617423316 -103 28.766379003858578
      vertex 39.55278983132095 -103.18981481481481 27.88953632477587
    endloop
  endfacet
  facet normal -0.5778963502220154 0.06511328073705924 -0.8135084935461527
    outer loop
      vertex 39.62093685669703 -102.58499323621312 27.88953632477587
      vertex 38.339839617423316 -103 28.766379003858578
      vertex 38.40653539214571 -102.40805862719544 28.766379003858578
    endloop
  endfacet
  facet normal -0.5778963502220152 0.06511328073705837 -0.813508493546153
    outer loop
      vertex 39.55278983132095 -103.18981481481481 27.88953632477587
      vertex 38.339839617423316 -103 28.766379003858578
      vertex 39.62093685669703 -102.58499323621312 27.88953632477587
    endloop
  endfacet
  facet normal -0.5554569818999615 0.19436280422330848 -0.8085113738179803
    outer loop
      vertex 39.62093685669703 -102.58499323621312 27.88953632477587
      vertex 38.40653539214571 -102.40805862719544 28.766379003858578
      vertex 38.60327831167102 -101.84579966655524 28.766379003858578
    endloop
  endfacet
  facet normal -0.555456981899964 0.19436280422330418 -0.8085113738179794
    outer loop
      vertex 39.62093685669703 -102.58499323621312 27.88953632477587
      vertex 38.60327831167102 -101.84579966655524 28.766379003858578
      vertex 39.821960756415706 -102.0104999370775 27.88953632477587
    endloop
  endfacet
  facet normal -0.5221021162993709 0.32805850280524923 -0.787265519944127
    outer loop
      vertex 40.1457813527424 -101.4951424103017 27.88953632477587
      vertex 38.60327831167102 -101.84579966655524 28.766379003858578
      vertex 38.92020286448735 -101.34141713015481 28.766379003858578
    endloop
  endfacet
  facet normal -0.5221021162993708 0.3280585028052567 -0.7872655199441237
    outer loop
      vertex 39.821960756415706 -102.0104999370775 27.88953632477587
      vertex 38.60327831167102 -101.84579966655524 28.766379003858578
      vertex 40.1457813527424 -101.4951424103017 27.88953632477587
    endloop
  endfacet
  facet normal -0.7788154914092563 -0.08775143105682989 -0.6210846292482507
    outer loop
      vertex 36.872524721262714 -103.94206929807845 30.33983961742332
      vertex 36.76637900385858 -103 30.33983961742332
      vertex 37.46446609406726 -103 29.464466094067262
    endloop
  endfacet
  facet normal -0.8963620852315491 -0.10099575135803175 -0.4316652295089051
    outer loop
      vertex 36.872524721262714 -103.94206929807845 30.33983961742332
      vertex 36.280583348458165 -103 31.348604690224164
      vertex 36.76637900385858 -103 30.33983961742332
    endloop
  endfacet
  facet normal -0.7788154914092563 0.08775143105682989 -0.6210846292482507
    outer loop
      vertex 36.76637900385858 -103 30.33983961742332
      vertex 36.872524721262714 -102.05793070192155 30.33983961742332
      vertex 37.46446609406726 -103 29.464466094067262
    endloop
  endfacet
  facet normal -0.8963620852315491 0.10099575135803175 -0.4316652295089051
    outer loop
      vertex 36.76637900385858 -103 30.33983961742332
      vertex 36.280583348458165 -103 31.348604690224164
      vertex 36.872524721262714 -102.05793070192155 30.33983961742332
    endloop
  endfacet
  facet normal -0.9690985907399574 -0.10919118727172508 -0.22119042937708544
    outer loop
      vertex 36.398908977196186 -104.05016900103007 31.348604690224164
      vertex 36.03143895053379 -103 32.440177619483464
      vertex 36.280583348458165 -103 31.348604690224164
    endloop
  endfacet
  facet normal -0.9690985907399579 0.10919118727172206 -0.22119042937708552
    outer loop
      vertex 36.280583348458165 -103 31.348604690224164
      vertex 36.03143895053379 -103 32.440177619483464
      vertex 36.156011149495974 -101.8943911548538 32.440177619483464
    endloop
  endfacet
  facet normal -0.8514147473959303 0.2979229053794726 -0.4316652295089079
    outer loop
      vertex 36.872524721262714 -102.05793070192155 30.33983961742332
      vertex 36.74795252230052 -100.95232185677536 31.348604690224164
      vertex 37.18563928397855 -101.16310069218756 30.33983961742332
    endloop
  endfacet
  facet normal -0.778815491409256 0.08775143105683053 -0.6210846292482511
    outer loop
      vertex 37.46446609406726 -103 29.464466094067262
      vertex 36.872524721262714 -102.05793070192155 30.33983961742332
      vertex 37.55310931064095 -102.21326969321763 29.464466094067262
    endloop
  endfacet
  facet normal -0.7397624306197188 0.25885406999923505 -0.6210846292482506
    outer loop
      vertex 36.872524721262714 -102.05793070192155 30.33983961742332
      vertex 37.18563928397855 -101.16310069218756 30.33983961742332
      vertex 37.55310931064095 -102.21326969321763 29.464466094067262
    endloop
  endfacet
  facet normal -0.7397624306197167 0.2588540699992371 -0.6210846292482523
    outer loop
      vertex 37.55310931064095 -102.21326969321763 29.464466094067262
      vertex 37.18563928397855 -101.16310069218756 30.33983961742332
      vertex 37.814594019341165 -101.465989329117 29.464466094067262
    endloop
  endfacet
  facet normal -0.8963620852315491 0.10099575135803214 -0.4316652295089048
    outer loop
      vertex 36.280583348458165 -103 31.348604690224164
      vertex 36.398908977196186 -101.94983099896993 31.348604690224164
      vertex 36.872524721262714 -102.05793070192155 30.33983961742332
    endloop
  endfacet
  facet normal -0.9690985907399567 0.109191187271725 -0.22119042937708835
    outer loop
      vertex 36.280583348458165 -103 31.348604690224164
      vertex 36.156011149495974 -101.8943911548538 32.440177619483464
      vertex 36.398908977196186 -101.94983099896993 31.348604690224164
    endloop
  endfacet
  facet normal -0.8514147473959328 0.29792290537946964 -0.431665229508905
    outer loop
      vertex 36.872524721262714 -102.05793070192155 30.33983961742332
      vertex 36.398908977196186 -101.94983099896993 31.348604690224164
      vertex 36.74795252230052 -100.95232185677536 31.348604690224164
    endloop
  endfacet
  facet normal -0.9205039407969523 0.32209825974267514 -0.2211904293770898
    outer loop
      vertex 36.398908977196186 -101.94983099896993 31.348604690224164
      vertex 36.156011149495974 -101.8943911548538 32.440177619483464
      vertex 36.74795252230052 -100.95232185677536 31.348604690224164
    endloop
  endfacet
  facet normal -0.8467241992282849 -0.5320320765153356 8.648815883127793e-18
    outer loop
      vertex 37.11542254896292 -106.09784714425471 33.559822380516536
      vertex 36.52348117615837 -105.15577784617626 33.559822380516536
      vertex 36.52348117615837 -105.15577784617626 32.440177619483464
    endloop
  endfacet
  facet normal -0.9438833303083675 -0.3302790619551672 0
    outer loop
      vertex 36.52348117615837 -105.15577784617626 32.440177619483464
      vertex 36.52348117615837 -105.15577784617626 33.559822380516536
      vertex 36.156011149495974 -104.1056088451462 33.559822380516536
    endloop
  endfacet
  facet normal -0.8257513795726685 -0.5188539805049357 0.22119042937708372
    outer loop
      vertex 37.11542254896292 -106.09784714425471 33.559822380516536
      vertex 36.74795252230052 -105.04767814322464 34.651395309775836
      vertex 36.52348117615837 -105.15577784617626 33.559822380516536
    endloop
  endfacet
  facet normal -0.9205039407969514 -0.3220982597426816 0.2211904293770837
    outer loop
      vertex 36.52348117615837 -105.15577784617626 33.559822380516536
      vertex 36.74795252230052 -105.04767814322464 34.651395309775836
      vertex 36.156011149495974 -104.1056088451462 33.559822380516536
    endloop
  endfacet
  facet normal -0.7637739189275081 -0.4799109609074803 0.43166522950890435
    outer loop
      vertex 37.31021148294074 -105.94250815295862 34.651395309775836
      vertex 37.69002182037897 -105.63961951602919 35.660160382576684
      vertex 36.74795252230052 -105.04767814322464 34.651395309775836
    endloop
  endfacet
  facet normal -0.9438833303083675 -0.3302790619551672 3.584943550839569e-18
    outer loop
      vertex 36.52348117615837 -105.15577784617626 32.440177619483464
      vertex 36.156011149495974 -104.1056088451462 33.559822380516536
      vertex 36.156011149495974 -104.1056088451462 32.440177619483464
    endloop
  endfacet
  facet normal -0.993712209893243 -0.1119644761033043 0
    outer loop
      vertex 36.156011149495974 -104.1056088451462 32.440177619483464
      vertex 36.156011149495974 -104.1056088451462 33.559822380516536
      vertex 36.03143895053379 -103 32.440177619483464
    endloop
  endfacet
  facet normal -0.9205039407969523 -0.32209825974267514 0.22119042937708974
    outer loop
      vertex 36.74795252230052 -105.04767814322464 34.651395309775836
      vertex 36.398908977196186 -104.05016900103007 34.651395309775836
      vertex 36.156011149495974 -104.1056088451462 33.559822380516536
    endloop
  endfacet
  facet normal -0.8514147473959333 -0.29792290537946975 0.4316652295089037
    outer loop
      vertex 36.74795252230052 -105.04767814322464 34.651395309775836
      vertex 36.872524721262714 -103.94206929807845 35.660160382576684
      vertex 36.398908977196186 -104.05016900103007 34.651395309775836
    endloop
  endfacet
  facet normal -0.9690985907399572 -0.10919118727172199 0.22119042937708835
    outer loop
      vertex 36.156011149495974 -104.1056088451462 33.559822380516536
      vertex 36.398908977196186 -104.05016900103007 34.651395309775836
      vertex 36.03143895053379 -103 33.559822380516536
    endloop
  endfacet
  facet normal -0.8963620852315499 -0.10099575135803222 0.43166522950890357
    outer loop
      vertex 36.398908977196186 -104.05016900103007 34.651395309775836
      vertex 36.872524721262714 -103.94206929807845 35.660160382576684
      vertex 36.280583348458165 -103 34.651395309775836
    endloop
  endfacet
  facet normal -0.8514147473959308 -0.29792290537947275 0.4316652295089067
    outer loop
      vertex 36.74795252230052 -105.04767814322464 34.651395309775836
      vertex 37.18563928397855 -104.83689930781244 35.660160382576684
      vertex 36.872524721262714 -103.94206929807845 35.660160382576684
    endloop
  endfacet
  facet normal -0.7637739189275088 -0.47991096090747715 0.4316652295089068
    outer loop
      vertex 36.74795252230052 -105.04767814322464 34.651395309775836
      vertex 37.69002182037897 -105.63961951602919 35.660160382576684
      vertex 37.18563928397855 -104.83689930781244 35.660160382576684
    endloop
  endfacet
  facet normal -0.5541903478551202 -0.5541903478551202 0.6210846292482544
    outer loop
      vertex 38.79563066552516 -105.76419171499137 36.53553390593274
      vertex 38.23580828500862 -105.20436933447483 36.53553390593274
      vertex 37.69002182037897 -105.63961951602919 35.660160382576684
    endloop
  endfacet
  facet normal -0.6636145925800071 -0.41697668499141605 0.6210846292482534
    outer loop
      vertex 37.69002182037897 -105.63961951602919 35.660160382576684
      vertex 37.814594019341165 -104.534010670883 36.53553390593274
      vertex 37.18563928397855 -104.83689930781244 35.660160382576684
    endloop
  endfacet
  facet normal -0.6636145925800053 -0.41697668499141716 0.6210846292482546
    outer loop
      vertex 37.69002182037897 -105.63961951602919 35.660160382576684
      vertex 38.23580828500862 -105.20436933447483 36.53553390593274
      vertex 37.814594019341165 -104.534010670883 36.53553390593274
    endloop
  endfacet
  facet normal -0.7788154914092549 -0.08775143105682974 0.6210846292482526
    outer loop
      vertex 36.872524721262714 -103.94206929807845 35.660160382576684
      vertex 37.55310931064095 -103.78673030678237 36.53553390593274
      vertex 36.76637900385858 -103 35.660160382576684
    endloop
  endfacet
  facet normal -0.7397624306197157 -0.2588540699992367 0.6210846292482538
    outer loop
      vertex 37.18563928397855 -104.83689930781244 35.660160382576684
      vertex 37.814594019341165 -104.534010670883 36.53553390593274
      vertex 37.55310931064095 -103.78673030678237 36.53553390593274
    endloop
  endfacet
  facet normal -0.7397624306197177 -0.2588540699992346 0.6210846292482521
    outer loop
      vertex 37.18563928397855 -104.83689930781244 35.660160382576684
      vertex 37.55310931064095 -103.78673030678237 36.53553390593274
      vertex 36.872524721262714 -103.94206929807845 35.660160382576684
    endloop
  endfacet
  facet normal -0.5907694539661428 -0.2067191726163434 0.7799093767440931
    outer loop
      vertex 37.814594019341165 -104.534010670883 36.53553390593274
      vertex 38.60327831167102 -104.15420033344476 37.23362099614142
      vertex 37.55310931064095 -103.78673030678237 36.53553390593274
    endloop
  endfacet
  facet normal -0.590769453966143 -0.20671917261634523 0.7799093767440927
    outer loop
      vertex 37.55310931064095 -103.78673030678237 36.53553390593274
      vertex 38.60327831167102 -104.15420033344476 37.23362099614142
      vertex 38.40653539214571 -103.59194137280456 37.23362099614142
    endloop
  endfacet
  facet normal -0.4425727985691406 -0.4425727985691406 0.7799093767440918
    outer loop
      vertex 38.79563066552516 -105.76419171499137 36.53553390593274
      vertex 39.34141713015481 -105.07979713551265 37.23362099614142
      vertex 38.23580828500862 -105.20436933447483 36.53553390593274
    endloop
  endfacet
  facet normal -0.3329948620162191 -0.5299582869787409 0.7799093767440918
    outer loop
      vertex 38.79563066552516 -105.76419171499137 36.53553390593274
      vertex 39.465989329117 -106.18540598065884 36.53553390593274
      vertex 39.34141713015481 -105.07979713551265 37.23362099614142
    endloop
  endfacet
  facet normal -0.4425727985691406 -0.44257279856914056 0.7799093767440919
    outer loop
      vertex 38.23580828500862 -105.20436933447483 36.53553390593274
      vertex 39.34141713015481 -105.07979713551265 37.23362099614142
      vertex 38.92020286448735 -104.65858286984519 37.23362099614142
    endloop
  endfacet
  facet normal -0.5299582869787423 -0.33299486201621575 0.7799093767440923
    outer loop
      vertex 38.23580828500862 -105.20436933447483 36.53553390593274
      vertex 38.92020286448735 -104.65858286984519 37.23362099614142
      vertex 37.814594019341165 -104.534010670883 36.53553390593274
    endloop
  endfacet
  facet normal -0.308375169853972 -0.308375169853972 0.8998941655745234
    outer loop
      vertex 39.34141713015481 -105.07979713551265 37.23362099614142
      vertex 39.97037186551742 -104.29111284318279 37.719416651541835
      vertex 38.92020286448735 -104.65858286984519 37.23362099614142
    endloop
  endfacet
  facet normal -0.33299486201621087 -0.5299582869787418 0.7799093767440947
    outer loop
      vertex 39.465989329117 -106.18540598065884 36.53553390593274
      vertex 39.84579966655524 -105.39672168832898 37.23362099614142
      vertex 39.34141713015481 -105.07979713551265 37.23362099614142
    endloop
  endfacet
  facet normal -0.14403745592529577 -0.41163539941980276 0.8998941655745236
    outer loop
      vertex 39.84579966655524 -105.39672168832898 37.23362099614142
      vertex 40.40805862719545 -105.59346460785429 37.23362099614142
      vertex 40.28348642823326 -104.4878557627081 37.719416651541835
    endloop
  endfacet
  facet normal -0.23202362970960444 -0.3692634913192919 0.8998941655745233
    outer loop
      vertex 39.34141713015481 -105.07979713551265 37.23362099614142
      vertex 39.84579966655524 -105.39672168832898 37.23362099614142
      vertex 40.28348642823326 -104.4878557627081 37.719416651541835
    endloop
  endfacet
  facet normal -0.23202362970960524 -0.3692634913192907 0.8998941655745236
    outer loop
      vertex 39.34141713015481 -105.07979713551265 37.23362099614142
      vertex 40.28348642823326 -104.4878557627081 37.719416651541835
      vertex 39.97037186551742 -104.29111284318279 37.719416651541835
    endloop
  endfacet
  facet normal -0.14403745592529613 -0.41163539941980276 0.8998941655745235
    outer loop
      vertex 40.40805862719545 -105.59346460785429 37.23362099614142
      vertex 40.632529973337604 -104.6099913815466 37.719416651541835
      vertex 40.28348642823326 -104.4878557627081 37.719416651541835
    endloop
  endfacet
  facet normal -0.5299582869787427 -0.3329948620162113 0.7799093767440939
    outer loop
      vertex 37.814594019341165 -104.534010670883 36.53553390593274
      vertex 38.92020286448735 -104.65858286984519 37.23362099614142
      vertex 38.60327831167102 -104.15420033344476 37.23362099614142
    endloop
  endfacet
  facet normal -0.36926349131929337 -0.23202362970960536 0.8998941655745225
    outer loop
      vertex 38.92020286448735 -104.65858286984519 37.23362099614142
      vertex 39.708887156817205 -104.02962813448258 37.719416651541835
      vertex 38.60327831167102 -104.15420033344476 37.23362099614142
    endloop
  endfacet
  facet normal -0.41163539941980465 -0.14403745592529824 0.8998941655745222
    outer loop
      vertex 38.60327831167102 -104.15420033344476 37.23362099614142
      vertex 39.390008618453386 -103.3674700266624 37.719416651541835
      vertex 38.40653539214571 -103.59194137280456 37.23362099614142
    endloop
  endfacet
  facet normal -0.36926349131929315 -0.2320236297096067 0.8998941655745223
    outer loop
      vertex 38.60327831167102 -104.15420033344476 37.23362099614142
      vertex 39.708887156817205 -104.02962813448258 37.719416651541835
      vertex 39.5121442372919 -103.71651357176674 37.719416651541835
    endloop
  endfacet
  facet normal -0.4116353994198037 -0.14403745592529943 0.8998941655745225
    outer loop
      vertex 38.60327831167102 -104.15420033344476 37.23362099614142
      vertex 39.5121442372919 -103.71651357176674 37.719416651541835
      vertex 39.390008618453386 -103.3674700266624 37.719416651541835
    endloop
  endfacet
  facet normal -0.3083751698539694 -0.30837516985397784 0.8998941655745224
    outer loop
      vertex 38.92020286448735 -104.65858286984519 37.23362099614142
      vertex 39.97037186551742 -104.29111284318279 37.719416651541835
      vertex 39.708887156817205 -104.02962813448258 37.719416651541835
    endloop
  endfacet
  facet normal -0.07393580955085106 -0.21129640412196452 0.9746216320558393
    outer loop
      vertex 40.28348642823326 -104.4878557627081 37.719416651541835
      vertex 40.632529973337604 -104.6099913815466 37.719416651541835
      vertex 40.75710217229979 -103.50438253640043 37.96856104946621
    endloop
  endfacet
  facet normal -0.11909995762771443 -0.18954649672808208 0.9746216320558392
    outer loop
      vertex 39.97037186551742 -104.29111284318279 37.719416651541835
      vertex 40.28348642823326 -104.4878557627081 37.719416651541835
      vertex 40.75710217229979 -103.50438253640043 37.96856104946621
    endloop
  endfacet
  facet normal -0.18954649672808022 -0.11909995762771325 0.9746216320558397
    outer loop
      vertex 39.708887156817205 -104.02962813448258 37.719416651541835
      vertex 40.56231323832197 -103.34904354510434 37.96856104946621
      vertex 39.5121442372919 -103.71651357176674 37.719416651541835
    endloop
  endfacet
  facet normal -0.15829193651100792 -0.15829193651101223 0.9746216320558398
    outer loop
      vertex 39.97037186551742 -104.29111284318279 37.719416651541835
      vertex 40.56231323832197 -103.34904354510434 37.96856104946621
      vertex 39.708887156817205 -104.02962813448258 37.719416651541835
    endloop
  endfacet
  facet normal -0.15829193651101042 -0.1582919365110106 0.9746216320558395
    outer loop
      vertex 39.97037186551742 -104.29111284318279 37.719416651541835
      vertex 40.650956454895656 -103.43768676167802 37.96856104946621
      vertex 40.56231323832197 -103.34904354510434 37.96856104946621
    endloop
  endfacet
  facet normal -0.11909995762772421 -0.1895464967280726 0.9746216320558398
    outer loop
      vertex 39.97037186551742 -104.29111284318279 37.719416651541835
      vertex 40.75710217229979 -103.50438253640043 37.96856104946621
      vertex 40.650956454895656 -103.43768676167802 37.96856104946621
    endloop
  endfacet
  facet normal -0.993712209893243 -0.1119644761033043 5.718661740425908e-19
    outer loop
      vertex 36.156011149495974 -104.1056088451462 33.559822380516536
      vertex 36.03143895053379 -103 33.559822380516536
      vertex 36.03143895053379 -103 32.440177619483464
    endloop
  endfacet
  facet normal -0.993712209893243 0.1119644761033043 0
    outer loop
      vertex 36.03143895053379 -103 32.440177619483464
      vertex 36.03143895053379 -103 33.559822380516536
      vertex 36.156011149495974 -101.8943911548538 33.559822380516536
    endloop
  endfacet
  facet normal -0.9690985907399574 -0.10919118727172508 0.22119042937708544
    outer loop
      vertex 36.398908977196186 -104.05016900103007 34.651395309775836
      vertex 36.280583348458165 -103 34.651395309775836
      vertex 36.03143895053379 -103 33.559822380516536
    endloop
  endfacet
  facet normal -0.9690985907399574 0.10919118727172508 0.22119042937708544
    outer loop
      vertex 36.03143895053379 -103 33.559822380516536
      vertex 36.280583348458165 -103 34.651395309775836
      vertex 36.398908977196186 -101.94983099896993 34.651395309775836
    endloop
  endfacet
  facet normal -0.993712209893243 0.1119644761033043 -5.718661740425908e-19
    outer loop
      vertex 36.03143895053379 -103 32.440177619483464
      vertex 36.156011149495974 -101.8943911548538 33.559822380516536
      vertex 36.156011149495974 -101.8943911548538 32.440177619483464
    endloop
  endfacet
  facet normal -0.9438833303083675 0.3302790619551672 0
    outer loop
      vertex 36.156011149495974 -101.8943911548538 32.440177619483464
      vertex 36.156011149495974 -101.8943911548538 33.559822380516536
      vertex 36.52348117615837 -100.84422215382374 33.559822380516536
    endloop
  endfacet
  facet normal -0.9690985907399572 0.10919118727172199 0.22119042937708835
    outer loop
      vertex 36.03143895053379 -103 33.559822380516536
      vertex 36.398908977196186 -101.94983099896993 34.651395309775836
      vertex 36.156011149495974 -101.8943911548538 33.559822380516536
    endloop
  endfacet
  facet normal -0.8963620852315499 0.10099575135803222 0.43166522950890357
    outer loop
      vertex 36.280583348458165 -103 34.651395309775836
      vertex 36.872524721262714 -102.05793070192155 35.660160382576684
      vertex 36.398908977196186 -101.94983099896993 34.651395309775836
    endloop
  endfacet
  facet normal -0.9205039407969501 0.32209825974268114 0.22119042937708958
    outer loop
      vertex 36.156011149495974 -101.8943911548538 33.559822380516536
      vertex 36.398908977196186 -101.94983099896993 34.651395309775836
      vertex 36.52348117615837 -100.84422215382374 33.559822380516536
    endloop
  endfacet
  facet normal -0.8514147473959333 0.29792290537946975 0.4316652295089037
    outer loop
      vertex 36.398908977196186 -101.94983099896993 34.651395309775836
      vertex 36.872524721262714 -102.05793070192155 35.660160382576684
      vertex 36.74795252230052 -100.95232185677536 34.651395309775836
    endloop
  endfacet
  facet normal -0.8963620852315498 -0.10099575135803184 0.43166522950890396
    outer loop
      vertex 36.872524721262714 -103.94206929807845 35.660160382576684
      vertex 36.76637900385858 -103 35.660160382576684
      vertex 36.280583348458165 -103 34.651395309775836
    endloop
  endfacet
  facet normal -0.8963620852315498 0.10099575135803185 0.43166522950890396
    outer loop
      vertex 36.280583348458165 -103 34.651395309775836
      vertex 36.76637900385858 -103 35.660160382576684
      vertex 36.872524721262714 -102.05793070192155 35.660160382576684
    endloop
  endfacet
  facet normal -0.778815491409255 -0.08775143105683042 0.6210846292482521
    outer loop
      vertex 37.55310931064095 -103.78673030678237 36.53553390593274
      vertex 37.46446609406726 -103 36.53553390593274
      vertex 36.76637900385858 -103 35.660160382576684
    endloop
  endfacet
  facet normal -0.7788154914092552 0.0877514310568305 0.6210846292482523
    outer loop
      vertex 36.76637900385858 -103 35.660160382576684
      vertex 37.46446609406726 -103 36.53553390593274
      vertex 37.55310931064095 -102.21326969321763 36.53553390593274
    endloop
  endfacet
  facet normal -0.6219569736932737 -0.07007772071739717 0.7799093767440926
    outer loop
      vertex 37.55310931064095 -103.78673030678237 36.53553390593274
      vertex 38.339839617423316 -103 37.23362099614142
      vertex 37.46446609406726 -103 36.53553390593274
    endloop
  endfacet
  facet normal -0.6219569736932734 -0.07007772071739782 0.7799093767440928
    outer loop
      vertex 37.55310931064095 -103.78673030678237 36.53553390593274
      vertex 38.40653539214571 -103.59194137280456 37.23362099614142
      vertex 38.339839617423316 -103 37.23362099614142
    endloop
  endfacet
  facet normal -0.6219569736932737 0.07007772071739717 0.7799093767440926
    outer loop
      vertex 37.46446609406726 -103 36.53553390593274
      vertex 38.339839617423316 -103 37.23362099614142
      vertex 37.55310931064095 -102.21326969321763 36.53553390593274
    endloop
  endfacet
  facet normal -0.6219569736932734 0.0700777207173977 0.7799093767440928
    outer loop
      vertex 37.55310931064095 -102.21326969321763 36.53553390593274
      vertex 38.339839617423316 -103 37.23362099614142
      vertex 38.40653539214571 -102.40805862719544 37.23362099614142
    endloop
  endfacet
  facet normal -0.7788154914092549 0.08775143105682974 0.6210846292482526
    outer loop
      vertex 36.76637900385858 -103 35.660160382576684
      vertex 37.55310931064095 -102.21326969321763 36.53553390593274
      vertex 36.872524721262714 -102.05793070192155 35.660160382576684
    endloop
  endfacet
  facet normal -0.8514147473959308 0.29792290537947275 0.4316652295089067
    outer loop
      vertex 36.872524721262714 -102.05793070192155 35.660160382576684
      vertex 37.18563928397855 -101.16310069218756 35.660160382576684
      vertex 36.74795252230052 -100.95232185677536 34.651395309775836
    endloop
  endfacet
  facet normal -0.7397624306197168 0.2588540699992371 0.621084629248252
    outer loop
      vertex 36.872524721262714 -102.05793070192155 35.660160382576684
      vertex 37.55310931064095 -102.21326969321763 36.53553390593274
      vertex 37.814594019341165 -101.465989329117 36.53553390593274
    endloop
  endfacet
  facet normal -0.7397624306197166 0.25885406999923427 0.6210846292482537
    outer loop
      vertex 36.872524721262714 -102.05793070192155 35.660160382576684
      vertex 37.814594019341165 -101.465989329117 36.53553390593274
      vertex 37.18563928397855 -101.16310069218756 35.660160382576684
    endloop
  endfacet
  facet normal -0.590769453966143 0.2067191726163452 0.7799093767440927
    outer loop
      vertex 37.55310931064095 -102.21326969321763 36.53553390593274
      vertex 38.40653539214571 -102.40805862719544 37.23362099614142
      vertex 38.60327831167102 -101.84579966655524 37.23362099614142
    endloop
  endfacet
  facet normal -0.5907694539661428 0.2067191726163434 0.7799093767440931
    outer loop
      vertex 37.55310931064095 -102.21326969321763 36.53553390593274
      vertex 38.60327831167102 -101.84579966655524 37.23362099614142
      vertex 37.814594019341165 -101.465989329117 36.53553390593274
    endloop
  endfacet
  facet normal -0.4333661897536688 -0.048828642652855685 0.8998941655745228
    outer loop
      vertex 38.40653539214571 -103.59194137280456 37.23362099614142
      vertex 39.348604690224164 -103 37.719416651541835
      vertex 38.339839617423316 -103 37.23362099614142
    endloop
  endfacet
  facet normal -0.43336618975367075 -0.04882864265285203 0.8998941655745222
    outer loop
      vertex 38.40653539214571 -103.59194137280456 37.23362099614142
      vertex 39.390008618453386 -103.3674700266624 37.719416651541835
      vertex 39.348604690224164 -103 37.719416651541835
    endloop
  endfacet
  facet normal -0.43336618975367 0.048828642652855817 0.8998941655745224
    outer loop
      vertex 38.339839617423316 -103 37.23362099614142
      vertex 39.390008618453386 -102.6325299733376 37.719416651541835
      vertex 38.40653539214571 -102.40805862719544 37.23362099614142
    endloop
  endfacet
  facet normal -0.43336618975366886 0.04882864265285188 0.8998941655745231
    outer loop
      vertex 38.339839617423316 -103 37.23362099614142
      vertex 39.348604690224164 -103 37.719416651541835
      vertex 39.390008618453386 -102.6325299733376 37.719416651541835
    endloop
  endfacet
  facet normal -0.41163539941980426 0.1440374559252997 0.8998941655745222
    outer loop
      vertex 39.390008618453386 -102.6325299733376 37.719416651541835
      vertex 39.5121442372919 -102.28348642823326 37.719416651541835
      vertex 38.40653539214571 -102.40805862719544 37.23362099614142
    endloop
  endfacet
  facet normal -0.211296404121961 -0.07393580955085133 0.9746216320558401
    outer loop
      vertex 39.5121442372919 -103.71651357176674 37.719416651541835
      vertex 40.49561746359958 -103.2428978277002 37.96856104946621
      vertex 39.390008618453386 -103.3674700266624 37.719416651541835
    endloop
  endfacet
  facet normal -0.22245102751622278 -0.025064211254051564 0.97462163205584
    outer loop
      vertex 39.390008618453386 -103.3674700266624 37.719416651541835
      vertex 40.440177619483464 -103 37.96856104946621
      vertex 39.348604690224164 -103 37.719416651541835
    endloop
  endfacet
  facet normal -0.18954649672808313 -0.11909995762770555 0.9746216320558402
    outer loop
      vertex 39.5121442372919 -103.71651357176674 37.719416651541835
      vertex 40.56231323832197 -103.34904354510434 37.96856104946621
      vertex 40.49561746359958 -103.2428978277002 37.96856104946621
    endloop
  endfacet
  facet normal 0 0 1
    outer loop
      vertex 40.49561746359958 -103.2428978277002 37.96856104946621
      vertex 40.75710217229979 -103.50438253640043 37.96856104946621
      vertex 40.440177619483464 -103 37.96856104946621
    endloop
  endfacet
  facet normal -0.21129640412196013 -0.07393580955085842 0.9746216320558397
    outer loop
      vertex 39.390008618453386 -103.3674700266624 37.719416651541835
      vertex 40.49561746359958 -103.2428978277002 37.96856104946621
      vertex 40.45421353537035 -103.12457219896218 37.96856104946621
    endloop
  endfacet
  facet normal -0.222451027516225 -0.025064211254045066 0.9746216320558395
    outer loop
      vertex 39.390008618453386 -103.3674700266624 37.719416651541835
      vertex 40.45421353537035 -103.12457219896218 37.96856104946621
      vertex 40.440177619483464 -103 37.96856104946621
    endloop
  endfacet
  facet normal 0 0 1
    outer loop
      vertex 40.49561746359958 -103.2428978277002 37.96856104946621
      vertex 40.440177619483464 -103 37.96856104946621
      vertex 40.45421353537035 -103.12457219896218 37.96856104946621
    endloop
  endfacet
  facet normal -0.2224510275162235 0.025064211254051644 0.9746216320558397
    outer loop
      vertex 39.348604690224164 -103 37.719416651541835
      vertex 40.45421353537035 -102.87542780103782 37.96856104946621
      vertex 39.390008618453386 -102.6325299733376 37.719416651541835
    endloop
  endfacet
  facet normal -0.21129640412196174 0.0739358095508516 0.97462163205584
    outer loop
      vertex 39.390008618453386 -102.6325299733376 37.719416651541835
      vertex 40.45421353537035 -102.87542780103782 37.96856104946621
      vertex 39.5121442372919 -102.28348642823326 37.719416651541835
    endloop
  endfacet
  facet normal -0.22245102751622287 0.025064211254044875 0.9746216320558402
    outer loop
      vertex 39.348604690224164 -103 37.719416651541835
      vertex 40.440177619483464 -103 37.96856104946621
      vertex 40.45421353537035 -102.87542780103782 37.96856104946621
    endloop
  endfacet
  facet normal 0 0 1
    outer loop
      vertex 40.440177619483464 -103 37.96856104946621
      vertex 40.56231323832197 -102.65095645489566 37.96856104946621
      vertex 40.45421353537035 -102.87542780103782 37.96856104946621
    endloop
  endfacet
  facet normal 0 0 1
    outer loop
      vertex 40.45421353537035 -102.87542780103782 37.96856104946621
      vertex 40.56231323832197 -102.65095645489566 37.96856104946621
      vertex 40.49561746359958 -102.7571021722998 37.96856104946621
    endloop
  endfacet
  facet normal -0.21129640412195788 0.07393580955085785 0.9746216320558402
    outer loop
      vertex 40.45421353537035 -102.87542780103782 37.96856104946621
      vertex 40.49561746359958 -102.7571021722998 37.96856104946621
      vertex 39.5121442372919 -102.28348642823326 37.719416651541835
    endloop
  endfacet
  facet normal -0.18954649672808307 0.11909995762770538 0.9746216320558402
    outer loop
      vertex 40.49561746359958 -102.7571021722998 37.96856104946621
      vertex 40.56231323832197 -102.65095645489566 37.96856104946621
      vertex 39.5121442372919 -102.28348642823326 37.719416651541835
    endloop
  endfacet
  facet normal -0.41163539941980426 0.1440374559252981 0.8998941655745225
    outer loop
      vertex 38.40653539214571 -102.40805862719544 37.23362099614142
      vertex 39.5121442372919 -102.28348642823326 37.719416651541835
      vertex 38.60327831167102 -101.84579966655524 37.23362099614142
    endloop
  endfacet
  facet normal -0.36926349131929315 0.23202362970960677 0.8998941655745223
    outer loop
      vertex 38.60327831167102 -101.84579966655524 37.23362099614142
      vertex 39.5121442372919 -102.28348642823326 37.719416651541835
      vertex 39.708887156817205 -101.97037186551742 37.719416651541835
    endloop
  endfacet
  facet normal -0.5299582869787426 0.33299486201621126 0.7799093767440939
    outer loop
      vertex 37.814594019341165 -101.465989329117 36.53553390593274
      vertex 38.60327831167102 -101.84579966655524 37.23362099614142
      vertex 38.92020286448735 -101.34141713015481 37.23362099614142
    endloop
  endfacet
  facet normal -0.36926349131929337 0.23202362970960536 0.8998941655745225
    outer loop
      vertex 38.60327831167102 -101.84579966655524 37.23362099614142
      vertex 39.708887156817205 -101.97037186551742 37.719416651541835
      vertex 38.92020286448735 -101.34141713015481 37.23362099614142
    endloop
  endfacet
  facet normal -0.30837516985397323 0.30837516985397323 0.8998941655745227
    outer loop
      vertex 39.708887156817205 -101.97037186551742 37.719416651541835
      vertex 39.34141713015481 -100.92020286448735 37.23362099614142
      vertex 38.92020286448735 -101.34141713015481 37.23362099614142
    endloop
  endfacet
  facet normal -0.18954649672808022 0.11909995762771322 0.9746216320558397
    outer loop
      vertex 40.56231323832197 -102.65095645489566 37.96856104946621
      vertex 39.708887156817205 -101.97037186551742 37.719416651541835
      vertex 39.5121442372919 -102.28348642823326 37.719416651541835
    endloop
  endfacet
  facet normal -0.15829193651101048 0.15829193651101048 0.9746216320558395
    outer loop
      vertex 40.56231323832197 -102.65095645489566 37.96856104946621
      vertex 40.650956454895656 -102.56231323832198 37.96856104946621
      vertex 39.97037186551742 -101.70888715681721 37.719416651541835
    endloop
  endfacet
  facet normal -0.1190999576277241 0.18954649672807253 0.9746216320558401
    outer loop
      vertex 39.97037186551742 -101.70888715681721 37.719416651541835
      vertex 40.650956454895656 -102.56231323832198 37.96856104946621
      vertex 40.75710217229979 -102.49561746359957 37.96856104946621
    endloop
  endfacet
  facet normal -0.15829193651100798 0.15829193651101223 0.9746216320558398
    outer loop
      vertex 40.56231323832197 -102.65095645489566 37.96856104946621
      vertex 39.97037186551742 -101.70888715681721 37.719416651541835
      vertex 39.708887156817205 -101.97037186551742 37.719416651541835
    endloop
  endfacet
  facet normal -0.11909995762771443 0.18954649672808208 0.9746216320558392
    outer loop
      vertex 39.97037186551742 -101.70888715681721 37.719416651541835
      vertex 40.75710217229979 -102.49561746359957 37.96856104946621
      vertex 40.28348642823326 -101.5121442372919 37.719416651541835
    endloop
  endfacet
  facet normal -0.30837516985396746 0.3083751698539758 0.8998941655745237
    outer loop
      vertex 39.708887156817205 -101.97037186551742 37.719416651541835
      vertex 39.97037186551742 -101.70888715681721 37.719416651541835
      vertex 39.34141713015481 -100.92020286448735 37.23362099614142
    endloop
  endfacet
  facet normal -0.23202362970960527 0.3692634913192908 0.8998941655745236
    outer loop
      vertex 39.97037186551742 -101.70888715681721 37.719416651541835
      vertex 40.28348642823326 -101.5121442372919 37.719416651541835
      vertex 39.34141713015481 -100.92020286448735 37.23362099614142
    endloop
  endfacet
  facet normal -0.07393580955085106 0.21129640412196452 0.9746216320558393
    outer loop
      vertex 40.28348642823326 -101.5121442372919 37.719416651541835
      vertex 40.75710217229979 -102.49561746359957 37.96856104946621
      vertex 40.632529973337604 -101.3900086184534 37.719416651541835
    endloop
  endfacet
  facet normal -0.048828642652851036 -0.4333661897536684 0.8998941655745234
    outer loop
      vertex 40.40805862719545 -105.59346460785429 37.23362099614142
      vertex 41 -105.66016038257668 37.23362099614142
      vertex 40.632529973337604 -104.6099913815466 37.719416651541835
    endloop
  endfacet
  facet normal 0.048828642652851036 -0.4333661897536684 0.8998941655745234
    outer loop
      vertex 41 -105.66016038257668 37.23362099614142
      vertex 41.59194137280455 -105.59346460785429 37.23362099614142
      vertex 41.367470026662396 -104.6099913815466 37.719416651541835
    endloop
  endfacet
  facet normal -0.04882864265286139 -0.4333661897536712 0.8998941655745216
    outer loop
      vertex 41 -105.66016038257668 37.23362099614142
      vertex 41 -104.65139530977584 37.719416651541835
      vertex 40.632529973337604 -104.6099913815466 37.719416651541835
    endloop
  endfacet
  facet normal 0.048828642652861444 -0.4333661897536712 0.8998941655745216
    outer loop
      vertex 41 -105.66016038257668 37.23362099614142
      vertex 41.367470026662396 -104.6099913815466 37.719416651541835
      vertex 41 -104.65139530977584 37.719416651541835
    endloop
  endfacet
  facet normal 0.14403745592529626 -0.41163539941980276 0.8998941655745234
    outer loop
      vertex 41.59194137280455 -105.59346460785429 37.23362099614142
      vertex 41.71651357176674 -104.4878557627081 37.719416651541835
      vertex 41.367470026662396 -104.6099913815466 37.719416651541835
    endloop
  endfacet
  facet normal 0.3257519052943499 -0.5184311873900649 0.7906420176909574
    outer loop
      vertex 42.15420033344476 -105.39672168832898 37.23362099614142
      vertex 43.45014821107064 -105.63868739173243 36.54101923077968
      vertex 42.65858286984519 -105.07979713551265 37.23362099614142
    endloop
  endfacet
  facet normal 0.14403745592529577 -0.41163539941980276 0.8998941655745236
    outer loop
      vertex 41.59194137280455 -105.59346460785429 37.23362099614142
      vertex 42.15420033344476 -105.39672168832898 37.23362099614142
      vertex 41.71651357176674 -104.4878557627081 37.719416651541835
    endloop
  endfacet
  facet normal 0.23202362970960444 -0.3692634913192919 0.8998941655745233
    outer loop
      vertex 42.15420033344476 -105.39672168832898 37.23362099614142
      vertex 42.65858286984519 -105.07979713551265 37.23362099614142
      vertex 41.71651357176674 -104.4878557627081 37.719416651541835
    endloop
  endfacet
  facet normal 0.23202362970960524 -0.3692634913192908 0.8998941655745236
    outer loop
      vertex 42.65858286984519 -105.07979713551265 37.23362099614142
      vertex 42.02962813448258 -104.29111284318279 37.719416651541835
      vertex 41.71651357176674 -104.4878557627081 37.719416651541835
    endloop
  endfacet
  facet normal -0.025064211254056334 -0.22245102751622262 0.9746216320558398
    outer loop
      vertex 40.632529973337604 -104.6099913815466 37.719416651541835
      vertex 41 -104.65139530977584 37.719416651541835
      vertex 40.875427801037816 -103.54578646462964 37.96856104946621
    endloop
  endfacet
  facet normal 0.025064211254056334 -0.22245102751622262 0.9746216320558398
    outer loop
      vertex 41 -104.65139530977584 37.719416651541835
      vertex 41.367470026662396 -104.6099913815466 37.719416651541835
      vertex 41.124572198962184 -103.54578646462964 37.96856104946621
    endloop
  endfacet
  facet normal 0.07393580955085036 -0.21129640412196252 0.9746216320558398
    outer loop
      vertex 41.367470026662396 -104.6099913815466 37.719416651541835
      vertex 41.71651357176674 -104.4878557627081 37.719416651541835
      vertex 41.124572198962184 -103.54578646462964 37.96856104946621
    endloop
  endfacet
  facet normal 0.11909995762771443 -0.18954649672808208 0.9746216320558392
    outer loop
      vertex 41.71651357176674 -104.4878557627081 37.719416651541835
      vertex 42.02962813448258 -104.29111284318279 37.719416651541835
      vertex 41.24289782770021 -103.50438253640043 37.96856104946621
    endloop
  endfacet
  facet normal -0.07393580955083132 -0.21129640412196696 0.9746216320558403
    outer loop
      vertex 40.632529973337604 -104.6099913815466 37.719416651541835
      vertex 40.875427801037816 -103.54578646462964 37.96856104946621
      vertex 40.75710217229979 -103.50438253640043 37.96856104946621
    endloop
  endfacet
  facet normal -0.025064211254057372 -0.22245102751622278 0.9746216320558397
    outer loop
      vertex 41 -104.65139530977584 37.719416651541835
      vertex 41 -103.55982238051654 37.96856104946621
      vertex 40.875427801037816 -103.54578646462964 37.96856104946621
    endloop
  endfacet
  facet normal 0.025064211254057552 -0.22245102751622278 0.9746216320558397
    outer loop
      vertex 41 -104.65139530977584 37.719416651541835
      vertex 41.124572198962184 -103.54578646462964 37.96856104946621
      vertex 41 -103.55982238051654 37.96856104946621
    endloop
  endfacet
  facet normal 0 0 1
    outer loop
      vertex 40.875427801037816 -103.54578646462964 37.96856104946621
      vertex 41.124572198962184 -103.54578646462964 37.96856104946621
      vertex 40.75710217229979 -103.50438253640043 37.96856104946621
    endloop
  endfacet
  facet normal 0 0 1
    outer loop
      vertex 40.875427801037816 -103.54578646462964 37.96856104946621
      vertex 41 -103.55982238051654 37.96856104946621
      vertex 41.124572198962184 -103.54578646462964 37.96856104946621
    endloop
  endfacet
  facet normal 0.07393580955083329 -0.21129640412197292 0.9746216320558387
    outer loop
      vertex 41.124572198962184 -103.54578646462964 37.96856104946621
      vertex 41.71651357176674 -104.4878557627081 37.719416651541835
      vertex 41.24289782770021 -103.50438253640043 37.96856104946621
    endloop
  endfacet
  facet normal 0.1190999576277241 -0.18954649672807253 0.9746216320558401
    outer loop
      vertex 42.02962813448258 -104.29111284318279 37.719416651541835
      vertex 41.349043545104344 -103.43768676167802 37.96856104946621
      vertex 41.24289782770021 -103.50438253640043 37.96856104946621
    endloop
  endfacet
  facet normal 0.15829193651100976 -0.15829193651100976 0.9746216320558397
    outer loop
      vertex 42.291112843182795 -104.02962813448258 37.719416651541835
      vertex 41.43768676167803 -103.34904354510434 37.96856104946621
      vertex 41.349043545104344 -103.43768676167802 37.96856104946621
    endloop
  endfacet
  facet normal 0.3083751698539674 -0.30837516985397584 0.8998941655745237
    outer loop
      vertex 42.65858286984519 -105.07979713551265 37.23362099614142
      vertex 42.291112843182795 -104.02962813448258 37.719416651541835
      vertex 42.02962813448258 -104.29111284318279 37.719416651541835
    endloop
  endfacet
  facet normal 0.30837516985397323 -0.30837516985397323 0.8998941655745225
    outer loop
      vertex 42.65858286984519 -105.07979713551265 37.23362099614142
      vertex 43.07979713551265 -104.65858286984519 37.23362099614142
      vertex 42.291112843182795 -104.02962813448258 37.719416651541835
    endloop
  endfacet
  facet normal 0.3692634913192926 -0.2320236297096064 0.8998941655745225
    outer loop
      vertex 42.291112843182795 -104.02962813448258 37.719416651541835
      vertex 43.07979713551265 -104.65858286984519 37.23362099614142
      vertex 42.4878557627081 -103.71651357176674 37.719416651541835
    endloop
  endfacet
  facet normal 0.15829193651100812 -0.15829193651101245 0.9746216320558396
    outer loop
      vertex 42.02962813448258 -104.29111284318279 37.719416651541835
      vertex 42.291112843182795 -104.02962813448258 37.719416651541835
      vertex 41.349043545104344 -103.43768676167802 37.96856104946621
    endloop
  endfacet
  facet normal 0.18954649672808022 -0.11909995762771325 0.9746216320558397
    outer loop
      vertex 42.291112843182795 -104.02962813448258 37.719416651541835
      vertex 42.4878557627081 -103.71651357176674 37.719416651541835
      vertex 41.43768676167803 -103.34904354510434 37.96856104946621
    endloop
  endfacet
  facet normal 0.32575190529435016 -0.5184311873900648 0.7906420176909573
    outer loop
      vertex 42.65858286984519 -105.07979713551265 37.23362099614142
      vertex 43.45014821107064 -105.63868739173243 36.54101923077968
      vertex 43.96550573784644 -105.31486679540575 36.54101923077968
    endloop
  endfacet
  facet normal 0.3791374478857621 -0.3791374478857621 0.8441028321367855
    outer loop
      vertex 42.65858286984519 -105.07979713551265 37.23362099614142
      vertex 43.96550573784644 -105.31486679540575 36.54101923077968
      vertex 43.07979713551265 -104.65858286984519 37.23362099614142
    endloop
  endfacet
  facet normal 0.37913744788576487 -0.3791374478857586 0.8441028321367856
    outer loop
      vertex 43.96550573784644 -105.31486679540575 36.54101923077968
      vertex 44.39588531392426 -104.88448721932792 36.54101923077968
      vertex 43.07979713551265 -104.65858286984519 37.23362099614142
    endloop
  endfacet
  facet normal 0.41428255343439757 -0.2603109812719046 0.8721285220362499
    outer loop
      vertex 43.07979713551265 -104.65858286984519 37.23362099614142
      vertex 44.39588531392426 -104.88448721932792 36.54101923077968
      vertex 44.71970591025095 -104.36912969255212 36.54101923077968
    endloop
  endfacet
  facet normal 0.4142825534343973 -0.2603109812718984 0.8721285220362518
    outer loop
      vertex 43.07979713551265 -104.65858286984519 37.23362099614142
      vertex 44.71970591025095 -104.36912969255212 36.54101923077968
      vertex 43.39672168832898 -104.15420033344476 37.23362099614142
    endloop
  endfacet
  facet normal 0.36926349131929365 -0.2320236297096056 0.8998941655745223
    outer loop
      vertex 42.4878557627081 -103.71651357176674 37.719416651541835
      vertex 43.07979713551265 -104.65858286984519 37.23362099614142
      vertex 43.39672168832898 -104.15420033344476 37.23362099614142
    endloop
  endfacet
  facet normal 0.4386217804312413 -0.15348039905165925 0.8854686334581657
    outer loop
      vertex 43.39672168832898 -104.15420033344476 37.23362099614142
      vertex 44.71970591025095 -104.36912969255212 36.54101923077968
      vertex 43.59346460785429 -103.59194137280456 37.23362099614142
    endloop
  endfacet
  facet normal 0.41163539941980415 -0.1440374559252981 0.8998941655745223
    outer loop
      vertex 42.4878557627081 -103.71651357176674 37.719416651541835
      vertex 43.39672168832898 -104.15420033344476 37.23362099614142
      vertex 43.59346460785429 -103.59194137280456 37.23362099614142
    endloop
  endfacet
  facet normal 0.4116353994198041 -0.14403745592529377 0.8998941655745232
    outer loop
      vertex 42.4878557627081 -103.71651357176674 37.719416651541835
      vertex 43.59346460785429 -103.59194137280456 37.23362099614142
      vertex 42.609991381546614 -103.36747002666239 37.719416651541835
    endloop
  endfacet
  facet normal 0.43862178043124334 -0.15348039905165584 0.8854686334581653
    outer loop
      vertex 43.59346460785429 -103.59194137280456 37.23362099614142
      vertex 44.71970591025095 -104.36912969255212 36.54101923077968
      vertex 44.92072980996963 -103.7946363934165 36.54101923077968
    endloop
  endfacet
  facet normal 0.4558399790811223 -0.051360830567074925 0.8885786282343179
    outer loop
      vertex 43.59346460785429 -103.59194137280456 37.23362099614142
      vertex 44.92072980996963 -103.7946363934165 36.54101923077968
      vertex 44.98887683534571 -103.18981481481481 36.54101923077968
    endloop
  endfacet
  facet normal 0 0 1
    outer loop
      vertex 40.56231323832197 -103.34904354510434 37.96856104946621
      vertex 40.650956454895656 -103.43768676167802 37.96856104946621
      vertex 40.75710217229979 -103.50438253640043 37.96856104946621
    endloop
  endfacet
  facet normal 0 0 1
    outer loop
      vertex 40.56231323832197 -103.34904354510434 37.96856104946621
      vertex 40.75710217229979 -103.50438253640043 37.96856104946621
      vertex 40.49561746359958 -103.2428978277002 37.96856104946621
    endloop
  endfacet
  facet normal 0 0 1
    outer loop
      vertex 40.440177619483464 -103 37.96856104946621
      vertex 40.75710217229979 -103.50438253640043 37.96856104946621
      vertex 40.75710217229979 -102.49561746359957 37.96856104946621
    endloop
  endfacet
  facet normal 0 0 1
    outer loop
      vertex 41.124572198962184 -103.54578646462964 37.96856104946621
      vertex 40.75710217229979 -102.49561746359957 37.96856104946621
      vertex 40.75710217229979 -103.50438253640043 37.96856104946621
    endloop
  endfacet
  facet normal 0 0 1
    outer loop
      vertex 41.124572198962184 -103.54578646462964 37.96856104946621
      vertex 41.24289782770021 -103.50438253640043 37.96856104946621
      vertex 41.349043545104344 -103.43768676167802 37.96856104946621
    endloop
  endfacet
  facet normal 0 0 1
    outer loop
      vertex 41.349043545104344 -103.43768676167802 37.96856104946621
      vertex 41.43768676167803 -103.34904354510434 37.96856104946621
      vertex 41.54578646462965 -103.12457219896218 37.96856104946621
    endloop
  endfacet
  facet normal 0 0 1
    outer loop
      vertex 41.124572198962184 -103.54578646462964 37.96856104946621
      vertex 41.349043545104344 -103.43768676167802 37.96856104946621
      vertex 41.124572198962184 -102.45421353537036 37.96856104946621
    endloop
  endfacet
  facet normal 0 0 1
    outer loop
      vertex 41.43768676167803 -103.34904354510434 37.96856104946621
      vertex 41.50438253640042 -103.2428978277002 37.96856104946621
      vertex 41.54578646462965 -103.12457219896218 37.96856104946621
    endloop
  endfacet
  facet normal 0 0 1
    outer loop
      vertex 41.349043545104344 -103.43768676167802 37.96856104946621
      vertex 41.54578646462965 -103.12457219896218 37.96856104946621
      vertex 41.43768676167803 -102.65095645489566 37.96856104946621
    endloop
  endfacet
  facet normal 0 0 1
    outer loop
      vertex 41.54578646462965 -103.12457219896218 37.96856104946621
      vertex 41.559822380516536 -103 37.96856104946621
      vertex 41.54578646462965 -102.87542780103782 37.96856104946621
    endloop
  endfacet
  facet normal 0 0 1
    outer loop
      vertex 40.440177619483464 -103 37.96856104946621
      vertex 40.75710217229979 -102.49561746359957 37.96856104946621
      vertex 40.56231323832197 -102.65095645489566 37.96856104946621
    endloop
  endfacet
  facet normal 0 0 1
    outer loop
      vertex 41.124572198962184 -103.54578646462964 37.96856104946621
      vertex 41.124572198962184 -102.45421353537036 37.96856104946621
      vertex 40.75710217229979 -102.49561746359957 37.96856104946621
    endloop
  endfacet
  facet normal 0 0 1
    outer loop
      vertex 40.56231323832197 -102.65095645489566 37.96856104946621
      vertex 40.75710217229979 -102.49561746359957 37.96856104946621
      vertex 40.650956454895656 -102.56231323832198 37.96856104946621
    endloop
  endfacet
  facet normal 0 0 1
    outer loop
      vertex 40.75710217229979 -102.49561746359957 37.96856104946621
      vertex 41 -102.44017761948346 37.96856104946621
      vertex 40.875427801037816 -102.45421353537036 37.96856104946621
    endloop
  endfacet
  facet normal 0 0 1
    outer loop
      vertex 40.75710217229979 -102.49561746359957 37.96856104946621
      vertex 41.124572198962184 -102.45421353537036 37.96856104946621
      vertex 41 -102.44017761948346 37.96856104946621
    endloop
  endfacet
  facet normal 0 0 1
    outer loop
      vertex 41.349043545104344 -103.43768676167802 37.96856104946621
      vertex 41.43768676167803 -102.65095645489566 37.96856104946621
      vertex 41.124572198962184 -102.45421353537036 37.96856104946621
    endloop
  endfacet
  facet normal 0 0 1
    outer loop
      vertex 41.54578646462965 -103.12457219896218 37.96856104946621
      vertex 41.54578646462965 -102.87542780103782 37.96856104946621
      vertex 41.43768676167803 -102.65095645489566 37.96856104946621
    endloop
  endfacet
  facet normal 0 0 1
    outer loop
      vertex 41.54578646462965 -102.87542780103782 37.96856104946621
      vertex 41.50438253640042 -102.7571021722998 37.96856104946621
      vertex 41.43768676167803 -102.65095645489566 37.96856104946621
    endloop
  endfacet
  facet normal 0 0 1
    outer loop
      vertex 41.124572198962184 -102.45421353537036 37.96856104946621
      vertex 41.43768676167803 -102.65095645489566 37.96856104946621
      vertex 41.24289782770021 -102.49561746359957 37.96856104946621
    endloop
  endfacet
  facet normal 0 0 1
    outer loop
      vertex 41.24289782770021 -102.49561746359957 37.96856104946621
      vertex 41.43768676167803 -102.65095645489566 37.96856104946621
      vertex 41.349043545104344 -102.56231323832198 37.96856104946621
    endloop
  endfacet
  facet normal 0.18954649672808307 -0.11909995762770541 0.9746216320558402
    outer loop
      vertex 42.4878557627081 -103.71651357176674 37.719416651541835
      vertex 41.50438253640042 -103.2428978277002 37.96856104946621
      vertex 41.43768676167803 -103.34904354510434 37.96856104946621
    endloop
  endfacet
  facet normal 0.2112964041219578 -0.07393580955085789 0.9746216320558402
    outer loop
      vertex 42.4878557627081 -103.71651357176674 37.719416651541835
      vertex 41.54578646462965 -103.12457219896218 37.96856104946621
      vertex 41.50438253640042 -103.2428978277002 37.96856104946621
    endloop
  endfacet
  facet normal 0.21129640412196318 -0.0739358095508491 0.9746216320558396
    outer loop
      vertex 42.4878557627081 -103.71651357176674 37.719416651541835
      vertex 42.609991381546614 -103.36747002666239 37.719416651541835
      vertex 41.54578646462965 -103.12457219896218 37.96856104946621
    endloop
  endfacet
  facet normal 0.22245102751622287 -0.02506421125404489 0.9746216320558402
    outer loop
      vertex 41.54578646462965 -103.12457219896218 37.96856104946621
      vertex 42.651395309775836 -103 37.719416651541835
      vertex 41.559822380516536 -103 37.96856104946621
    endloop
  endfacet
  facet normal 0.22245102751622362 -0.025064211254052646 0.9746216320558396
    outer loop
      vertex 41.54578646462965 -103.12457219896218 37.96856104946621
      vertex 42.609991381546614 -103.36747002666239 37.719416651541835
      vertex 42.651395309775836 -103 37.719416651541835
    endloop
  endfacet
  facet normal 0.22245102751622287 0.02506421125404489 0.9746216320558402
    outer loop
      vertex 41.559822380516536 -103 37.96856104946621
      vertex 42.651395309775836 -103 37.719416651541835
      vertex 41.54578646462965 -102.87542780103782 37.96856104946621
    endloop
  endfacet
  facet normal 0.21129640412195788 0.07393580955085785 0.9746216320558402
    outer loop
      vertex 41.54578646462965 -102.87542780103782 37.96856104946621
      vertex 42.4878557627081 -102.28348642823326 37.719416651541835
      vertex 41.50438253640042 -102.7571021722998 37.96856104946621
    endloop
  endfacet
  facet normal 0.18954649672808307 0.11909995762770538 0.9746216320558402
    outer loop
      vertex 41.50438253640042 -102.7571021722998 37.96856104946621
      vertex 42.4878557627081 -102.28348642823326 37.719416651541835
      vertex 41.43768676167803 -102.65095645489566 37.96856104946621
    endloop
  endfacet
  facet normal 0.2112964041219618 0.07393580955085158 0.97462163205584
    outer loop
      vertex 41.54578646462965 -102.87542780103782 37.96856104946621
      vertex 42.609991381546614 -102.6325299733376 37.719416651541835
      vertex 42.4878557627081 -102.28348642823326 37.719416651541835
    endloop
  endfacet
  facet normal 0.2224510275162235 0.0250642112540517 0.9746216320558397
    outer loop
      vertex 41.54578646462965 -102.87542780103782 37.96856104946621
      vertex 42.651395309775836 -103 37.719416651541835
      vertex 42.609991381546614 -102.6325299733376 37.719416651541835
    endloop
  endfacet
  facet normal -0.0739358095508312 0.21129640412196696 0.9746216320558403
    outer loop
      vertex 40.75710217229979 -102.49561746359957 37.96856104946621
      vertex 40.875427801037816 -102.45421353537036 37.96856104946621
      vertex 40.632529973337604 -101.3900086184534 37.719416651541835
    endloop
  endfacet
  facet normal -0.025064211254057524 0.22245102751622237 0.9746216320558398
    outer loop
      vertex 40.875427801037816 -102.45421353537036 37.96856104946621
      vertex 41 -102.44017761948346 37.96856104946621
      vertex 40.632529973337604 -101.3900086184534 37.719416651541835
    endloop
  endfacet
  facet normal 0.02506421125405757 0.22245102751622278 0.9746216320558397
    outer loop
      vertex 41 -102.44017761948346 37.96856104946621
      vertex 41.124572198962184 -102.45421353537036 37.96856104946621
      vertex 41 -101.34860469022416 37.719416651541835
    endloop
  endfacet
  facet normal 0.1582919365110098 0.1582919365110098 0.9746216320558397
    outer loop
      vertex 41.349043545104344 -102.56231323832198 37.96856104946621
      vertex 41.43768676167803 -102.65095645489566 37.96856104946621
      vertex 42.291112843182795 -101.97037186551742 37.719416651541835
    endloop
  endfacet
  facet normal 0.11909995762772416 0.18954649672807258 0.9746216320558401
    outer loop
      vertex 41.24289782770021 -102.49561746359957 37.96856104946621
      vertex 41.349043545104344 -102.56231323832198 37.96856104946621
      vertex 42.02962813448258 -101.70888715681721 37.719416651541835
    endloop
  endfacet
  facet normal 0.0739358095508312 0.21129640412196696 0.9746216320558403
    outer loop
      vertex 41.124572198962184 -102.45421353537036 37.96856104946621
      vertex 41.24289782770021 -102.49561746359957 37.96856104946621
      vertex 41.367470026662396 -101.3900086184534 37.719416651541835
    endloop
  endfacet
  facet normal 0.11909995762771441 0.18954649672808213 0.9746216320558392
    outer loop
      vertex 41.24289782770021 -102.49561746359957 37.96856104946621
      vertex 42.02962813448258 -101.70888715681721 37.719416651541835
      vertex 41.71651357176674 -101.5121442372919 37.719416651541835
    endloop
  endfacet
  facet normal -0.0250642112540563 0.22245102751622278 0.9746216320558398
    outer loop
      vertex 41 -102.44017761948346 37.96856104946621
      vertex 41 -101.34860469022416 37.719416651541835
      vertex 40.632529973337604 -101.3900086184534 37.719416651541835
    endloop
  endfacet
  facet normal 0.025064211254056265 0.22245102751622262 0.9746216320558398
    outer loop
      vertex 41.124572198962184 -102.45421353537036 37.96856104946621
      vertex 41.367470026662396 -101.3900086184534 37.719416651541835
      vertex 41 -101.34860469022416 37.719416651541835
    endloop
  endfacet
  facet normal 0.07393580955085109 0.2112964041219645 0.9746216320558393
    outer loop
      vertex 41.24289782770021 -102.49561746359957 37.96856104946621
      vertex 41.71651357176674 -101.5121442372919 37.719416651541835
      vertex 41.367470026662396 -101.3900086184534 37.719416651541835
    endloop
  endfacet
  facet normal 0.18954649672808022 0.11909995762771332 0.9746216320558397
    outer loop
      vertex 41.43768676167803 -102.65095645489566 37.96856104946621
      vertex 42.4878557627081 -102.28348642823326 37.719416651541835
      vertex 42.291112843182795 -101.97037186551742 37.719416651541835
    endloop
  endfacet
  facet normal 0.15829193651100815 0.15829193651101242 0.9746216320558396
    outer loop
      vertex 41.349043545104344 -102.56231323832198 37.96856104946621
      vertex 42.291112843182795 -101.97037186551742 37.719416651541835
      vertex 42.02962813448258 -101.70888715681721 37.719416651541835
    endloop
  endfacet
  facet normal 0.4116353994198036 0.14403745592529946 0.8998941655745226
    outer loop
      vertex 42.609991381546614 -102.6325299733376 37.719416651541835
      vertex 43.39672168832898 -101.84579966655524 37.23362099614142
      vertex 42.4878557627081 -102.28348642823326 37.719416651541835
    endloop
  endfacet
  facet normal 0.36926349131929315 0.23202362970960674 0.8998941655745223
    outer loop
      vertex 42.4878557627081 -102.28348642823326 37.719416651541835
      vertex 43.39672168832898 -101.84579966655524 37.23362099614142
      vertex 42.291112843182795 -101.97037186551742 37.719416651541835
    endloop
  endfacet
  facet normal 0.23202362970960527 0.3692634913192908 0.8998941655745236
    outer loop
      vertex 42.02962813448258 -101.70888715681721 37.719416651541835
      vertex 42.65858286984519 -100.92020286448735 37.23362099614142
      vertex 41.71651357176674 -101.5121442372919 37.719416651541835
    endloop
  endfacet
  facet normal 0.30837516985396746 0.3083751698539758 0.8998941655745237
    outer loop
      vertex 42.291112843182795 -101.97037186551742 37.719416651541835
      vertex 42.65858286984519 -100.92020286448735 37.23362099614142
      vertex 42.02962813448258 -101.70888715681721 37.719416651541835
    endloop
  endfacet
  facet normal 0.3083751698539733 0.3083751698539733 0.8998941655745226
    outer loop
      vertex 42.291112843182795 -101.97037186551742 37.719416651541835
      vertex 43.07979713551265 -101.34141713015481 37.23362099614142
      vertex 42.65858286984519 -100.92020286448735 37.23362099614142
    endloop
  endfacet
  facet normal 0.4333661897536693 -0.04882864265285574 0.8998941655745226
    outer loop
      vertex 43.59346460785429 -103.59194137280456 37.23362099614142
      vertex 43.660160382576684 -103 37.23362099614142
      vertex 42.609991381546614 -103.36747002666239 37.719416651541835
    endloop
  endfacet
  facet normal 0.4333661897536688 -0.04882864265285372 0.8998941655745231
    outer loop
      vertex 42.609991381546614 -103.36747002666239 37.719416651541835
      vertex 43.660160382576684 -103 37.23362099614142
      vertex 42.651395309775836 -103 37.719416651541835
    endloop
  endfacet
  facet normal 0.43336618975366886 0.04882864265285184 0.8998941655745231
    outer loop
      vertex 42.651395309775836 -103 37.719416651541835
      vertex 43.660160382576684 -103 37.23362099614142
      vertex 42.609991381546614 -102.6325299733376 37.719416651541835
    endloop
  endfacet
  facet normal 0.43336618975367 0.048828642652855796 0.8998941655745224
    outer loop
      vertex 42.609991381546614 -102.6325299733376 37.719416651541835
      vertex 43.660160382576684 -103 37.23362099614142
      vertex 43.59346460785429 -102.40805862719544 37.23362099614142
    endloop
  endfacet
  facet normal 0.45583997908112245 -0.051360830567075653 0.8885786282343178
    outer loop
      vertex 43.59346460785429 -103.59194137280456 37.23362099614142
      vertex 44.98887683534571 -103.18981481481481 36.54101923077968
      vertex 43.660160382576684 -103 37.23362099614142
    endloop
  endfacet
  facet normal 0.4674944778138285 0.05267397720235114 0.8824252746489427
    outer loop
      vertex 43.660160382576684 -103 37.23362099614142
      vertex 44.98887683534571 -103.18981481481481 36.54101923077968
      vertex 44.92072980996963 -102.58499323621312 36.54101923077968
    endloop
  endfacet
  facet normal 0.46749447781382836 0.052673977202351764 0.8824252746489428
    outer loop
      vertex 43.660160382576684 -103 37.23362099614142
      vertex 44.92072980996963 -102.58499323621312 36.54101923077968
      vertex 43.59346460785429 -102.40805862719544 37.23362099614142
    endloop
  endfacet
  facet normal 0.47350259564147307 0.16568572417812724 0.8650685133123024
    outer loop
      vertex 43.59346460785429 -102.40805862719544 37.23362099614142
      vertex 44.71970591025095 -102.0104999370775 36.54101923077968
      vertex 43.39672168832898 -101.84579966655524 37.23362099614142
    endloop
  endfacet
  facet normal 0.41163539941980465 0.14403745592529824 0.8998941655745222
    outer loop
      vertex 42.609991381546614 -102.6325299733376 37.719416651541835
      vertex 43.59346460785429 -102.40805862719544 37.23362099614142
      vertex 43.39672168832898 -101.84579966655524 37.23362099614142
    endloop
  endfacet
  facet normal 0.4716644424044547 0.2963664118016229 0.8304815492996371
    outer loop
      vertex 43.39672168832898 -101.84579966655524 37.23362099614142
      vertex 44.71970591025095 -102.0104999370775 36.54101923077968
      vertex 43.07979713551265 -101.34141713015481 37.23362099614142
    endloop
  endfacet
  facet normal 0.36926349131929337 0.23202362970960533 0.8998941655745225
    outer loop
      vertex 42.291112843182795 -101.97037186551742 37.719416651541835
      vertex 43.39672168832898 -101.84579966655524 37.23362099614142
      vertex 43.07979713551265 -101.34141713015481 37.23362099614142
    endloop
  endfacet
  facet normal 0.47350259564147446 0.1656857241781233 0.8650685133123025
    outer loop
      vertex 44.92072980996963 -102.58499323621312 36.54101923077968
      vertex 44.71970591025095 -102.0104999370775 36.54101923077968
      vertex 43.59346460785429 -102.40805862719544 37.23362099614142
    endloop
  endfacet
  facet normal 0.4716644424044563 0.2963664118016307 0.8304815492996334
    outer loop
      vertex 44.71970591025095 -102.0104999370775 36.54101923077968
      vertex 44.39588531392426 -101.4951424103017 36.54101923077968
      vertex 43.07979713551265 -101.34141713015481 37.23362099614142
    endloop
  endfacet
  facet normal -0.5299582869787461 0.33299486201621353 -0.7799093767440904
    outer loop
      vertex 38.60327831167102 -101.84579966655524 28.766379003858578
      vertex 38.23580828500862 -100.79563066552517 29.464466094067262
      vertex 38.92020286448735 -101.34141713015481 28.766379003858578
    endloop
  endfacet
  facet normal -0.5144231596820176 0.35396545690685144 -0.7810744318562051
    outer loop
      vertex 40.1457813527424 -101.4951424103017 27.88953632477587
      vertex 38.92020286448735 -101.34141713015481 28.766379003858578
      vertex 38.23580828500862 -100.79563066552517 29.464466094067262
    endloop
  endfacet
  facet normal -0.514423159682023 0.3539654569068401 -0.7810744318562065
    outer loop
      vertex 40.1457813527424 -101.4951424103017 27.88953632477587
      vertex 38.23580828500862 -100.79563066552517 29.464466094067262
      vertex 39.44649485417316 -100.93748003648797 28.60281327296595
    endloop
  endfacet
  facet normal -0.473303845591622 0.473303845591622 -0.7429447755360854
    outer loop
      vertex 39.44649485417316 -100.93748003648797 28.60281327296595
      vertex 38.23580828500862 -100.79563066552517 29.464466094067262
      vertex 40.018498555006495 -100.36547633565463 28.60281327296595
    endloop
  endfacet
  facet normal -0.473303845591622 0.47330384559162203 -0.7429447755360854
    outer loop
      vertex 40.018498555006495 -100.36547633565463 28.60281327296595
      vertex 38.23580828500862 -100.79563066552517 29.464466094067262
      vertex 38.79563066552516 -100.23580828500863 29.464466094067262
    endloop
  endfacet
  facet normal -0.3989111202709916 0.6348634110315141 -0.66167844717625
    outer loop
      vertex 40.018498555006495 -100.36547633565463 28.60281327296595
      vertex 38.79563066552516 -100.23580828500863 29.464466094067262
      vertex 39.465989329117 -99.81459401934116 29.464466094067262
    endloop
  endfacet
  facet normal -0.39891112027098213 0.6348634110315214 -0.6616784471762487
    outer loop
      vertex 40.018498555006495 -100.36547633565463 28.60281327296595
      vertex 39.465989329117 -99.81459401934116 29.464466094067262
      vertex 40.70344372655612 -99.93509675957682 28.60281327296595
    endloop
  endfacet
  facet normal -0.36667091828099163 0.6907806246608205 -0.6231970525284769
    outer loop
      vertex 39.465989329117 -99.81459401934116 29.464466094067262
      vertex 40.39396445724904 -99.29245643506512 29.4972342757654
      vertex 40.70344372655612 -99.93509675957682 28.60281327296595
    endloop
  endfacet
  facet normal -0.6636145925800083 0.41697668499141677 -0.621084629248252
    outer loop
      vertex 37.814594019341165 -101.465989329117 29.464466094067262
      vertex 37.18563928397855 -101.16310069218756 30.33983961742332
      vertex 37.69002182037897 -100.36038048397081 30.33983961742332
    endloop
  endfacet
  facet normal -0.6636145925800063 0.4169766849914179 -0.621084629248253
    outer loop
      vertex 37.814594019341165 -101.465989329117 29.464466094067262
      vertex 37.69002182037897 -100.36038048397081 30.33983961742332
      vertex 38.23580828500862 -100.79563066552517 29.464466094067262
    endloop
  endfacet
  facet normal -0.7637739189275083 0.47991096090747687 -0.431665229508908
    outer loop
      vertex 37.18563928397855 -101.16310069218756 30.33983961742332
      vertex 36.74795252230052 -100.95232185677536 31.348604690224164
      vertex 37.69002182037897 -100.36038048397081 30.33983961742332
    endloop
  endfacet
  facet normal -0.5541903478551239 0.554190347855118 -0.621084629248253
    outer loop
      vertex 38.23580828500862 -100.79563066552517 29.464466094067262
      vertex 37.69002182037897 -100.36038048397081 30.33983961742332
      vertex 38.36038048397081 -99.69002182037897 30.33983961742332
    endloop
  endfacet
  facet normal -0.9205039407969514 0.3220982597426816 -0.22119042937708372
    outer loop
      vertex 36.156011149495974 -101.8943911548538 32.440177619483464
      vertex 36.52348117615837 -100.84422215382374 32.440177619483464
      vertex 36.74795252230052 -100.95232185677536 31.348604690224164
    endloop
  endfacet
  facet normal -0.8257513795726685 0.5188539805049357 -0.2211904293770837
    outer loop
      vertex 36.74795252230052 -100.95232185677536 31.348604690224164
      vertex 36.52348117615837 -100.84422215382374 32.440177619483464
      vertex 37.11542254896292 -99.90215285574529 32.440177619483464
    endloop
  endfacet
  facet normal -0.8257513795726643 0.5188539805049399 -0.221190429377089
    outer loop
      vertex 36.74795252230052 -100.95232185677536 31.348604690224164
      vertex 37.11542254896292 -99.90215285574529 32.440177619483464
      vertex 37.31021148294074 -100.05749184704138 31.348604690224164
    endloop
  endfacet
  facet normal -0.7637739189275077 0.47991096090748003 -0.43166522950890557
    outer loop
      vertex 37.69002182037897 -100.36038048397081 30.33983961742332
      vertex 36.74795252230052 -100.95232185677536 31.348604690224164
      vertex 37.31021148294074 -100.05749184704138 31.348604690224164
    endloop
  endfacet
  facet normal -0.6378342769219261 0.6378342769219192 -0.43166522950890535
    outer loop
      vertex 37.69002182037897 -100.36038048397081 30.33983961742332
      vertex 37.31021148294074 -100.05749184704138 31.348604690224164
      vertex 38.36038048397081 -99.69002182037897 30.33983961742332
    endloop
  endfacet
  facet normal -0.6895921961391306 0.6895921961391306 -0.22119042937709024
    outer loop
      vertex 37.31021148294074 -100.05749184704138 31.348604690224164
      vertex 37.11542254896292 -99.90215285574529 32.440177619483464
      vertex 38.05749184704137 -99.31021148294074 31.348604690224164
    endloop
  endfacet
  facet normal -0.637834276921924 0.637834276921924 -0.4316652295089015
    outer loop
      vertex 37.31021148294074 -100.05749184704138 31.348604690224164
      vertex 38.05749184704137 -99.31021148294074 31.348604690224164
      vertex 38.36038048397081 -99.69002182037897 30.33983961742332
    endloop
  endfacet
  facet normal -0.6895921961391281 0.6895921961391345 -0.2211904293770861
    outer loop
      vertex 38.05749184704137 -99.31021148294074 31.348604690224164
      vertex 37.11542254896292 -99.90215285574529 32.440177619483464
      vertex 37.902152855745285 -99.11542254896293 32.440177619483464
    endloop
  endfacet
  facet normal -0.5541903478551197 0.5541903478551197 -0.6210846292482556
    outer loop
      vertex 38.23580828500862 -100.79563066552517 29.464466094067262
      vertex 38.36038048397081 -99.69002182037897 30.33983961742332
      vertex 38.79563066552516 -100.23580828500863 29.464466094067262
    endloop
  endfacet
  facet normal -0.4169766849914201 0.6636145925800015 -0.6210846292482567
    outer loop
      vertex 38.79563066552516 -100.23580828500863 29.464466094067262
      vertex 38.36038048397081 -99.69002182037897 30.33983961742332
      vertex 39.465989329117 -99.81459401934116 29.464466094067262
    endloop
  endfacet
  facet normal -0.41697668499141566 0.6636145925800089 -0.621084629248252
    outer loop
      vertex 38.36038048397081 -99.69002182037897 30.33983961742332
      vertex 39.16310069218756 -99.18563928397855 30.33983961742332
      vertex 39.465989329117 -99.81459401934116 29.464466094067262
    endloop
  endfacet
  facet normal -0.47991096090747737 0.7637739189275119 -0.431665229508901
    outer loop
      vertex 38.05749184704137 -99.31021148294074 31.348604690224164
      vertex 39.16310069218756 -99.18563928397855 30.33983961742332
      vertex 38.36038048397081 -99.69002182037897 30.33983961742332
    endloop
  endfacet
  facet normal -0.3666709182809921 0.690780624660821 -0.6231970525284759
    outer loop
      vertex 39.465989329117 -99.81459401934116 29.464466094067262
      vertex 39.16310069218756 -99.18563928397855 30.33983961742332
      vertex 40.39396445724904 -99.29245643506512 29.4972342757654
    endloop
  endfacet
  facet normal -0.5188539805049371 0.8257513795726671 -0.2211904293770857
    outer loop
      vertex 38.05749184704137 -99.31021148294074 31.348604690224164
      vertex 37.902152855745285 -99.11542254896293 32.440177619483464
      vertex 38.84422215382374 -98.52348117615837 32.440177619483464
    endloop
  endfacet
  facet normal -0.2979229053794754 0.8514147473959317 -0.4316652295089032
    outer loop
      vertex 39.16310069218756 -99.18563928397855 30.33983961742332
      vertex 38.95232185677536 -98.74795252230052 31.348604690224164
      vertex 40.05793070192155 -98.8725247212627 30.33983961742332
    endloop
  endfacet
  facet normal -0.2829466906915855 0.8086151847735288 -0.5158320009269995
    outer loop
      vertex 40.39396445724904 -99.29245643506512 29.4972342757654
      vertex 39.16310069218756 -99.18563928397855 30.33983961742332
      vertex 40.05793070192155 -98.8725247212627 30.33983961742332
    endloop
  endfacet
  facet normal -0.2224873090182759 0.8731212018502271 -0.43377271030508735
    outer loop
      vertex 40.05793070192155 -98.8725247212627 30.33983961742332
      vertex 39.94983099896993 -98.39890897719619 31.348604690224164
      vertex 41.19781343274381 -98.48860745957035 30.527949329317007
    endloop
  endfacet
  facet normal -0.47991096090747937 0.7637739189275092 -0.4316652295089036
    outer loop
      vertex 38.05749184704137 -99.31021148294074 31.348604690224164
      vertex 38.95232185677536 -98.74795252230052 31.348604690224164
      vertex 39.16310069218756 -99.18563928397855 30.33983961742332
    endloop
  endfacet
  facet normal -0.5188539805049395 0.8257513795726663 -0.22119042937708358
    outer loop
      vertex 38.05749184704137 -99.31021148294074 31.348604690224164
      vertex 38.84422215382374 -98.52348117615837 32.440177619483464
      vertex 38.95232185677536 -98.74795252230052 31.348604690224164
    endloop
  endfacet
  facet normal -0.3220982597426776 0.9205039407969529 -0.2211904293770836
    outer loop
      vertex 38.95232185677536 -98.74795252230052 31.348604690224164
      vertex 38.84422215382374 -98.52348117615837 32.440177619483464
      vertex 39.94983099896993 -98.39890897719619 31.348604690224164
    endloop
  endfacet
  facet normal -0.29792290537947225 0.8514147473959344 -0.43166522950889996
    outer loop
      vertex 40.05793070192155 -98.8725247212627 30.33983961742332
      vertex 38.95232185677536 -98.74795252230052 31.348604690224164
      vertex 39.94983099896993 -98.39890897719619 31.348604690224164
    endloop
  endfacet
  facet normal -0.3220982597426762 0.9205039407969537 -0.221190429377082
    outer loop
      vertex 39.94983099896993 -98.39890897719619 31.348604690224164
      vertex 38.84422215382374 -98.52348117615837 32.440177619483464
      vertex 39.894391154853814 -98.15601114949598 32.440177619483464
    endloop
  endfacet
  facet normal -0.10919118727173514 0.9690985907399572 -0.221190429377082
    outer loop
      vertex 39.94983099896993 -98.39890897719619 31.348604690224164
      vertex 39.894391154853814 -98.15601114949598 32.440177619483464
      vertex 41 -98.03143895053378 32.440177619483464
    endloop
  endfacet
  facet normal -0.2829466906915849 0.8086151847735291 -0.5158320009269995
    outer loop
      vertex 40.39396445724904 -99.29245643506512 29.4972342757654
      vertex 40.05793070192155 -98.8725247212627 30.33983961742332
      vertex 41.308265305157796 -98.9725287314013 29.4972342757654
    endloop
  endfacet
  facet normal -0.22248730901827218 0.873121201850222 -0.43377271030509945
    outer loop
      vertex 40.05793070192155 -98.8725247212627 30.33983961742332
      vertex 41.19781343274381 -98.48860745957035 30.527949329317007
      vertex 41.308265305157796 -98.9725287314013 29.4972342757654
    endloop
  endfacet
  facet normal -0.10784907290686792 0.9571869962963667 -0.2686291711528525
    outer loop
      vertex 39.94983099896993 -98.39890897719619 31.348604690224164
      vertex 41 -98.28058334845817 31.348604690224164
      vertex 41.19781343274381 -98.48860745957035 30.527949329317007
    endloop
  endfacet
  facet normal -0.10784907290685905 0.957186996296368 -0.26862917115285073
    outer loop
      vertex 41.19781343274381 -98.48860745957035 30.527949329317007
      vertex 41 -98.28058334845817 31.348604690224164
      vertex 42.27083333333333 -98.36770715279961 30.527949329317007
    endloop
  endfacet
  facet normal -0.07663188593216434 0.9720610914415678 -0.22186660083011056
    outer loop
      vertex 42.27083333333333 -98.36770715279961 30.527949329317007
      vertex 41 -98.28058334845817 31.348604690224164
      vertex 41 -98.03143895053378 32.440177619483464
    endloop
  endfacet
  facet normal -0.10919118727172494 0.9690985907399562 -0.22119042937709144
    outer loop
      vertex 39.94983099896993 -98.39890897719619 31.348604690224164
      vertex 41 -98.03143895053378 32.440177619483464
      vertex 41 -98.28058334845817 31.348604690224164
    endloop
  endfacet
  facet normal -0.07663188593215517 0.9720610914415699 -0.22186660083010482
    outer loop
      vertex 42.27083333333333 -98.36770715279961 30.527949329317007
      vertex 41 -98.03143895053378 32.440177619483464
      vertex 42.27083333333333 -98.11314155732781 31.643274076944444
    endloop
  endfacet
  facet normal -0.9438833303083675 0.3302790619551672 -3.584943550839569e-18
    outer loop
      vertex 36.156011149495974 -101.8943911548538 32.440177619483464
      vertex 36.52348117615837 -100.84422215382374 33.559822380516536
      vertex 36.52348117615837 -100.84422215382374 32.440177619483464
    endloop
  endfacet
  facet normal -0.8467241992282849 0.5320320765153356 0
    outer loop
      vertex 36.52348117615837 -100.84422215382374 32.440177619483464
      vertex 36.52348117615837 -100.84422215382374 33.559822380516536
      vertex 37.11542254896292 -99.90215285574529 32.440177619483464
    endloop
  endfacet
  facet normal -0.9205039407969535 0.32209825974267553 0.22119042937708353
    outer loop
      vertex 36.398908977196186 -101.94983099896993 34.651395309775836
      vertex 36.74795252230052 -100.95232185677536 34.651395309775836
      vertex 36.52348117615837 -100.84422215382374 33.559822380516536
    endloop
  endfacet
  facet normal -0.8257513795726653 0.5188539805049406 0.22119042937708353
    outer loop
      vertex 36.52348117615837 -100.84422215382374 33.559822380516536
      vertex 36.74795252230052 -100.95232185677536 34.651395309775836
      vertex 37.31021148294074 -100.05749184704138 34.651395309775836
    endloop
  endfacet
  facet normal -0.7637739189275071 0.47991096090747964 0.4316652295089066
    outer loop
      vertex 36.74795252230052 -100.95232185677536 34.651395309775836
      vertex 37.18563928397855 -101.16310069218756 35.660160382576684
      vertex 37.31021148294074 -100.05749184704138 34.651395309775836
    endloop
  endfacet
  facet normal -0.8467241992282849 0.5320320765153356 -8.648815883127793e-18
    outer loop
      vertex 36.52348117615837 -100.84422215382374 33.559822380516536
      vertex 37.11542254896292 -99.90215285574529 33.559822380516536
      vertex 37.11542254896292 -99.90215285574529 32.440177619483464
    endloop
  endfacet
  facet normal -0.7071067811865442 0.7071067811865507 -6.755388791713168e-18
    outer loop
      vertex 37.11542254896292 -99.90215285574529 32.440177619483464
      vertex 37.902152855745285 -99.11542254896293 33.559822380516536
      vertex 37.902152855745285 -99.11542254896293 32.440177619483464
    endloop
  endfacet
  facet normal -0.7071067811865442 0.7071067811865507 0
    outer loop
      vertex 37.11542254896292 -99.90215285574529 32.440177619483464
      vertex 37.11542254896292 -99.90215285574529 33.559822380516536
      vertex 37.902152855745285 -99.11542254896293 33.559822380516536
    endloop
  endfacet
  facet normal -0.8257513795726674 0.5188539805049351 0.22119042937708885
    outer loop
      vertex 36.52348117615837 -100.84422215382374 33.559822380516536
      vertex 37.31021148294074 -100.05749184704138 34.651395309775836
      vertex 37.11542254896292 -99.90215285574529 33.559822380516536
    endloop
  endfacet
  facet normal -0.6895921961391306 0.6895921961391306 0.22119042937709024
    outer loop
      vertex 37.11542254896292 -99.90215285574529 33.559822380516536
      vertex 37.31021148294074 -100.05749184704138 34.651395309775836
      vertex 38.05749184704137 -99.31021148294074 34.651395309775836
    endloop
  endfacet
  facet normal -0.6895921961391281 0.6895921961391345 0.2211904293770861
    outer loop
      vertex 37.11542254896292 -99.90215285574529 33.559822380516536
      vertex 38.05749184704137 -99.31021148294074 34.651395309775836
      vertex 37.902152855745285 -99.11542254896293 33.559822380516536
    endloop
  endfacet
  facet normal -0.6378342769219233 0.6378342769219233 0.43166522950890396
    outer loop
      vertex 37.31021148294074 -100.05749184704138 34.651395309775836
      vertex 38.360380483970815 -99.69002182037897 35.660160382576684
      vertex 38.05749184704137 -99.31021148294074 34.651395309775836
    endloop
  endfacet
  facet normal -0.47991096090747964 0.7637739189275097 0.4316652295089027
    outer loop
      vertex 38.05749184704137 -99.31021148294074 34.651395309775836
      vertex 38.360380483970815 -99.69002182037897 35.660160382576684
      vertex 38.95232185677536 -98.74795252230052 34.651395309775836
    endloop
  endfacet
  facet normal -0.6636145925800071 0.4169766849914161 0.6210846292482534
    outer loop
      vertex 37.814594019341165 -101.465989329117 36.53553390593274
      vertex 37.69002182037897 -100.36038048397081 35.660160382576684
      vertex 37.18563928397855 -101.16310069218756 35.660160382576684
    endloop
  endfacet
  facet normal -0.6636145925800053 0.41697668499141727 0.6210846292482547
    outer loop
      vertex 37.814594019341165 -101.465989329117 36.53553390593274
      vertex 38.23580828500862 -100.79563066552517 36.53553390593274
      vertex 37.69002182037897 -100.36038048397081 35.660160382576684
    endloop
  endfacet
  facet normal -0.7637739189275097 0.47991096090747776 0.4316652295089042
    outer loop
      vertex 37.31021148294074 -100.05749184704138 34.651395309775836
      vertex 37.18563928397855 -101.16310069218756 35.660160382576684
      vertex 37.69002182037897 -100.36038048397081 35.660160382576684
    endloop
  endfacet
  facet normal -0.5541903478551203 0.5541903478551203 0.6210846292482544
    outer loop
      vertex 37.69002182037897 -100.36038048397081 35.660160382576684
      vertex 38.23580828500862 -100.79563066552517 36.53553390593274
      vertex 38.360380483970815 -99.69002182037897 35.660160382576684
    endloop
  endfacet
  facet normal -0.6378342769219232 0.6378342769219233 0.43166522950890396
    outer loop
      vertex 37.31021148294074 -100.05749184704138 34.651395309775836
      vertex 37.69002182037897 -100.36038048397081 35.660160382576684
      vertex 38.360380483970815 -99.69002182037897 35.660160382576684
    endloop
  endfacet
  facet normal -0.5299582869787423 0.33299486201621575 0.7799093767440923
    outer loop
      vertex 37.814594019341165 -101.465989329117 36.53553390593274
      vertex 38.92020286448735 -101.34141713015481 37.23362099614142
      vertex 38.23580828500862 -100.79563066552517 36.53553390593274
    endloop
  endfacet
  facet normal -0.4425727985691406 0.4425727985691406 0.7799093767440919
    outer loop
      vertex 38.92020286448735 -101.34141713015481 37.23362099614142
      vertex 39.34141713015481 -100.92020286448735 37.23362099614142
      vertex 38.79563066552516 -100.23580828500863 36.53553390593274
    endloop
  endfacet
  facet normal -0.4425727985691406 0.4425727985691406 0.7799093767440918
    outer loop
      vertex 38.23580828500862 -100.79563066552517 36.53553390593274
      vertex 38.92020286448735 -101.34141713015481 37.23362099614142
      vertex 38.79563066552516 -100.23580828500863 36.53553390593274
    endloop
  endfacet
  facet normal -0.3329948620162191 0.5299582869787409 0.7799093767440918
    outer loop
      vertex 39.34141713015481 -100.92020286448735 37.23362099614142
      vertex 39.465989329117 -99.81459401934116 36.53553390593274
      vertex 38.79563066552516 -100.23580828500863 36.53553390593274
    endloop
  endfacet
  facet normal -0.23202362970960438 0.36926349131929187 0.8998941655745233
    outer loop
      vertex 40.28348642823326 -101.5121442372919 37.719416651541835
      vertex 39.84579966655524 -100.60327831167102 37.23362099614142
      vertex 39.34141713015481 -100.92020286448735 37.23362099614142
    endloop
  endfacet
  facet normal -0.14403745592529615 0.41163539941980254 0.8998941655745235
    outer loop
      vertex 40.28348642823326 -101.5121442372919 37.719416651541835
      vertex 40.632529973337604 -101.3900086184534 37.719416651541835
      vertex 39.84579966655524 -100.60327831167102 37.23362099614142
    endloop
  endfacet
  facet normal -0.33299486201621087 0.5299582869787419 0.7799093767440947
    outer loop
      vertex 39.34141713015481 -100.92020286448735 37.23362099614142
      vertex 39.84579966655524 -100.60327831167102 37.23362099614142
      vertex 39.465989329117 -99.81459401934116 36.53553390593274
    endloop
  endfacet
  facet normal -0.1440374559252958 0.4116353994198028 0.8998941655745234
    outer loop
      vertex 40.632529973337604 -101.3900086184534 37.719416651541835
      vertex 40.40805862719545 -100.40653539214571 37.23362099614142
      vertex 39.84579966655524 -100.60327831167102 37.23362099614142
    endloop
  endfacet
  facet normal -0.5541903478551202 0.5541903478551202 0.6210846292482544
    outer loop
      vertex 38.23580828500862 -100.79563066552517 36.53553390593274
      vertex 38.79563066552516 -100.23580828500863 36.53553390593274
      vertex 38.360380483970815 -99.69002182037897 35.660160382576684
    endloop
  endfacet
  facet normal -0.4169766849914204 0.663614592580002 0.6210846292482561
    outer loop
      vertex 38.360380483970815 -99.69002182037897 35.660160382576684
      vertex 38.79563066552516 -100.23580828500863 36.53553390593274
      vertex 39.465989329117 -99.81459401934116 36.53553390593274
    endloop
  endfacet
  facet normal -0.47991096090746793 0.7637739189275118 0.4316652295089115
    outer loop
      vertex 38.360380483970815 -99.69002182037897 35.660160382576684
      vertex 39.16310069218756 -99.18563928397856 35.660160382576684
      vertex 38.95232185677536 -98.74795252230052 34.651395309775836
    endloop
  endfacet
  facet normal -0.4169766849914117 0.6636145925800155 0.6210846292482473
    outer loop
      vertex 38.360380483970815 -99.69002182037897 35.660160382576684
      vertex 39.465989329117 -99.81459401934116 36.53553390593274
      vertex 39.16310069218756 -99.18563928397856 35.660160382576684
    endloop
  endfacet
  facet normal -0.25885406999924826 0.7397624306197172 0.6210846292482469
    outer loop
      vertex 39.465989329117 -99.81459401934116 36.53553390593274
      vertex 40.05793070192155 -98.8725247212627 35.660160382576684
      vertex 39.16310069218756 -99.18563928397856 35.660160382576684
    endloop
  endfacet
  facet normal -0.25885406999922955 0.739762430619715 0.6210846292482574
    outer loop
      vertex 39.465989329117 -99.81459401934116 36.53553390593274
      vertex 40.21326969321763 -99.55310931064095 36.53553390593274
      vertex 40.05793070192155 -98.8725247212627 35.660160382576684
    endloop
  endfacet
  facet normal -0.0877514310568308 0.7788154914092512 0.6210846292482569
    outer loop
      vertex 40.21326969321763 -99.55310931064095 36.53553390593274
      vertex 41 -99.46446609406726 36.53553390593274
      vertex 40.05793070192155 -98.8725247212627 35.660160382576684
    endloop
  endfacet
  facet normal -0.20671917261633796 0.590769453966143 0.7799093767440944
    outer loop
      vertex 39.84579966655524 -100.60327831167102 37.23362099614142
      vertex 40.21326969321763 -99.55310931064095 36.53553390593274
      vertex 39.465989329117 -99.81459401934116 36.53553390593274
    endloop
  endfacet
  facet normal -0.20671917261634287 0.5907694539661437 0.7799093767440929
    outer loop
      vertex 39.84579966655524 -100.60327831167102 37.23362099614142
      vertex 40.40805862719545 -100.40653539214571 37.23362099614142
      vertex 40.21326969321763 -99.55310931064095 36.53553390593274
    endloop
  endfacet
  facet normal -0.07007772071739772 0.6219569736932734 0.7799093767440928
    outer loop
      vertex 40.40805862719545 -100.40653539214571 37.23362099614142
      vertex 41 -99.46446609406726 36.53553390593274
      vertex 40.21326969321763 -99.55310931064095 36.53553390593274
    endloop
  endfacet
  facet normal -0.5320320765153373 0.8467241992282837 0
    outer loop
      vertex 37.902152855745285 -99.11542254896293 32.440177619483464
      vertex 37.902152855745285 -99.11542254896293 33.559822380516536
      vertex 38.84422215382374 -98.52348117615837 32.440177619483464
    endloop
  endfacet
  facet normal -0.5188539805049371 0.8257513795726671 0.22119042937708575
    outer loop
      vertex 38.05749184704137 -99.31021148294074 34.651395309775836
      vertex 38.84422215382374 -98.52348117615837 33.559822380516536
      vertex 37.902152855745285 -99.11542254896293 33.559822380516536
    endloop
  endfacet
  facet normal -0.5320320765153373 0.8467241992282837 7.097672162250663e-18
    outer loop
      vertex 37.902152855745285 -99.11542254896293 33.559822380516536
      vertex 38.84422215382374 -98.52348117615837 33.559822380516536
      vertex 38.84422215382374 -98.52348117615837 32.440177619483464
    endloop
  endfacet
  facet normal -0.33027906195516155 0.9438833303083696 0
    outer loop
      vertex 38.84422215382374 -98.52348117615837 32.440177619483464
      vertex 38.84422215382374 -98.52348117615837 33.559822380516536
      vertex 39.894391154853814 -98.15601114949598 33.559822380516536
    endloop
  endfacet
  facet normal -0.33027906195516155 0.9438833303083696 2.218795478739553e-17
    outer loop
      vertex 38.84422215382374 -98.52348117615837 32.440177619483464
      vertex 39.894391154853814 -98.15601114949598 33.559822380516536
      vertex 39.894391154853814 -98.15601114949598 32.440177619483464
    endloop
  endfacet
  facet normal -0.11196447610331761 0.9937122098932416 0
    outer loop
      vertex 39.894391154853814 -98.15601114949598 32.440177619483464
      vertex 39.894391154853814 -98.15601114949598 33.559822380516536
      vertex 41 -98.03143895053378 32.440177619483464
    endloop
  endfacet
  facet normal -0.5188539805049395 0.8257513795726663 0.2211904293770836
    outer loop
      vertex 38.05749184704137 -99.31021148294074 34.651395309775836
      vertex 38.95232185677536 -98.74795252230052 34.651395309775836
      vertex 38.84422215382374 -98.52348117615837 33.559822380516536
    endloop
  endfacet
  facet normal -0.32209825974267603 0.9205039407969534 0.22119042937708353
    outer loop
      vertex 38.84422215382374 -98.52348117615837 33.559822380516536
      vertex 38.95232185677536 -98.74795252230052 34.651395309775836
      vertex 39.894391154853814 -98.15601114949598 33.559822380516536
    endloop
  endfacet
  facet normal -0.2979229053794724 0.8514147473959349 0.43166522950889874
    outer loop
      vertex 38.95232185677536 -98.74795252230052 34.651395309775836
      vertex 40.05793070192155 -98.8725247212627 35.660160382576684
      vertex 39.94983099896993 -98.39890897719619 34.651395309775836
    endloop
  endfacet
  facet normal -0.32209825974267775 0.9205039407969532 0.221190429377082
    outer loop
      vertex 39.894391154853814 -98.15601114949598 33.559822380516536
      vertex 38.95232185677536 -98.74795252230052 34.651395309775836
      vertex 39.94983099896993 -98.39890897719619 34.651395309775836
    endloop
  endfacet
  facet normal -0.1091911872717252 0.9690985907399583 0.22119042937708175
    outer loop
      vertex 39.894391154853814 -98.15601114949598 33.559822380516536
      vertex 39.94983099896993 -98.39890897719619 34.651395309775836
      vertex 41 -98.28058334845817 34.651395309775836
    endloop
  endfacet
  facet normal -0.10099575135803249 0.8963620852315523 0.4316652295088984
    outer loop
      vertex 39.94983099896993 -98.39890897719619 34.651395309775836
      vertex 40.05793070192155 -98.8725247212627 35.660160382576684
      vertex 41 -98.28058334845817 34.651395309775836
    endloop
  endfacet
  facet normal -0.2979229053794861 0.8514147473959235 0.4316652295089123
    outer loop
      vertex 38.95232185677536 -98.74795252230052 34.651395309775836
      vertex 39.16310069218756 -99.18563928397856 35.660160382576684
      vertex 40.05793070192155 -98.8725247212627 35.660160382576684
    endloop
  endfacet
  facet normal -0.048828642652861416 0.4333661897536712 0.8998941655745216
    outer loop
      vertex 40.632529973337604 -101.3900086184534 37.719416651541835
      vertex 41 -101.34860469022416 37.719416651541835
      vertex 41 -100.33983961742332 37.23362099614142
    endloop
  endfacet
  facet normal 0.048828642652861416 0.4333661897536712 0.8998941655745216
    outer loop
      vertex 41.367470026662396 -101.3900086184534 37.719416651541835
      vertex 41 -100.33983961742332 37.23362099614142
      vertex 41 -101.34860469022416 37.719416651541835
    endloop
  endfacet
  facet normal -0.04882864265285105 0.4333661897536684 0.8998941655745234
    outer loop
      vertex 40.632529973337604 -101.3900086184534 37.719416651541835
      vertex 41 -100.33983961742332 37.23362099614142
      vertex 40.40805862719545 -100.40653539214571 37.23362099614142
    endloop
  endfacet
  facet normal 0.04882864265285101 0.4333661897536683 0.8998941655745234
    outer loop
      vertex 41.367470026662396 -101.3900086184534 37.719416651541835
      vertex 41.59194137280455 -100.40653539214571 37.23362099614142
      vertex 41 -100.33983961742332 37.23362099614142
    endloop
  endfacet
  facet normal 0.14403745592529615 0.41163539941980254 0.8998941655745235
    outer loop
      vertex 41.367470026662396 -101.3900086184534 37.719416651541835
      vertex 41.71651357176674 -101.5121442372919 37.719416651541835
      vertex 42.15420033344476 -100.60327831167102 37.23362099614142
    endloop
  endfacet
  facet normal 0.23202362970960447 0.36926349131929187 0.8998941655745233
    outer loop
      vertex 41.71651357176674 -101.5121442372919 37.719416651541835
      vertex 42.65858286984519 -100.92020286448735 37.23362099614142
      vertex 42.15420033344476 -100.60327831167102 37.23362099614142
    endloop
  endfacet
  facet normal 0.33299486201622236 0.5299582869787406 0.7799093767440907
    outer loop
      vertex 42.65858286984519 -100.92020286448735 37.23362099614142
      vertex 43.20436933447483 -100.23580828500863 36.53553390593274
      vertex 42.534010670883 -99.81459401934116 36.53553390593274
    endloop
  endfacet
  facet normal 0.33299486201621087 0.5299582869787419 0.7799093767440947
    outer loop
      vertex 42.65858286984519 -100.92020286448735 37.23362099614142
      vertex 42.534010670883 -99.81459401934116 36.53553390593274
      vertex 42.15420033344476 -100.60327831167102 37.23362099614142
    endloop
  endfacet
  facet normal 0.1440374559252958 0.41163539941980287 0.8998941655745236
    outer loop
      vertex 41.367470026662396 -101.3900086184534 37.719416651541835
      vertex 42.15420033344476 -100.60327831167102 37.23362099614142
      vertex 41.59194137280455 -100.40653539214571 37.23362099614142
    endloop
  endfacet
  facet normal 0.08775143105683086 0.778815491409252 0.621084629248256
    outer loop
      vertex 41 -99.46446609406726 36.53553390593274
      vertex 41.78673030678237 -99.55310931064095 36.53553390593274
      vertex 41 -98.76637900385857 35.660160382576684
    endloop
  endfacet
  facet normal 0.2588540699992295 0.739762430619715 0.6210846292482574
    outer loop
      vertex 42.534010670883 -99.81459401934116 36.53553390593274
      vertex 41.94206929807845 -98.8725247212627 35.660160382576684
      vertex 41.78673030678237 -99.55310931064095 36.53553390593274
    endloop
  endfacet
  facet normal 0.25885406999924815 0.7397624306197171 0.6210846292482468
    outer loop
      vertex 42.534010670883 -99.81459401934116 36.53553390593274
      vertex 42.83689930781244 -99.18563928397856 35.660160382576684
      vertex 41.94206929807845 -98.8725247212627 35.660160382576684
    endloop
  endfacet
  facet normal -0.07007772071739088 0.621956973693271 0.7799093767440953
    outer loop
      vertex 40.40805862719545 -100.40653539214571 37.23362099614142
      vertex 41 -100.33983961742332 37.23362099614142
      vertex 41 -99.46446609406726 36.53553390593274
    endloop
  endfacet
  facet normal 0.07007772071739128 0.6219569736932746 0.7799093767440924
    outer loop
      vertex 41 -100.33983961742332 37.23362099614142
      vertex 41.59194137280455 -100.40653539214571 37.23362099614142
      vertex 41.78673030678237 -99.55310931064095 36.53553390593274
    endloop
  endfacet
  facet normal 0.07007772071739743 0.6219569736932707 0.7799093767440949
    outer loop
      vertex 41 -100.33983961742332 37.23362099614142
      vertex 41.78673030678237 -99.55310931064095 36.53553390593274
      vertex 41 -99.46446609406726 36.53553390593274
    endloop
  endfacet
  facet normal 0.20671917261634287 0.5907694539661437 0.7799093767440929
    outer loop
      vertex 41.59194137280455 -100.40653539214571 37.23362099614142
      vertex 42.15420033344476 -100.60327831167102 37.23362099614142
      vertex 41.78673030678237 -99.55310931064095 36.53553390593274
    endloop
  endfacet
  facet normal 0.2067191726163379 0.590769453966143 0.7799093767440946
    outer loop
      vertex 42.15420033344476 -100.60327831167102 37.23362099614142
      vertex 42.534010670883 -99.81459401934116 36.53553390593274
      vertex 41.78673030678237 -99.55310931064095 36.53553390593274
    endloop
  endfacet
  facet normal 0.45536501719906924 0.455365017199075 0.7650394775582351
    outer loop
      vertex 44.52316811166016 -100.36547633565463 35.82774228258961
      vertex 43.20436933447483 -100.23580828500863 36.53553390593274
      vertex 43.76419171499138 -100.79563066552517 36.53553390593274
    endloop
  endfacet
  facet normal 0.4603405470247766 0.4218354464991194 0.7811155080023813
    outer loop
      vertex 44.39588531392426 -101.4951424103017 36.54101923077968
      vertex 45.0951718124935 -100.93748003648797 35.82774228258961
      vertex 43.07979713551265 -101.34141713015481 37.23362099614142
    endloop
  endfacet
  facet normal 0.46034054702477045 0.42183544649913446 0.7811155080023768
    outer loop
      vertex 45.0951718124935 -100.93748003648797 35.82774228258961
      vertex 43.76419171499138 -100.79563066552517 36.53553390593274
      vertex 43.07979713551265 -101.34141713015481 37.23362099614142
    endloop
  endfacet
  facet normal 0.45536501719907174 0.45536501719907174 0.7650394775582358
    outer loop
      vertex 45.0951718124935 -100.93748003648797 35.82774228258961
      vertex 44.52316811166016 -100.36547633565463 35.82774228258961
      vertex 43.76419171499138 -100.79563066552517 36.53553390593274
    endloop
  endfacet
  facet normal 0.4425727985691406 0.4425727985691406 0.7799093767440919
    outer loop
      vertex 42.65858286984519 -100.92020286448735 37.23362099614142
      vertex 43.07979713551265 -101.34141713015481 37.23362099614142
      vertex 43.76419171499138 -100.79563066552517 36.53553390593274
    endloop
  endfacet
  facet normal 0.44257279856913917 0.44257279856914467 0.7799093767440904
    outer loop
      vertex 42.65858286984519 -100.92020286448735 37.23362099614142
      vertex 43.76419171499138 -100.79563066552517 36.53553390593274
      vertex 43.20436933447483 -100.23580828500863 36.53553390593274
    endloop
  endfacet
  facet normal 0.40814383539267185 0.6495571929728632 0.6414780297782413
    outer loop
      vertex 42.534010670883 -99.81459401934116 36.53553390593274
      vertex 44.52316811166016 -100.36547633565463 35.82774228258961
      vertex 43.83822294011054 -99.93509675957682 35.82774228258961
    endloop
  endfacet
  facet normal 0.4081438353926736 0.6495571929728363 0.6414780297782673
    outer loop
      vertex 42.534010670883 -99.81459401934116 36.53553390593274
      vertex 43.20436933447483 -100.23580828500863 36.53553390593274
      vertex 44.52316811166016 -100.36547633565463 35.82774228258961
    endloop
  endfacet
  facet normal 0.3997834684546449 0.6732279901154583 0.6220428053401745
    outer loop
      vertex 44.147702209417616 -99.29245643506512 34.93332127979016
      vertex 42.83689930781244 -99.18563928397856 35.660160382576684
      vertex 42.534010670883 -99.81459401934116 36.53553390593274
    endloop
  endfacet
  facet normal 0.39978346845465185 0.6732279901154503 0.6220428053401789
    outer loop
      vertex 44.147702209417616 -99.29245643506512 34.93332127979016
      vertex 42.534010670883 -99.81459401934116 36.53553390593274
      vertex 43.83822294011054 -99.93509675957682 35.82774228258961
    endloop
  endfacet
  facet normal 0.11161593954962824 0.9906188624223402 0.07884257385145614
    outer loop
      vertex 42.27083333333333 -98.11314155732781 32.78728147861111
      vertex 41 -98.03143895053378 33.559822380516536
      vertex 43.400499407980384 -98.24042435506371 32.78728147861111
    endloop
  endfacet
  facet normal 0.11161593954963817 0.9906188624223367 0.07884257385148792
    outer loop
      vertex 42.105608845146186 -98.15601114949598 33.559822380516536
      vertex 43.400499407980384 -98.24042435506371 32.78728147861111
      vertex 41 -98.03143895053378 33.559822380516536
    endloop
  endfacet
  facet normal -0.10919118727173491 0.9690985907399551 0.2211904293770912
    outer loop
      vertex 39.894391154853814 -98.15601114949598 33.559822380516536
      vertex 41 -98.28058334845817 34.651395309775836
      vertex 41 -98.03143895053378 33.559822380516536
    endloop
  endfacet
  facet normal 0.10919118727172494 0.9690985907399562 0.22119042937709144
    outer loop
      vertex 41 -98.28058334845817 34.651395309775836
      vertex 42.05016900103007 -98.39890897719619 34.651395309775836
      vertex 41 -98.03143895053378 33.559822380516536
    endloop
  endfacet
  facet normal 0.10099575135803249 0.8963620852315523 0.4316652295088984
    outer loop
      vertex 41 -98.28058334845817 34.651395309775836
      vertex 41.94206929807845 -98.8725247212627 35.660160382576684
      vertex 42.05016900103007 -98.39890897719619 34.651395309775836
    endloop
  endfacet
  facet normal 0.2979229053794724 0.8514147473959349 0.43166522950889874
    outer loop
      vertex 42.05016900103007 -98.39890897719619 34.651395309775836
      vertex 41.94206929807845 -98.8725247212627 35.660160382576684
      vertex 43.04767814322464 -98.74795252230052 34.651395309775836
    endloop
  endfacet
  facet normal 0.10919118727173514 0.9690985907399572 0.221190429377082
    outer loop
      vertex 42.105608845146186 -98.15601114949598 33.559822380516536
      vertex 41 -98.03143895053378 33.559822380516536
      vertex 42.05016900103007 -98.39890897719619 34.651395309775836
    endloop
  endfacet
  facet normal 0.1949957567144831 0.9552413593183278 0.22246482937988116
    outer loop
      vertex 42.105608845146186 -98.15601114949598 33.559822380516536
      vertex 42.05016900103007 -98.39890897719619 34.651395309775836
      vertex 43.34385323392285 -98.48860745957035 33.902606226238554
    endloop
  endfacet
  facet normal 0.3003335970001116 0.8583041082345104 0.41606945129477674
    outer loop
      vertex 42.05016900103007 -98.39890897719619 34.651395309775836
      vertex 43.04767814322464 -98.74795252230052 34.651395309775836
      vertex 43.34385323392285 -98.48860745957035 33.902606226238554
    endloop
  endfacet
  facet normal 0.06415812088574319 0.9979397454377746 2.152560305505924e-18
    outer loop
      vertex 42.27083333333333 -98.11314155732781 31.643274076944444
      vertex 41 -98.03143895053378 32.440177619483464
      vertex 41 -98.03143895053378 33.559822380516536
    endloop
  endfacet
  facet normal -0.11196447610331761 0.9937122098932416 3.4664192607266827e-18
    outer loop
      vertex 39.894391154853814 -98.15601114949598 33.559822380516536
      vertex 41 -98.03143895053378 33.559822380516536
      vertex 41 -98.03143895053378 32.440177619483464
    endloop
  endfacet
  facet normal 0.06415812088574317 0.9979397454377745 0
    outer loop
      vertex 42.27083333333333 -98.11314155732781 31.643274076944444
      vertex 41 -98.03143895053378 33.559822380516536
      vertex 42.27083333333333 -98.11314155732781 32.78728147861111
    endloop
  endfacet
  facet normal 0.1949957567144847 0.9552413593183285 0.22246482937987627
    outer loop
      vertex 42.105608845146186 -98.15601114949598 33.559822380516536
      vertex 43.34385323392285 -98.48860745957035 33.902606226238554
      vertex 43.400499407980384 -98.24042435506371 32.78728147861111
    endloop
  endfacet
  facet normal 0.30033359700012374 0.8583041082345046 0.41606945129477957
    outer loop
      vertex 43.04767814322464 -98.74795252230052 34.651395309775836
      vertex 44.36306743615591 -98.8452459336654 33.902606226238554
      vertex 43.34385323392285 -98.48860745957035 33.902606226238554
    endloop
  endfacet
  facet normal 0.30867094813020507 0.847334957912898 0.4321408507409911
    outer loop
      vertex 44.147702209417616 -99.29245643506512 34.93332127979016
      vertex 43.04767814322464 -98.74795252230052 34.651395309775836
      vertex 42.83689930781244 -99.18563928397856 35.660160382576684
    endloop
  endfacet
  facet normal 0.30867094813020834 0.8473349579129007 0.4321408507409835
    outer loop
      vertex 44.147702209417616 -99.29245643506512 34.93332127979016
      vertex 44.36306743615591 -98.8452459336654 33.902606226238554
      vertex 43.04767814322464 -98.74795252230052 34.651395309775836
    endloop
  endfacet
  facet normal -0.08775143105682941 0.7788154914092519 0.621084629248256
    outer loop
      vertex 40.05793070192155 -98.8725247212627 35.660160382576684
      vertex 41 -99.46446609406726 36.53553390593274
      vertex 41 -98.76637900385857 35.660160382576684
    endloop
  endfacet
  facet normal 0.08775143105682935 0.7788154914092514 0.6210846292482569
    outer loop
      vertex 41.78673030678237 -99.55310931064095 36.53553390593274
      vertex 41.94206929807845 -98.8725247212627 35.660160382576684
      vertex 41 -98.76637900385857 35.660160382576684
    endloop
  endfacet
  facet normal -0.10099575135803208 0.896362085231552 0.43166522950889874
    outer loop
      vertex 40.05793070192155 -98.8725247212627 35.660160382576684
      vertex 41 -98.76637900385857 35.660160382576684
      vertex 41 -98.28058334845817 34.651395309775836
    endloop
  endfacet
  facet normal 0.10099575135803206 0.896362085231552 0.43166522950889874
    outer loop
      vertex 41 -98.28058334845817 34.651395309775836
      vertex 41 -98.76637900385857 35.660160382576684
      vertex 41.94206929807845 -98.8725247212627 35.660160382576684
    endloop
  endfacet
  facet normal 0.297922905379486 0.8514147473959234 0.4316652295089122
    outer loop
      vertex 43.04767814322464 -98.74795252230052 34.651395309775836
      vertex 41.94206929807845 -98.8725247212627 35.660160382576684
      vertex 42.83689930781244 -99.18563928397856 35.660160382576684
    endloop
  endfacet
endsolid OpenSCAD_Model
